
     Program BANDS v.7.4.1 starts on 23Mar2026 at  9: 2:42 
        Git branch: heads/qe-7.4.1
        Last git commit: 500de340b820e1cb8c05f2d8bb8fced102f377c1-dirty
        Last git commit date: Fri Feb 7 14:59:05 2025 +0000
        Last git commit subject: Merge branch 'qe-7.4.1' into 'master'

     This program is part of the open-source Quantum ESPRESSO suite
     for quantum simulation of materials; please cite
         "P. Giannozzi et al., J. Phys.:Condens. Matter 21 395502 (2009);
         "P. Giannozzi et al., J. Phys.:Condens. Matter 29 465901 (2017);
         "P. Giannozzi et al., J. Chem. Phys. 152 154105 (2020);
          URL http://www.quantum-espresso.org", 
     in publications or presentations arising from this work. More details at
     http://www.quantum-espresso.org/quote

     Parallel version (MPI), running on     1 processors

     MPI processes distributed on     1 nodes
     518084 MiB available memory on the printing compute node when the environment starts
 

     Reading xml data from directory:

     ./tmp/MnCoWO4_AFM/MnCoWO4_AFM.save/

     IMPORTANT: XC functional enforced from input :
     Exchange-correlation= PBESOL
                           (   1   4  10   8   0   0   0)
     Any further DFT definition will be discarded
     Please, verify this is what you really want

 
     G-vector sticks info
     --------------------
     sticks:   dense  smooth     PW     G-vecs:    dense   smooth      PW
     Sum        3497    3497    977               152147   152147   22203
 
     Using Slab Decomposition
 
     Reading collected, re-writing distributed wavefunctions
     high-symmetry point:  0.0000 0.0000 0.0000   x coordinate   0.0000
     high-symmetry point:  0.0000 0.4091 0.0000   x coordinate   0.4091
     high-symmetry point:  0.5000 0.4091 0.0061   x coordinate   0.9092
     high-symmetry point:  0.0000 0.0000 0.0000   x coordinate   1.5552
     high-symmetry point:  0.0011 0.0000 0.4650   x coordinate   2.0202
     high-symmetry point:  0.5012 0.4091 0.4711   x coordinate   2.6663

     Plottable bands (eV) written to file ./tmp/MnCoWO4_AFM/MnCoWO4_AFM_bands.dat.gnu
     Bands written to file ./tmp/MnCoWO4_AFM/MnCoWO4_AFM_bands.dat

 **************************************************************************

                    xk=(   0.00000,   0.00000,   0.00000  )

     point group C_2  (2)   
     there are  2 classes
     the character table:

       E     C2   
A      1.00  1.00
B      1.00 -1.00

     the symmetry operations in each class and the name of the first element:

     E        1
                                                                 
     C2       2
                                                                 

     Band symmetry, C_2  (2)    point group:

     e(  1 -  1) =    -82.06000  eV     1   --> A              
     e(  2 -  2) =    -68.43292  eV     1   --> A              
     e(  3 -  3) =    -63.93944  eV     1   --> A              
     e(  4 -  4) =    -63.92538  eV     1   --> A              
     e(  5 -  5) =    -45.60631  eV     1   --> B              
     e(  6 -  6) =    -45.36348  eV     1   --> A              
     e(  7 -  7) =    -45.20782  eV     1   --> B              
     e(  8 -  8) =    -37.49430  eV     1   --> B              
     e(  9 -  9) =    -37.48610  eV     1   --> A              
     e( 10 - 10) =    -37.46765  eV     1   --> B              
     e( 11 - 11) =    -28.40388  eV     1   --> B              
     e( 12 - 12) =    -28.34683  eV     1   --> A              
     e( 13 - 13) =    -28.31541  eV     1   --> B              
     e( 14 - 14) =    -28.24709  eV     1   --> B              
     e( 15 - 15) =    -28.23524  eV     1   --> A              
     e( 16 - 16) =    -28.17239  eV     1   --> B              
     e( 17 - 17) =     -8.34793  eV     1   --> A              
     e( 18 - 18) =     -7.02111  eV     1   --> A              
     e( 19 - 19) =     -6.73515  eV     1   --> B              
     e( 20 - 20) =     -6.71736  eV     1   --> A              
     e( 21 - 21) =     -6.58718  eV     1   --> B              
     e( 22 - 22) =     -6.43778  eV     1   --> A              
     e( 23 - 23) =     -6.20405  eV     1   --> B              
     e( 24 - 24) =     -5.95968  eV     1   --> B              
     e( 25 - 25) =      3.69228  eV     1   --> A              
     e( 26 - 26) =      3.91913  eV     1   --> A              
     e( 27 - 27) =      4.33638  eV     1   --> A              
     e( 28 - 28) =      4.41230  eV     1   --> B              
     e( 29 - 29) =      4.64434  eV     1   --> B              
     e( 30 - 30) =      5.02575  eV     1   --> A              
     e( 31 - 31) =      5.34706  eV     1   --> A              
     e( 32 - 32) =      5.67367  eV     1   --> B              
     e( 33 - 33) =      6.10060  eV     1   --> B              
     e( 34 - 34) =      6.14059  eV     1   --> A              
     e( 35 - 35) =      6.44352  eV     1   --> A              
     e( 36 - 36) =      6.74959  eV     1   --> A              
     e( 37 - 37) =      7.02718  eV     1   --> A              
     e( 38 - 38) =      7.05035  eV     1   --> B              
     e( 39 - 39) =      7.21894  eV     1   --> B              
     e( 40 - 40) =      7.54094  eV     1   --> A              
     e( 41 - 41) =      7.58455  eV     1   --> B              
     e( 42 - 42) =      7.81175  eV     1   --> A              
     e( 43 - 43) =      7.83731  eV     1   --> B              
     e( 44 - 44) =      8.21453  eV     1   --> B              
     e( 45 - 45) =      8.44233  eV     1   --> A              
     e( 46 - 46) =      8.47271  eV     1   --> A              
     e( 47 - 47) =      8.51225  eV     1   --> B              
     e( 48 - 48) =      9.00102  eV     1   --> B              
     e( 49 - 49) =      9.07126  eV     1   --> A              
     e( 50 - 50) =      9.25089  eV     1   --> A              
     e( 51 - 51) =      9.40954  eV     1   --> B              
     e( 52 - 52) =      9.75307  eV     1   --> B              
     e( 53 - 53) =      9.88450  eV     1   --> B              
     e( 54 - 54) =     10.21259  eV     1   --> A              
     e( 55 - 55) =     10.86274  eV     1   --> B              
     e( 56 - 56) =     13.48303  eV     1   --> A              
     e( 57 - 57) =     13.93935  eV     1   --> A              
     e( 58 - 58) =     14.00665  eV     1   --> B              
     e( 59 - 59) =     14.16048  eV     1   --> A              
     e( 60 - 60) =     14.77220  eV     1   --> A              
     e( 61 - 61) =     14.97208  eV     1   --> B              
     e( 62 - 62) =     15.84110  eV     1   --> A              
     e( 63 - 63) =     16.39781  eV     1   --> B              
     e( 64 - 64) =     16.61488  eV     1   --> A              
     e( 65 - 65) =     16.63051  eV     1   --> A              
     e( 66 - 66) =     17.93624  eV     1   --> A              
     e( 67 - 67) =     18.93749  eV     1   --> B              
     e( 68 - 68) =     19.32420  eV     1   --> A              
     e( 69 - 69) =     19.50780  eV     1   --> B              
     e( 70 - 70) =     21.41785  eV     1   --> B              
     e( 71 - 71) =     21.72490  eV     1   --> A              
     e( 72 - 72) =     21.95653  eV     1   --> B              
     e( 73 - 73) =     22.16458  eV     1   --> A              
     e( 74 - 74) =     22.94067  eV     1   --> A              
     e( 75 - 75) =     23.18061  eV     1   --> A              
     e( 76 - 76) =     23.65908  eV     1   --> A              
     e( 77 - 77) =     24.60268  eV     1   --> A              
     e( 78 - 78) =     24.69734  eV     1   --> B              
     e( 79 - 79) =     24.88657  eV     1   --> B              
     e( 80 - 80) =     25.22889  eV     1   --> A              

 **************************************************************************

 **************************************************************************

                    xk=(   0.00000,   0.02045,   0.00000  )

     Band symmetry, C_2  (2)    point group:

     e(  1 -  1) =    -82.06000  eV     1   --> A              
     e(  2 -  2) =    -68.43292  eV     1   --> A              
     e(  3 -  3) =    -63.93944  eV     1   --> A              
     e(  4 -  4) =    -63.92538  eV     1   --> A              
     e(  5 -  5) =    -45.60631  eV     1   --> B              
     e(  6 -  6) =    -45.36348  eV     1   --> A              
     e(  7 -  7) =    -45.20782  eV     1   --> B              
     e(  8 -  8) =    -37.49430  eV     1   --> B              
     e(  9 -  9) =    -37.48610  eV     1   --> A              
     e( 10 - 10) =    -37.46765  eV     1   --> B              
     e( 11 - 11) =    -28.40387  eV     1   --> B              
     e( 12 - 12) =    -28.34681  eV     1   --> A              
     e( 13 - 13) =    -28.31541  eV     1   --> B              
     e( 14 - 14) =    -28.24710  eV     1   --> B              
     e( 15 - 15) =    -28.23526  eV     1   --> A              
     e( 16 - 16) =    -28.17240  eV     1   --> B              
     e( 17 - 17) =     -8.34651  eV     1   --> A              
     e( 18 - 18) =     -7.02147  eV     1   --> A              
     e( 19 - 19) =     -6.73527  eV     1   --> B              
     e( 20 - 20) =     -6.72062  eV     1   --> A              
     e( 21 - 21) =     -6.58767  eV     1   --> B              
     e( 22 - 22) =     -6.43610  eV     1   --> A              
     e( 23 - 23) =     -6.20392  eV     1   --> B              
     e( 24 - 24) =     -5.95910  eV     1   --> B              
     e( 25 - 25) =      3.69430  eV     1   --> A              
     e( 26 - 26) =      3.92137  eV     1   --> A              
     e( 27 - 27) =      4.33796  eV     1   --> A              
     e( 28 - 28) =      4.41333  eV     1   --> B              
     e( 29 - 29) =      4.64305  eV     1   --> B              
     e( 30 - 30) =      5.02783  eV     1   --> A              
     e( 31 - 31) =      5.34886  eV     1   --> A              
     e( 32 - 32) =      5.67152  eV     1   --> B              
     e( 33 - 33) =      6.10247  eV     1   --> B              
     e( 34 - 34) =      6.13895  eV     1   --> A              
     e( 35 - 35) =      6.42835  eV     1   --> A              
     e( 36 - 36) =      6.75585  eV     1   --> A              
     e( 37 - 37) =      7.02541  eV     1   --> A              
     e( 38 - 38) =      7.04778  eV     1   --> B              
     e( 39 - 39) =      7.21807  eV     1   --> B              
     e( 40 - 40) =      7.53933  eV     1   --> A              
     e( 41 - 41) =      7.58516  eV     1   --> B              
     e( 42 - 42) =      7.81918  eV     1   --> A              
     e( 43 - 43) =      7.84195  eV     1   --> B              
     e( 44 - 44) =      8.21357  eV     1   --> B              
     e( 45 - 45) =      8.42484  eV     1   --> A              
     e( 46 - 46) =      8.48154  eV     1   --> A              
     e( 47 - 47) =      8.51355  eV     1   --> B              
     e( 48 - 48) =      9.00161  eV     1   --> B              
     e( 49 - 49) =      9.07250  eV     1   --> A              
     e( 50 - 50) =      9.24958  eV     1   --> A              
     e( 51 - 51) =      9.40990  eV     1   --> B              
     e( 52 - 52) =      9.75119  eV     1   --> B              
     e( 53 - 53) =      9.88306  eV     1   --> B              
     e( 54 - 54) =     10.21626  eV     1   --> A              
     e( 55 - 55) =     10.86357  eV     1   --> B              
     e( 56 - 56) =     13.48379  eV     1   --> A              
     e( 57 - 57) =     13.93216  eV     1   --> A              
     e( 58 - 58) =     14.00769  eV     1   --> B              
     e( 59 - 59) =     14.16757  eV     1   --> A              
     e( 60 - 60) =     14.77226  eV     1   --> A              
     e( 61 - 61) =     14.97174  eV     1   --> B              
     e( 62 - 62) =     15.84060  eV     1   --> A              
     e( 63 - 63) =     16.39769  eV     1   --> B              
     e( 64 - 64) =     16.61506  eV     1   --> A              
     e( 65 - 65) =     16.63758  eV     1   --> A              
     e( 66 - 66) =     17.93654  eV     1   --> A              
     e( 67 - 67) =     18.93011  eV     1   --> B              
     e( 68 - 68) =     19.32368  eV     1   --> A              
     e( 69 - 69) =     19.51051  eV     1   --> B              
     e( 70 - 70) =     21.41746  eV     1   --> B              
     e( 71 - 71) =     21.69996  eV     1   --> A              
     e( 72 - 72) =     21.96512  eV     1   --> B              
     e( 73 - 73) =     22.18421  eV     1   --> A              
     e( 74 - 74) =     22.94303  eV     1   --> A              
     e( 75 - 75) =     23.18301  eV     1   --> A              
     e( 76 - 76) =     23.65662  eV     1   --> A              
     e( 77 - 77) =     24.60293  eV     1   --> A              
     e( 78 - 78) =     24.69430  eV     1   --> B              
     e( 79 - 79) =     24.88266  eV     1   --> B              
     e( 80 - 80) =     25.22946  eV     1   --> A              

 **************************************************************************

 **************************************************************************

                    xk=(   0.00000,   0.04091,   0.00000  )

     Band symmetry, C_2  (2)    point group:

     e(  1 -  1) =    -82.06000  eV     1   --> A              
     e(  2 -  2) =    -68.43292  eV     1   --> A              
     e(  3 -  3) =    -63.93944  eV     1   --> A              
     e(  4 -  4) =    -63.92537  eV     1   --> A              
     e(  5 -  5) =    -45.60631  eV     1   --> B              
     e(  6 -  6) =    -45.36348  eV     1   --> A              
     e(  7 -  7) =    -45.20782  eV     1   --> B              
     e(  8 -  8) =    -37.49430  eV     1   --> B              
     e(  9 -  9) =    -37.48610  eV     1   --> A              
     e( 10 - 10) =    -37.46765  eV     1   --> B              
     e( 11 - 11) =    -28.40384  eV     1   --> B              
     e( 12 - 12) =    -28.34674  eV     1   --> A              
     e( 13 - 13) =    -28.31540  eV     1   --> B              
     e( 14 - 14) =    -28.24711  eV     1   --> B              
     e( 15 - 15) =    -28.23534  eV     1   --> A              
     e( 16 - 16) =    -28.17242  eV     1   --> B              
     e( 17 - 17) =     -8.34226  eV     1   --> A              
     e( 18 - 18) =     -7.02267  eV     1   --> A              
     e( 19 - 19) =     -6.73565  eV     1   --> B              
     e( 20 - 20) =     -6.72994  eV     1   --> A              
     e( 21 - 21) =     -6.58911  eV     1   --> B              
     e( 22 - 22) =     -6.43138  eV     1   --> A              
     e( 23 - 23) =     -6.20354  eV     1   --> B              
     e( 24 - 24) =     -5.95738  eV     1   --> B              
     e( 25 - 25) =      3.70035  eV     1   --> A              
     e( 26 - 26) =      3.92809  eV     1   --> A              
     e( 27 - 27) =      4.34268  eV     1   --> A              
     e( 28 - 28) =      4.41638  eV     1   --> B              
     e( 29 - 29) =      4.63923  eV     1   --> B              
     e( 30 - 30) =      5.03398  eV     1   --> A              
     e( 31 - 31) =      5.35426  eV     1   --> A              
     e( 32 - 32) =      5.66500  eV     1   --> B              
     e( 33 - 33) =      6.10824  eV     1   --> B              
     e( 34 - 34) =      6.13351  eV     1   --> A              
     e( 35 - 35) =      6.38916  eV     1   --> A              
     e( 36 - 36) =      6.76609  eV     1   --> A              
     e( 37 - 37) =      7.02388  eV     1   --> A              
     e( 38 - 38) =      7.03911  eV     1   --> B              
     e( 39 - 39) =      7.21673  eV     1   --> B              
     e( 40 - 40) =      7.53501  eV     1   --> A              
     e( 41 - 41) =      7.58721  eV     1   --> B              
     e( 42 - 42) =      7.83966  eV     1   --> A              
     e( 43 - 43) =      7.85507  eV     1   --> B              
     e( 44 - 44) =      8.21083  eV     1   --> B              
     e( 45 - 45) =      8.39069  eV     1   --> A              
     e( 46 - 46) =      8.49087  eV     1   --> A              
     e( 47 - 47) =      8.51738  eV     1   --> B              
     e( 48 - 48) =      9.00337  eV     1   --> B              
     e( 49 - 49) =      9.07378  eV     1   --> A              
     e( 50 - 50) =      9.24758  eV     1   --> A              
     e( 51 - 51) =      9.41093  eV     1   --> B              
     e( 52 - 52) =      9.74561  eV     1   --> B              
     e( 53 - 53) =      9.87874  eV     1   --> B              
     e( 54 - 54) =     10.22705  eV     1   --> A              
     e( 55 - 55) =     10.86603  eV     1   --> B              
     e( 56 - 56) =     13.48600  eV     1   --> A              
     e( 57 - 57) =     13.91314  eV     1   --> A              
     e( 58 - 58) =     14.01077  eV     1   --> B              
     e( 59 - 59) =     14.18632  eV     1   --> A              
     e( 60 - 60) =     14.77245  eV     1   --> A              
     e( 61 - 61) =     14.97071  eV     1   --> B              
     e( 62 - 62) =     15.83910  eV     1   --> A              
     e( 63 - 63) =     16.39737  eV     1   --> B              
     e( 64 - 64) =     16.61600  eV     1   --> A              
     e( 65 - 65) =     16.65826  eV     1   --> A              
     e( 66 - 66) =     17.93741  eV     1   --> A              
     e( 67 - 67) =     18.90867  eV     1   --> B              
     e( 68 - 68) =     19.32208  eV     1   --> A              
     e( 69 - 69) =     19.51796  eV     1   --> B              
     e( 70 - 70) =     21.41705  eV     1   --> B              
     e( 71 - 71) =     21.63581  eV     1   --> A              
     e( 72 - 72) =     21.99013  eV     1   --> B              
     e( 73 - 73) =     22.23224  eV     1   --> A              
     e( 74 - 74) =     22.94997  eV     1   --> A              
     e( 75 - 75) =     23.19056  eV     1   --> A              
     e( 76 - 76) =     23.64933  eV     1   --> A              
     e( 77 - 77) =     24.60363  eV     1   --> A              
     e( 78 - 78) =     24.68511  eV     1   --> B              
     e( 79 - 79) =     24.87077  eV     1   --> B              
     e( 80 - 80) =     25.23146  eV     1   --> A              

 **************************************************************************

 **************************************************************************

                    xk=(   0.00000,   0.06136,   0.00000  )

     Band symmetry, C_2  (2)    point group:

     e(  1 -  1) =    -82.06000  eV     1   --> A              
     e(  2 -  2) =    -68.43292  eV     1   --> A              
     e(  3 -  3) =    -63.93944  eV     1   --> A              
     e(  4 -  4) =    -63.92537  eV     1   --> A              
     e(  5 -  5) =    -45.60631  eV     1   --> B              
     e(  6 -  6) =    -45.36348  eV     1   --> A              
     e(  7 -  7) =    -45.20782  eV     1   --> B              
     e(  8 -  8) =    -37.49430  eV     1   --> B              
     e(  9 -  9) =    -37.48610  eV     1   --> A              
     e( 10 - 10) =    -37.46765  eV     1   --> B              
     e( 11 - 11) =    -28.40380  eV     1   --> B              
     e( 12 - 12) =    -28.34663  eV     1   --> A              
     e( 13 - 13) =    -28.31539  eV     1   --> B              
     e( 14 - 14) =    -28.24714  eV     1   --> B              
     e( 15 - 15) =    -28.23547  eV     1   --> A              
     e( 16 - 16) =    -28.17245  eV     1   --> B              
     e( 17 - 17) =     -8.33521  eV     1   --> A              
     e( 18 - 18) =     -7.02503  eV     1   --> A              
     e( 19 - 19) =     -6.74413  eV     1   --> A              
     e( 20 - 20) =     -6.73628  eV     1   --> B              
     e( 21 - 21) =     -6.59144  eV     1   --> B              
     e( 22 - 22) =     -6.42444  eV     1   --> A              
     e( 23 - 23) =     -6.20293  eV     1   --> B              
     e( 24 - 24) =     -5.95457  eV     1   --> B              
     e( 25 - 25) =      3.71040  eV     1   --> A              
     e( 26 - 26) =      3.93925  eV     1   --> A              
     e( 27 - 27) =      4.35044  eV     1   --> A              
     e( 28 - 28) =      4.42139  eV     1   --> B              
     e( 29 - 29) =      4.63311  eV     1   --> B              
     e( 30 - 30) =      5.04385  eV     1   --> A              
     e( 31 - 31) =      5.36329  eV     1   --> A              
     e( 32 - 32) =      5.65393  eV     1   --> B              
     e( 33 - 33) =      6.11834  eV     1   --> B              
     e( 34 - 34) =      6.12258  eV     1   --> A              
     e( 35 - 35) =      6.33778  eV     1   --> A              
     e( 36 - 36) =      6.76429  eV     1   --> A              
     e( 37 - 37) =      7.02242  eV     1   --> B              
     e( 38 - 38) =      7.03120  eV     1   --> A              
     e( 39 - 39) =      7.21756  eV     1   --> B              
     e( 40 - 40) =      7.52904  eV     1   --> A              
     e( 41 - 41) =      7.59123  eV     1   --> B              
     e( 42 - 42) =      7.86862  eV     1   --> A              
     e( 43 - 43) =      7.87467  eV     1   --> B              
     e( 44 - 44) =      8.20682  eV     1   --> B              
     e( 45 - 45) =      8.34941  eV     1   --> A              
     e( 46 - 46) =      8.49437  eV     1   --> A              
     e( 47 - 47) =      8.52358  eV     1   --> B              
     e( 48 - 48) =      9.00623  eV     1   --> B              
     e( 49 - 49) =      9.06876  eV     1   --> A              
     e( 50 - 50) =      9.25009  eV     1   --> A              
     e( 51 - 51) =      9.41253  eV     1   --> B              
     e( 52 - 52) =      9.73652  eV     1   --> B              
     e( 53 - 53) =      9.87158  eV     1   --> B              
     e( 54 - 54) =     10.24437  eV     1   --> A              
     e( 55 - 55) =     10.87010  eV     1   --> B              
     e( 56 - 56) =     13.48947  eV     1   --> A              
     e( 57 - 57) =     13.88721  eV     1   --> A              
     e( 58 - 58) =     14.01586  eV     1   --> B              
     e( 59 - 59) =     14.21201  eV     1   --> A              
     e( 60 - 60) =     14.77273  eV     1   --> A              
     e( 61 - 61) =     14.96900  eV     1   --> B              
     e( 62 - 62) =     15.83665  eV     1   --> A              
     e( 63 - 63) =     16.39686  eV     1   --> B              
     e( 64 - 64) =     16.61782  eV     1   --> A              
     e( 65 - 65) =     16.69209  eV     1   --> A              
     e( 66 - 66) =     17.93884  eV     1   --> A              
     e( 67 - 67) =     18.87506  eV     1   --> B              
     e( 68 - 68) =     19.31926  eV     1   --> A              
     e( 69 - 69) =     19.52838  eV     1   --> B              
     e( 70 - 70) =     21.41856  eV     1   --> B              
     e( 71 - 71) =     21.54945  eV     1   --> A              
     e( 72 - 72) =     22.02968  eV     1   --> B              
     e( 73 - 73) =     22.29116  eV     1   --> A              
     e( 74 - 74) =     22.96104  eV     1   --> A              
     e( 75 - 75) =     23.20429  eV     1   --> A              
     e( 76 - 76) =     23.63748  eV     1   --> A              
     e( 77 - 77) =     24.60469  eV     1   --> A              
     e( 78 - 78) =     24.66949  eV     1   --> B              
     e( 79 - 79) =     24.85050  eV     1   --> B              
     e( 80 - 80) =     25.23564  eV     1   --> A              

 **************************************************************************

 **************************************************************************

                    xk=(   0.00000,   0.08182,   0.00000  )

     Band symmetry, C_2  (2)    point group:

     e(  1 -  1) =    -82.06000  eV     1   --> A              
     e(  2 -  2) =    -68.43292  eV     1   --> A              
     e(  3 -  3) =    -63.93944  eV     1   --> A              
     e(  4 -  4) =    -63.92536  eV     1   --> A              
     e(  5 -  5) =    -45.60631  eV     1   --> B              
     e(  6 -  6) =    -45.36348  eV     1   --> A              
     e(  7 -  7) =    -45.20782  eV     1   --> B              
     e(  8 -  8) =    -37.49430  eV     1   --> B              
     e(  9 -  9) =    -37.48610  eV     1   --> A              
     e( 10 - 10) =    -37.46765  eV     1   --> B              
     e( 11 - 11) =    -28.40375  eV     1   --> B              
     e( 12 - 12) =    -28.34647  eV     1   --> A              
     e( 13 - 13) =    -28.31538  eV     1   --> B              
     e( 14 - 14) =    -28.24717  eV     1   --> B              
     e( 15 - 15) =    -28.23564  eV     1   --> A              
     e( 16 - 16) =    -28.17250  eV     1   --> B              
     e( 17 - 17) =     -8.32542  eV     1   --> A              
     e( 18 - 18) =     -7.02909  eV     1   --> A              
     e( 19 - 19) =     -6.76152  eV     1   --> A              
     e( 20 - 20) =     -6.73716  eV     1   --> B              
     e( 21 - 21) =     -6.59453  eV     1   --> B              
     e( 22 - 22) =     -6.41625  eV     1   --> A              
     e( 23 - 23) =     -6.20215  eV     1   --> B              
     e( 24 - 24) =     -5.95074  eV     1   --> B              
     e( 25 - 25) =      3.72439  eV     1   --> A              
     e( 26 - 26) =      3.95476  eV     1   --> A              
     e( 27 - 27) =      4.36111  eV     1   --> A              
     e( 28 - 28) =      4.42826  eV     1   --> B              
     e( 29 - 29) =      4.62501  eV     1   --> B              
     e( 30 - 30) =      5.05690  eV     1   --> A              
     e( 31 - 31) =      5.37590  eV     1   --> A              
     e( 32 - 32) =      5.63821  eV     1   --> B              
     e( 33 - 33) =      6.10261  eV     1   --> A              
     e( 34 - 34) =      6.13325  eV     1   --> B              
     e( 35 - 35) =      6.28483  eV     1   --> A              
     e( 36 - 36) =      6.74205  eV     1   --> A              
     e( 37 - 37) =      6.99669  eV     1   --> B              
     e( 38 - 38) =      7.05220  eV     1   --> A              
     e( 39 - 39) =      7.22240  eV     1   --> B              
     e( 40 - 40) =      7.52220  eV     1   --> A              
     e( 41 - 41) =      7.59774  eV     1   --> B              
     e( 42 - 42) =      7.89825  eV     1   --> B              
     e( 43 - 43) =      7.89992  eV     1   --> A              
     e( 44 - 44) =      8.20234  eV     1   --> B              
     e( 45 - 45) =      8.30574  eV     1   --> A              
     e( 46 - 46) =      8.49236  eV     1   --> A              
     e( 47 - 47) =      8.53184  eV     1   --> B              
     e( 48 - 48) =      9.01012  eV     1   --> B              
     e( 49 - 49) =      9.05143  eV     1   --> A              
     e( 50 - 50) =      9.26192  eV     1   --> A              
     e( 51 - 51) =      9.41453  eV     1   --> B              
     e( 52 - 52) =      9.72424  eV     1   --> B              
     e( 53 - 53) =      9.86166  eV     1   --> B              
     e( 54 - 54) =     10.26737  eV     1   --> A              
     e( 55 - 55) =     10.87574  eV     1   --> B              
     e( 56 - 56) =     13.49379  eV     1   --> A              
     e( 57 - 57) =     13.85846  eV     1   --> A              
     e( 58 - 58) =     14.02284  eV     1   --> B              
     e( 59 - 59) =     14.24087  eV     1   --> A              
     e( 60 - 60) =     14.77309  eV     1   --> A              
     e( 61 - 61) =     14.96660  eV     1   --> B              
     e( 62 - 62) =     15.83332  eV     1   --> A              
     e( 63 - 63) =     16.39624  eV     1   --> B              
     e( 64 - 64) =     16.62044  eV     1   --> A              
     e( 65 - 65) =     16.73858  eV     1   --> A              
     e( 66 - 66) =     17.94079  eV     1   --> A              
     e( 67 - 67) =     18.83163  eV     1   --> B              
     e( 68 - 68) =     19.31502  eV     1   --> A              
     e( 69 - 69) =     19.53965  eV     1   --> B              
     e( 70 - 70) =     21.42439  eV     1   --> B              
     e( 71 - 71) =     21.45151  eV     1   --> A              
     e( 72 - 72) =     22.08139  eV     1   --> B              
     e( 73 - 73) =     22.34972  eV     1   --> A              
     e( 74 - 74) =     22.97530  eV     1   --> A              
     e( 75 - 75) =     23.22581  eV     1   --> A              
     e( 76 - 76) =     23.62157  eV     1   --> A              
     e( 77 - 77) =     24.60595  eV     1   --> A              
     e( 78 - 78) =     24.64682  eV     1   --> B              
     e( 79 - 79) =     24.82155  eV     1   --> B              
     e( 80 - 80) =     25.24298  eV     1   --> A              

 **************************************************************************

 **************************************************************************

                    xk=(   0.00000,   0.10227,   0.00000  )

     Band symmetry, C_2  (2)    point group:

     e(  1 -  1) =    -82.06000  eV     1   --> A              
     e(  2 -  2) =    -68.43293  eV     1   --> A              
     e(  3 -  3) =    -63.93945  eV     1   --> A              
     e(  4 -  4) =    -63.92536  eV     1   --> A              
     e(  5 -  5) =    -45.60631  eV     1   --> B              
     e(  6 -  6) =    -45.36348  eV     1   --> A              
     e(  7 -  7) =    -45.20782  eV     1   --> B              
     e(  8 -  8) =    -37.49430  eV     1   --> B              
     e(  9 -  9) =    -37.48610  eV     1   --> A              
     e( 10 - 10) =    -37.46765  eV     1   --> B              
     e( 11 - 11) =    -28.40368  eV     1   --> B              
     e( 12 - 12) =    -28.34628  eV     1   --> A              
     e( 13 - 13) =    -28.31537  eV     1   --> B              
     e( 14 - 14) =    -28.24721  eV     1   --> B              
     e( 15 - 15) =    -28.23586  eV     1   --> A              
     e( 16 - 16) =    -28.17256  eV     1   --> B              
     e( 17 - 17) =     -8.31296  eV     1   --> A              
     e( 18 - 18) =     -7.03569  eV     1   --> A              
     e( 19 - 19) =     -6.78024  eV     1   --> A              
     e( 20 - 20) =     -6.73830  eV     1   --> B              
     e( 21 - 21) =     -6.59824  eV     1   --> B              
     e( 22 - 22) =     -6.40772  eV     1   --> A              
     e( 23 - 23) =     -6.20125  eV     1   --> B              
     e( 24 - 24) =     -5.94600  eV     1   --> B              
     e( 25 - 25) =      3.74224  eV     1   --> A              
     e( 26 - 26) =      3.97454  eV     1   --> A              
     e( 27 - 27) =      4.37447  eV     1   --> A              
     e( 28 - 28) =      4.43682  eV     1   --> B              
     e( 29 - 29) =      4.61537  eV     1   --> B              
     e( 30 - 30) =      5.07244  eV     1   --> A              
     e( 31 - 31) =      5.39183  eV     1   --> A              
     e( 32 - 32) =      5.61800  eV     1   --> B              
     e( 33 - 33) =      6.06877  eV     1   --> A              
     e( 34 - 34) =      6.15320  eV     1   --> B              
     e( 35 - 35) =      6.23917  eV     1   --> A              
     e( 36 - 36) =      6.70280  eV     1   --> A              
     e( 37 - 37) =      6.96287  eV     1   --> B              
     e( 38 - 38) =      7.08298  eV     1   --> A              
     e( 39 - 39) =      7.23094  eV     1   --> B              
     e( 40 - 40) =      7.51491  eV     1   --> A              
     e( 41 - 41) =      7.60709  eV     1   --> B              
     e( 42 - 42) =      7.92332  eV     1   --> B              
     e( 43 - 43) =      7.92588  eV     1   --> A              
     e( 44 - 44) =      8.19850  eV     1   --> B              
     e( 45 - 45) =      8.26595  eV     1   --> A              
     e( 46 - 46) =      8.48571  eV     1   --> A              
     e( 47 - 47) =      8.54181  eV     1   --> B              
     e( 48 - 48) =      9.01489  eV     1   --> B              
     e( 49 - 49) =      9.02091  eV     1   --> A              
     e( 50 - 50) =      9.28323  eV     1   --> A              
     e( 51 - 51) =      9.41672  eV     1   --> B              
     e( 52 - 52) =      9.70916  eV     1   --> B              
     e( 53 - 53) =      9.84910  eV     1   --> B              
     e( 54 - 54) =     10.29510  eV     1   --> A              
     e( 55 - 55) =     10.88287  eV     1   --> B              
     e( 56 - 56) =     13.49830  eV     1   --> A              
     e( 57 - 57) =     13.82982  eV     1   --> A              
     e( 58 - 58) =     14.03159  eV     1   --> B              
     e( 59 - 59) =     14.27054  eV     1   --> A              
     e( 60 - 60) =     14.77352  eV     1   --> A              
     e( 61 - 61) =     14.96354  eV     1   --> B              
     e( 62 - 62) =     15.82918  eV     1   --> A              
     e( 63 - 63) =     16.39557  eV     1   --> B              
     e( 64 - 64) =     16.62377  eV     1   --> A              
     e( 65 - 65) =     16.79707  eV     1   --> A              
     e( 66 - 66) =     17.94318  eV     1   --> A              
     e( 67 - 67) =     18.78072  eV     1   --> B              
     e( 68 - 68) =     19.30904  eV     1   --> A              
     e( 69 - 69) =     19.54985  eV     1   --> B              
     e( 70 - 70) =     21.34754  eV     1   --> A              
     e( 71 - 71) =     21.43677  eV     1   --> B              
     e( 72 - 72) =     22.14296  eV     1   --> B              
     e( 73 - 73) =     22.40204  eV     1   --> A              
     e( 74 - 74) =     22.99131  eV     1   --> A              
     e( 75 - 75) =     23.25702  eV     1   --> A              
     e( 76 - 76) =     23.60234  eV     1   --> A              
     e( 77 - 77) =     24.60730  eV     1   --> A              
     e( 78 - 78) =     24.61591  eV     1   --> B              
     e( 79 - 79) =     24.78423  eV     1   --> B              
     e( 80 - 80) =     25.25432  eV     1   --> A              

 **************************************************************************

 **************************************************************************

                    xk=(   0.00000,   0.12273,   0.00000  )

     Band symmetry, C_2  (2)    point group:

     e(  1 -  1) =    -82.06000  eV     1   --> A              
     e(  2 -  2) =    -68.43293  eV     1   --> A              
     e(  3 -  3) =    -63.93945  eV     1   --> A              
     e(  4 -  4) =    -63.92535  eV     1   --> A              
     e(  5 -  5) =    -45.60631  eV     1   --> B              
     e(  6 -  6) =    -45.36348  eV     1   --> A              
     e(  7 -  7) =    -45.20783  eV     1   --> B              
     e(  8 -  8) =    -37.49430  eV     1   --> B              
     e(  9 -  9) =    -37.48610  eV     1   --> A              
     e( 10 - 10) =    -37.46765  eV     1   --> B              
     e( 11 - 11) =    -28.40359  eV     1   --> B              
     e( 12 - 12) =    -28.34606  eV     1   --> A              
     e( 13 - 13) =    -28.31535  eV     1   --> B              
     e( 14 - 14) =    -28.24726  eV     1   --> B              
     e( 15 - 15) =    -28.23612  eV     1   --> A              
     e( 16 - 16) =    -28.17263  eV     1   --> B              
     e( 17 - 17) =     -8.29793  eV     1   --> A              
     e( 18 - 18) =     -7.04584  eV     1   --> A              
     e( 19 - 19) =     -6.79838  eV     1   --> A              
     e( 20 - 20) =     -6.73970  eV     1   --> B              
     e( 21 - 21) =     -6.60241  eV     1   --> B              
     e( 22 - 22) =     -6.39950  eV     1   --> A              
     e( 23 - 23) =     -6.20029  eV     1   --> B              
     e( 24 - 24) =     -5.94047  eV     1   --> B              
     e( 25 - 25) =      3.76385  eV     1   --> A              
     e( 26 - 26) =      3.99844  eV     1   --> A              
     e( 27 - 27) =      4.39025  eV     1   --> A              
     e( 28 - 28) =      4.44682  eV     1   --> B              
     e( 29 - 29) =      4.60473  eV     1   --> B              
     e( 30 - 30) =      5.08970  eV     1   --> A              
     e( 31 - 31) =      5.41037  eV     1   --> A              
     e( 32 - 32) =      5.59372  eV     1   --> B              
     e( 33 - 33) =      6.01960  eV     1   --> A              
     e( 34 - 34) =      6.17811  eV     1   --> B              
     e( 35 - 35) =      6.20467  eV     1   --> A              
     e( 36 - 36) =      6.65432  eV     1   --> A              
     e( 37 - 37) =      6.92313  eV     1   --> B              
     e( 38 - 38) =      7.11669  eV     1   --> A              
     e( 39 - 39) =      7.24139  eV     1   --> B              
     e( 40 - 40) =      7.50741  eV     1   --> A              
     e( 41 - 41) =      7.61934  eV     1   --> B              
     e( 42 - 42) =      7.93677  eV     1   --> A              
     e( 43 - 43) =      7.94776  eV     1   --> B              
     e( 44 - 44) =      8.19661  eV     1   --> B              
     e( 45 - 45) =      8.23889  eV     1   --> A              
     e( 46 - 46) =      8.47529  eV     1   --> A              
     e( 47 - 47) =      8.55308  eV     1   --> B              
     e( 48 - 48) =      8.98038  eV     1   --> A              
     e( 49 - 49) =      9.02041  eV     1   --> B              
     e( 50 - 50) =      9.31074  eV     1   --> A              
     e( 51 - 51) =      9.41881  eV     1   --> B              
     e( 52 - 52) =      9.69179  eV     1   --> B              
     e( 53 - 53) =      9.83409  eV     1   --> B              
     e( 54 - 54) =     10.32658  eV     1   --> A              
     e( 55 - 55) =     10.89141  eV     1   --> B              
     e( 56 - 56) =     13.50199  eV     1   --> A              
     e( 57 - 57) =     13.80361  eV     1   --> A              
     e( 58 - 58) =     14.04195  eV     1   --> B              
     e( 59 - 59) =     14.29953  eV     1   --> A              
     e( 60 - 60) =     14.77405  eV     1   --> A              
     e( 61 - 61) =     14.95982  eV     1   --> B              
     e( 62 - 62) =     15.82435  eV     1   --> A              
     e( 63 - 63) =     16.39495  eV     1   --> B              
     e( 64 - 64) =     16.62773  eV     1   --> A              
     e( 65 - 65) =     16.86670  eV     1   --> A              
     e( 66 - 66) =     17.94595  eV     1   --> A              
     e( 67 - 67) =     18.72440  eV     1   --> B              
     e( 68 - 68) =     19.30090  eV     1   --> A              
     e( 69 - 69) =     19.55752  eV     1   --> B              
     e( 70 - 70) =     21.24071  eV     1   --> A              
     e( 71 - 71) =     21.45749  eV     1   --> B              
     e( 72 - 72) =     22.21235  eV     1   --> B              
     e( 73 - 73) =     22.44531  eV     1   --> A              
     e( 74 - 74) =     23.00731  eV     1   --> A              
     e( 75 - 75) =     23.29936  eV     1   --> A              
     e( 76 - 76) =     23.58078  eV     1   --> A              
     e( 77 - 77) =     24.57475  eV     1   --> B              
     e( 78 - 78) =     24.60866  eV     1   --> A              
     e( 79 - 79) =     24.73998  eV     1   --> B              
     e( 80 - 80) =     25.27002  eV     1   --> A              

 **************************************************************************

 **************************************************************************

                    xk=(   0.00000,   0.14318,   0.00000  )

     Band symmetry, C_2  (2)    point group:

     e(  1 -  1) =    -82.06000  eV     1   --> A              
     e(  2 -  2) =    -68.43293  eV     1   --> A              
     e(  3 -  3) =    -63.93945  eV     1   --> A              
     e(  4 -  4) =    -63.92534  eV     1   --> A              
     e(  5 -  5) =    -45.60631  eV     1   --> B              
     e(  6 -  6) =    -45.36348  eV     1   --> A              
     e(  7 -  7) =    -45.20783  eV     1   --> B              
     e(  8 -  8) =    -37.49430  eV     1   --> B              
     e(  9 -  9) =    -37.48609  eV     1   --> A              
     e( 10 - 10) =    -37.46765  eV     1   --> B              
     e( 11 - 11) =    -28.40350  eV     1   --> B              
     e( 12 - 12) =    -28.34581  eV     1   --> A              
     e( 13 - 13) =    -28.31534  eV     1   --> B              
     e( 14 - 14) =    -28.24731  eV     1   --> B              
     e( 15 - 15) =    -28.23640  eV     1   --> A              
     e( 16 - 16) =    -28.17271  eV     1   --> B              
     e( 17 - 17) =     -8.28048  eV     1   --> A              
     e( 18 - 18) =     -7.06055  eV     1   --> A              
     e( 19 - 19) =     -6.81421  eV     1   --> A              
     e( 20 - 20) =     -6.74135  eV     1   --> B              
     e( 21 - 21) =     -6.60687  eV     1   --> B              
     e( 22 - 22) =     -6.39208  eV     1   --> A              
     e( 23 - 23) =     -6.19930  eV     1   --> B              
     e( 24 - 24) =     -5.93431  eV     1   --> B              
     e( 25 - 25) =      3.78907  eV     1   --> A              
     e( 26 - 26) =      4.02628  eV     1   --> A              
     e( 27 - 27) =      4.40810  eV     1   --> A              
     e( 28 - 28) =      4.45788  eV     1   --> B              
     e( 29 - 29) =      4.59371  eV     1   --> B              
     e( 30 - 30) =      5.10792  eV     1   --> A              
     e( 31 - 31) =      5.42995  eV     1   --> A              
     e( 32 - 32) =      5.56610  eV     1   --> B              
     e( 33 - 33) =      5.96049  eV     1   --> A              
     e( 34 - 34) =      6.17792  eV     1   --> A              
     e( 35 - 35) =      6.20751  eV     1   --> B              
     e( 36 - 36) =      6.60346  eV     1   --> A              
     e( 37 - 37) =      6.87985  eV     1   --> B              
     e( 38 - 38) =      7.14779  eV     1   --> A              
     e( 39 - 39) =      7.25162  eV     1   --> B              
     e( 40 - 40) =      7.50003  eV     1   --> A              
     e( 41 - 41) =      7.63424  eV     1   --> B              
     e( 42 - 42) =      7.92443  eV     1   --> A              
     e( 43 - 43) =      7.97004  eV     1   --> B              
     e( 44 - 44) =      8.19795  eV     1   --> B              
     e( 45 - 45) =      8.23212  eV     1   --> A              
     e( 46 - 46) =      8.46197  eV     1   --> A              
     e( 47 - 47) =      8.56515  eV     1   --> B              
     e( 48 - 48) =      8.93372  eV     1   --> A              
     e( 49 - 49) =      9.02655  eV     1   --> B              
     e( 50 - 50) =      9.34115  eV     1   --> A              
     e( 51 - 51) =      9.42051  eV     1   --> B              
     e( 52 - 52) =      9.67268  eV     1   --> B              
     e( 53 - 53) =      9.81689  eV     1   --> B              
     e( 54 - 54) =     10.36086  eV     1   --> A              
     e( 55 - 55) =     10.90121  eV     1   --> B              
     e( 56 - 56) =     13.50349  eV     1   --> A              
     e( 57 - 57) =     13.78200  eV     1   --> A              
     e( 58 - 58) =     14.05372  eV     1   --> B              
     e( 59 - 59) =     14.32681  eV     1   --> A              
     e( 60 - 60) =     14.77476  eV     1   --> A              
     e( 61 - 61) =     14.95546  eV     1   --> B              
     e( 62 - 62) =     15.81896  eV     1   --> A              
     e( 63 - 63) =     16.39447  eV     1   --> B              
     e( 64 - 64) =     16.63223  eV     1   --> A              
     e( 65 - 65) =     16.94650  eV     1   --> A              
     e( 66 - 66) =     17.94904  eV     1   --> A              
     e( 67 - 67) =     18.66444  eV     1   --> B              
     e( 68 - 68) =     19.29005  eV     1   --> A              
     e( 69 - 69) =     19.56178  eV     1   --> B              
     e( 70 - 70) =     21.13315  eV     1   --> A              
     e( 71 - 71) =     21.48776  eV     1   --> B              
     e( 72 - 72) =     22.28790  eV     1   --> B              
     e( 73 - 73) =     22.47867  eV     1   --> A              
     e( 74 - 74) =     23.02182  eV     1   --> A              
     e( 75 - 75) =     23.35289  eV     1   --> A              
     e( 76 - 76) =     23.55838  eV     1   --> A              
     e( 77 - 77) =     24.52065  eV     1   --> B              
     e( 78 - 78) =     24.61002  eV     1   --> A              
     e( 79 - 79) =     24.69141  eV     1   --> B              
     e( 80 - 80) =     25.28970  eV     1   --> A              

 **************************************************************************

 **************************************************************************

                    xk=(   0.00000,   0.16364,   0.00000  )

     Band symmetry, C_2  (2)    point group:

     e(  1 -  1) =    -82.06000  eV     1   --> A              
     e(  2 -  2) =    -68.43293  eV     1   --> A              
     e(  3 -  3) =    -63.93946  eV     1   --> A              
     e(  4 -  4) =    -63.92533  eV     1   --> A              
     e(  5 -  5) =    -45.60631  eV     1   --> B              
     e(  6 -  6) =    -45.36348  eV     1   --> A              
     e(  7 -  7) =    -45.20783  eV     1   --> B              
     e(  8 -  8) =    -37.49430  eV     1   --> B              
     e(  9 -  9) =    -37.48609  eV     1   --> A              
     e( 10 - 10) =    -37.46765  eV     1   --> B              
     e( 11 - 11) =    -28.40340  eV     1   --> B              
     e( 12 - 12) =    -28.34553  eV     1   --> A              
     e( 13 - 13) =    -28.31532  eV     1   --> B              
     e( 14 - 14) =    -28.24737  eV     1   --> B              
     e( 15 - 15) =    -28.23672  eV     1   --> A              
     e( 16 - 16) =    -28.17280  eV     1   --> B              
     e( 17 - 17) =     -8.26076  eV     1   --> A              
     e( 18 - 18) =     -7.08048  eV     1   --> A              
     e( 19 - 19) =     -6.82646  eV     1   --> A              
     e( 20 - 20) =     -6.74322  eV     1   --> B              
     e( 21 - 21) =     -6.61145  eV     1   --> B              
     e( 22 - 22) =     -6.38574  eV     1   --> A              
     e( 23 - 23) =     -6.19835  eV     1   --> B              
     e( 24 - 24) =     -5.92769  eV     1   --> B              
     e( 25 - 25) =      3.81773  eV     1   --> A              
     e( 26 - 26) =      4.05784  eV     1   --> A              
     e( 27 - 27) =      4.42761  eV     1   --> A              
     e( 28 - 28) =      4.46940  eV     1   --> B              
     e( 29 - 29) =      4.58315  eV     1   --> B              
     e( 30 - 30) =      5.12638  eV     1   --> A              
     e( 31 - 31) =      5.44757  eV     1   --> A              
     e( 32 - 32) =      5.53597  eV     1   --> B              
     e( 33 - 33) =      5.89917  eV     1   --> A              
     e( 34 - 34) =      6.15387  eV     1   --> A              
     e( 35 - 35) =      6.24059  eV     1   --> B              
     e( 36 - 36) =      6.55552  eV     1   --> A              
     e( 37 - 37) =      6.83523  eV     1   --> B              
     e( 38 - 38) =      7.17208  eV     1   --> A              
     e( 39 - 39) =      7.25978  eV     1   --> B              
     e( 40 - 40) =      7.49336  eV     1   --> A              
     e( 41 - 41) =      7.65111  eV     1   --> B              
     e( 42 - 42) =      7.89017  eV     1   --> A              
     e( 43 - 43) =      7.98954  eV     1   --> B              
     e( 44 - 44) =      8.20346  eV     1   --> B              
     e( 45 - 45) =      8.24376  eV     1   --> A              
     e( 46 - 46) =      8.44690  eV     1   --> A              
     e( 47 - 47) =      8.57752  eV     1   --> B              
     e( 48 - 48) =      8.88429  eV     1   --> A              
     e( 49 - 49) =      9.03314  eV     1   --> B              
     e( 50 - 50) =      9.37219  eV     1   --> A              
     e( 51 - 51) =      9.42148  eV     1   --> B              
     e( 52 - 52) =      9.65246  eV     1   --> B              
     e( 53 - 53) =      9.79787  eV     1   --> B              
     e( 54 - 54) =     10.39707  eV     1   --> A              
     e( 55 - 55) =     10.91210  eV     1   --> B              
     e( 56 - 56) =     13.50125  eV     1   --> A              
     e( 57 - 57) =     13.76697  eV     1   --> A              
     e( 58 - 58) =     14.06665  eV     1   --> B              
     e( 59 - 59) =     14.35160  eV     1   --> A              
     e( 60 - 60) =     14.77576  eV     1   --> A              
     e( 61 - 61) =     14.95050  eV     1   --> B              
     e( 62 - 62) =     15.81312  eV     1   --> A              
     e( 63 - 63) =     16.39422  eV     1   --> B              
     e( 64 - 64) =     16.63718  eV     1   --> A              
     e( 65 - 65) =     17.03537  eV     1   --> A              
     e( 66 - 66) =     17.95234  eV     1   --> A              
     e( 67 - 67) =     18.60241  eV     1   --> B              
     e( 68 - 68) =     19.27585  eV     1   --> A              
     e( 69 - 69) =     19.56223  eV     1   --> B              
     e( 70 - 70) =     21.02652  eV     1   --> A              
     e( 71 - 71) =     21.52825  eV     1   --> B              
     e( 72 - 72) =     22.36816  eV     1   --> B              
     e( 73 - 73) =     22.50260  eV     1   --> A              
     e( 74 - 74) =     23.03386  eV     1   --> A              
     e( 75 - 75) =     23.41506  eV     1   --> A              
     e( 76 - 76) =     23.53808  eV     1   --> A              
     e( 77 - 77) =     24.45144  eV     1   --> B              
     e( 78 - 78) =     24.61145  eV     1   --> A              
     e( 79 - 79) =     24.64126  eV     1   --> B              
     e( 80 - 80) =     25.31204  eV     1   --> A              

 **************************************************************************

 **************************************************************************

                    xk=(   0.00000,   0.18409,   0.00000  )

     Band symmetry, C_2  (2)    point group:

     e(  1 -  1) =    -82.06000  eV     1   --> A              
     e(  2 -  2) =    -68.43293  eV     1   --> A              
     e(  3 -  3) =    -63.93946  eV     1   --> A              
     e(  4 -  4) =    -63.92532  eV     1   --> A              
     e(  5 -  5) =    -45.60631  eV     1   --> B              
     e(  6 -  6) =    -45.36348  eV     1   --> A              
     e(  7 -  7) =    -45.20783  eV     1   --> B              
     e(  8 -  8) =    -37.49430  eV     1   --> B              
     e(  9 -  9) =    -37.48609  eV     1   --> A              
     e( 10 - 10) =    -37.46765  eV     1   --> B              
     e( 11 - 11) =    -28.40330  eV     1   --> B              
     e( 12 - 12) =    -28.34524  eV     1   --> A              
     e( 13 - 13) =    -28.31530  eV     1   --> B              
     e( 14 - 14) =    -28.24743  eV     1   --> B              
     e( 15 - 15) =    -28.23705  eV     1   --> A              
     e( 16 - 16) =    -28.17289  eV     1   --> B              
     e( 17 - 17) =     -8.23898  eV     1   --> A              
     e( 18 - 18) =     -7.10564  eV     1   --> A              
     e( 19 - 19) =     -6.83464  eV     1   --> A              
     e( 20 - 20) =     -6.74531  eV     1   --> B              
     e( 21 - 21) =     -6.61599  eV     1   --> B              
     e( 22 - 22) =     -6.38063  eV     1   --> A              
     e( 23 - 23) =     -6.19746  eV     1   --> B              
     e( 24 - 24) =     -5.92076  eV     1   --> B              
     e( 25 - 25) =      3.84959  eV     1   --> A              
     e( 26 - 26) =      4.09282  eV     1   --> A              
     e( 27 - 27) =      4.44827  eV     1   --> A              
     e( 28 - 28) =      4.48038  eV     1   --> B              
     e( 29 - 29) =      4.57420  eV     1   --> B              
     e( 30 - 30) =      5.14446  eV     1   --> A              
     e( 31 - 31) =      5.45818  eV     1   --> A              
     e( 32 - 32) =      5.50425  eV     1   --> B              
     e( 33 - 33) =      5.84248  eV     1   --> A              
     e( 34 - 34) =      6.13029  eV     1   --> A              
     e( 35 - 35) =      6.27622  eV     1   --> B              
     e( 36 - 36) =      6.51442  eV     1   --> A              
     e( 37 - 37) =      6.79126  eV     1   --> B              
     e( 38 - 38) =      7.18615  eV     1   --> A              
     e( 39 - 39) =      7.26451  eV     1   --> B              
     e( 40 - 40) =      7.48813  eV     1   --> A              
     e( 41 - 41) =      7.66883  eV     1   --> B              
     e( 42 - 42) =      7.84260  eV     1   --> A              
     e( 43 - 43) =      8.00681  eV     1   --> B              
     e( 44 - 44) =      8.21324  eV     1   --> B              
     e( 45 - 45) =      8.26395  eV     1   --> A              
     e( 46 - 46) =      8.43203  eV     1   --> A              
     e( 47 - 47) =      8.58962  eV     1   --> B              
     e( 48 - 48) =      8.83504  eV     1   --> A              
     e( 49 - 49) =      9.04005  eV     1   --> B              
     e( 50 - 50) =      9.40241  eV     1   --> A              
     e( 51 - 51) =      9.42136  eV     1   --> B              
     e( 52 - 52) =      9.63182  eV     1   --> B              
     e( 53 - 53) =      9.77746  eV     1   --> B              
     e( 54 - 54) =     10.43437  eV     1   --> A              
     e( 55 - 55) =     10.92387  eV     1   --> B              
     e( 56 - 56) =     13.49413  eV     1   --> A              
     e( 57 - 57) =     13.75991  eV     1   --> A              
     e( 58 - 58) =     14.08050  eV     1   --> B              
     e( 59 - 59) =     14.37328  eV     1   --> A              
     e( 60 - 60) =     14.77722  eV     1   --> A              
     e( 61 - 61) =     14.94499  eV     1   --> B              
     e( 62 - 62) =     15.80701  eV     1   --> A              
     e( 63 - 63) =     16.39428  eV     1   --> B              
     e( 64 - 64) =     16.64246  eV     1   --> A              
     e( 65 - 65) =     17.13215  eV     1   --> A              
     e( 66 - 66) =     17.95578  eV     1   --> A              
     e( 67 - 67) =     18.53969  eV     1   --> B              
     e( 68 - 68) =     19.25750  eV     1   --> A              
     e( 69 - 69) =     19.55894  eV     1   --> B              
     e( 70 - 70) =     20.92236  eV     1   --> A              
     e( 71 - 71) =     21.57914  eV     1   --> B              
     e( 72 - 72) =     22.45188  eV     1   --> B              
     e( 73 - 73) =     22.51830  eV     1   --> A              
     e( 74 - 74) =     23.04289  eV     1   --> A              
     e( 75 - 75) =     23.47050  eV     1   --> A              
     e( 76 - 76) =     23.53481  eV     1   --> A              
     e( 77 - 77) =     24.36693  eV     1   --> B              
     e( 78 - 78) =     24.59086  eV     1   --> B              
     e( 79 - 79) =     24.61304  eV     1   --> A              
     e( 80 - 80) =     25.33447  eV     1   --> A              

 **************************************************************************

 **************************************************************************

                    xk=(   0.00000,   0.20455,   0.00000  )

     Band symmetry, C_2  (2)    point group:

     e(  1 -  1) =    -82.06000  eV     1   --> A              
     e(  2 -  2) =    -68.43293  eV     1   --> A              
     e(  3 -  3) =    -63.93946  eV     1   --> A              
     e(  4 -  4) =    -63.92531  eV     1   --> A              
     e(  5 -  5) =    -45.60631  eV     1   --> B              
     e(  6 -  6) =    -45.36348  eV     1   --> A              
     e(  7 -  7) =    -45.20783  eV     1   --> B              
     e(  8 -  8) =    -37.49429  eV     1   --> B              
     e(  9 -  9) =    -37.48609  eV     1   --> A              
     e( 10 - 10) =    -37.46765  eV     1   --> B              
     e( 11 - 11) =    -28.40319  eV     1   --> B              
     e( 12 - 12) =    -28.34494  eV     1   --> A              
     e( 13 - 13) =    -28.31528  eV     1   --> B              
     e( 14 - 14) =    -28.24750  eV     1   --> B              
     e( 15 - 15) =    -28.23739  eV     1   --> A              
     e( 16 - 16) =    -28.17299  eV     1   --> B              
     e( 17 - 17) =     -8.21541  eV     1   --> A              
     e( 18 - 18) =     -7.13532  eV     1   --> A              
     e( 19 - 19) =     -6.83898  eV     1   --> A              
     e( 20 - 20) =     -6.74757  eV     1   --> B              
     e( 21 - 21) =     -6.62037  eV     1   --> B              
     e( 22 - 22) =     -6.37678  eV     1   --> A              
     e( 23 - 23) =     -6.19665  eV     1   --> B              
     e( 24 - 24) =     -5.91372  eV     1   --> B              
     e( 25 - 25) =      3.88436  eV     1   --> A              
     e( 26 - 26) =      4.13086  eV     1   --> A              
     e( 27 - 27) =      4.46955  eV     1   --> A              
     e( 28 - 28) =      4.48915  eV     1   --> B              
     e( 29 - 29) =      4.56860  eV     1   --> B              
     e( 30 - 30) =      5.16155  eV     1   --> A              
     e( 31 - 31) =      5.45517  eV     1   --> A              
     e( 32 - 32) =      5.47183  eV     1   --> B              
     e( 33 - 33) =      5.79567  eV     1   --> A              
     e( 34 - 34) =      6.10887  eV     1   --> A              
     e( 35 - 35) =      6.31284  eV     1   --> B              
     e( 36 - 36) =      6.48247  eV     1   --> A              
     e( 37 - 37) =      6.75004  eV     1   --> B              
     e( 38 - 38) =      7.18749  eV     1   --> A              
     e( 39 - 39) =      7.26495  eV     1   --> B              
     e( 40 - 40) =      7.48470  eV     1   --> A              
     e( 41 - 41) =      7.68597  eV     1   --> B              
     e( 42 - 42) =      7.78962  eV     1   --> A              
     e( 43 - 43) =      8.02347  eV     1   --> B              
     e( 44 - 44) =      8.22655  eV     1   --> B              
     e( 45 - 45) =      8.28232  eV     1   --> A              
     e( 46 - 46) =      8.42088  eV     1   --> A              
     e( 47 - 47) =      8.60092  eV     1   --> B              
     e( 48 - 48) =      8.78860  eV     1   --> A              
     e( 49 - 49) =      9.04718  eV     1   --> B              
     e( 50 - 50) =      9.41977  eV     1   --> B              
     e( 51 - 51) =      9.43091  eV     1   --> A              
     e( 52 - 52) =      9.61148  eV     1   --> B              
     e( 53 - 53) =      9.75619  eV     1   --> B              
     e( 54 - 54) =     10.47192  eV     1   --> A              
     e( 55 - 55) =     10.93625  eV     1   --> B              
     e( 56 - 56) =     13.48202  eV     1   --> A              
     e( 57 - 57) =     13.76101  eV     1   --> A              
     e( 58 - 58) =     14.09498  eV     1   --> B              
     e( 59 - 59) =     14.39136  eV     1   --> A              
     e( 60 - 60) =     14.77930  eV     1   --> A              
     e( 61 - 61) =     14.93901  eV     1   --> B              
     e( 62 - 62) =     15.80076  eV     1   --> A              
     e( 63 - 63) =     16.39470  eV     1   --> B              
     e( 64 - 64) =     16.64794  eV     1   --> A              
     e( 65 - 65) =     17.23564  eV     1   --> A              
     e( 66 - 66) =     17.95930  eV     1   --> A              
     e( 67 - 67) =     18.47752  eV     1   --> B              
     e( 68 - 68) =     19.23409  eV     1   --> A              
     e( 69 - 69) =     19.55229  eV     1   --> B              
     e( 70 - 70) =     20.82213  eV     1   --> A              
     e( 71 - 71) =     21.64018  eV     1   --> B              
     e( 72 - 72) =     22.52728  eV     1   --> A              
     e( 73 - 73) =     22.53786  eV     1   --> B              
     e( 74 - 74) =     23.04856  eV     1   --> A              
     e( 75 - 75) =     23.47532  eV     1   --> A              
     e( 76 - 76) =     23.59174  eV     1   --> A              
     e( 77 - 77) =     24.26900  eV     1   --> B              
     e( 78 - 78) =     24.54001  eV     1   --> B              
     e( 79 - 79) =     24.61495  eV     1   --> A              
     e( 80 - 80) =     25.35304  eV     1   --> A              

 **************************************************************************

 **************************************************************************

                    xk=(   0.00000,   0.22500,   0.00000  )

     Band symmetry, C_2  (2)    point group:

     e(  1 -  1) =    -82.06000  eV     1   --> A              
     e(  2 -  2) =    -68.43293  eV     1   --> A              
     e(  3 -  3) =    -63.93947  eV     1   --> A              
     e(  4 -  4) =    -63.92530  eV     1   --> A              
     e(  5 -  5) =    -45.60631  eV     1   --> B              
     e(  6 -  6) =    -45.36348  eV     1   --> A              
     e(  7 -  7) =    -45.20783  eV     1   --> B              
     e(  8 -  8) =    -37.49429  eV     1   --> B              
     e(  9 -  9) =    -37.48609  eV     1   --> A              
     e( 10 - 10) =    -37.46765  eV     1   --> B              
     e( 11 - 11) =    -28.40308  eV     1   --> B              
     e( 12 - 12) =    -28.34464  eV     1   --> A              
     e( 13 - 13) =    -28.31525  eV     1   --> B              
     e( 14 - 14) =    -28.24756  eV     1   --> B              
     e( 15 - 15) =    -28.23774  eV     1   --> A              
     e( 16 - 16) =    -28.17308  eV     1   --> B              
     e( 17 - 17) =     -8.19037  eV     1   --> A              
     e( 18 - 18) =     -7.16842  eV     1   --> A              
     e( 19 - 19) =     -6.84016  eV     1   --> A              
     e( 20 - 20) =     -6.74994  eV     1   --> B              
     e( 21 - 21) =     -6.62447  eV     1   --> B              
     e( 22 - 22) =     -6.37414  eV     1   --> A              
     e( 23 - 23) =     -6.19593  eV     1   --> B              
     e( 24 - 24) =     -5.90674  eV     1   --> B              
     e( 25 - 25) =      3.92165  eV     1   --> A              
     e( 26 - 26) =      4.17148  eV     1   --> A              
     e( 27 - 27) =      4.49082  eV     1   --> A              
     e( 28 - 28) =      4.49360  eV     1   --> B              
     e( 29 - 29) =      4.56844  eV     1   --> B              
     e( 30 - 30) =      5.17686  eV     1   --> A              
     e( 31 - 31) =      5.43401  eV     1   --> A              
     e( 32 - 32) =      5.43955  eV     1   --> B              
     e( 33 - 33) =      5.75957  eV     1   --> A              
     e( 34 - 34) =      6.09508  eV     1   --> A              
     e( 35 - 35) =      6.34828  eV     1   --> B              
     e( 36 - 36) =      6.46025  eV     1   --> A              
     e( 37 - 37) =      6.71404  eV     1   --> B              
     e( 38 - 38) =      7.17509  eV     1   --> A              
     e( 39 - 39) =      7.26064  eV     1   --> B              
     e( 40 - 40) =      7.48209  eV     1   --> A              
     e( 41 - 41) =      7.70112  eV     1   --> B              
     e( 42 - 42) =      7.73646  eV     1   --> A              
     e( 43 - 43) =      8.04148  eV     1   --> B              
     e( 44 - 44) =      8.24210  eV     1   --> B              
     e( 45 - 45) =      8.29044  eV     1   --> A              
     e( 46 - 46) =      8.41802  eV     1   --> A              
     e( 47 - 47) =      8.61084  eV     1   --> B              
     e( 48 - 48) =      8.74728  eV     1   --> A              
     e( 49 - 49) =      9.05446  eV     1   --> B              
     e( 50 - 50) =      9.41633  eV     1   --> B              
     e( 51 - 51) =      9.45716  eV     1   --> A              
     e( 52 - 52) =      9.59216  eV     1   --> B              
     e( 53 - 53) =      9.73464  eV     1   --> B              
     e( 54 - 54) =     10.50894  eV     1   --> A              
     e( 55 - 55) =     10.94897  eV     1   --> B              
     e( 56 - 56) =     13.46593  eV     1   --> A              
     e( 57 - 57) =     13.76919  eV     1   --> A              
     e( 58 - 58) =     14.10976  eV     1   --> B              
     e( 59 - 59) =     14.40555  eV     1   --> A              
     e( 60 - 60) =     14.78214  eV     1   --> A              
     e( 61 - 61) =     14.93266  eV     1   --> B              
     e( 62 - 62) =     15.79454  eV     1   --> A              
     e( 63 - 63) =     16.39551  eV     1   --> B              
     e( 64 - 64) =     16.65351  eV     1   --> A              
     e( 65 - 65) =     17.34455  eV     1   --> A              
     e( 66 - 66) =     17.96281  eV     1   --> A              
     e( 67 - 67) =     18.41709  eV     1   --> B              
     e( 68 - 68) =     19.20468  eV     1   --> A              
     e( 69 - 69) =     19.54293  eV     1   --> B              
     e( 70 - 70) =     20.72733  eV     1   --> A              
     e( 71 - 71) =     21.71080  eV     1   --> B              
     e( 72 - 72) =     22.53103  eV     1   --> A              
     e( 73 - 73) =     22.62491  eV     1   --> B              
     e( 74 - 74) =     23.05066  eV     1   --> A              
     e( 75 - 75) =     23.46230  eV     1   --> A              
     e( 76 - 76) =     23.67529  eV     1   --> A              
     e( 77 - 77) =     24.16050  eV     1   --> B              
     e( 78 - 78) =     24.48801  eV     1   --> B              
     e( 79 - 79) =     24.61729  eV     1   --> A              
     e( 80 - 80) =     25.36246  eV     1   --> A              

 **************************************************************************

 **************************************************************************

                    xk=(   0.00000,   0.24546,   0.00000  )

     Band symmetry, C_2  (2)    point group:

     e(  1 -  1) =    -82.05999  eV     1   --> A              
     e(  2 -  2) =    -68.43293  eV     1   --> A              
     e(  3 -  3) =    -63.93947  eV     1   --> A              
     e(  4 -  4) =    -63.92529  eV     1   --> A              
     e(  5 -  5) =    -45.60631  eV     1   --> B              
     e(  6 -  6) =    -45.36348  eV     1   --> A              
     e(  7 -  7) =    -45.20783  eV     1   --> B              
     e(  8 -  8) =    -37.49429  eV     1   --> B              
     e(  9 -  9) =    -37.48609  eV     1   --> A              
     e( 10 - 10) =    -37.46765  eV     1   --> B              
     e( 11 - 11) =    -28.40298  eV     1   --> B              
     e( 12 - 12) =    -28.34434  eV     1   --> A              
     e( 13 - 13) =    -28.31523  eV     1   --> B              
     e( 14 - 14) =    -28.24762  eV     1   --> B              
     e( 15 - 15) =    -28.23808  eV     1   --> A              
     e( 16 - 16) =    -28.17317  eV     1   --> B              
     e( 17 - 17) =     -8.16426  eV     1   --> A              
     e( 18 - 18) =     -7.20366  eV     1   --> A              
     e( 19 - 19) =     -6.83899  eV     1   --> A              
     e( 20 - 20) =     -6.75237  eV     1   --> B              
     e( 21 - 21) =     -6.62822  eV     1   --> B              
     e( 22 - 22) =     -6.37260  eV     1   --> A              
     e( 23 - 23) =     -6.19530  eV     1   --> B              
     e( 24 - 24) =     -5.89998  eV     1   --> B              
     e( 25 - 25) =      3.96099  eV     1   --> A              
     e( 26 - 26) =      4.21408  eV     1   --> A              
     e( 27 - 27) =      4.49293  eV     1   --> B              
     e( 28 - 28) =      4.51143  eV     1   --> A              
     e( 29 - 29) =      4.57443  eV     1   --> B              
     e( 30 - 30) =      5.18917  eV     1   --> A              
     e( 31 - 31) =      5.39692  eV     1   --> A              
     e( 32 - 32) =      5.40817  eV     1   --> B              
     e( 33 - 33) =      5.72823  eV     1   --> A              
     e( 34 - 34) =      6.09584  eV     1   --> A              
     e( 35 - 35) =      6.37936  eV     1   --> B              
     e( 36 - 36) =      6.44704  eV     1   --> A              
     e( 37 - 37) =      6.68653  eV     1   --> B              
     e( 38 - 38) =      7.14984  eV     1   --> A              
     e( 39 - 39) =      7.25147  eV     1   --> B              
     e( 40 - 40) =      7.47722  eV     1   --> A              
     e( 41 - 41) =      7.68721  eV     1   --> A              
     e( 42 - 42) =      7.71327  eV     1   --> B              
     e( 43 - 43) =      8.06233  eV     1   --> B              
     e( 44 - 44) =      8.25854  eV     1   --> B              
     e( 45 - 45) =      8.28589  eV     1   --> A              
     e( 46 - 46) =      8.42406  eV     1   --> A              
     e( 47 - 47) =      8.61888  eV     1   --> B              
     e( 48 - 48) =      8.71307  eV     1   --> A              
     e( 49 - 49) =      9.06186  eV     1   --> B              
     e( 50 - 50) =      9.41073  eV     1   --> B              
     e( 51 - 51) =      9.48085  eV     1   --> A              
     e( 52 - 52) =      9.57453  eV     1   --> B              
     e( 53 - 53) =      9.71349  eV     1   --> B              
     e( 54 - 54) =     10.54464  eV     1   --> A              
     e( 55 - 55) =     10.96168  eV     1   --> B              
     e( 56 - 56) =     13.44745  eV     1   --> A              
     e( 57 - 57) =     13.78269  eV     1   --> A              
     e( 58 - 58) =     14.12450  eV     1   --> B              
     e( 59 - 59) =     14.41573  eV     1   --> A              
     e( 60 - 60) =     14.78576  eV     1   --> A              
     e( 61 - 61) =     14.92607  eV     1   --> B              
     e( 62 - 62) =     15.78850  eV     1   --> A              
     e( 63 - 63) =     16.39670  eV     1   --> B              
     e( 64 - 64) =     16.65902  eV     1   --> A              
     e( 65 - 65) =     17.45755  eV     1   --> A              
     e( 66 - 66) =     17.96630  eV     1   --> A              
     e( 67 - 67) =     18.35949  eV     1   --> B              
     e( 68 - 68) =     19.16831  eV     1   --> A              
     e( 69 - 69) =     19.53161  eV     1   --> B              
     e( 70 - 70) =     20.63942  eV     1   --> A              
     e( 71 - 71) =     21.79012  eV     1   --> B              
     e( 72 - 72) =     22.53095  eV     1   --> A              
     e( 73 - 73) =     22.71166  eV     1   --> B              
     e( 74 - 74) =     23.04920  eV     1   --> A              
     e( 75 - 75) =     23.45025  eV     1   --> A              
     e( 76 - 76) =     23.76571  eV     1   --> A              
     e( 77 - 77) =     24.04445  eV     1   --> B              
     e( 78 - 78) =     24.43442  eV     1   --> B              
     e( 79 - 79) =     24.62025  eV     1   --> A              
     e( 80 - 80) =     25.35693  eV     1   --> A              

 **************************************************************************

 **************************************************************************

                    xk=(   0.00000,   0.26591,   0.00000  )

     Band symmetry, C_2  (2)    point group:

     e(  1 -  1) =    -82.05999  eV     1   --> A              
     e(  2 -  2) =    -68.43293  eV     1   --> A              
     e(  3 -  3) =    -63.93947  eV     1   --> A              
     e(  4 -  4) =    -63.92528  eV     1   --> A              
     e(  5 -  5) =    -45.60631  eV     1   --> B              
     e(  6 -  6) =    -45.36348  eV     1   --> A              
     e(  7 -  7) =    -45.20784  eV     1   --> B              
     e(  8 -  8) =    -37.49429  eV     1   --> B              
     e(  9 -  9) =    -37.48609  eV     1   --> A              
     e( 10 - 10) =    -37.46765  eV     1   --> B              
     e( 11 - 11) =    -28.40288  eV     1   --> B              
     e( 12 - 12) =    -28.34406  eV     1   --> A              
     e( 13 - 13) =    -28.31521  eV     1   --> B              
     e( 14 - 14) =    -28.24768  eV     1   --> B              
     e( 15 - 15) =    -28.23840  eV     1   --> A              
     e( 16 - 16) =    -28.17326  eV     1   --> B              
     e( 17 - 17) =     -8.13759  eV     1   --> A              
     e( 18 - 18) =     -7.23977  eV     1   --> A              
     e( 19 - 19) =     -6.83626  eV     1   --> A              
     e( 20 - 20) =     -6.75478  eV     1   --> B              
     e( 21 - 21) =     -6.63157  eV     1   --> B              
     e( 22 - 22) =     -6.37199  eV     1   --> A              
     e( 23 - 23) =     -6.19478  eV     1   --> B              
     e( 24 - 24) =     -5.89362  eV     1   --> B              
     e( 25 - 25) =      4.00172  eV     1   --> A              
     e( 26 - 26) =      4.25791  eV     1   --> A              
     e( 27 - 27) =      4.48861  eV     1   --> B              
     e( 28 - 28) =      4.53068  eV     1   --> A              
     e( 29 - 29) =      4.58489  eV     1   --> B              
     e( 30 - 30) =      5.19612  eV     1   --> A              
     e( 31 - 31) =      5.35199  eV     1   --> A              
     e( 32 - 32) =      5.37840  eV     1   --> B              
     e( 33 - 33) =      5.69452  eV     1   --> A              
     e( 34 - 34) =      6.11471  eV     1   --> A              
     e( 35 - 35) =      6.40189  eV     1   --> B              
     e( 36 - 36) =      6.44177  eV     1   --> A              
     e( 37 - 37) =      6.67168  eV     1   --> B              
     e( 38 - 38) =      7.11406  eV     1   --> A              
     e( 39 - 39) =      7.23762  eV     1   --> B              
     e( 40 - 40) =      7.46482  eV     1   --> A              
     e( 41 - 41) =      7.64641  eV     1   --> A              
     e( 42 - 42) =      7.72211  eV     1   --> B              
     e( 43 - 43) =      8.08651  eV     1   --> B              
     e( 44 - 44) =      8.27362  eV     1   --> A              
     e( 45 - 45) =      8.27472  eV     1   --> B              
     e( 46 - 46) =      8.43325  eV     1   --> A              
     e( 47 - 47) =      8.62462  eV     1   --> B              
     e( 48 - 48) =      8.68753  eV     1   --> A              
     e( 49 - 49) =      9.06940  eV     1   --> B              
     e( 50 - 50) =      9.40284  eV     1   --> B              
     e( 51 - 51) =      9.50180  eV     1   --> A              
     e( 52 - 52) =      9.55912  eV     1   --> B              
     e( 53 - 53) =      9.69341  eV     1   --> B              
     e( 54 - 54) =     10.57827  eV     1   --> A              
     e( 55 - 55) =     10.97405  eV     1   --> B              
     e( 56 - 56) =     13.42816  eV     1   --> A              
     e( 57 - 57) =     13.79964  eV     1   --> A              
     e( 58 - 58) =     14.13883  eV     1   --> B              
     e( 59 - 59) =     14.42204  eV     1   --> A              
     e( 60 - 60) =     14.79009  eV     1   --> A              
     e( 61 - 61) =     14.91942  eV     1   --> B              
     e( 62 - 62) =     15.78279  eV     1   --> A              
     e( 63 - 63) =     16.39822  eV     1   --> B              
     e( 64 - 64) =     16.66432  eV     1   --> A              
     e( 65 - 65) =     17.57316  eV     1   --> A              
     e( 66 - 66) =     17.96978  eV     1   --> A              
     e( 67 - 67) =     18.30578  eV     1   --> B              
     e( 68 - 68) =     19.12420  eV     1   --> A              
     e( 69 - 69) =     19.51918  eV     1   --> B              
     e( 70 - 70) =     20.55981  eV     1   --> A              
     e( 71 - 71) =     21.87698  eV     1   --> B              
     e( 72 - 72) =     22.52821  eV     1   --> A              
     e( 73 - 73) =     22.79647  eV     1   --> B              
     e( 74 - 74) =     23.04455  eV     1   --> A              
     e( 75 - 75) =     23.44153  eV     1   --> A              
     e( 76 - 76) =     23.85933  eV     1   --> A              
     e( 77 - 77) =     23.92392  eV     1   --> B              
     e( 78 - 78) =     24.37932  eV     1   --> B              
     e( 79 - 79) =     24.62407  eV     1   --> A              
     e( 80 - 80) =     25.33202  eV     1   --> A              

 **************************************************************************

 **************************************************************************

                    xk=(   0.00000,   0.28637,   0.00000  )

     Band symmetry, C_2  (2)    point group:

     e(  1 -  1) =    -82.05999  eV     1   --> A              
     e(  2 -  2) =    -68.43293  eV     1   --> A              
     e(  3 -  3) =    -63.93947  eV     1   --> A              
     e(  4 -  4) =    -63.92527  eV     1   --> A              
     e(  5 -  5) =    -45.60631  eV     1   --> B              
     e(  6 -  6) =    -45.36348  eV     1   --> A              
     e(  7 -  7) =    -45.20784  eV     1   --> B              
     e(  8 -  8) =    -37.49429  eV     1   --> B              
     e(  9 -  9) =    -37.48609  eV     1   --> A              
     e( 10 - 10) =    -37.46765  eV     1   --> B              
     e( 11 - 11) =    -28.40279  eV     1   --> B              
     e( 12 - 12) =    -28.34379  eV     1   --> A              
     e( 13 - 13) =    -28.31520  eV     1   --> B              
     e( 14 - 14) =    -28.24774  eV     1   --> B              
     e( 15 - 15) =    -28.23870  eV     1   --> A              
     e( 16 - 16) =    -28.17334  eV     1   --> B              
     e( 17 - 17) =     -8.11101  eV     1   --> A              
     e( 18 - 18) =     -7.27549  eV     1   --> A              
     e( 19 - 19) =     -6.83261  eV     1   --> A              
     e( 20 - 20) =     -6.75709  eV     1   --> B              
     e( 21 - 21) =     -6.63447  eV     1   --> B              
     e( 22 - 22) =     -6.37212  eV     1   --> A              
     e( 23 - 23) =     -6.19434  eV     1   --> B              
     e( 24 - 24) =     -5.88779  eV     1   --> B              
     e( 25 - 25) =      4.04298  eV     1   --> A              
     e( 26 - 26) =      4.30199  eV     1   --> A              
     e( 27 - 27) =      4.48271  eV     1   --> B              
     e( 28 - 28) =      4.54786  eV     1   --> A              
     e( 29 - 29) =      4.59746  eV     1   --> B              
     e( 30 - 30) =      5.19300  eV     1   --> A              
     e( 31 - 31) =      5.30961  eV     1   --> A              
     e( 32 - 32) =      5.35089  eV     1   --> B              
     e( 33 - 33) =      5.65692  eV     1   --> A              
     e( 34 - 34) =      6.14922  eV     1   --> A              
     e( 35 - 35) =      6.41238  eV     1   --> B              
     e( 36 - 36) =      6.44378  eV     1   --> A              
     e( 37 - 37) =      6.67279  eV     1   --> B              
     e( 38 - 38) =      7.07059  eV     1   --> A              
     e( 39 - 39) =      7.21952  eV     1   --> B              
     e( 40 - 40) =      7.43967  eV     1   --> A              
     e( 41 - 41) =      7.61845  eV     1   --> A              
     e( 42 - 42) =      7.72793  eV     1   --> B              
     e( 43 - 43) =      8.11340  eV     1   --> B              
     e( 44 - 44) =      8.25943  eV     1   --> A              
     e( 45 - 45) =      8.28975  eV     1   --> B              
     e( 46 - 46) =      8.43973  eV     1   --> A              
     e( 47 - 47) =      8.62781  eV     1   --> B              
     e( 48 - 48) =      8.67140  eV     1   --> A              
     e( 49 - 49) =      9.07714  eV     1   --> B              
     e( 50 - 50) =      9.39277  eV     1   --> B              
     e( 51 - 51) =      9.51995  eV     1   --> A              
     e( 52 - 52) =      9.54619  eV     1   --> B              
     e( 53 - 53) =      9.67505  eV     1   --> B              
     e( 54 - 54) =     10.60910  eV     1   --> A              
     e( 55 - 55) =     10.98570  eV     1   --> B              
     e( 56 - 56) =     13.40937  eV     1   --> A              
     e( 57 - 57) =     13.81833  eV     1   --> A              
     e( 58 - 58) =     14.15238  eV     1   --> B              
     e( 59 - 59) =     14.42490  eV     1   --> A              
     e( 60 - 60) =     14.79491  eV     1   --> A              
     e( 61 - 61) =     14.91291  eV     1   --> B              
     e( 62 - 62) =     15.77753  eV     1   --> A              
     e( 63 - 63) =     16.39999  eV     1   --> B              
     e( 64 - 64) =     16.66928  eV     1   --> A              
     e( 65 - 65) =     17.68959  eV     1   --> A              
     e( 66 - 66) =     17.97346  eV     1   --> A              
     e( 67 - 67) =     18.25692  eV     1   --> B              
     e( 68 - 68) =     19.07194  eV     1   --> A              
     e( 69 - 69) =     19.50647  eV     1   --> B              
     e( 70 - 70) =     20.48970  eV     1   --> A              
     e( 71 - 71) =     21.96992  eV     1   --> B              
     e( 72 - 72) =     22.52385  eV     1   --> A              
     e( 73 - 73) =     22.87714  eV     1   --> B              
     e( 74 - 74) =     23.03747  eV     1   --> A              
     e( 75 - 75) =     23.43625  eV     1   --> A              
     e( 76 - 76) =     23.80234  eV     1   --> B              
     e( 77 - 77) =     23.95420  eV     1   --> A              
     e( 78 - 78) =     24.32330  eV     1   --> B              
     e( 79 - 79) =     24.62912  eV     1   --> A              
     e( 80 - 80) =     25.28665  eV     1   --> A              

 **************************************************************************

 **************************************************************************

                    xk=(   0.00000,   0.30682,   0.00000  )

     Band symmetry, C_2  (2)    point group:

     e(  1 -  1) =    -82.05999  eV     1   --> A              
     e(  2 -  2) =    -68.43293  eV     1   --> A              
     e(  3 -  3) =    -63.93948  eV     1   --> A              
     e(  4 -  4) =    -63.92526  eV     1   --> A              
     e(  5 -  5) =    -45.60631  eV     1   --> B              
     e(  6 -  6) =    -45.36348  eV     1   --> A              
     e(  7 -  7) =    -45.20784  eV     1   --> B              
     e(  8 -  8) =    -37.49429  eV     1   --> B              
     e(  9 -  9) =    -37.48609  eV     1   --> A              
     e( 10 - 10) =    -37.46765  eV     1   --> B              
     e( 11 - 11) =    -28.40270  eV     1   --> B              
     e( 12 - 12) =    -28.34356  eV     1   --> A              
     e( 13 - 13) =    -28.31518  eV     1   --> B              
     e( 14 - 14) =    -28.24779  eV     1   --> B              
     e( 15 - 15) =    -28.23897  eV     1   --> A              
     e( 16 - 16) =    -28.17341  eV     1   --> B              
     e( 17 - 17) =     -8.08533  eV     1   --> A              
     e( 18 - 18) =     -7.30954  eV     1   --> A              
     e( 19 - 19) =     -6.82861  eV     1   --> A              
     e( 20 - 20) =     -6.75921  eV     1   --> B              
     e( 21 - 21) =     -6.63693  eV     1   --> B              
     e( 22 - 22) =     -6.37276  eV     1   --> A              
     e( 23 - 23) =     -6.19399  eV     1   --> B              
     e( 24 - 24) =     -5.88263  eV     1   --> B              
     e( 25 - 25) =      4.08362  eV     1   --> A              
     e( 26 - 26) =      4.34506  eV     1   --> A              
     e( 27 - 27) =      4.47659  eV     1   --> B              
     e( 28 - 28) =      4.56224  eV     1   --> A              
     e( 29 - 29) =      4.61040  eV     1   --> B              
     e( 30 - 30) =      5.17386  eV     1   --> A              
     e( 31 - 31) =      5.27957  eV     1   --> A              
     e( 32 - 32) =      5.32627  eV     1   --> B              
     e( 33 - 33) =      5.61884  eV     1   --> A              
     e( 34 - 34) =      6.19289  eV     1   --> A              
     e( 35 - 35) =      6.41129  eV     1   --> B              
     e( 36 - 36) =      6.45324  eV     1   --> A              
     e( 37 - 37) =      6.68895  eV     1   --> B              
     e( 38 - 38) =      7.02218  eV     1   --> A              
     e( 39 - 39) =      7.19796  eV     1   --> B              
     e( 40 - 40) =      7.40181  eV     1   --> A              
     e( 41 - 41) =      7.60333  eV     1   --> A              
     e( 42 - 42) =      7.73143  eV     1   --> B              
     e( 43 - 43) =      8.14165  eV     1   --> B              
     e( 44 - 44) =      8.24674  eV     1   --> A              
     e( 45 - 45) =      8.30297  eV     1   --> B              
     e( 46 - 46) =      8.44106  eV     1   --> A              
     e( 47 - 47) =      8.62841  eV     1   --> B              
     e( 48 - 48) =      8.66399  eV     1   --> A              
     e( 49 - 49) =      9.08505  eV     1   --> B              
     e( 50 - 50) =      9.38104  eV     1   --> B              
     e( 51 - 51) =      9.53526  eV     1   --> A              
     e( 52 - 52) =      9.53577  eV     1   --> B              
     e( 53 - 53) =      9.65898  eV     1   --> B              
     e( 54 - 54) =     10.63647  eV     1   --> A              
     e( 55 - 55) =     10.99629  eV     1   --> B              
     e( 56 - 56) =     13.39207  eV     1   --> A              
     e( 57 - 57) =     13.83726  eV     1   --> A              
     e( 58 - 58) =     14.16474  eV     1   --> B              
     e( 59 - 59) =     14.42496  eV     1   --> A              
     e( 60 - 60) =     14.79991  eV     1   --> A              
     e( 61 - 61) =     14.90677  eV     1   --> B              
     e( 62 - 62) =     15.77286  eV     1   --> A              
     e( 63 - 63) =     16.40187  eV     1   --> B              
     e( 64 - 64) =     16.67374  eV     1   --> A              
     e( 65 - 65) =     17.80413  eV     1   --> A              
     e( 66 - 66) =     17.97816  eV     1   --> A              
     e( 67 - 67) =     18.21383  eV     1   --> B              
     e( 68 - 68) =     19.01180  eV     1   --> A              
     e( 69 - 69) =     19.49426  eV     1   --> B              
     e( 70 - 70) =     20.43000  eV     1   --> A              
     e( 71 - 71) =     22.06696  eV     1   --> B              
     e( 72 - 72) =     22.51874  eV     1   --> A              
     e( 73 - 73) =     22.95041  eV     1   --> B              
     e( 74 - 74) =     23.02899  eV     1   --> A              
     e( 75 - 75) =     23.43383  eV     1   --> A              
     e( 76 - 76) =     23.68399  eV     1   --> B              
     e( 77 - 77) =     24.04838  eV     1   --> A              
     e( 78 - 78) =     24.26752  eV     1   --> B              
     e( 79 - 79) =     24.63611  eV     1   --> A              
     e( 80 - 80) =     25.22343  eV     1   --> A              

 **************************************************************************

 **************************************************************************

                    xk=(   0.00000,   0.32728,   0.00000  )

     Band symmetry, C_2  (2)    point group:

     e(  1 -  1) =    -82.05999  eV     1   --> A              
     e(  2 -  2) =    -68.43293  eV     1   --> A              
     e(  3 -  3) =    -63.93948  eV     1   --> A              
     e(  4 -  4) =    -63.92525  eV     1   --> A              
     e(  5 -  5) =    -45.60631  eV     1   --> B              
     e(  6 -  6) =    -45.36348  eV     1   --> A              
     e(  7 -  7) =    -45.20784  eV     1   --> B              
     e(  8 -  8) =    -37.49429  eV     1   --> B              
     e(  9 -  9) =    -37.48609  eV     1   --> A              
     e( 10 - 10) =    -37.46765  eV     1   --> B              
     e( 11 - 11) =    -28.40263  eV     1   --> B              
     e( 12 - 12) =    -28.34336  eV     1   --> A              
     e( 13 - 13) =    -28.31516  eV     1   --> B              
     e( 14 - 14) =    -28.24783  eV     1   --> B              
     e( 15 - 15) =    -28.23920  eV     1   --> A              
     e( 16 - 16) =    -28.17347  eV     1   --> B              
     e( 17 - 17) =     -8.06157  eV     1   --> A              
     e( 18 - 18) =     -7.34057  eV     1   --> A              
     e( 19 - 19) =     -6.82470  eV     1   --> A              
     e( 20 - 20) =     -6.76107  eV     1   --> B              
     e( 21 - 21) =     -6.63892  eV     1   --> B              
     e( 22 - 22) =     -6.37369  eV     1   --> A              
     e( 23 - 23) =     -6.19372  eV     1   --> B              
     e( 24 - 24) =     -5.87825  eV     1   --> B              
     e( 25 - 25) =      4.12208  eV     1   --> A              
     e( 26 - 26) =      4.38556  eV     1   --> A              
     e( 27 - 27) =      4.47101  eV     1   --> B              
     e( 28 - 28) =      4.57315  eV     1   --> A              
     e( 29 - 29) =      4.62251  eV     1   --> B              
     e( 30 - 30) =      5.14184  eV     1   --> A              
     e( 31 - 31) =      5.26162  eV     1   --> A              
     e( 32 - 32) =      5.30511  eV     1   --> B              
     e( 33 - 33) =      5.58486  eV     1   --> A              
     e( 34 - 34) =      6.23794  eV     1   --> A              
     e( 35 - 35) =      6.40310  eV     1   --> B              
     e( 36 - 36) =      6.47142  eV     1   --> A              
     e( 37 - 37) =      6.71487  eV     1   --> B              
     e( 38 - 38) =      6.97125  eV     1   --> A              
     e( 39 - 39) =      7.17414  eV     1   --> B              
     e( 40 - 40) =      7.35720  eV     1   --> A              
     e( 41 - 41) =      7.59657  eV     1   --> A              
     e( 42 - 42) =      7.73334  eV     1   --> B              
     e( 43 - 43) =      8.16942  eV     1   --> B              
     e( 44 - 44) =      8.23698  eV     1   --> A              
     e( 45 - 45) =      8.31392  eV     1   --> B              
     e( 46 - 46) =      8.43784  eV     1   --> A              
     e( 47 - 47) =      8.62677  eV     1   --> B              
     e( 48 - 48) =      8.66306  eV     1   --> A              
     e( 49 - 49) =      9.09298  eV     1   --> B              
     e( 50 - 50) =      9.36852  eV     1   --> B              
     e( 51 - 51) =      9.52768  eV     1   --> B              
     e( 52 - 52) =      9.54775  eV     1   --> A              
     e( 53 - 53) =      9.64561  eV     1   --> B              
     e( 54 - 54) =     10.65976  eV     1   --> A              
     e( 55 - 55) =     11.00547  eV     1   --> B              
     e( 56 - 56) =     13.37702  eV     1   --> A              
     e( 57 - 57) =     13.85507  eV     1   --> A              
     e( 58 - 58) =     14.17553  eV     1   --> B              
     e( 59 - 59) =     14.42307  eV     1   --> A              
     e( 60 - 60) =     14.80468  eV     1   --> A              
     e( 61 - 61) =     14.90126  eV     1   --> B              
     e( 62 - 62) =     15.76889  eV     1   --> A              
     e( 63 - 63) =     16.40372  eV     1   --> B              
     e( 64 - 64) =     16.67759  eV     1   --> A              
     e( 65 - 65) =     17.90868  eV     1   --> A              
     e( 66 - 66) =     17.98954  eV     1   --> A              
     e( 67 - 67) =     18.17734  eV     1   --> B              
     e( 68 - 68) =     18.94504  eV     1   --> A              
     e( 69 - 69) =     19.48325  eV     1   --> B              
     e( 70 - 70) =     20.38125  eV     1   --> A              
     e( 71 - 71) =     22.16531  eV     1   --> B              
     e( 72 - 72) =     22.51360  eV     1   --> A              
     e( 73 - 73) =     23.01111  eV     1   --> B              
     e( 74 - 74) =     23.02025  eV     1   --> A              
     e( 75 - 75) =     23.43340  eV     1   --> A              
     e( 76 - 76) =     23.57516  eV     1   --> B              
     e( 77 - 77) =     24.13923  eV     1   --> A              
     e( 78 - 78) =     24.21390  eV     1   --> B              
     e( 79 - 79) =     24.64635  eV     1   --> A              
     e( 80 - 80) =     25.14720  eV     1   --> A              

 **************************************************************************

 **************************************************************************

                    xk=(   0.00000,   0.34773,   0.00000  )

     Band symmetry, C_2  (2)    point group:

     e(  1 -  1) =    -82.05999  eV     1   --> A              
     e(  2 -  2) =    -68.43293  eV     1   --> A              
     e(  3 -  3) =    -63.93948  eV     1   --> A              
     e(  4 -  4) =    -63.92525  eV     1   --> A              
     e(  5 -  5) =    -45.60631  eV     1   --> B              
     e(  6 -  6) =    -45.36348  eV     1   --> A              
     e(  7 -  7) =    -45.20784  eV     1   --> B              
     e(  8 -  8) =    -37.49429  eV     1   --> B              
     e(  9 -  9) =    -37.48609  eV     1   --> A              
     e( 10 - 10) =    -37.46765  eV     1   --> B              
     e( 11 - 11) =    -28.40258  eV     1   --> B              
     e( 12 - 12) =    -28.34319  eV     1   --> A              
     e( 13 - 13) =    -28.31515  eV     1   --> B              
     e( 14 - 14) =    -28.24786  eV     1   --> B              
     e( 15 - 15) =    -28.23938  eV     1   --> A              
     e( 16 - 16) =    -28.17352  eV     1   --> B              
     e( 17 - 17) =     -8.04093  eV     1   --> A              
     e( 18 - 18) =     -7.36708  eV     1   --> A              
     e( 19 - 19) =     -6.82126  eV     1   --> A              
     e( 20 - 20) =     -6.76260  eV     1   --> B              
     e( 21 - 21) =     -6.64045  eV     1   --> B              
     e( 22 - 22) =     -6.37468  eV     1   --> A              
     e( 23 - 23) =     -6.19351  eV     1   --> B              
     e( 24 - 24) =     -5.87474  eV     1   --> B              
     e( 25 - 25) =      4.15632  eV     1   --> A              
     e( 26 - 26) =      4.42158  eV     1   --> A              
     e( 27 - 27) =      4.46639  eV     1   --> B              
     e( 28 - 28) =      4.58009  eV     1   --> A              
     e( 29 - 29) =      4.63290  eV     1   --> B              
     e( 30 - 30) =      5.10837  eV     1   --> A              
     e( 31 - 31) =      5.24770  eV     1   --> A              
     e( 32 - 32) =      5.28796  eV     1   --> B              
     e( 33 - 33) =      5.55842  eV     1   --> A              
     e( 34 - 34) =      6.27684  eV     1   --> A              
     e( 35 - 35) =      6.39269  eV     1   --> B              
     e( 36 - 36) =      6.49961  eV     1   --> A              
     e( 37 - 37) =      6.74427  eV     1   --> B              
     e( 38 - 38) =      6.91997  eV     1   --> A              
     e( 39 - 39) =      7.14987  eV     1   --> B              
     e( 40 - 40) =      7.31309  eV     1   --> A              
     e( 41 - 41) =      7.59393  eV     1   --> A              
     e( 42 - 42) =      7.73428  eV     1   --> B              
     e( 43 - 43) =      8.19466  eV     1   --> B              
     e( 44 - 44) =      8.23037  eV     1   --> A              
     e( 45 - 45) =      8.32229  eV     1   --> B              
     e( 46 - 46) =      8.43220  eV     1   --> A              
     e( 47 - 47) =      8.62359  eV     1   --> B              
     e( 48 - 48) =      8.66565  eV     1   --> A              
     e( 49 - 49) =      9.10051  eV     1   --> B              
     e( 50 - 50) =      9.35642  eV     1   --> B              
     e( 51 - 51) =      9.52167  eV     1   --> B              
     e( 52 - 52) =      9.55743  eV     1   --> A              
     e( 53 - 53) =      9.63519  eV     1   --> B              
     e( 54 - 54) =     10.67845  eV     1   --> A              
     e( 55 - 55) =     11.01296  eV     1   --> B              
     e( 56 - 56) =     13.36478  eV     1   --> A              
     e( 57 - 57) =     13.87052  eV     1   --> A              
     e( 58 - 58) =     14.18438  eV     1   --> B              
     e( 59 - 59) =     14.42018  eV     1   --> A              
     e( 60 - 60) =     14.80887  eV     1   --> A              
     e( 61 - 61) =     14.89664  eV     1   --> B              
     e( 62 - 62) =     15.76570  eV     1   --> A              
     e( 63 - 63) =     16.40538  eV     1   --> B              
     e( 64 - 64) =     16.68072  eV     1   --> A              
     e( 65 - 65) =     17.96116  eV     1   --> A              
     e( 66 - 66) =     18.04602  eV     1   --> A              
     e( 67 - 67) =     18.14815  eV     1   --> B              
     e( 68 - 68) =     18.87463  eV     1   --> A              
     e( 69 - 69) =     19.47405  eV     1   --> B              
     e( 70 - 70) =     20.34360  eV     1   --> A              
     e( 71 - 71) =     22.26061  eV     1   --> B              
     e( 72 - 72) =     22.50900  eV     1   --> A              
     e( 73 - 73) =     23.01229  eV     1   --> A              
     e( 74 - 74) =     23.05118  eV     1   --> B              
     e( 75 - 75) =     23.43409  eV     1   --> A              
     e( 76 - 76) =     23.48563  eV     1   --> B              
     e( 77 - 77) =     24.16523  eV     1   --> B              
     e( 78 - 78) =     24.22257  eV     1   --> A              
     e( 79 - 79) =     24.66215  eV     1   --> A              
     e( 80 - 80) =     25.06350  eV     1   --> A              

 **************************************************************************

 **************************************************************************

                    xk=(   0.00000,   0.36819,   0.00000  )

     Band symmetry, C_2  (2)    point group:

     e(  1 -  1) =    -82.05999  eV     1   --> A              
     e(  2 -  2) =    -68.43293  eV     1   --> A              
     e(  3 -  3) =    -63.93948  eV     1   --> A              
     e(  4 -  4) =    -63.92524  eV     1   --> A              
     e(  5 -  5) =    -45.60631  eV     1   --> B              
     e(  6 -  6) =    -45.36348  eV     1   --> A              
     e(  7 -  7) =    -45.20784  eV     1   --> B              
     e(  8 -  8) =    -37.49429  eV     1   --> B              
     e(  9 -  9) =    -37.48609  eV     1   --> A              
     e( 10 - 10) =    -37.46765  eV     1   --> B              
     e( 11 - 11) =    -28.40253  eV     1   --> B              
     e( 12 - 12) =    -28.34307  eV     1   --> A              
     e( 13 - 13) =    -28.31515  eV     1   --> B              
     e( 14 - 14) =    -28.24789  eV     1   --> B              
     e( 15 - 15) =    -28.23952  eV     1   --> A              
     e( 16 - 16) =    -28.17356  eV     1   --> B              
     e( 17 - 17) =     -8.02477  eV     1   --> A              
     e( 18 - 18) =     -7.38757  eV     1   --> A              
     e( 19 - 19) =     -6.81859  eV     1   --> A              
     e( 20 - 20) =     -6.76373  eV     1   --> B              
     e( 21 - 21) =     -6.64154  eV     1   --> B              
     e( 22 - 22) =     -6.37554  eV     1   --> A              
     e( 23 - 23) =     -6.19337  eV     1   --> B              
     e( 24 - 24) =     -5.87218  eV     1   --> B              
     e( 25 - 25) =      4.18381  eV     1   --> A              
     e( 26 - 26) =      4.45081  eV     1   --> A              
     e( 27 - 27) =      4.46297  eV     1   --> B              
     e( 28 - 28) =      4.58312  eV     1   --> A              
     e( 29 - 29) =      4.64086  eV     1   --> B              
     e( 30 - 30) =      5.08130  eV     1   --> A              
     e( 31 - 31) =      5.23468  eV     1   --> A              
     e( 32 - 32) =      5.27530  eV     1   --> B              
     e( 33 - 33) =      5.54072  eV     1   --> A              
     e( 34 - 34) =      6.30461  eV     1   --> A              
     e( 35 - 35) =      6.38342  eV     1   --> B              
     e( 36 - 36) =      6.53584  eV     1   --> A              
     e( 37 - 37) =      6.77145  eV     1   --> B              
     e( 38 - 38) =      6.87129  eV     1   --> A              
     e( 39 - 39) =      7.12788  eV     1   --> B              
     e( 40 - 40) =      7.27588  eV     1   --> A              
     e( 41 - 41) =      7.59304  eV     1   --> A              
     e( 42 - 42) =      7.73469  eV     1   --> B              
     e( 43 - 43) =      8.21514  eV     1   --> B              
     e( 44 - 44) =      8.22644  eV     1   --> A              
     e( 45 - 45) =      8.32800  eV     1   --> B              
     e( 46 - 46) =      8.42641  eV     1   --> A              
     e( 47 - 47) =      8.61994  eV     1   --> B              
     e( 48 - 48) =      8.66920  eV     1   --> A              
     e( 49 - 49) =      9.10695  eV     1   --> B              
     e( 50 - 50) =      9.34615  eV     1   --> B              
     e( 51 - 51) =      9.51753  eV     1   --> B              
     e( 52 - 52) =      9.56432  eV     1   --> A              
     e( 53 - 53) =      9.62778  eV     1   --> B              
     e( 54 - 54) =     10.69212  eV     1   --> A              
     e( 55 - 55) =     11.01850  eV     1   --> B              
     e( 56 - 56) =     13.35576  eV     1   --> A              
     e( 57 - 57) =     13.88249  eV     1   --> A              
     e( 58 - 58) =     14.19096  eV     1   --> B              
     e( 59 - 59) =     14.41725  eV     1   --> A              
     e( 60 - 60) =     14.81211  eV     1   --> A              
     e( 61 - 61) =     14.89313  eV     1   --> B              
     e( 62 - 62) =     15.76338  eV     1   --> A              
     e( 63 - 63) =     16.40670  eV     1   --> B              
     e( 64 - 64) =     16.68302  eV     1   --> A              
     e( 65 - 65) =     17.97009  eV     1   --> A              
     e( 66 - 66) =     18.12685  eV     1   --> B              
     e( 67 - 67) =     18.13271  eV     1   --> A              
     e( 68 - 68) =     18.80658  eV     1   --> A              
     e( 69 - 69) =     19.46713  eV     1   --> B              
     e( 70 - 70) =     20.31697  eV     1   --> A              
     e( 71 - 71) =     22.34553  eV     1   --> B              
     e( 72 - 72) =     22.50539  eV     1   --> A              
     e( 73 - 73) =     23.00598  eV     1   --> A              
     e( 74 - 74) =     23.06256  eV     1   --> B              
     e( 75 - 75) =     23.42715  eV     1   --> B              
     e( 76 - 76) =     23.43514  eV     1   --> A              
     e( 77 - 77) =     24.12531  eV     1   --> B              
     e( 78 - 78) =     24.29183  eV     1   --> A              
     e( 79 - 79) =     24.68700  eV     1   --> A              
     e( 80 - 80) =     24.97842  eV     1   --> A              

 **************************************************************************

 **************************************************************************

                    xk=(   0.00000,   0.38864,   0.00000  )

     Band symmetry, C_2  (2)    point group:

     e(  1 -  1) =    -82.05999  eV     1   --> A              
     e(  2 -  2) =    -68.43293  eV     1   --> A              
     e(  3 -  3) =    -63.93948  eV     1   --> A              
     e(  4 -  4) =    -63.92524  eV     1   --> A              
     e(  5 -  5) =    -45.60631  eV     1   --> B              
     e(  6 -  6) =    -45.36348  eV     1   --> A              
     e(  7 -  7) =    -45.20784  eV     1   --> B              
     e(  8 -  8) =    -37.49429  eV     1   --> B              
     e(  9 -  9) =    -37.48609  eV     1   --> A              
     e( 10 - 10) =    -37.46765  eV     1   --> B              
     e( 11 - 11) =    -28.40251  eV     1   --> B              
     e( 12 - 12) =    -28.34300  eV     1   --> A              
     e( 13 - 13) =    -28.31514  eV     1   --> B              
     e( 14 - 14) =    -28.24790  eV     1   --> B              
     e( 15 - 15) =    -28.23960  eV     1   --> A              
     e( 16 - 16) =    -28.17358  eV     1   --> B              
     e( 17 - 17) =     -8.01440  eV     1   --> A              
     e( 18 - 18) =     -7.40058  eV     1   --> A              
     e( 19 - 19) =     -6.81689  eV     1   --> A              
     e( 20 - 20) =     -6.76443  eV     1   --> B              
     e( 21 - 21) =     -6.64219  eV     1   --> B              
     e( 22 - 22) =     -6.37613  eV     1   --> A              
     e( 23 - 23) =     -6.19328  eV     1   --> B              
     e( 24 - 24) =     -5.87062  eV     1   --> B              
     e( 25 - 25) =      4.20184  eV     1   --> A              
     e( 26 - 26) =      4.46087  eV     1   --> B              
     e( 27 - 27) =      4.47047  eV     1   --> A              
     e( 28 - 28) =      4.58335  eV     1   --> A              
     e( 29 - 29) =      4.64587  eV     1   --> B              
     e( 30 - 30) =      5.06426  eV     1   --> A              
     e( 31 - 31) =      5.22458  eV     1   --> A              
     e( 32 - 32) =      5.26753  eV     1   --> B              
     e( 33 - 33) =      5.53102  eV     1   --> A              
     e( 34 - 34) =      6.32038  eV     1   --> A              
     e( 35 - 35) =      6.37722  eV     1   --> B              
     e( 36 - 36) =      6.57075  eV     1   --> A              
     e( 37 - 37) =      6.79103  eV     1   --> B              
     e( 38 - 38) =      6.83169  eV     1   --> A              
     e( 39 - 39) =      7.11191  eV     1   --> B              
     e( 40 - 40) =      7.25100  eV     1   --> A              
     e( 41 - 41) =      7.59280  eV     1   --> A              
     e( 42 - 42) =      7.73485  eV     1   --> B              
     e( 43 - 43) =      8.22449  eV     1   --> A              
     e( 44 - 44) =      8.22865  eV     1   --> B              
     e( 45 - 45) =      8.33119  eV     1   --> B              
     e( 46 - 46) =      8.42223  eV     1   --> A              
     e( 47 - 47) =      8.61706  eV     1   --> B              
     e( 48 - 48) =      8.67196  eV     1   --> A              
     e( 49 - 49) =      9.11139  eV     1   --> B              
     e( 50 - 50) =      9.33919  eV     1   --> B              
     e( 51 - 51) =      9.51510  eV     1   --> B              
     e( 52 - 52) =      9.56845  eV     1   --> A              
     e( 53 - 53) =      9.62337  eV     1   --> B              
     e( 54 - 54) =     10.70045  eV     1   --> A              
     e( 55 - 55) =     11.02190  eV     1   --> B              
     e( 56 - 56) =     13.35024  eV     1   --> A              
     e( 57 - 57) =     13.89008  eV     1   --> A              
     e( 58 - 58) =     14.19502  eV     1   --> B              
     e( 59 - 59) =     14.41511  eV     1   --> A              
     e( 60 - 60) =     14.81417  eV     1   --> A              
     e( 61 - 61) =     14.89094  eV     1   --> B              
     e( 62 - 62) =     15.76196  eV     1   --> A              
     e( 63 - 63) =     16.40754  eV     1   --> B              
     e( 64 - 64) =     16.68443  eV     1   --> A              
     e( 65 - 65) =     17.97265  eV     1   --> A              
     e( 66 - 66) =     18.11389  eV     1   --> B              
     e( 67 - 67) =     18.20067  eV     1   --> A              
     e( 68 - 68) =     18.75260  eV     1   --> A              
     e( 69 - 69) =     19.46283  eV     1   --> B              
     e( 70 - 70) =     20.30113  eV     1   --> A              
     e( 71 - 71) =     22.40784  eV     1   --> B              
     e( 72 - 72) =     22.50309  eV     1   --> A              
     e( 73 - 73) =     23.00195  eV     1   --> A              
     e( 74 - 74) =     23.05123  eV     1   --> B              
     e( 75 - 75) =     23.40155  eV     1   --> B              
     e( 76 - 76) =     23.43599  eV     1   --> A              
     e( 77 - 77) =     24.09862  eV     1   --> B              
     e( 78 - 78) =     24.33836  eV     1   --> A              
     e( 79 - 79) =     24.72247  eV     1   --> A              
     e( 80 - 80) =     24.90109  eV     1   --> A              

 **************************************************************************

 **************************************************************************

                    xk=(   0.00000,   0.40910,   0.00000  )

     Band symmetry, C_2  (2)    point group:

     e(  1 -  1) =    -82.05999  eV     1   --> A              
     e(  2 -  2) =    -68.43293  eV     1   --> A              
     e(  3 -  3) =    -63.93948  eV     1   --> A              
     e(  4 -  4) =    -63.92524  eV     1   --> A              
     e(  5 -  5) =    -45.60631  eV     1   --> B              
     e(  6 -  6) =    -45.36348  eV     1   --> A              
     e(  7 -  7) =    -45.20784  eV     1   --> B              
     e(  8 -  8) =    -37.49429  eV     1   --> B              
     e(  9 -  9) =    -37.48609  eV     1   --> A              
     e( 10 - 10) =    -37.46765  eV     1   --> B              
     e( 11 - 11) =    -28.40250  eV     1   --> B              
     e( 12 - 12) =    -28.34297  eV     1   --> A              
     e( 13 - 13) =    -28.31514  eV     1   --> B              
     e( 14 - 14) =    -28.24791  eV     1   --> B              
     e( 15 - 15) =    -28.23963  eV     1   --> A              
     e( 16 - 16) =    -28.17359  eV     1   --> B              
     e( 17 - 17) =     -8.01082  eV     1   --> A              
     e( 18 - 18) =     -7.40505  eV     1   --> A              
     e( 19 - 19) =     -6.81632  eV     1   --> A              
     e( 20 - 20) =     -6.76467  eV     1   --> B              
     e( 21 - 21) =     -6.64241  eV     1   --> B              
     e( 22 - 22) =     -6.37634  eV     1   --> A              
     e( 23 - 23) =     -6.19325  eV     1   --> B              
     e( 24 - 24) =     -5.87010  eV     1   --> B              
     e( 25 - 25) =      4.20815  eV     1   --> A              
     e( 26 - 26) =      4.46016  eV     1   --> B              
     e( 27 - 27) =      4.47753  eV     1   --> A              
     e( 28 - 28) =      4.58298  eV     1   --> A              
     e( 29 - 29) =      4.64757  eV     1   --> B              
     e( 30 - 30) =      5.05850  eV     1   --> A              
     e( 31 - 31) =      5.22071  eV     1   --> A              
     e( 32 - 32) =      5.26491  eV     1   --> B              
     e( 33 - 33) =      5.52799  eV     1   --> A              
     e( 34 - 34) =      6.32541  eV     1   --> A              
     e( 35 - 35) =      6.37505  eV     1   --> B              
     e( 36 - 36) =      6.58649  eV     1   --> A              
     e( 37 - 37) =      6.79825  eV     1   --> B              
     e( 38 - 38) =      6.81497  eV     1   --> A              
     e( 39 - 39) =      7.10597  eV     1   --> B              
     e( 40 - 40) =      7.24224  eV     1   --> A              
     e( 41 - 41) =      7.59276  eV     1   --> A              
     e( 42 - 42) =      7.73488  eV     1   --> B              
     e( 43 - 43) =      8.22391  eV     1   --> A              
     e( 44 - 44) =      8.23341  eV     1   --> B              
     e( 45 - 45) =      8.33219  eV     1   --> B              
     e( 46 - 46) =      8.42072  eV     1   --> A              
     e( 47 - 47) =      8.61597  eV     1   --> B              
     e( 48 - 48) =      8.67297  eV     1   --> A              
     e( 49 - 49) =      9.11298  eV     1   --> B              
     e( 50 - 50) =      9.33672  eV     1   --> B              
     e( 51 - 51) =      9.51430  eV     1   --> B              
     e( 52 - 52) =      9.56982  eV     1   --> A              
     e( 53 - 53) =      9.62191  eV     1   --> B              
     e( 54 - 54) =     10.70325  eV     1   --> A              
     e( 55 - 55) =     11.02305  eV     1   --> B              
     e( 56 - 56) =     13.34838  eV     1   --> A              
     e( 57 - 57) =     13.89268  eV     1   --> A              
     e( 58 - 58) =     14.19639  eV     1   --> B              
     e( 59 - 59) =     14.41433  eV     1   --> A              
     e( 60 - 60) =     14.81488  eV     1   --> A              
     e( 61 - 61) =     14.89020  eV     1   --> B              
     e( 62 - 62) =     15.76148  eV     1   --> A              
     e( 63 - 63) =     16.40783  eV     1   --> B              
     e( 64 - 64) =     16.68491  eV     1   --> A              
     e( 65 - 65) =     17.97332  eV     1   --> A              
     e( 66 - 66) =     18.10954  eV     1   --> B              
     e( 67 - 67) =     18.22723  eV     1   --> A              
     e( 68 - 68) =     18.73088  eV     1   --> A              
     e( 69 - 69) =     19.46138  eV     1   --> B              
     e( 70 - 70) =     20.29588  eV     1   --> A              
     e( 71 - 71) =     22.43150  eV     1   --> B              
     e( 72 - 72) =     22.50231  eV     1   --> A              
     e( 73 - 73) =     23.00056  eV     1   --> A              
     e( 74 - 74) =     23.04235  eV     1   --> B              
     e( 75 - 75) =     23.39578  eV     1   --> B              
     e( 76 - 76) =     23.43631  eV     1   --> A              
     e( 77 - 77) =     24.08917  eV     1   --> B              
     e( 78 - 78) =     24.35476  eV     1   --> A              
     e( 79 - 79) =     24.74846  eV     1   --> A              
     e( 80 - 80) =     24.86012  eV     1   --> A              

 **************************************************************************

 **************************************************************************

                    xk=(   0.02500,   0.40910,   0.00030  )

     point group C_1 (1)    
     there are  1 classes
     the character table:

       E    
A      1.00

     the symmetry operations in each class and the name of the first element:

     E        1
                                                                 

     Band symmetry, C_1 (1)     point group:

     e(  1 -  1) =    -82.05999  eV     1   --> A              
     e(  2 -  2) =    -68.43293  eV     1   --> A              
     e(  3 -  3) =    -63.93948  eV     1   --> A              
     e(  4 -  4) =    -63.92524  eV     1   --> A              
     e(  5 -  5) =    -45.60632  eV     1   --> A              
     e(  6 -  6) =    -45.36348  eV     1   --> A              
     e(  7 -  7) =    -45.20784  eV     1   --> A              
     e(  8 -  8) =    -37.49429  eV     1   --> A              
     e(  9 -  9) =    -37.48609  eV     1   --> A              
     e( 10 - 10) =    -37.46766  eV     1   --> A              
     e( 11 - 11) =    -28.40250  eV     1   --> A              
     e( 12 - 12) =    -28.34297  eV     1   --> A              
     e( 13 - 13) =    -28.31515  eV     1   --> A              
     e( 14 - 14) =    -28.24792  eV     1   --> A              
     e( 15 - 15) =    -28.23963  eV     1   --> A              
     e( 16 - 16) =    -28.17359  eV     1   --> A              
     e( 17 - 17) =     -8.00961  eV     1   --> A              
     e( 18 - 18) =     -7.40454  eV     1   --> A              
     e( 19 - 19) =     -6.81850  eV     1   --> A              
     e( 20 - 20) =     -6.76319  eV     1   --> A              
     e( 21 - 21) =     -6.64313  eV     1   --> A              
     e( 22 - 22) =     -6.37609  eV     1   --> A              
     e( 23 - 23) =     -6.19240  eV     1   --> A              
     e( 24 - 24) =     -5.87181  eV     1   --> A              
     e( 25 - 25) =      4.20891  eV     1   --> A              
     e( 26 - 26) =      4.45594  eV     1   --> A              
     e( 27 - 27) =      4.48231  eV     1   --> A              
     e( 28 - 28) =      4.58480  eV     1   --> A              
     e( 29 - 29) =      4.63551  eV     1   --> A              
     e( 30 - 30) =      5.06736  eV     1   --> A              
     e( 31 - 31) =      5.18398  eV     1   --> A              
     e( 32 - 32) =      5.30179  eV     1   --> A              
     e( 33 - 33) =      5.53397  eV     1   --> A              
     e( 34 - 34) =      6.29752  eV     1   --> A              
     e( 35 - 35) =      6.38794  eV     1   --> A              
     e( 36 - 36) =      6.58917  eV     1   --> A              
     e( 37 - 37) =      6.78223  eV     1   --> A              
     e( 38 - 38) =      6.85008  eV     1   --> A              
     e( 39 - 39) =      7.10721  eV     1   --> A              
     e( 40 - 40) =      7.24334  eV     1   --> A              
     e( 41 - 41) =      7.56912  eV     1   --> A              
     e( 42 - 42) =      7.75910  eV     1   --> A              
     e( 43 - 43) =      8.20667  eV     1   --> A              
     e( 44 - 44) =      8.24557  eV     1   --> A              
     e( 45 - 45) =      8.32429  eV     1   --> A              
     e( 46 - 46) =      8.41620  eV     1   --> A              
     e( 47 - 47) =      8.61788  eV     1   --> A              
     e( 48 - 48) =      8.67988  eV     1   --> A              
     e( 49 - 49) =      9.10897  eV     1   --> A              
     e( 50 - 50) =      9.33589  eV     1   --> A              
     e( 51 - 51) =      9.50354  eV     1   --> A              
     e( 52 - 52) =      9.57682  eV     1   --> A              
     e( 53 - 53) =      9.62386  eV     1   --> A              
     e( 54 - 54) =     10.70465  eV     1   --> A              
     e( 55 - 55) =     11.01934  eV     1   --> A              
     e( 56 - 56) =     13.35021  eV     1   --> A              
     e( 57 - 57) =     13.89302  eV     1   --> A              
     e( 58 - 58) =     14.19497  eV     1   --> A              
     e( 59 - 59) =     14.41924  eV     1   --> A              
     e( 60 - 60) =     14.81378  eV     1   --> A              
     e( 61 - 61) =     14.88774  eV     1   --> A              
     e( 62 - 62) =     15.76096  eV     1   --> A              
     e( 63 - 63) =     16.40287  eV     1   --> A              
     e( 64 - 64) =     16.68817  eV     1   --> A              
     e( 65 - 65) =     17.97603  eV     1   --> A              
     e( 66 - 66) =     18.11287  eV     1   --> A              
     e( 67 - 67) =     18.23467  eV     1   --> A              
     e( 68 - 68) =     18.71812  eV     1   --> A              
     e( 69 - 69) =     19.47349  eV     1   --> A              
     e( 70 - 70) =     20.29646  eV     1   --> A              
     e( 71 - 71) =     22.37517  eV     1   --> A              
     e( 72 - 72) =     22.54860  eV     1   --> A              
     e( 73 - 73) =     22.98459  eV     1   --> A              
     e( 74 - 74) =     23.04205  eV     1   --> A              
     e( 75 - 75) =     23.36289  eV     1   --> A              
     e( 76 - 76) =     23.47712  eV     1   --> A              
     e( 77 - 77) =     24.09821  eV     1   --> A              
     e( 78 - 78) =     24.35707  eV     1   --> A              
     e( 79 - 79) =     24.74994  eV     1   --> A              
     e( 80 - 80) =     24.86478  eV     1   --> A              

 **************************************************************************

 **************************************************************************

                    xk=(   0.05000,   0.40910,   0.00061  )

     Band symmetry, C_1 (1)     point group:

     e(  1 -  1) =    -82.05999  eV     1   --> A              
     e(  2 -  2) =    -68.43293  eV     1   --> A              
     e(  3 -  3) =    -63.93948  eV     1   --> A              
     e(  4 -  4) =    -63.92524  eV     1   --> A              
     e(  5 -  5) =    -45.60632  eV     1   --> A              
     e(  6 -  6) =    -45.36348  eV     1   --> A              
     e(  7 -  7) =    -45.20784  eV     1   --> A              
     e(  8 -  8) =    -37.49429  eV     1   --> A              
     e(  9 -  9) =    -37.48609  eV     1   --> A              
     e( 10 - 10) =    -37.46766  eV     1   --> A              
     e( 11 - 11) =    -28.40250  eV     1   --> A              
     e( 12 - 12) =    -28.34296  eV     1   --> A              
     e( 13 - 13) =    -28.31520  eV     1   --> A              
     e( 14 - 14) =    -28.24796  eV     1   --> A              
     e( 15 - 15) =    -28.23962  eV     1   --> A              
     e( 16 - 16) =    -28.17360  eV     1   --> A              
     e( 17 - 17) =     -8.00598  eV     1   --> A              
     e( 18 - 18) =     -7.40300  eV     1   --> A              
     e( 19 - 19) =     -6.82451  eV     1   --> A              
     e( 20 - 20) =     -6.75927  eV     1   --> A              
     e( 21 - 21) =     -6.64527  eV     1   --> A              
     e( 22 - 22) =     -6.37531  eV     1   --> A              
     e( 23 - 23) =     -6.18992  eV     1   --> A              
     e( 24 - 24) =     -5.87692  eV     1   --> A              
     e( 25 - 25) =      4.21102  eV     1   --> A              
     e( 26 - 26) =      4.44812  eV     1   --> A              
     e( 27 - 27) =      4.49176  eV     1   --> A              
     e( 28 - 28) =      4.57581  eV     1   --> A              
     e( 29 - 29) =      4.61761  eV     1   --> A              
     e( 30 - 30) =      5.08732  eV     1   --> A              
     e( 31 - 31) =      5.13937  eV     1   --> A              
     e( 32 - 32) =      5.34826  eV     1   --> A              
     e( 33 - 33) =      5.55324  eV     1   --> A              
     e( 34 - 34) =      6.24144  eV     1   --> A              
     e( 35 - 35) =      6.40444  eV     1   --> A              
     e( 36 - 36) =      6.59635  eV     1   --> A              
     e( 37 - 37) =      6.77788  eV     1   --> A              
     e( 38 - 38) =      6.90457  eV     1   --> A              
     e( 39 - 39) =      7.11280  eV     1   --> A              
     e( 40 - 40) =      7.24553  eV     1   --> A              
     e( 41 - 41) =      7.52530  eV     1   --> A              
     e( 42 - 42) =      7.80533  eV     1   --> A              
     e( 43 - 43) =      8.18152  eV     1   --> A              
     e( 44 - 44) =      8.25690  eV     1   --> A              
     e( 45 - 45) =      8.30274  eV     1   --> A              
     e( 46 - 46) =      8.40284  eV     1   --> A              
     e( 47 - 47) =      8.62338  eV     1   --> A              
     e( 48 - 48) =      8.69810  eV     1   --> A              
     e( 49 - 49) =      9.09720  eV     1   --> A              
     e( 50 - 50) =      9.33311  eV     1   --> A              
     e( 51 - 51) =      9.47992  eV     1   --> A              
     e( 52 - 52) =      9.58787  eV     1   --> A              
     e( 53 - 53) =      9.63152  eV     1   --> A              
     e( 54 - 54) =     10.70868  eV     1   --> A              
     e( 55 - 55) =     11.00835  eV     1   --> A              
     e( 56 - 56) =     13.35562  eV     1   --> A              
     e( 57 - 57) =     13.89403  eV     1   --> A              
     e( 58 - 58) =     14.19086  eV     1   --> A              
     e( 59 - 59) =     14.43356  eV     1   --> A              
     e( 60 - 60) =     14.81051  eV     1   --> A              
     e( 61 - 61) =     14.88052  eV     1   --> A              
     e( 62 - 62) =     15.75941  eV     1   --> A              
     e( 63 - 63) =     16.38914  eV     1   --> A              
     e( 64 - 64) =     16.69689  eV     1   --> A              
     e( 65 - 65) =     17.98416  eV     1   --> A              
     e( 66 - 66) =     18.12298  eV     1   --> A              
     e( 67 - 67) =     18.25641  eV     1   --> A              
     e( 68 - 68) =     18.68259  eV     1   --> A              
     e( 69 - 69) =     19.50726  eV     1   --> A              
     e( 70 - 70) =     20.29821  eV     1   --> A              
     e( 71 - 71) =     22.28784  eV     1   --> A              
     e( 72 - 72) =     22.60375  eV     1   --> A              
     e( 73 - 73) =     22.94353  eV     1   --> A              
     e( 74 - 74) =     23.03960  eV     1   --> A              
     e( 75 - 75) =     23.32960  eV     1   --> A              
     e( 76 - 76) =     23.53014  eV     1   --> A              
     e( 77 - 77) =     24.12592  eV     1   --> A              
     e( 78 - 78) =     24.36408  eV     1   --> A              
     e( 79 - 79) =     24.75399  eV     1   --> A              
     e( 80 - 80) =     24.87909  eV     1   --> A              

 **************************************************************************

 **************************************************************************

                    xk=(   0.07500,   0.40910,   0.00091  )

     Band symmetry, C_1 (1)     point group:

     e(  1 -  1) =    -82.05999  eV     1   --> A              
     e(  2 -  2) =    -68.43293  eV     1   --> A              
     e(  3 -  3) =    -63.93948  eV     1   --> A              
     e(  4 -  4) =    -63.92525  eV     1   --> A              
     e(  5 -  5) =    -45.60632  eV     1   --> A              
     e(  6 -  6) =    -45.36348  eV     1   --> A              
     e(  7 -  7) =    -45.20784  eV     1   --> A              
     e(  8 -  8) =    -37.49429  eV     1   --> A              
     e(  9 -  9) =    -37.48609  eV     1   --> A              
     e( 10 - 10) =    -37.46766  eV     1   --> A              
     e( 11 - 11) =    -28.40250  eV     1   --> A              
     e( 12 - 12) =    -28.34295  eV     1   --> A              
     e( 13 - 13) =    -28.31527  eV     1   --> A              
     e( 14 - 14) =    -28.24802  eV     1   --> A              
     e( 15 - 15) =    -28.23961  eV     1   --> A              
     e( 16 - 16) =    -28.17361  eV     1   --> A              
     e( 17 - 17) =     -8.00002  eV     1   --> A              
     e( 18 - 18) =     -7.40046  eV     1   --> A              
     e( 19 - 19) =     -6.83337  eV     1   --> A              
     e( 20 - 20) =     -6.75382  eV     1   --> A              
     e( 21 - 21) =     -6.64882  eV     1   --> A              
     e( 22 - 22) =     -6.37390  eV     1   --> A              
     e( 23 - 23) =     -6.18605  eV     1   --> A              
     e( 24 - 24) =     -5.88529  eV     1   --> A              
     e( 25 - 25) =      4.21409  eV     1   --> A              
     e( 26 - 26) =      4.43784  eV     1   --> A              
     e( 27 - 27) =      4.50298  eV     1   --> A              
     e( 28 - 28) =      4.53105  eV     1   --> A              
     e( 29 - 29) =      4.62813  eV     1   --> A              
     e( 30 - 30) =      5.07669  eV     1   --> A              
     e( 31 - 31) =      5.13915  eV     1   --> A              
     e( 32 - 32) =      5.38419  eV     1   --> A              
     e( 33 - 33) =      5.58741  eV     1   --> A              
     e( 34 - 34) =      6.17460  eV     1   --> A              
     e( 35 - 35) =      6.41798  eV     1   --> A              
     e( 36 - 36) =      6.60655  eV     1   --> A              
     e( 37 - 37) =      6.78793  eV     1   --> A              
     e( 38 - 38) =      6.95689  eV     1   --> A              
     e( 39 - 39) =      7.12878  eV     1   --> A              
     e( 40 - 40) =      7.24694  eV     1   --> A              
     e( 41 - 41) =      7.48769  eV     1   --> A              
     e( 42 - 42) =      7.84853  eV     1   --> A              
     e( 43 - 43) =      8.15601  eV     1   --> A              
     e( 44 - 44) =      8.26190  eV     1   --> A              
     e( 45 - 45) =      8.27474  eV     1   --> A              
     e( 46 - 46) =      8.38105  eV     1   --> A              
     e( 47 - 47) =      8.63168  eV     1   --> A              
     e( 48 - 48) =      8.72237  eV     1   --> A              
     e( 49 - 49) =      9.07855  eV     1   --> A              
     e( 50 - 50) =      9.32756  eV     1   --> A              
     e( 51 - 51) =      9.45115  eV     1   --> A              
     e( 52 - 52) =      9.59493  eV     1   --> A              
     e( 53 - 53) =      9.64688  eV     1   --> A              
     e( 54 - 54) =     10.71481  eV     1   --> A              
     e( 55 - 55) =     10.99046  eV     1   --> A              
     e( 56 - 56) =     13.36444  eV     1   --> A              
     e( 57 - 57) =     13.89573  eV     1   --> A              
     e( 58 - 58) =     14.18440  eV     1   --> A              
     e( 59 - 59) =     14.45622  eV     1   --> A              
     e( 60 - 60) =     14.80500  eV     1   --> A              
     e( 61 - 61) =     14.86901  eV     1   --> A              
     e( 62 - 62) =     15.75685  eV     1   --> A              
     e( 63 - 63) =     16.36934  eV     1   --> A              
     e( 64 - 64) =     16.70857  eV     1   --> A              
     e( 65 - 65) =     17.99764  eV     1   --> A              
     e( 66 - 66) =     18.14012  eV     1   --> A              
     e( 67 - 67) =     18.29081  eV     1   --> A              
     e( 68 - 68) =     18.63093  eV     1   --> A              
     e( 69 - 69) =     19.55688  eV     1   --> A              
     e( 70 - 70) =     20.30120  eV     1   --> A              
     e( 71 - 71) =     22.19391  eV     1   --> A              
     e( 72 - 72) =     22.63525  eV     1   --> A              
     e( 73 - 73) =     22.89456  eV     1   --> A              
     e( 74 - 74) =     23.03437  eV     1   --> A              
     e( 75 - 75) =     23.30947  eV     1   --> A              
     e( 76 - 76) =     23.57249  eV     1   --> A              
     e( 77 - 77) =     24.17278  eV     1   --> A              
     e( 78 - 78) =     24.37611  eV     1   --> A              
     e( 79 - 79) =     24.75955  eV     1   --> A              
     e( 80 - 80) =     24.90383  eV     1   --> A              

 **************************************************************************

 **************************************************************************

                    xk=(   0.10000,   0.40910,   0.00122  )

     Band symmetry, C_1 (1)     point group:

     e(  1 -  1) =    -82.05999  eV     1   --> A              
     e(  2 -  2) =    -68.43293  eV     1   --> A              
     e(  3 -  3) =    -63.93948  eV     1   --> A              
     e(  4 -  4) =    -63.92526  eV     1   --> A              
     e(  5 -  5) =    -45.60632  eV     1   --> A              
     e(  6 -  6) =    -45.36348  eV     1   --> A              
     e(  7 -  7) =    -45.20784  eV     1   --> A              
     e(  8 -  8) =    -37.49429  eV     1   --> A              
     e(  9 -  9) =    -37.48609  eV     1   --> A              
     e( 10 - 10) =    -37.46766  eV     1   --> A              
     e( 11 - 11) =    -28.40250  eV     1   --> A              
     e( 12 - 12) =    -28.34293  eV     1   --> A              
     e( 13 - 13) =    -28.31537  eV     1   --> A              
     e( 14 - 14) =    -28.24810  eV     1   --> A              
     e( 15 - 15) =    -28.23959  eV     1   --> A              
     e( 16 - 16) =    -28.17363  eV     1   --> A              
     e( 17 - 17) =     -7.99180  eV     1   --> A              
     e( 18 - 18) =     -7.39691  eV     1   --> A              
     e( 19 - 19) =     -6.84430  eV     1   --> A              
     e( 20 - 20) =     -6.74749  eV     1   --> A              
     e( 21 - 21) =     -6.65368  eV     1   --> A              
     e( 22 - 22) =     -6.37174  eV     1   --> A              
     e( 23 - 23) =     -6.18112  eV     1   --> A              
     e( 24 - 24) =     -5.89675  eV     1   --> A              
     e( 25 - 25) =      4.21761  eV     1   --> A              
     e( 26 - 26) =      4.41487  eV     1   --> A              
     e( 27 - 27) =      4.48005  eV     1   --> A              
     e( 28 - 28) =      4.51963  eV     1   --> A              
     e( 29 - 29) =      4.65034  eV     1   --> A              
     e( 30 - 30) =      5.04169  eV     1   --> A              
     e( 31 - 31) =      5.17448  eV     1   --> A              
     e( 32 - 32) =      5.40797  eV     1   --> A              
     e( 33 - 33) =      5.63330  eV     1   --> A              
     e( 34 - 34) =      6.10577  eV     1   --> A              
     e( 35 - 35) =      6.42957  eV     1   --> A              
     e( 36 - 36) =      6.61860  eV     1   --> A              
     e( 37 - 37) =      6.80771  eV     1   --> A              
     e( 38 - 38) =      6.98875  eV     1   --> A              
     e( 39 - 39) =      7.15664  eV     1   --> A              
     e( 40 - 40) =      7.25443  eV     1   --> A              
     e( 41 - 41) =      7.46888  eV     1   --> A              
     e( 42 - 42) =      7.87482  eV     1   --> A              
     e( 43 - 43) =      8.13718  eV     1   --> A              
     e( 44 - 44) =      8.23367  eV     1   --> A              
     e( 45 - 45) =      8.27329  eV     1   --> A              
     e( 46 - 46) =      8.35104  eV     1   --> A              
     e( 47 - 47) =      8.64183  eV     1   --> A              
     e( 48 - 48) =      8.74720  eV     1   --> A              
     e( 49 - 49) =      9.05466  eV     1   --> A              
     e( 50 - 50) =      9.31776  eV     1   --> A              
     e( 51 - 51) =      9.42069  eV     1   --> A              
     e( 52 - 52) =      9.59960  eV     1   --> A              
     e( 53 - 53) =      9.66765  eV     1   --> A              
     e( 54 - 54) =     10.72224  eV     1   --> A              
     e( 55 - 55) =     10.96626  eV     1   --> A              
     e( 56 - 56) =     13.37634  eV     1   --> A              
     e( 57 - 57) =     13.89810  eV     1   --> A              
     e( 58 - 58) =     14.17590  eV     1   --> A              
     e( 59 - 59) =     14.48566  eV     1   --> A              
     e( 60 - 60) =     14.79709  eV     1   --> A              
     e( 61 - 61) =     14.85416  eV     1   --> A              
     e( 62 - 62) =     15.75331  eV     1   --> A              
     e( 63 - 63) =     16.34638  eV     1   --> A              
     e( 64 - 64) =     16.72069  eV     1   --> A              
     e( 65 - 65) =     18.01633  eV     1   --> A              
     e( 66 - 66) =     18.16416  eV     1   --> A              
     e( 67 - 67) =     18.33432  eV     1   --> A              
     e( 68 - 68) =     18.57175  eV     1   --> A              
     e( 69 - 69) =     19.61641  eV     1   --> A              
     e( 70 - 70) =     20.30554  eV     1   --> A              
     e( 71 - 71) =     22.09696  eV     1   --> A              
     e( 72 - 72) =     22.62401  eV     1   --> A              
     e( 73 - 73) =     22.86209  eV     1   --> A              
     e( 74 - 74) =     23.02660  eV     1   --> A              
     e( 75 - 75) =     23.29985  eV     1   --> A              
     e( 76 - 76) =     23.59911  eV     1   --> A              
     e( 77 - 77) =     24.23624  eV     1   --> A              
     e( 78 - 78) =     24.39380  eV     1   --> A              
     e( 79 - 79) =     24.76525  eV     1   --> A              
     e( 80 - 80) =     24.93965  eV     1   --> A              

 **************************************************************************

 **************************************************************************

                    xk=(   0.12500,   0.40910,   0.00152  )

     Band symmetry, C_1 (1)     point group:

     e(  1 -  1) =    -82.05999  eV     1   --> A              
     e(  2 -  2) =    -68.43293  eV     1   --> A              
     e(  3 -  3) =    -63.93948  eV     1   --> A              
     e(  4 -  4) =    -63.92527  eV     1   --> A              
     e(  5 -  5) =    -45.60632  eV     1   --> A              
     e(  6 -  6) =    -45.36348  eV     1   --> A              
     e(  7 -  7) =    -45.20784  eV     1   --> A              
     e(  8 -  8) =    -37.49429  eV     1   --> A              
     e(  9 -  9) =    -37.48609  eV     1   --> A              
     e( 10 - 10) =    -37.46767  eV     1   --> A              
     e( 11 - 11) =    -28.40250  eV     1   --> A              
     e( 12 - 12) =    -28.34290  eV     1   --> A              
     e( 13 - 13) =    -28.31550  eV     1   --> A              
     e( 14 - 14) =    -28.24821  eV     1   --> A              
     e( 15 - 15) =    -28.23956  eV     1   --> A              
     e( 16 - 16) =    -28.17366  eV     1   --> A              
     e( 17 - 17) =     -7.98149  eV     1   --> A              
     e( 18 - 18) =     -7.39239  eV     1   --> A              
     e( 19 - 19) =     -6.85683  eV     1   --> A              
     e( 20 - 20) =     -6.74063  eV     1   --> A              
     e( 21 - 21) =     -6.65972  eV     1   --> A              
     e( 22 - 22) =     -6.36876  eV     1   --> A              
     e( 23 - 23) =     -6.17555  eV     1   --> A              
     e( 24 - 24) =     -5.91100  eV     1   --> A              
     e( 25 - 25) =      4.22110  eV     1   --> A              
     e( 26 - 26) =      4.36009  eV     1   --> A              
     e( 27 - 27) =      4.45619  eV     1   --> A              
     e( 28 - 28) =      4.53830  eV     1   --> A              
     e( 29 - 29) =      4.67707  eV     1   --> A              
     e( 30 - 30) =      5.01191  eV     1   --> A              
     e( 31 - 31) =      5.21383  eV     1   --> A              
     e( 32 - 32) =      5.42342  eV     1   --> A              
     e( 33 - 33) =      5.68221  eV     1   --> A              
     e( 34 - 34) =      6.04327  eV     1   --> A              
     e( 35 - 35) =      6.43980  eV     1   --> A              
     e( 36 - 36) =      6.63156  eV     1   --> A              
     e( 37 - 37) =      6.82809  eV     1   --> A              
     e( 38 - 38) =      7.00035  eV     1   --> A              
     e( 39 - 39) =      7.16977  eV     1   --> A              
     e( 40 - 40) =      7.29574  eV     1   --> A              
     e( 41 - 41) =      7.47237  eV     1   --> A              
     e( 42 - 42) =      7.87443  eV     1   --> A              
     e( 43 - 43) =      8.12657  eV     1   --> A              
     e( 44 - 44) =      8.20391  eV     1   --> A              
     e( 45 - 45) =      8.27723  eV     1   --> A              
     e( 46 - 46) =      8.31300  eV     1   --> A              
     e( 47 - 47) =      8.65295  eV     1   --> A              
     e( 48 - 48) =      8.76740  eV     1   --> A              
     e( 49 - 49) =      9.02838  eV     1   --> A              
     e( 50 - 50) =      9.30182  eV     1   --> A              
     e( 51 - 51) =      9.39188  eV     1   --> A              
     e( 52 - 52) =      9.60500  eV     1   --> A              
     e( 53 - 53) =      9.69106  eV     1   --> A              
     e( 54 - 54) =     10.72995  eV     1   --> A              
     e( 55 - 55) =     10.93658  eV     1   --> A              
     e( 56 - 56) =     13.39092  eV     1   --> A              
     e( 57 - 57) =     13.90118  eV     1   --> A              
     e( 58 - 58) =     14.16560  eV     1   --> A              
     e( 59 - 59) =     14.51988  eV     1   --> A              
     e( 60 - 60) =     14.78623  eV     1   --> A              
     e( 61 - 61) =     14.83775  eV     1   --> A              
     e( 62 - 62) =     15.74886  eV     1   --> A              
     e( 63 - 63) =     16.32266  eV     1   --> A              
     e( 64 - 64) =     16.73136  eV     1   --> A              
     e( 65 - 65) =     18.03992  eV     1   --> A              
     e( 66 - 66) =     18.19444  eV     1   --> A              
     e( 67 - 67) =     18.37447  eV     1   --> A              
     e( 68 - 68) =     18.52143  eV     1   --> A              
     e( 69 - 69) =     19.68129  eV     1   --> A              
     e( 70 - 70) =     20.31142  eV     1   --> A              
     e( 71 - 71) =     21.99892  eV     1   --> A              
     e( 72 - 72) =     22.56650  eV     1   --> A              
     e( 73 - 73) =     22.85442  eV     1   --> A              
     e( 74 - 74) =     23.01653  eV     1   --> A              
     e( 75 - 75) =     23.29806  eV     1   --> A              
     e( 76 - 76) =     23.61069  eV     1   --> A              
     e( 77 - 77) =     24.30883  eV     1   --> A              
     e( 78 - 78) =     24.41896  eV     1   --> A              
     e( 79 - 79) =     24.76924  eV     1   --> A              
     e( 80 - 80) =     24.98675  eV     1   --> A              

 **************************************************************************

 **************************************************************************

                    xk=(   0.15000,   0.40910,   0.00183  )

     Band symmetry, C_1 (1)     point group:

     e(  1 -  1) =    -82.05999  eV     1   --> A              
     e(  2 -  2) =    -68.43293  eV     1   --> A              
     e(  3 -  3) =    -63.93949  eV     1   --> A              
     e(  4 -  4) =    -63.92528  eV     1   --> A              
     e(  5 -  5) =    -45.60632  eV     1   --> A              
     e(  6 -  6) =    -45.36348  eV     1   --> A              
     e(  7 -  7) =    -45.20784  eV     1   --> A              
     e(  8 -  8) =    -37.49430  eV     1   --> A              
     e(  9 -  9) =    -37.48609  eV     1   --> A              
     e( 10 - 10) =    -37.46767  eV     1   --> A              
     e( 11 - 11) =    -28.40250  eV     1   --> A              
     e( 12 - 12) =    -28.34288  eV     1   --> A              
     e( 13 - 13) =    -28.31564  eV     1   --> A              
     e( 14 - 14) =    -28.24833  eV     1   --> A              
     e( 15 - 15) =    -28.23954  eV     1   --> A              
     e( 16 - 16) =    -28.17369  eV     1   --> A              
     e( 17 - 17) =     -7.96926  eV     1   --> A              
     e( 18 - 18) =     -7.38691  eV     1   --> A              
     e( 19 - 19) =     -6.87064  eV     1   --> A              
     e( 20 - 20) =     -6.73347  eV     1   --> A              
     e( 21 - 21) =     -6.66669  eV     1   --> A              
     e( 22 - 22) =     -6.36493  eV     1   --> A              
     e( 23 - 23) =     -6.16977  eV     1   --> A              
     e( 24 - 24) =     -5.92770  eV     1   --> A              
     e( 25 - 25) =      4.22346  eV     1   --> A              
     e( 26 - 26) =      4.28911  eV     1   --> A              
     e( 27 - 27) =      4.44550  eV     1   --> A              
     e( 28 - 28) =      4.56207  eV     1   --> A              
     e( 29 - 29) =      4.70556  eV     1   --> A              
     e( 30 - 30) =      4.99123  eV     1   --> A              
     e( 31 - 31) =      5.25211  eV     1   --> A              
     e( 32 - 32) =      5.43496  eV     1   --> A              
     e( 33 - 33) =      5.72196  eV     1   --> A              
     e( 34 - 34) =      5.99842  eV     1   --> A              
     e( 35 - 35) =      6.44894  eV     1   --> A              
     e( 36 - 36) =      6.64452  eV     1   --> A              
     e( 37 - 37) =      6.83100  eV     1   --> A              
     e( 38 - 38) =      7.01268  eV     1   --> A              
     e( 39 - 39) =      7.16823  eV     1   --> A              
     e( 40 - 40) =      7.36567  eV     1   --> A              
     e( 41 - 41) =      7.49507  eV     1   --> A              
     e( 42 - 42) =      7.84931  eV     1   --> A              
     e( 43 - 43) =      8.10437  eV     1   --> A              
     e( 44 - 44) =      8.19918  eV     1   --> A              
     e( 45 - 45) =      8.26306  eV     1   --> A              
     e( 46 - 46) =      8.28534  eV     1   --> A              
     e( 47 - 47) =      8.66364  eV     1   --> A              
     e( 48 - 48) =      8.77784  eV     1   --> A              
     e( 49 - 49) =      9.00414  eV     1   --> A              
     e( 50 - 50) =      9.27873  eV     1   --> A              
     e( 51 - 51) =      9.36773  eV     1   --> A              
     e( 52 - 52) =      9.61263  eV     1   --> A              
     e( 53 - 53) =      9.71570  eV     1   --> A              
     e( 54 - 54) =     10.73674  eV     1   --> A              
     e( 55 - 55) =     10.90244  eV     1   --> A              
     e( 56 - 56) =     13.40764  eV     1   --> A              
     e( 57 - 57) =     13.90501  eV     1   --> A              
     e( 58 - 58) =     14.15365  eV     1   --> A              
     e( 59 - 59) =     14.55628  eV     1   --> A              
     e( 60 - 60) =     14.77143  eV     1   --> A              
     e( 61 - 61) =     14.82270  eV     1   --> A              
     e( 62 - 62) =     15.74356  eV     1   --> A              
     e( 63 - 63) =     16.29997  eV     1   --> A              
     e( 64 - 64) =     16.73939  eV     1   --> A              
     e( 65 - 65) =     18.06787  eV     1   --> A              
     e( 66 - 66) =     18.22908  eV     1   --> A              
     e( 67 - 67) =     18.36826  eV     1   --> A              
     e( 68 - 68) =     18.52648  eV     1   --> A              
     e( 69 - 69) =     19.74838  eV     1   --> A              
     e( 70 - 70) =     20.31908  eV     1   --> A              
     e( 71 - 71) =     21.90115  eV     1   --> A              
     e( 72 - 72) =     22.48275  eV     1   --> A              
     e( 73 - 73) =     22.85472  eV     1   --> A              
     e( 74 - 74) =     23.00435  eV     1   --> A              
     e( 75 - 75) =     23.30251  eV     1   --> A              
     e( 76 - 76) =     23.61090  eV     1   --> A              
     e( 77 - 77) =     24.37697  eV     1   --> A              
     e( 78 - 78) =     24.45705  eV     1   --> A              
     e( 79 - 79) =     24.76871  eV     1   --> A              
     e( 80 - 80) =     25.04481  eV     1   --> A              

 **************************************************************************

 **************************************************************************

                    xk=(   0.17501,   0.40910,   0.00213  )

     Band symmetry, C_1 (1)     point group:

     e(  1 -  1) =    -82.05999  eV     1   --> A              
     e(  2 -  2) =    -68.43293  eV     1   --> A              
     e(  3 -  3) =    -63.93949  eV     1   --> A              
     e(  4 -  4) =    -63.92530  eV     1   --> A              
     e(  5 -  5) =    -45.60632  eV     1   --> A              
     e(  6 -  6) =    -45.36348  eV     1   --> A              
     e(  7 -  7) =    -45.20784  eV     1   --> A              
     e(  8 -  8) =    -37.49430  eV     1   --> A              
     e(  9 -  9) =    -37.48609  eV     1   --> A              
     e( 10 - 10) =    -37.46768  eV     1   --> A              
     e( 11 - 11) =    -28.40250  eV     1   --> A              
     e( 12 - 12) =    -28.34284  eV     1   --> A              
     e( 13 - 13) =    -28.31581  eV     1   --> A              
     e( 14 - 14) =    -28.24846  eV     1   --> A              
     e( 15 - 15) =    -28.23951  eV     1   --> A              
     e( 16 - 16) =    -28.17372  eV     1   --> A              
     e( 17 - 17) =     -7.95534  eV     1   --> A              
     e( 18 - 18) =     -7.38051  eV     1   --> A              
     e( 19 - 19) =     -6.88548  eV     1   --> A              
     e( 20 - 20) =     -6.72627  eV     1   --> A              
     e( 21 - 21) =     -6.67420  eV     1   --> A              
     e( 22 - 22) =     -6.36030  eV     1   --> A              
     e( 23 - 23) =     -6.16422  eV     1   --> A              
     e( 24 - 24) =     -5.94636  eV     1   --> A              
     e( 25 - 25) =      4.20241  eV     1   --> A              
     e( 26 - 26) =      4.23796  eV     1   --> A              
     e( 27 - 27) =      4.43634  eV     1   --> A              
     e( 28 - 28) =      4.59051  eV     1   --> A              
     e( 29 - 29) =      4.73319  eV     1   --> A              
     e( 30 - 30) =      4.98182  eV     1   --> A              
     e( 31 - 31) =      5.28563  eV     1   --> A              
     e( 32 - 32) =      5.44640  eV     1   --> A              
     e( 33 - 33) =      5.73826  eV     1   --> A              
     e( 34 - 34) =      5.98656  eV     1   --> A              
     e( 35 - 35) =      6.45718  eV     1   --> A              
     e( 36 - 36) =      6.65611  eV     1   --> A              
     e( 37 - 37) =      6.80310  eV     1   --> A              
     e( 38 - 38) =      7.04033  eV     1   --> A              
     e( 39 - 39) =      7.17441  eV     1   --> A              
     e( 40 - 40) =      7.43633  eV     1   --> A              
     e( 41 - 41) =      7.53400  eV     1   --> A              
     e( 42 - 42) =      7.81151  eV     1   --> A              
     e( 43 - 43) =      8.06562  eV     1   --> A              
     e( 44 - 44) =      8.19884  eV     1   --> A              
     e( 45 - 45) =      8.22664  eV     1   --> A              
     e( 46 - 46) =      8.29182  eV     1   --> A              
     e( 47 - 47) =      8.67050  eV     1   --> A              
     e( 48 - 48) =      8.77540  eV     1   --> A              
     e( 49 - 49) =      8.98708  eV     1   --> A              
     e( 50 - 50) =      9.25071  eV     1   --> A              
     e( 51 - 51) =      9.34875  eV     1   --> A              
     e( 52 - 52) =      9.62279  eV     1   --> A              
     e( 53 - 53) =      9.74082  eV     1   --> A              
     e( 54 - 54) =     10.74111  eV     1   --> A              
     e( 55 - 55) =     10.86527  eV     1   --> A              
     e( 56 - 56) =     13.42592  eV     1   --> A              
     e( 57 - 57) =     13.90963  eV     1   --> A              
     e( 58 - 58) =     14.14022  eV     1   --> A              
     e( 59 - 59) =     14.59095  eV     1   --> A              
     e( 60 - 60) =     14.75247  eV     1   --> A              
     e( 61 - 61) =     14.81262  eV     1   --> A              
     e( 62 - 62) =     15.73750  eV     1   --> A              
     e( 63 - 63) =     16.27959  eV     1   --> A              
     e( 64 - 64) =     16.74422  eV     1   --> A              
     e( 65 - 65) =     18.09933  eV     1   --> A              
     e( 66 - 66) =     18.25705  eV     1   --> A              
     e( 67 - 67) =     18.32437  eV     1   --> A              
     e( 68 - 68) =     18.58972  eV     1   --> A              
     e( 69 - 69) =     19.81557  eV     1   --> A              
     e( 70 - 70) =     20.32889  eV     1   --> A              
     e( 71 - 71) =     21.80473  eV     1   --> A              
     e( 72 - 72) =     22.38797  eV     1   --> A              
     e( 73 - 73) =     22.85011  eV     1   --> A              
     e( 74 - 74) =     22.99035  eV     1   --> A              
     e( 75 - 75) =     23.31185  eV     1   --> A              
     e( 76 - 76) =     23.60430  eV     1   --> A              
     e( 77 - 77) =     24.42658  eV     1   --> A              
     e( 78 - 78) =     24.51271  eV     1   --> A              
     e( 79 - 79) =     24.75986  eV     1   --> A              
     e( 80 - 80) =     25.11303  eV     1   --> A              

 **************************************************************************

 **************************************************************************

                    xk=(   0.20001,   0.40910,   0.00243  )

     Band symmetry, C_1 (1)     point group:

     e(  1 -  1) =    -82.05999  eV     1   --> A              
     e(  2 -  2) =    -68.43293  eV     1   --> A              
     e(  3 -  3) =    -63.93949  eV     1   --> A              
     e(  4 -  4) =    -63.92532  eV     1   --> A              
     e(  5 -  5) =    -45.60633  eV     1   --> A              
     e(  6 -  6) =    -45.36348  eV     1   --> A              
     e(  7 -  7) =    -45.20784  eV     1   --> A              
     e(  8 -  8) =    -37.49430  eV     1   --> A              
     e(  9 -  9) =    -37.48609  eV     1   --> A              
     e( 10 - 10) =    -37.46768  eV     1   --> A              
     e( 11 - 11) =    -28.40250  eV     1   --> A              
     e( 12 - 12) =    -28.34281  eV     1   --> A              
     e( 13 - 13) =    -28.31598  eV     1   --> A              
     e( 14 - 14) =    -28.24861  eV     1   --> A              
     e( 15 - 15) =    -28.23947  eV     1   --> A              
     e( 16 - 16) =    -28.17376  eV     1   --> A              
     e( 17 - 17) =     -7.94001  eV     1   --> A              
     e( 18 - 18) =     -7.37324  eV     1   --> A              
     e( 19 - 19) =     -6.90113  eV     1   --> A              
     e( 20 - 20) =     -6.71950  eV     1   --> A              
     e( 21 - 21) =     -6.68161  eV     1   --> A              
     e( 22 - 22) =     -6.35500  eV     1   --> A              
     e( 23 - 23) =     -6.15940  eV     1   --> A              
     e( 24 - 24) =     -5.96640  eV     1   --> A              
     e( 25 - 25) =      4.13127  eV     1   --> A              
     e( 26 - 26) =      4.23794  eV     1   --> A              
     e( 27 - 27) =      4.42592  eV     1   --> A              
     e( 28 - 28) =      4.62236  eV     1   --> A              
     e( 29 - 29) =      4.75738  eV     1   --> A              
     e( 30 - 30) =      4.98575  eV     1   --> A              
     e( 31 - 31) =      5.30914  eV     1   --> A              
     e( 32 - 32) =      5.46197  eV     1   --> A              
     e( 33 - 33) =      5.72986  eV     1   --> A              
     e( 34 - 34) =      6.01174  eV     1   --> A              
     e( 35 - 35) =      6.46461  eV     1   --> A              
     e( 36 - 36) =      6.66152  eV     1   --> A              
     e( 37 - 37) =      6.75631  eV     1   --> A              
     e( 38 - 38) =      7.07212  eV     1   --> A              
     e( 39 - 39) =      7.19885  eV     1   --> A              
     e( 40 - 40) =      7.49400  eV     1   --> A              
     e( 41 - 41) =      7.58104  eV     1   --> A              
     e( 42 - 42) =      7.77641  eV     1   --> A              
     e( 43 - 43) =      8.02349  eV     1   --> A              
     e( 44 - 44) =      8.14213  eV     1   --> A              
     e( 45 - 45) =      8.23768  eV     1   --> A              
     e( 46 - 46) =      8.30775  eV     1   --> A              
     e( 47 - 47) =      8.66573  eV     1   --> A              
     e( 48 - 48) =      8.76498  eV     1   --> A              
     e( 49 - 49) =      8.97924  eV     1   --> A              
     e( 50 - 50) =      9.22231  eV     1   --> A              
     e( 51 - 51) =      9.33343  eV     1   --> A              
     e( 52 - 52) =      9.63499  eV     1   --> A              
     e( 53 - 53) =      9.76600  eV     1   --> A              
     e( 54 - 54) =     10.74061  eV     1   --> A              
     e( 55 - 55) =     10.82756  eV     1   --> A              
     e( 56 - 56) =     13.44511  eV     1   --> A              
     e( 57 - 57) =     13.91512  eV     1   --> A              
     e( 58 - 58) =     14.12551  eV     1   --> A              
     e( 59 - 59) =     14.61742  eV     1   --> A              
     e( 60 - 60) =     14.73187  eV     1   --> A              
     e( 61 - 61) =     14.81103  eV     1   --> A              
     e( 62 - 62) =     15.73080  eV     1   --> A              
     e( 63 - 63) =     16.26236  eV     1   --> A              
     e( 64 - 64) =     16.74565  eV     1   --> A              
     e( 65 - 65) =     18.13250  eV     1   --> A              
     e( 66 - 66) =     18.22316  eV     1   --> A              
     e( 67 - 67) =     18.33573  eV     1   --> A              
     e( 68 - 68) =     18.67371  eV     1   --> A              
     e( 69 - 69) =     19.88147  eV     1   --> A              
     e( 70 - 70) =     20.34133  eV     1   --> A              
     e( 71 - 71) =     21.71051  eV     1   --> A              
     e( 72 - 72) =     22.28856  eV     1   --> A              
     e( 73 - 73) =     22.83633  eV     1   --> A              
     e( 74 - 74) =     22.97494  eV     1   --> A              
     e( 75 - 75) =     23.32379  eV     1   --> A              
     e( 76 - 76) =     23.59606  eV     1   --> A              
     e( 77 - 77) =     24.46287  eV     1   --> A              
     e( 78 - 78) =     24.56775  eV     1   --> A              
     e( 79 - 79) =     24.74174  eV     1   --> A              
     e( 80 - 80) =     25.19022  eV     1   --> A              

 **************************************************************************

 **************************************************************************

                    xk=(   0.22501,   0.40910,   0.00274  )

     Band symmetry, C_1 (1)     point group:

     e(  1 -  1) =    -82.05999  eV     1   --> A              
     e(  2 -  2) =    -68.43293  eV     1   --> A              
     e(  3 -  3) =    -63.93949  eV     1   --> A              
     e(  4 -  4) =    -63.92533  eV     1   --> A              
     e(  5 -  5) =    -45.60633  eV     1   --> A              
     e(  6 -  6) =    -45.36348  eV     1   --> A              
     e(  7 -  7) =    -45.20784  eV     1   --> A              
     e(  8 -  8) =    -37.49431  eV     1   --> A              
     e(  9 -  9) =    -37.48609  eV     1   --> A              
     e( 10 - 10) =    -37.46769  eV     1   --> A              
     e( 11 - 11) =    -28.40250  eV     1   --> A              
     e( 12 - 12) =    -28.34277  eV     1   --> A              
     e( 13 - 13) =    -28.31617  eV     1   --> A              
     e( 14 - 14) =    -28.24876  eV     1   --> A              
     e( 15 - 15) =    -28.23944  eV     1   --> A              
     e( 16 - 16) =    -28.17379  eV     1   --> A              
     e( 17 - 17) =     -7.92358  eV     1   --> A              
     e( 18 - 18) =     -7.36515  eV     1   --> A              
     e( 19 - 19) =     -6.91738  eV     1   --> A              
     e( 20 - 20) =     -6.71448  eV     1   --> A              
     e( 21 - 21) =     -6.68740  eV     1   --> A              
     e( 22 - 22) =     -6.34917  eV     1   --> A              
     e( 23 - 23) =     -6.15581  eV     1   --> A              
     e( 24 - 24) =     -5.98706  eV     1   --> A              
     e( 25 - 25) =      4.05837  eV     1   --> A              
     e( 26 - 26) =      4.24310  eV     1   --> A              
     e( 27 - 27) =      4.41372  eV     1   --> A              
     e( 28 - 28) =      4.65503  eV     1   --> A              
     e( 29 - 29) =      4.77698  eV     1   --> A              
     e( 30 - 30) =      5.00408  eV     1   --> A              
     e( 31 - 31) =      5.31713  eV     1   --> A              
     e( 32 - 32) =      5.48549  eV     1   --> A              
     e( 33 - 33) =      5.71497  eV     1   --> A              
     e( 34 - 34) =      6.05955  eV     1   --> A              
     e( 35 - 35) =      6.47087  eV     1   --> A              
     e( 36 - 36) =      6.63976  eV     1   --> A              
     e( 37 - 37) =      6.72343  eV     1   --> A              
     e( 38 - 38) =      7.09579  eV     1   --> A              
     e( 39 - 39) =      7.24030  eV     1   --> A              
     e( 40 - 40) =      7.53983  eV     1   --> A              
     e( 41 - 41) =      7.60700  eV     1   --> A              
     e( 42 - 42) =      7.76558  eV     1   --> A              
     e( 43 - 43) =      7.98599  eV     1   --> A              
     e( 44 - 44) =      8.07991  eV     1   --> A              
     e( 45 - 45) =      8.24273  eV     1   --> A              
     e( 46 - 46) =      8.33356  eV     1   --> A              
     e( 47 - 47) =      8.64010  eV     1   --> A              
     e( 48 - 48) =      8.75852  eV     1   --> A              
     e( 49 - 49) =      8.97798  eV     1   --> A              
     e( 50 - 50) =      9.19760  eV     1   --> A              
     e( 51 - 51) =      9.32055  eV     1   --> A              
     e( 52 - 52) =      9.64829  eV     1   --> A              
     e( 53 - 53) =      9.79093  eV     1   --> A              
     e( 54 - 54) =     10.72994  eV     1   --> A              
     e( 55 - 55) =     10.79487  eV     1   --> A              
     e( 56 - 56) =     13.46453  eV     1   --> A              
     e( 57 - 57) =     13.92155  eV     1   --> A              
     e( 58 - 58) =     14.10983  eV     1   --> A              
     e( 59 - 59) =     14.62666  eV     1   --> A              
     e( 60 - 60) =     14.71463  eV     1   --> A              
     e( 61 - 61) =     14.82169  eV     1   --> A              
     e( 62 - 62) =     15.72360  eV     1   --> A              
     e( 63 - 63) =     16.24882  eV     1   --> A              
     e( 64 - 64) =     16.74379  eV     1   --> A              
     e( 65 - 65) =     18.14220  eV     1   --> A              
     e( 66 - 66) =     18.18285  eV     1   --> A              
     e( 67 - 67) =     18.38084  eV     1   --> A              
     e( 68 - 68) =     18.76740  eV     1   --> A              
     e( 69 - 69) =     19.94511  eV     1   --> A              
     e( 70 - 70) =     20.35705  eV     1   --> A              
     e( 71 - 71) =     21.61917  eV     1   --> A              
     e( 72 - 72) =     22.18711  eV     1   --> A              
     e( 73 - 73) =     22.81305  eV     1   --> A              
     e( 74 - 74) =     22.95867  eV     1   --> A              
     e( 75 - 75) =     23.33384  eV     1   --> A              
     e( 76 - 76) =     23.59265  eV     1   --> A              
     e( 77 - 77) =     24.49440  eV     1   --> A              
     e( 78 - 78) =     24.58551  eV     1   --> A              
     e( 79 - 79) =     24.73264  eV     1   --> A              
     e( 80 - 80) =     25.27470  eV     1   --> A              

 **************************************************************************

 **************************************************************************

                    xk=(   0.25001,   0.40910,   0.00304  )

     Band symmetry, C_1 (1)     point group:

     e(  1 -  1) =    -82.05999  eV     1   --> A              
     e(  2 -  2) =    -68.43293  eV     1   --> A              
     e(  3 -  3) =    -63.93949  eV     1   --> A              
     e(  4 -  4) =    -63.92535  eV     1   --> A              
     e(  5 -  5) =    -45.60633  eV     1   --> A              
     e(  6 -  6) =    -45.36348  eV     1   --> A              
     e(  7 -  7) =    -45.20784  eV     1   --> A              
     e(  8 -  8) =    -37.49431  eV     1   --> A              
     e(  9 -  9) =    -37.48608  eV     1   --> A              
     e( 10 - 10) =    -37.46769  eV     1   --> A              
     e( 11 - 11) =    -28.40250  eV     1   --> A              
     e( 12 - 12) =    -28.34274  eV     1   --> A              
     e( 13 - 13) =    -28.31636  eV     1   --> A              
     e( 14 - 14) =    -28.24892  eV     1   --> A              
     e( 15 - 15) =    -28.23941  eV     1   --> A              
     e( 16 - 16) =    -28.17383  eV     1   --> A              
     e( 17 - 17) =     -7.90640  eV     1   --> A              
     e( 18 - 18) =     -7.35633  eV     1   --> A              
     e( 19 - 19) =     -6.93399  eV     1   --> A              
     e( 20 - 20) =     -6.71411  eV     1   --> A              
     e( 21 - 21) =     -6.68855  eV     1   --> A              
     e( 22 - 22) =     -6.34299  eV     1   --> A              
     e( 23 - 23) =     -6.15407  eV     1   --> A              
     e( 24 - 24) =     -6.00740  eV     1   --> A              
     e( 25 - 25) =      3.98872  eV     1   --> A              
     e( 26 - 26) =      4.24997  eV     1   --> A              
     e( 27 - 27) =      4.40013  eV     1   --> A              
     e( 28 - 28) =      4.68384  eV     1   --> A              
     e( 29 - 29) =      4.79461  eV     1   --> A              
     e( 30 - 30) =      5.03561  eV     1   --> A              
     e( 31 - 31) =      5.30857  eV     1   --> A              
     e( 32 - 32) =      5.51676  eV     1   --> A              
     e( 33 - 33) =      5.70945  eV     1   --> A              
     e( 34 - 34) =      6.11733  eV     1   --> A              
     e( 35 - 35) =      6.47370  eV     1   --> A              
     e( 36 - 36) =      6.58162  eV     1   --> A              
     e( 37 - 37) =      6.72240  eV     1   --> A              
     e( 38 - 38) =      7.11305  eV     1   --> A              
     e( 39 - 39) =      7.28362  eV     1   --> A              
     e( 40 - 40) =      7.56130  eV     1   --> A              
     e( 41 - 41) =      7.61487  eV     1   --> A              
     e( 42 - 42) =      7.77229  eV     1   --> A              
     e( 43 - 43) =      7.96104  eV     1   --> A              
     e( 44 - 44) =      8.03213  eV     1   --> A              
     e( 45 - 45) =      8.23985  eV     1   --> A              
     e( 46 - 46) =      8.36340  eV     1   --> A              
     e( 47 - 47) =      8.59712  eV     1   --> A              
     e( 48 - 48) =      8.75780  eV     1   --> A              
     e( 49 - 49) =      8.97988  eV     1   --> A              
     e( 50 - 50) =      9.17883  eV     1   --> A              
     e( 51 - 51) =      9.30989  eV     1   --> A              
     e( 52 - 52) =      9.66147  eV     1   --> A              
     e( 53 - 53) =      9.81537  eV     1   --> A              
     e( 54 - 54) =     10.70269  eV     1   --> A              
     e( 55 - 55) =     10.77408  eV     1   --> A              
     e( 56 - 56) =     13.48348  eV     1   --> A              
     e( 57 - 57) =     13.92897  eV     1   --> A              
     e( 58 - 58) =     14.09359  eV     1   --> A              
     e( 59 - 59) =     14.61537  eV     1   --> A              
     e( 60 - 60) =     14.70288  eV     1   --> A              
     e( 61 - 61) =     14.84567  eV     1   --> A              
     e( 62 - 62) =     15.71604  eV     1   --> A              
     e( 63 - 63) =     16.23921  eV     1   --> A              
     e( 64 - 64) =     16.73889  eV     1   --> A              
     e( 65 - 65) =     18.08045  eV     1   --> A              
     e( 66 - 66) =     18.21335  eV     1   --> A              
     e( 67 - 67) =     18.43149  eV     1   --> A              
     e( 68 - 68) =     18.86676  eV     1   --> A              
     e( 69 - 69) =     20.00583  eV     1   --> A              
     e( 70 - 70) =     20.37689  eV     1   --> A              
     e( 71 - 71) =     21.53126  eV     1   --> A              
     e( 72 - 72) =     22.08466  eV     1   --> A              
     e( 73 - 73) =     22.78164  eV     1   --> A              
     e( 74 - 74) =     22.94209  eV     1   --> A              
     e( 75 - 75) =     23.33531  eV     1   --> A              
     e( 76 - 76) =     23.60206  eV     1   --> A              
     e( 77 - 77) =     24.52292  eV     1   --> A              
     e( 78 - 78) =     24.54022  eV     1   --> A              
     e( 79 - 79) =     24.75633  eV     1   --> A              
     e( 80 - 80) =     25.36405  eV     1   --> A              

 **************************************************************************

 **************************************************************************

                    xk=(   0.27501,   0.40910,   0.00335  )

     Band symmetry, C_1 (1)     point group:

     e(  1 -  1) =    -82.05999  eV     1   --> A              
     e(  2 -  2) =    -68.43293  eV     1   --> A              
     e(  3 -  3) =    -63.93949  eV     1   --> A              
     e(  4 -  4) =    -63.92537  eV     1   --> A              
     e(  5 -  5) =    -45.60634  eV     1   --> A              
     e(  6 -  6) =    -45.36348  eV     1   --> A              
     e(  7 -  7) =    -45.20784  eV     1   --> A              
     e(  8 -  8) =    -37.49431  eV     1   --> A              
     e(  9 -  9) =    -37.48608  eV     1   --> A              
     e( 10 - 10) =    -37.46770  eV     1   --> A              
     e( 11 - 11) =    -28.40250  eV     1   --> A              
     e( 12 - 12) =    -28.34270  eV     1   --> A              
     e( 13 - 13) =    -28.31655  eV     1   --> A              
     e( 14 - 14) =    -28.24907  eV     1   --> A              
     e( 15 - 15) =    -28.23937  eV     1   --> A              
     e( 16 - 16) =    -28.17387  eV     1   --> A              
     e( 17 - 17) =     -7.88886  eV     1   --> A              
     e( 18 - 18) =     -7.34688  eV     1   --> A              
     e( 19 - 19) =     -6.95073  eV     1   --> A              
     e( 20 - 20) =     -6.71891  eV     1   --> A              
     e( 21 - 21) =     -6.68441  eV     1   --> A              
     e( 22 - 22) =     -6.33664  eV     1   --> A              
     e( 23 - 23) =     -6.15495  eV     1   --> A              
     e( 24 - 24) =     -6.02625  eV     1   --> A              
     e( 25 - 25) =      3.92361  eV     1   --> A              
     e( 26 - 26) =      4.25824  eV     1   --> A              
     e( 27 - 27) =      4.38608  eV     1   --> A              
     e( 28 - 28) =      4.70204  eV     1   --> A              
     e( 29 - 29) =      4.81642  eV     1   --> A              
     e( 30 - 30) =      5.07740  eV     1   --> A              
     e( 31 - 31) =      5.28780  eV     1   --> A              
     e( 32 - 32) =      5.55175  eV     1   --> A              
     e( 33 - 33) =      5.72040  eV     1   --> A              
     e( 34 - 34) =      6.17903  eV     1   --> A              
     e( 35 - 35) =      6.45831  eV     1   --> A              
     e( 36 - 36) =      6.52790  eV     1   --> A              
     e( 37 - 37) =      6.73065  eV     1   --> A              
     e( 38 - 38) =      7.12799  eV     1   --> A              
     e( 39 - 39) =      7.31197  eV     1   --> A              
     e( 40 - 40) =      7.53500  eV     1   --> A              
     e( 41 - 41) =      7.65622  eV     1   --> A              
     e( 42 - 42) =      7.74788  eV     1   --> A              
     e( 43 - 43) =      7.94387  eV     1   --> A              
     e( 44 - 44) =      8.03125  eV     1   --> A              
     e( 45 - 45) =      8.23207  eV     1   --> A              
     e( 46 - 46) =      8.39168  eV     1   --> A              
     e( 47 - 47) =      8.54919  eV     1   --> A              
     e( 48 - 48) =      8.75722  eV     1   --> A              
     e( 49 - 49) =      8.98316  eV     1   --> A              
     e( 50 - 50) =      9.16624  eV     1   --> A              
     e( 51 - 51) =      9.30203  eV     1   --> A              
     e( 52 - 52) =      9.67318  eV     1   --> A              
     e( 53 - 53) =      9.83910  eV     1   --> A              
     e( 54 - 54) =     10.66389  eV     1   --> A              
     e( 55 - 55) =     10.76094  eV     1   --> A              
     e( 56 - 56) =     13.50131  eV     1   --> A              
     e( 57 - 57) =     13.93738  eV     1   --> A              
     e( 58 - 58) =     14.07726  eV     1   --> A              
     e( 59 - 59) =     14.59157  eV     1   --> A              
     e( 60 - 60) =     14.69284  eV     1   --> A              
     e( 61 - 61) =     14.87875  eV     1   --> A              
     e( 62 - 62) =     15.70829  eV     1   --> A              
     e( 63 - 63) =     16.23355  eV     1   --> A              
     e( 64 - 64) =     16.73132  eV     1   --> A              
     e( 65 - 65) =     18.01481  eV     1   --> A              
     e( 66 - 66) =     18.25040  eV     1   --> A              
     e( 67 - 67) =     18.48383  eV     1   --> A              
     e( 68 - 68) =     18.96892  eV     1   --> A              
     e( 69 - 69) =     20.06319  eV     1   --> A              
     e( 70 - 70) =     20.40182  eV     1   --> A              
     e( 71 - 71) =     21.44722  eV     1   --> A              
     e( 72 - 72) =     21.98153  eV     1   --> A              
     e( 73 - 73) =     22.74422  eV     1   --> A              
     e( 74 - 74) =     22.92576  eV     1   --> A              
     e( 75 - 75) =     23.32267  eV     1   --> A              
     e( 76 - 76) =     23.63051  eV     1   --> A              
     e( 77 - 77) =     24.46032  eV     1   --> A              
     e( 78 - 78) =     24.54970  eV     1   --> A              
     e( 79 - 79) =     24.79162  eV     1   --> A              
     e( 80 - 80) =     25.45447  eV     1   --> A              

 **************************************************************************

 **************************************************************************

                    xk=(   0.30001,   0.40910,   0.00365  )

     Band symmetry, C_1 (1)     point group:

     e(  1 -  1) =    -82.05999  eV     1   --> A              
     e(  2 -  2) =    -68.43293  eV     1   --> A              
     e(  3 -  3) =    -63.93949  eV     1   --> A              
     e(  4 -  4) =    -63.92539  eV     1   --> A              
     e(  5 -  5) =    -45.60634  eV     1   --> A              
     e(  6 -  6) =    -45.36348  eV     1   --> A              
     e(  7 -  7) =    -45.20783  eV     1   --> A              
     e(  8 -  8) =    -37.49432  eV     1   --> A              
     e(  9 -  9) =    -37.48608  eV     1   --> A              
     e( 10 - 10) =    -37.46771  eV     1   --> A              
     e( 11 - 11) =    -28.40250  eV     1   --> A              
     e( 12 - 12) =    -28.34266  eV     1   --> A              
     e( 13 - 13) =    -28.31674  eV     1   --> A              
     e( 14 - 14) =    -28.24922  eV     1   --> A              
     e( 15 - 15) =    -28.23934  eV     1   --> A              
     e( 16 - 16) =    -28.17391  eV     1   --> A              
     e( 17 - 17) =     -7.87139  eV     1   --> A              
     e( 18 - 18) =     -7.33694  eV     1   --> A              
     e( 19 - 19) =     -6.96735  eV     1   --> A              
     e( 20 - 20) =     -6.72580  eV     1   --> A              
     e( 21 - 21) =     -6.67798  eV     1   --> A              
     e( 22 - 22) =     -6.33030  eV     1   --> A              
     e( 23 - 23) =     -6.15918  eV     1   --> A              
     e( 24 - 24) =     -6.04234  eV     1   --> A              
     e( 25 - 25) =      3.86384  eV     1   --> A              
     e( 26 - 26) =      4.26747  eV     1   --> A              
     e( 27 - 27) =      4.37297  eV     1   --> A              
     e( 28 - 28) =      4.70560  eV     1   --> A              
     e( 29 - 29) =      4.84600  eV     1   --> A              
     e( 30 - 30) =      5.12635  eV     1   --> A              
     e( 31 - 31) =      5.26093  eV     1   --> A              
     e( 32 - 32) =      5.58647  eV     1   --> A              
     e( 33 - 33) =      5.74929  eV     1   --> A              
     e( 34 - 34) =      6.24040  eV     1   --> A              
     e( 35 - 35) =      6.40009  eV     1   --> A              
     e( 36 - 36) =      6.51519  eV     1   --> A              
     e( 37 - 37) =      6.73959  eV     1   --> A              
     e( 38 - 38) =      7.14150  eV     1   --> A              
     e( 39 - 39) =      7.31643  eV     1   --> A              
     e( 40 - 40) =      7.50006  eV     1   --> A              
     e( 41 - 41) =      7.65759  eV     1   --> A              
     e( 42 - 42) =      7.74004  eV     1   --> A              
     e( 43 - 43) =      7.92975  eV     1   --> A              
     e( 44 - 44) =      8.06915  eV     1   --> A              
     e( 45 - 45) =      8.22198  eV     1   --> A              
     e( 46 - 46) =      8.41118  eV     1   --> A              
     e( 47 - 47) =      8.51160  eV     1   --> A              
     e( 48 - 48) =      8.75429  eV     1   --> A              
     e( 49 - 49) =      8.98679  eV     1   --> A              
     e( 50 - 50) =      9.15851  eV     1   --> A              
     e( 51 - 51) =      9.29823  eV     1   --> A              
     e( 52 - 52) =      9.68212  eV     1   --> A              
     e( 53 - 53) =      9.86179  eV     1   --> A              
     e( 54 - 54) =     10.62167  eV     1   --> A              
     e( 55 - 55) =     10.74844  eV     1   --> A              
     e( 56 - 56) =     13.51745  eV     1   --> A              
     e( 57 - 57) =     13.94676  eV     1   --> A              
     e( 58 - 58) =     14.06135  eV     1   --> A              
     e( 59 - 59) =     14.56312  eV     1   --> A              
     e( 60 - 60) =     14.68219  eV     1   --> A              
     e( 61 - 61) =     14.91553  eV     1   --> A              
     e( 62 - 62) =     15.70054  eV     1   --> A              
     e( 63 - 63) =     16.23163  eV     1   --> A              
     e( 64 - 64) =     16.72148  eV     1   --> A              
     e( 65 - 65) =     17.95280  eV     1   --> A              
     e( 66 - 66) =     18.28711  eV     1   --> A              
     e( 67 - 67) =     18.53605  eV     1   --> A              
     e( 68 - 68) =     19.07110  eV     1   --> A              
     e( 69 - 69) =     20.11699  eV     1   --> A              
     e( 70 - 70) =     20.43293  eV     1   --> A              
     e( 71 - 71) =     21.36744  eV     1   --> A              
     e( 72 - 72) =     21.87777  eV     1   --> A              
     e( 73 - 73) =     22.70320  eV     1   --> A              
     e( 74 - 74) =     22.91023  eV     1   --> A              
     e( 75 - 75) =     23.29557  eV     1   --> A              
     e( 76 - 76) =     23.67866  eV     1   --> A              
     e( 77 - 77) =     24.37336  eV     1   --> A              
     e( 78 - 78) =     24.57216  eV     1   --> A              
     e( 79 - 79) =     24.82443  eV     1   --> A              
     e( 80 - 80) =     25.53954  eV     1   --> A              

 **************************************************************************

 **************************************************************************

                    xk=(   0.32501,   0.40910,   0.00396  )

     Band symmetry, C_1 (1)     point group:

     e(  1 -  1) =    -82.05999  eV     1   --> A              
     e(  2 -  2) =    -68.43293  eV     1   --> A              
     e(  3 -  3) =    -63.93950  eV     1   --> A              
     e(  4 -  4) =    -63.92541  eV     1   --> A              
     e(  5 -  5) =    -45.60634  eV     1   --> A              
     e(  6 -  6) =    -45.36348  eV     1   --> A              
     e(  7 -  7) =    -45.20783  eV     1   --> A              
     e(  8 -  8) =    -37.49432  eV     1   --> A              
     e(  9 -  9) =    -37.48608  eV     1   --> A              
     e( 10 - 10) =    -37.46771  eV     1   --> A              
     e( 11 - 11) =    -28.40250  eV     1   --> A              
     e( 12 - 12) =    -28.34263  eV     1   --> A              
     e( 13 - 13) =    -28.31692  eV     1   --> A              
     e( 14 - 14) =    -28.24937  eV     1   --> A              
     e( 15 - 15) =    -28.23931  eV     1   --> A              
     e( 16 - 16) =    -28.17394  eV     1   --> A              
     e( 17 - 17) =     -7.85445  eV     1   --> A              
     e( 18 - 18) =     -7.32670  eV     1   --> A              
     e( 19 - 19) =     -6.98356  eV     1   --> A              
     e( 20 - 20) =     -6.73300  eV     1   --> A              
     e( 21 - 21) =     -6.67103  eV     1   --> A              
     e( 22 - 22) =     -6.32414  eV     1   --> A              
     e( 23 - 23) =     -6.16714  eV     1   --> A              
     e( 24 - 24) =     -6.05471  eV     1   --> A              
     e( 25 - 25) =      3.81001  eV     1   --> A              
     e( 26 - 26) =      4.27644  eV     1   --> A              
     e( 27 - 27) =      4.36293  eV     1   --> A              
     e( 28 - 28) =      4.69653  eV     1   --> A              
     e( 29 - 29) =      4.88066  eV     1   --> A              
     e( 30 - 30) =      5.17878  eV     1   --> A              
     e( 31 - 31) =      5.23453  eV     1   --> A              
     e( 32 - 32) =      5.61911  eV     1   --> A              
     e( 33 - 33) =      5.79381  eV     1   --> A              
     e( 34 - 34) =      6.27862  eV     1   --> A              
     e( 35 - 35) =      6.34834  eV     1   --> A              
     e( 36 - 36) =      6.51918  eV     1   --> A              
     e( 37 - 37) =      6.74703  eV     1   --> A              
     e( 38 - 38) =      7.15094  eV     1   --> A              
     e( 39 - 39) =      7.30114  eV     1   --> A              
     e( 40 - 40) =      7.46354  eV     1   --> A              
     e( 41 - 41) =      7.58116  eV     1   --> A              
     e( 42 - 42) =      7.79911  eV     1   --> A              
     e( 43 - 43) =      7.92807  eV     1   --> A              
     e( 44 - 44) =      8.10221  eV     1   --> A              
     e( 45 - 45) =      8.21547  eV     1   --> A              
     e( 46 - 46) =      8.40931  eV     1   --> A              
     e( 47 - 47) =      8.50569  eV     1   --> A              
     e( 48 - 48) =      8.74992  eV     1   --> A              
     e( 49 - 49) =      8.98912  eV     1   --> A              
     e( 50 - 50) =      9.15372  eV     1   --> A              
     e( 51 - 51) =      9.30013  eV     1   --> A              
     e( 52 - 52) =      9.68709  eV     1   --> A              
     e( 53 - 53) =      9.88308  eV     1   --> A              
     e( 54 - 54) =     10.57990  eV     1   --> A              
     e( 55 - 55) =     10.73425  eV     1   --> A              
     e( 56 - 56) =     13.53146  eV     1   --> A              
     e( 57 - 57) =     13.95698  eV     1   --> A              
     e( 58 - 58) =     14.04638  eV     1   --> A              
     e( 59 - 59) =     14.53385  eV     1   --> A              
     e( 60 - 60) =     14.67102  eV     1   --> A              
     e( 61 - 61) =     14.95231  eV     1   --> A              
     e( 62 - 62) =     15.69298  eV     1   --> A              
     e( 63 - 63) =     16.23306  eV     1   --> A              
     e( 64 - 64) =     16.70987  eV     1   --> A              
     e( 65 - 65) =     17.89593  eV     1   --> A              
     e( 66 - 66) =     18.32207  eV     1   --> A              
     e( 67 - 67) =     18.58666  eV     1   --> A              
     e( 68 - 68) =     19.17036  eV     1   --> A              
     e( 69 - 69) =     20.16725  eV     1   --> A              
     e( 70 - 70) =     20.47120  eV     1   --> A              
     e( 71 - 71) =     21.29231  eV     1   --> A              
     e( 72 - 72) =     21.77331  eV     1   --> A              
     e( 73 - 73) =     22.66091  eV     1   --> A              
     e( 74 - 74) =     22.89618  eV     1   --> A              
     e( 75 - 75) =     23.25732  eV     1   --> A              
     e( 76 - 76) =     23.74323  eV     1   --> A              
     e( 77 - 77) =     24.29114  eV     1   --> A              
     e( 78 - 78) =     24.59011  eV     1   --> A              
     e( 79 - 79) =     24.85212  eV     1   --> A              
     e( 80 - 80) =     25.60716  eV     1   --> A              

 **************************************************************************

 **************************************************************************

                    xk=(   0.35001,   0.40910,   0.00426  )

     Band symmetry, C_1 (1)     point group:

     e(  1 -  1) =    -82.05999  eV     1   --> A              
     e(  2 -  2) =    -68.43293  eV     1   --> A              
     e(  3 -  3) =    -63.93950  eV     1   --> A              
     e(  4 -  4) =    -63.92542  eV     1   --> A              
     e(  5 -  5) =    -45.60634  eV     1   --> A              
     e(  6 -  6) =    -45.36348  eV     1   --> A              
     e(  7 -  7) =    -45.20783  eV     1   --> A              
     e(  8 -  8) =    -37.49432  eV     1   --> A              
     e(  9 -  9) =    -37.48608  eV     1   --> A              
     e( 10 - 10) =    -37.46772  eV     1   --> A              
     e( 11 - 11) =    -28.40250  eV     1   --> A              
     e( 12 - 12) =    -28.34260  eV     1   --> A              
     e( 13 - 13) =    -28.31708  eV     1   --> A              
     e( 14 - 14) =    -28.24950  eV     1   --> A              
     e( 15 - 15) =    -28.23928  eV     1   --> A              
     e( 16 - 16) =    -28.17397  eV     1   --> A              
     e( 17 - 17) =     -7.83851  eV     1   --> A              
     e( 18 - 18) =     -7.31641  eV     1   --> A              
     e( 19 - 19) =     -6.99905  eV     1   --> A              
     e( 20 - 20) =     -6.73981  eV     1   --> A              
     e( 21 - 21) =     -6.66426  eV     1   --> A              
     e( 22 - 22) =     -6.31831  eV     1   --> A              
     e( 23 - 23) =     -6.17834  eV     1   --> A              
     e( 24 - 24) =     -6.06323  eV     1   --> A              
     e( 25 - 25) =      3.76257  eV     1   --> A              
     e( 26 - 26) =      4.28268  eV     1   --> A              
     e( 27 - 27) =      4.35923  eV     1   --> A              
     e( 28 - 28) =      4.67830  eV     1   --> A              
     e( 29 - 29) =      4.91622  eV     1   --> A              
     e( 30 - 30) =      5.19777  eV     1   --> A              
     e( 31 - 31) =      5.24753  eV     1   --> A              
     e( 32 - 32) =      5.64959  eV     1   --> A              
     e( 33 - 33) =      5.84887  eV     1   --> A              
     e( 34 - 34) =      6.22392  eV     1   --> A              
     e( 35 - 35) =      6.38785  eV     1   --> A              
     e( 36 - 36) =      6.52661  eV     1   --> A              
     e( 37 - 37) =      6.75218  eV     1   --> A              
     e( 38 - 38) =      7.14927  eV     1   --> A              
     e( 39 - 39) =      7.27968  eV     1   --> A              
     e( 40 - 40) =      7.41288  eV     1   --> A              
     e( 41 - 41) =      7.50882  eV     1   --> A              
     e( 42 - 42) =      7.85562  eV     1   --> A              
     e( 43 - 43) =      7.94377  eV     1   --> A              
     e( 44 - 44) =      8.10373  eV     1   --> A              
     e( 45 - 45) =      8.22025  eV     1   --> A              
     e( 46 - 46) =      8.39741  eV     1   --> A              
     e( 47 - 47) =      8.52834  eV     1   --> A              
     e( 48 - 48) =      8.74679  eV     1   --> A              
     e( 49 - 49) =      8.98792  eV     1   --> A              
     e( 50 - 50) =      9.15018  eV     1   --> A              
     e( 51 - 51) =      9.30917  eV     1   --> A              
     e( 52 - 52) =      9.68715  eV     1   --> A              
     e( 53 - 53) =      9.90252  eV     1   --> A              
     e( 54 - 54) =     10.54061  eV     1   --> A              
     e( 55 - 55) =     10.71822  eV     1   --> A              
     e( 56 - 56) =     13.54305  eV     1   --> A              
     e( 57 - 57) =     13.96777  eV     1   --> A              
     e( 58 - 58) =     14.03284  eV     1   --> A              
     e( 59 - 59) =     14.50564  eV     1   --> A              
     e( 60 - 60) =     14.65998  eV     1   --> A              
     e( 61 - 61) =     14.98688  eV     1   --> A              
     e( 62 - 62) =     15.68583  eV     1   --> A              
     e( 63 - 63) =     16.23729  eV     1   --> A              
     e( 64 - 64) =     16.69703  eV     1   --> A              
     e( 65 - 65) =     17.84513  eV     1   --> A              
     e( 66 - 66) =     18.35429  eV     1   --> A              
     e( 67 - 67) =     18.63424  eV     1   --> A              
     e( 68 - 68) =     19.26363  eV     1   --> A              
     e( 69 - 69) =     20.21428  eV     1   --> A              
     e( 70 - 70) =     20.51736  eV     1   --> A              
     e( 71 - 71) =     21.22230  eV     1   --> A              
     e( 72 - 72) =     21.66814  eV     1   --> A              
     e( 73 - 73) =     22.61957  eV     1   --> A              
     e( 74 - 74) =     22.88439  eV     1   --> A              
     e( 75 - 75) =     23.21180  eV     1   --> A              
     e( 76 - 76) =     23.81989  eV     1   --> A              
     e( 77 - 77) =     24.22081  eV     1   --> A              
     e( 78 - 78) =     24.60281  eV     1   --> A              
     e( 79 - 79) =     24.87476  eV     1   --> A              
     e( 80 - 80) =     25.63039  eV     1   --> A              

 **************************************************************************

 **************************************************************************

                    xk=(   0.37501,   0.40910,   0.00456  )

     Band symmetry, C_1 (1)     point group:

     e(  1 -  1) =    -82.05999  eV     1   --> A              
     e(  2 -  2) =    -68.43293  eV     1   --> A              
     e(  3 -  3) =    -63.93950  eV     1   --> A              
     e(  4 -  4) =    -63.92544  eV     1   --> A              
     e(  5 -  5) =    -45.60635  eV     1   --> A              
     e(  6 -  6) =    -45.36348  eV     1   --> A              
     e(  7 -  7) =    -45.20783  eV     1   --> A              
     e(  8 -  8) =    -37.49432  eV     1   --> A              
     e(  9 -  9) =    -37.48608  eV     1   --> A              
     e( 10 - 10) =    -37.46772  eV     1   --> A              
     e( 11 - 11) =    -28.40250  eV     1   --> A              
     e( 12 - 12) =    -28.34257  eV     1   --> A              
     e( 13 - 13) =    -28.31722  eV     1   --> A              
     e( 14 - 14) =    -28.24962  eV     1   --> A              
     e( 15 - 15) =    -28.23926  eV     1   --> A              
     e( 16 - 16) =    -28.17400  eV     1   --> A              
     e( 17 - 17) =     -7.82401  eV     1   --> A              
     e( 18 - 18) =     -7.30638  eV     1   --> A              
     e( 19 - 19) =     -7.01346  eV     1   --> A              
     e( 20 - 20) =     -6.74591  eV     1   --> A              
     e( 21 - 21) =     -6.65803  eV     1   --> A              
     e( 22 - 22) =     -6.31294  eV     1   --> A              
     e( 23 - 23) =     -6.19139  eV     1   --> A              
     e( 24 - 24) =     -6.06860  eV     1   --> A              
     e( 25 - 25) =      3.72188  eV     1   --> A              
     e( 26 - 26) =      4.28367  eV     1   --> A              
     e( 27 - 27) =      4.36502  eV     1   --> A              
     e( 28 - 28) =      4.65346  eV     1   --> A              
     e( 29 - 29) =      4.94983  eV     1   --> A              
     e( 30 - 30) =      5.17682  eV     1   --> A              
     e( 31 - 31) =      5.30749  eV     1   --> A              
     e( 32 - 32) =      5.67794  eV     1   --> A              
     e( 33 - 33) =      5.90540  eV     1   --> A              
     e( 34 - 34) =      6.15335  eV     1   --> A              
     e( 35 - 35) =      6.44861  eV     1   --> A              
     e( 36 - 36) =      6.53519  eV     1   --> A              
     e( 37 - 37) =      6.75499  eV     1   --> A              
     e( 38 - 38) =      7.12904  eV     1   --> A              
     e( 39 - 39) =      7.25486  eV     1   --> A              
     e( 40 - 40) =      7.34662  eV     1   --> A              
     e( 41 - 41) =      7.46459  eV     1   --> A              
     e( 42 - 42) =      7.88847  eV     1   --> A              
     e( 43 - 43) =      7.98249  eV     1   --> A              
     e( 44 - 44) =      8.07871  eV     1   --> A              
     e( 45 - 45) =      8.22827  eV     1   --> A              
     e( 46 - 46) =      8.39423  eV     1   --> A              
     e( 47 - 47) =      8.56187  eV     1   --> A              
     e( 48 - 48) =      8.74802  eV     1   --> A              
     e( 49 - 49) =      8.98134  eV     1   --> A              
     e( 50 - 50) =      9.14686  eV     1   --> A              
     e( 51 - 51) =      9.32588  eV     1   --> A              
     e( 52 - 52) =      9.68171  eV     1   --> A              
     e( 53 - 53) =      9.91970  eV     1   --> A              
     e( 54 - 54) =     10.50522  eV     1   --> A              
     e( 55 - 55) =     10.70113  eV     1   --> A              
     e( 56 - 56) =     13.55217  eV     1   --> A              
     e( 57 - 57) =     13.97869  eV     1   --> A              
     e( 58 - 58) =     14.02115  eV     1   --> A              
     e( 59 - 59) =     14.47965  eV     1   --> A              
     e( 60 - 60) =     14.64967  eV     1   --> A              
     e( 61 - 61) =     15.01783  eV     1   --> A              
     e( 62 - 62) =     15.67931  eV     1   --> A              
     e( 63 - 63) =     16.24356  eV     1   --> A              
     e( 64 - 64) =     16.68365  eV     1   --> A              
     e( 65 - 65) =     17.80109  eV     1   --> A              
     e( 66 - 66) =     18.38295  eV     1   --> A              
     e( 67 - 67) =     18.67743  eV     1   --> A              
     e( 68 - 68) =     19.34778  eV     1   --> A              
     e( 69 - 69) =     20.25835  eV     1   --> A              
     e( 70 - 70) =     20.57174  eV     1   --> A              
     e( 71 - 71) =     21.15813  eV     1   --> A              
     e( 72 - 72) =     21.56250  eV     1   --> A              
     e( 73 - 73) =     22.58113  eV     1   --> A              
     e( 74 - 74) =     22.87572  eV     1   --> A              
     e( 75 - 75) =     23.16253  eV     1   --> A              
     e( 76 - 76) =     23.90269  eV     1   --> A              
     e( 77 - 77) =     24.16805  eV     1   --> A              
     e( 78 - 78) =     24.61003  eV     1   --> A              
     e( 79 - 79) =     24.89291  eV     1   --> A              
     e( 80 - 80) =     25.56916  eV     1   --> A              

 **************************************************************************

 **************************************************************************

                    xk=(   0.40001,   0.40910,   0.00487  )

     Band symmetry, C_1 (1)     point group:

     e(  1 -  1) =    -82.05999  eV     1   --> A              
     e(  2 -  2) =    -68.43293  eV     1   --> A              
     e(  3 -  3) =    -63.93950  eV     1   --> A              
     e(  4 -  4) =    -63.92545  eV     1   --> A              
     e(  5 -  5) =    -45.60635  eV     1   --> A              
     e(  6 -  6) =    -45.36348  eV     1   --> A              
     e(  7 -  7) =    -45.20783  eV     1   --> A              
     e(  8 -  8) =    -37.49433  eV     1   --> A              
     e(  9 -  9) =    -37.48608  eV     1   --> A              
     e( 10 - 10) =    -37.46772  eV     1   --> A              
     e( 11 - 11) =    -28.40249  eV     1   --> A              
     e( 12 - 12) =    -28.34254  eV     1   --> A              
     e( 13 - 13) =    -28.31735  eV     1   --> A              
     e( 14 - 14) =    -28.24972  eV     1   --> A              
     e( 15 - 15) =    -28.23924  eV     1   --> A              
     e( 16 - 16) =    -28.17403  eV     1   --> A              
     e( 17 - 17) =     -7.81143  eV     1   --> A              
     e( 18 - 18) =     -7.29702  eV     1   --> A              
     e( 19 - 19) =     -7.02636  eV     1   --> A              
     e( 20 - 20) =     -6.75110  eV     1   --> A              
     e( 21 - 21) =     -6.65259  eV     1   --> A              
     e( 22 - 22) =     -6.30817  eV     1   --> A              
     e( 23 - 23) =     -6.20462  eV     1   --> A              
     e( 24 - 24) =     -6.07180  eV     1   --> A              
     e( 25 - 25) =      3.68824  eV     1   --> A              
     e( 26 - 26) =      4.28013  eV     1   --> A              
     e( 27 - 27) =      4.38002  eV     1   --> A              
     e( 28 - 28) =      4.62394  eV     1   --> A              
     e( 29 - 29) =      4.97978  eV     1   --> A              
     e( 30 - 30) =      5.15709  eV     1   --> A              
     e( 31 - 31) =      5.37342  eV     1   --> A              
     e( 32 - 32) =      5.70357  eV     1   --> A              
     e( 33 - 33) =      5.93796  eV     1   --> A              
     e( 34 - 34) =      6.10977  eV     1   --> A              
     e( 35 - 35) =      6.50870  eV     1   --> A              
     e( 36 - 36) =      6.54431  eV     1   --> A              
     e( 37 - 37) =      6.75614  eV     1   --> A              
     e( 38 - 38) =      7.09353  eV     1   --> A              
     e( 39 - 39) =      7.19080  eV     1   --> A              
     e( 40 - 40) =      7.31646  eV     1   --> A              
     e( 41 - 41) =      7.43935  eV     1   --> A              
     e( 42 - 42) =      7.90247  eV     1   --> A              
     e( 43 - 43) =      8.01712  eV     1   --> A              
     e( 44 - 44) =      8.05807  eV     1   --> A              
     e( 45 - 45) =      8.23242  eV     1   --> A              
     e( 46 - 46) =      8.39760  eV     1   --> A              
     e( 47 - 47) =      8.59807  eV     1   --> A              
     e( 48 - 48) =      8.75641  eV     1   --> A              
     e( 49 - 49) =      8.96867  eV     1   --> A              
     e( 50 - 50) =      9.14326  eV     1   --> A              
     e( 51 - 51) =      9.34935  eV     1   --> A              
     e( 52 - 52) =      9.67069  eV     1   --> A              
     e( 53 - 53) =      9.93429  eV     1   --> A              
     e( 54 - 54) =     10.47479  eV     1   --> A              
     e( 55 - 55) =     10.68422  eV     1   --> A              
     e( 56 - 56) =     13.55893  eV     1   --> A              
     e( 57 - 57) =     13.98893  eV     1   --> A              
     e( 58 - 58) =     14.01182  eV     1   --> A              
     e( 59 - 59) =     14.45678  eV     1   --> A              
     e( 60 - 60) =     14.64060  eV     1   --> A              
     e( 61 - 61) =     15.04422  eV     1   --> A              
     e( 62 - 62) =     15.67361  eV     1   --> A              
     e( 63 - 63) =     16.25099  eV     1   --> A              
     e( 64 - 64) =     16.67054  eV     1   --> A              
     e( 65 - 65) =     17.76438  eV     1   --> A              
     e( 66 - 66) =     18.40736  eV     1   --> A              
     e( 67 - 67) =     18.71491  eV     1   --> A              
     e( 68 - 68) =     19.41993  eV     1   --> A              
     e( 69 - 69) =     20.29932  eV     1   --> A              
     e( 70 - 70) =     20.63407  eV     1   --> A              
     e( 71 - 71) =     21.10088  eV     1   --> A              
     e( 72 - 72) =     21.45706  eV     1   --> A              
     e( 73 - 73) =     22.54729  eV     1   --> A              
     e( 74 - 74) =     22.87098  eV     1   --> A              
     e( 75 - 75) =     23.11287  eV     1   --> A              
     e( 76 - 76) =     23.97701  eV     1   --> A              
     e( 77 - 77) =     24.14483  eV     1   --> A              
     e( 78 - 78) =     24.61218  eV     1   --> A              
     e( 79 - 79) =     24.90693  eV     1   --> A              
     e( 80 - 80) =     25.44830  eV     1   --> A              

 **************************************************************************

 **************************************************************************

                    xk=(   0.42501,   0.40910,   0.00517  )

     Band symmetry, C_1 (1)     point group:

     e(  1 -  1) =    -82.05999  eV     1   --> A              
     e(  2 -  2) =    -68.43293  eV     1   --> A              
     e(  3 -  3) =    -63.93950  eV     1   --> A              
     e(  4 -  4) =    -63.92546  eV     1   --> A              
     e(  5 -  5) =    -45.60635  eV     1   --> A              
     e(  6 -  6) =    -45.36348  eV     1   --> A              
     e(  7 -  7) =    -45.20783  eV     1   --> A              
     e(  8 -  8) =    -37.49433  eV     1   --> A              
     e(  9 -  9) =    -37.48608  eV     1   --> A              
     e( 10 - 10) =    -37.46773  eV     1   --> A              
     e( 11 - 11) =    -28.40249  eV     1   --> A              
     e( 12 - 12) =    -28.34252  eV     1   --> A              
     e( 13 - 13) =    -28.31745  eV     1   --> A              
     e( 14 - 14) =    -28.24980  eV     1   --> A              
     e( 15 - 15) =    -28.23922  eV     1   --> A              
     e( 16 - 16) =    -28.17405  eV     1   --> A              
     e( 17 - 17) =     -7.80116  eV     1   --> A              
     e( 18 - 18) =     -7.28884  eV     1   --> A              
     e( 19 - 19) =     -7.03726  eV     1   --> A              
     e( 20 - 20) =     -6.75526  eV     1   --> A              
     e( 21 - 21) =     -6.64815  eV     1   --> A              
     e( 22 - 22) =     -6.30413  eV     1   --> A              
     e( 23 - 23) =     -6.21656  eV     1   --> A              
     e( 24 - 24) =     -6.07366  eV     1   --> A              
     e( 25 - 25) =      3.66186  eV     1   --> A              
     e( 26 - 26) =      4.27493  eV     1   --> A              
     e( 27 - 27) =      4.40162  eV     1   --> A              
     e( 28 - 28) =      4.59142  eV     1   --> A              
     e( 29 - 29) =      5.00504  eV     1   --> A              
     e( 30 - 30) =      5.14070  eV     1   --> A              
     e( 31 - 31) =      5.44276  eV     1   --> A              
     e( 32 - 32) =      5.72531  eV     1   --> A              
     e( 33 - 33) =      5.90705  eV     1   --> A              
     e( 34 - 34) =      6.13033  eV     1   --> A              
     e( 35 - 35) =      6.55266  eV     1   --> A              
     e( 36 - 36) =      6.56453  eV     1   --> A              
     e( 37 - 37) =      6.75731  eV     1   --> A              
     e( 38 - 38) =      7.05204  eV     1   --> A              
     e( 39 - 39) =      7.10044  eV     1   --> A              
     e( 40 - 40) =      7.31547  eV     1   --> A              
     e( 41 - 41) =      7.42615  eV     1   --> A              
     e( 42 - 42) =      7.90869  eV     1   --> A              
     e( 43 - 43) =      7.99196  eV     1   --> A              
     e( 44 - 44) =      8.09190  eV     1   --> A              
     e( 45 - 45) =      8.23497  eV     1   --> A              
     e( 46 - 46) =      8.40082  eV     1   --> A              
     e( 47 - 47) =      8.63081  eV     1   --> A              
     e( 48 - 48) =      8.77365  eV     1   --> A              
     e( 49 - 49) =      8.95032  eV     1   --> A              
     e( 50 - 50) =      9.13934  eV     1   --> A              
     e( 51 - 51) =      9.37719  eV     1   --> A              
     e( 52 - 52) =      9.65486  eV     1   --> A              
     e( 53 - 53) =      9.94605  eV     1   --> A              
     e( 54 - 54) =     10.45013  eV     1   --> A              
     e( 55 - 55) =     10.66898  eV     1   --> A              
     e( 56 - 56) =     13.56361  eV     1   --> A              
     e( 57 - 57) =     13.99603  eV     1   --> A              
     e( 58 - 58) =     14.00673  eV     1   --> A              
     e( 59 - 59) =     14.43782  eV     1   --> A              
     e( 60 - 60) =     14.63317  eV     1   --> A              
     e( 61 - 61) =     15.06537  eV     1   --> A              
     e( 62 - 62) =     15.66893  eV     1   --> A              
     e( 63 - 63) =     16.25851  eV     1   --> A              
     e( 64 - 64) =     16.65865  eV     1   --> A              
     e( 65 - 65) =     17.73542  eV     1   --> A              
     e( 66 - 66) =     18.42694  eV     1   --> A              
     e( 67 - 67) =     18.74548  eV     1   --> A              
     e( 68 - 68) =     19.47779  eV     1   --> A              
     e( 69 - 69) =     20.33605  eV     1   --> A              
     e( 70 - 70) =     20.70315  eV     1   --> A              
     e( 71 - 71) =     21.05238  eV     1   --> A              
     e( 72 - 72) =     21.35335  eV     1   --> A              
     e( 73 - 73) =     22.51947  eV     1   --> A              
     e( 74 - 74) =     22.87076  eV     1   --> A              
     e( 75 - 75) =     23.06615  eV     1   --> A              
     e( 76 - 76) =     24.00996  eV     1   --> A              
     e( 77 - 77) =     24.17883  eV     1   --> A              
     e( 78 - 78) =     24.61020  eV     1   --> A              
     e( 79 - 79) =     24.91661  eV     1   --> A              
     e( 80 - 80) =     25.31558  eV     1   --> A              

 **************************************************************************

 **************************************************************************

                    xk=(   0.45001,   0.40910,   0.00548  )

     Band symmetry, C_1 (1)     point group:

     e(  1 -  1) =    -82.05999  eV     1   --> A              
     e(  2 -  2) =    -68.43293  eV     1   --> A              
     e(  3 -  3) =    -63.93950  eV     1   --> A              
     e(  4 -  4) =    -63.92547  eV     1   --> A              
     e(  5 -  5) =    -45.60635  eV     1   --> A              
     e(  6 -  6) =    -45.36348  eV     1   --> A              
     e(  7 -  7) =    -45.20783  eV     1   --> A              
     e(  8 -  8) =    -37.49433  eV     1   --> A              
     e(  9 -  9) =    -37.48608  eV     1   --> A              
     e( 10 - 10) =    -37.46773  eV     1   --> A              
     e( 11 - 11) =    -28.40249  eV     1   --> A              
     e( 12 - 12) =    -28.34251  eV     1   --> A              
     e( 13 - 13) =    -28.31752  eV     1   --> A              
     e( 14 - 14) =    -28.24986  eV     1   --> A              
     e( 15 - 15) =    -28.23921  eV     1   --> A              
     e( 16 - 16) =    -28.17406  eV     1   --> A              
     e( 17 - 17) =     -7.79355  eV     1   --> A              
     e( 18 - 18) =     -7.28239  eV     1   --> A              
     e( 19 - 19) =     -7.04561  eV     1   --> A              
     e( 20 - 20) =     -6.75829  eV     1   --> A              
     e( 21 - 21) =     -6.64485  eV     1   --> A              
     e( 22 - 22) =     -6.30099  eV     1   --> A              
     e( 23 - 23) =     -6.22603  eV     1   --> A              
     e( 24 - 24) =     -6.07470  eV     1   --> A              
     e( 25 - 25) =      3.64290  eV     1   --> A              
     e( 26 - 26) =      4.27021  eV     1   --> A              
     e( 27 - 27) =      4.42774  eV     1   --> A              
     e( 28 - 28) =      4.55737  eV     1   --> A              
     e( 29 - 29) =      5.02484  eV     1   --> A              
     e( 30 - 30) =      5.12782  eV     1   --> A              
     e( 31 - 31) =      5.51441  eV     1   --> A              
     e( 32 - 32) =      5.74164  eV     1   --> A              
     e( 33 - 33) =      5.84027  eV     1   --> A              
     e( 34 - 34) =      6.18186  eV     1   --> A              
     e( 35 - 35) =      6.56198  eV     1   --> A              
     e( 36 - 36) =      6.60857  eV     1   --> A              
     e( 37 - 37) =      6.76163  eV     1   --> A              
     e( 38 - 38) =      7.01091  eV     1   --> A              
     e( 39 - 39) =      7.01610  eV     1   --> A              
     e( 40 - 40) =      7.31661  eV     1   --> A              
     e( 41 - 41) =      7.42299  eV     1   --> A              
     e( 42 - 42) =      7.91117  eV     1   --> A              
     e( 43 - 43) =      7.96021  eV     1   --> A              
     e( 44 - 44) =      8.12725  eV     1   --> A              
     e( 45 - 45) =      8.23757  eV     1   --> A              
     e( 46 - 46) =      8.40165  eV     1   --> A              
     e( 47 - 47) =      8.65544  eV     1   --> A              
     e( 48 - 48) =      8.79887  eV     1   --> A              
     e( 49 - 49) =      8.92744  eV     1   --> A              
     e( 50 - 50) =      9.13554  eV     1   --> A              
     e( 51 - 51) =      9.40552  eV     1   --> A              
     e( 52 - 52) =      9.63646  eV     1   --> A              
     e( 53 - 53) =      9.95473  eV     1   --> A              
     e( 54 - 54) =     10.43193  eV     1   --> A              
     e( 55 - 55) =     10.65688  eV     1   --> A              
     e( 56 - 56) =     13.56659  eV     1   --> A              
     e( 57 - 57) =     13.99515  eV     1   --> A              
     e( 58 - 58) =     14.00993  eV     1   --> A              
     e( 59 - 59) =     14.42352  eV     1   --> A              
     e( 60 - 60) =     14.62766  eV     1   --> A              
     e( 61 - 61) =     15.08081  eV     1   --> A              
     e( 62 - 62) =     15.66546  eV     1   --> A              
     e( 63 - 63) =     16.26501  eV     1   --> A              
     e( 64 - 64) =     16.64906  eV     1   --> A              
     e( 65 - 65) =     17.71454  eV     1   --> A              
     e( 66 - 66) =     18.44125  eV     1   --> A              
     e( 67 - 67) =     18.76811  eV     1   --> A              
     e( 68 - 68) =     19.51980  eV     1   --> A              
     e( 69 - 69) =     20.36618  eV     1   --> A              
     e( 70 - 70) =     20.77537  eV     1   --> A              
     e( 71 - 71) =     21.01559  eV     1   --> A              
     e( 72 - 72) =     21.25480  eV     1   --> A              
     e( 73 - 73) =     22.49879  eV     1   --> A              
     e( 74 - 74) =     22.87490  eV     1   --> A              
     e( 75 - 75) =     23.02586  eV     1   --> A              
     e( 76 - 76) =     24.00772  eV     1   --> A              
     e( 77 - 77) =     24.25476  eV     1   --> A              
     e( 78 - 78) =     24.60521  eV     1   --> A              
     e( 79 - 79) =     24.92086  eV     1   --> A              
     e( 80 - 80) =     25.19633  eV     1   --> A              

 **************************************************************************

 **************************************************************************

                    xk=(   0.47502,   0.40910,   0.00578  )

     Band symmetry, C_1 (1)     point group:

     e(  1 -  1) =    -82.05999  eV     1   --> A              
     e(  2 -  2) =    -68.43293  eV     1   --> A              
     e(  3 -  3) =    -63.93950  eV     1   --> A              
     e(  4 -  4) =    -63.92547  eV     1   --> A              
     e(  5 -  5) =    -45.60635  eV     1   --> A              
     e(  6 -  6) =    -45.36348  eV     1   --> A              
     e(  7 -  7) =    -45.20783  eV     1   --> A              
     e(  8 -  8) =    -37.49433  eV     1   --> A              
     e(  9 -  9) =    -37.48608  eV     1   --> A              
     e( 10 - 10) =    -37.46773  eV     1   --> A              
     e( 11 - 11) =    -28.40249  eV     1   --> A              
     e( 12 - 12) =    -28.34250  eV     1   --> A              
     e( 13 - 13) =    -28.31757  eV     1   --> A              
     e( 14 - 14) =    -28.24989  eV     1   --> A              
     e( 15 - 15) =    -28.23920  eV     1   --> A              
     e( 16 - 16) =    -28.17407  eV     1   --> A              
     e( 17 - 17) =     -7.78887  eV     1   --> A              
     e( 18 - 18) =     -7.27824  eV     1   --> A              
     e( 19 - 19) =     -7.05089  eV     1   --> A              
     e( 20 - 20) =     -6.76014  eV     1   --> A              
     e( 21 - 21) =     -6.64282  eV     1   --> A              
     e( 22 - 22) =     -6.29894  eV     1   --> A              
     e( 23 - 23) =     -6.23213  eV     1   --> A              
     e( 24 - 24) =     -6.07523  eV     1   --> A              
     e( 25 - 25) =      3.63148  eV     1   --> A              
     e( 26 - 26) =      4.26705  eV     1   --> A              
     e( 27 - 27) =      4.45711  eV     1   --> A              
     e( 28 - 28) =      4.52312  eV     1   --> A              
     e( 29 - 29) =      5.03807  eV     1   --> A              
     e( 30 - 30) =      5.11897  eV     1   --> A              
     e( 31 - 31) =      5.58543  eV     1   --> A              
     e( 32 - 32) =      5.74705  eV     1   --> A              
     e( 33 - 33) =      5.77278  eV     1   --> A              
     e( 34 - 34) =      6.22582  eV     1   --> A              
     e( 35 - 35) =      6.56962  eV     1   --> A              
     e( 36 - 36) =      6.63559  eV     1   --> A              
     e( 37 - 37) =      6.77165  eV     1   --> A              
     e( 38 - 38) =      6.94949  eV     1   --> A              
     e( 39 - 39) =      6.98197  eV     1   --> A              
     e( 40 - 40) =      7.31583  eV     1   --> A              
     e( 41 - 41) =      7.42512  eV     1   --> A              
     e( 42 - 42) =      7.91189  eV     1   --> A              
     e( 43 - 43) =      7.93809  eV     1   --> A              
     e( 44 - 44) =      8.15009  eV     1   --> A              
     e( 45 - 45) =      8.23976  eV     1   --> A              
     e( 46 - 46) =      8.40104  eV     1   --> A              
     e( 47 - 47) =      8.67022  eV     1   --> A              
     e( 48 - 48) =      8.82753  eV     1   --> A              
     e( 49 - 49) =      8.90219  eV     1   --> A              
     e( 50 - 50) =      9.13268  eV     1   --> A              
     e( 51 - 51) =      9.42832  eV     1   --> A              
     e( 52 - 52) =      9.62017  eV     1   --> A              
     e( 53 - 53) =      9.96009  eV     1   --> A              
     e( 54 - 54) =     10.42072  eV     1   --> A              
     e( 55 - 55) =     10.64910  eV     1   --> A              
     e( 56 - 56) =     13.56820  eV     1   --> A              
     e( 57 - 57) =     13.99260  eV     1   --> A              
     e( 58 - 58) =     14.01430  eV     1   --> A              
     e( 59 - 59) =     14.41460  eV     1   --> A              
     e( 60 - 60) =     14.62428  eV     1   --> A              
     e( 61 - 61) =     15.09021  eV     1   --> A              
     e( 62 - 62) =     15.66332  eV     1   --> A              
     e( 63 - 63) =     16.26944  eV     1   --> A              
     e( 64 - 64) =     16.64279  eV     1   --> A              
     e( 65 - 65) =     17.70192  eV     1   --> A              
     e( 66 - 66) =     18.44996  eV     1   --> A              
     e( 67 - 67) =     18.78203  eV     1   --> A              
     e( 68 - 68) =     19.54518  eV     1   --> A              
     e( 69 - 69) =     20.38640  eV     1   --> A              
     e( 70 - 70) =     20.83998  eV     1   --> A              
     e( 71 - 71) =     20.99517  eV     1   --> A              
     e( 72 - 72) =     21.17075  eV     1   --> A              
     e( 73 - 73) =     22.48605  eV     1   --> A              
     e( 74 - 74) =     22.88141  eV     1   --> A              
     e( 75 - 75) =     22.99657  eV     1   --> A              
     e( 76 - 76) =     24.00078  eV     1   --> A              
     e( 77 - 77) =     24.32555  eV     1   --> A              
     e( 78 - 78) =     24.59874  eV     1   --> A              
     e( 79 - 79) =     24.91862  eV     1   --> A              
     e( 80 - 80) =     25.11210  eV     1   --> A              

 **************************************************************************

 **************************************************************************

                    xk=(   0.50002,   0.40910,   0.00609  )

     point group C_2  (2)   
     there are  2 classes
     the character table:

       E     C2   
A      1.00  1.00
B      1.00 -1.00

     the symmetry operations in each class and the name of the first element:

     E        1
                                                                 
     C2       2
                                                                 

     Band symmetry, C_2  (2)    point group:

     e(  1 -  1) =    -82.05999  eV     1   --> B              
     e(  2 -  2) =    -68.43293  eV     1   --> B              
     e(  3 -  3) =    -63.93950  eV     1   --> A              
     e(  4 -  4) =    -63.92548  eV     1   --> A              
     e(  5 -  5) =    -45.60635  eV     1   --> A              
     e(  6 -  6) =    -45.36348  eV     1   --> B              
     e(  7 -  7) =    -45.20783  eV     1   --> A              
     e(  8 -  8) =    -37.49433  eV     1   --> A              
     e(  9 -  9) =    -37.48608  eV     1   --> B              
     e( 10 - 10) =    -37.46773  eV     1   --> A              
     e( 11 - 11) =    -28.40249  eV     1   --> B              
     e( 12 - 12) =    -28.34250  eV     1   --> A              
     e( 13 - 13) =    -28.31758  eV     1   --> B              
     e( 14 - 14) =    -28.24991  eV     1   --> B              
     e( 15 - 15) =    -28.23920  eV     1   --> A              
     e( 16 - 16) =    -28.17407  eV     1   --> B              
     e( 17 - 17) =     -7.78730  eV     1   --> A              
     e( 18 - 18) =     -7.27680  eV     1   --> B              
     e( 19 - 19) =     -7.05271  eV     1   --> A              
     e( 20 - 20) =     -6.76075  eV     1   --> B              
     e( 21 - 21) =     -6.64213  eV     1   --> A              
     e( 22 - 22) =     -6.29823  eV     1   --> A              
     e( 23 - 23) =     -6.23424  eV     1   --> B              
     e( 24 - 24) =     -6.07539  eV     1   --> B              
     e( 25 - 25) =      3.62766  eV     1   --> B              
     e( 26 - 26) =      4.26595  eV     1   --> A              
     e( 27 - 27) =      4.48532  eV     1   --> B              
     e( 28 - 28) =      4.49325  eV     1   --> A              
     e( 29 - 29) =      5.04288  eV     1   --> A              
     e( 30 - 30) =      5.11566  eV     1   --> B              
     e( 31 - 31) =      5.63158  eV     1   --> A              
     e( 32 - 32) =      5.71561  eV     1   --> B              
     e( 33 - 33) =      5.76073  eV     1   --> A              
     e( 34 - 34) =      6.24296  eV     1   --> A              
     e( 35 - 35) =      6.57296  eV     1   --> A              
     e( 36 - 36) =      6.64370  eV     1   --> B              
     e( 37 - 37) =      6.77905  eV     1   --> A              
     e( 38 - 38) =      6.92343  eV     1   --> B              
     e( 39 - 39) =      6.96999  eV     1   --> B              
     e( 40 - 40) =      7.31518  eV     1   --> B              
     e( 41 - 41) =      7.42665  eV     1   --> A              
     e( 42 - 42) =      7.91205  eV     1   --> B              
     e( 43 - 43) =      7.93015  eV     1   --> A              
     e( 44 - 44) =      8.15795  eV     1   --> A              
     e( 45 - 45) =      8.24061  eV     1   --> B              
     e( 46 - 46) =      8.40060  eV     1   --> B              
     e( 47 - 47) =      8.67512  eV     1   --> A              
     e( 48 - 48) =      8.84579  eV     1   --> B              
     e( 49 - 49) =      8.88546  eV     1   --> A              
     e( 50 - 50) =      9.13160  eV     1   --> B              
     e( 51 - 51) =      9.43750  eV     1   --> B              
     e( 52 - 52) =      9.61326  eV     1   --> A              
     e( 53 - 53) =      9.96191  eV     1   --> B              
     e( 54 - 54) =     10.41693  eV     1   --> A              
     e( 55 - 55) =     10.64642  eV     1   --> B              
     e( 56 - 56) =     13.56871  eV     1   --> A              
     e( 57 - 57) =     13.99165  eV     1   --> B              
     e( 58 - 58) =     14.01594  eV     1   --> A              
     e( 59 - 59) =     14.41156  eV     1   --> B              
     e( 60 - 60) =     14.62314  eV     1   --> A              
     e( 61 - 61) =     15.09336  eV     1   --> A              
     e( 62 - 62) =     15.66259  eV     1   --> B              
     e( 63 - 63) =     16.27101  eV     1   --> A              
     e( 64 - 64) =     16.64060  eV     1   --> B              
     e( 65 - 65) =     17.69771  eV     1   --> B              
     e( 66 - 66) =     18.45288  eV     1   --> A              
     e( 67 - 67) =     18.78672  eV     1   --> B              
     e( 68 - 68) =     19.55366  eV     1   --> A              
     e( 69 - 69) =     20.39358  eV     1   --> A              
     e( 70 - 70) =     20.86917  eV     1   --> B              
     e( 71 - 71) =     20.99187  eV     1   --> A              
     e( 72 - 72) =     21.13118  eV     1   --> B              
     e( 73 - 73) =     22.48175  eV     1   --> B              
     e( 74 - 74) =     22.88499  eV     1   --> A              
     e( 75 - 75) =     22.98521  eV     1   --> B              
     e( 76 - 76) =     23.99799  eV     1   --> A              
     e( 77 - 77) =     24.35553  eV     1   --> A              
     e( 78 - 78) =     24.59509  eV     1   --> B              
     e( 79 - 79) =     24.91520  eV     1   --> B              
     e( 80 - 80) =     25.08210  eV     1   --> B              

 **************************************************************************

 **************************************************************************

                    xk=(   0.47502,   0.38864,   0.00578  )

     point group C_1 (1)    
     there are  1 classes
     the character table:

       E    
A      1.00

     the symmetry operations in each class and the name of the first element:

     E        1
                                                                 

     Band symmetry, C_1 (1)     point group:

     e(  1 -  1) =    -82.06000  eV     1   --> A              
     e(  2 -  2) =    -68.43293  eV     1   --> A              
     e(  3 -  3) =    -63.93950  eV     1   --> A              
     e(  4 -  4) =    -63.92547  eV     1   --> A              
     e(  5 -  5) =    -45.60635  eV     1   --> A              
     e(  6 -  6) =    -45.36348  eV     1   --> A              
     e(  7 -  7) =    -45.20783  eV     1   --> A              
     e(  8 -  8) =    -37.49433  eV     1   --> A              
     e(  9 -  9) =    -37.48608  eV     1   --> A              
     e( 10 - 10) =    -37.46773  eV     1   --> A              
     e( 11 - 11) =    -28.40250  eV     1   --> A              
     e( 12 - 12) =    -28.34253  eV     1   --> A              
     e( 13 - 13) =    -28.31757  eV     1   --> A              
     e( 14 - 14) =    -28.24989  eV     1   --> A              
     e( 15 - 15) =    -28.23917  eV     1   --> A              
     e( 16 - 16) =    -28.17406  eV     1   --> A              
     e( 17 - 17) =     -7.78984  eV     1   --> A              
     e( 18 - 18) =     -7.27735  eV     1   --> A              
     e( 19 - 19) =     -7.05071  eV     1   --> A              
     e( 20 - 20) =     -6.75985  eV     1   --> A              
     e( 21 - 21) =     -6.64214  eV     1   --> A              
     e( 22 - 22) =     -6.29858  eV     1   --> A              
     e( 23 - 23) =     -6.23385  eV     1   --> A              
     e( 24 - 24) =     -6.07497  eV     1   --> A              
     e( 25 - 25) =      3.63340  eV     1   --> A              
     e( 26 - 26) =      4.26507  eV     1   --> A              
     e( 27 - 27) =      4.45900  eV     1   --> A              
     e( 28 - 28) =      4.52513  eV     1   --> A              
     e( 29 - 29) =      5.03913  eV     1   --> A              
     e( 30 - 30) =      5.11836  eV     1   --> A              
     e( 31 - 31) =      5.56425  eV     1   --> A              
     e( 32 - 32) =      5.73477  eV     1   --> A              
     e( 33 - 33) =      5.79751  eV     1   --> A              
     e( 34 - 34) =      6.22435  eV     1   --> A              
     e( 35 - 35) =      6.56168  eV     1   --> A              
     e( 36 - 36) =      6.63021  eV     1   --> A              
     e( 37 - 37) =      6.78414  eV     1   --> A              
     e( 38 - 38) =      6.93932  eV     1   --> A              
     e( 39 - 39) =      7.00034  eV     1   --> A              
     e( 40 - 40) =      7.31700  eV     1   --> A              
     e( 41 - 41) =      7.42344  eV     1   --> A              
     e( 42 - 42) =      7.90626  eV     1   --> A              
     e( 43 - 43) =      7.93808  eV     1   --> A              
     e( 44 - 44) =      8.14884  eV     1   --> A              
     e( 45 - 45) =      8.24159  eV     1   --> A              
     e( 46 - 46) =      8.40561  eV     1   --> A              
     e( 47 - 47) =      8.66481  eV     1   --> A              
     e( 48 - 48) =      8.82841  eV     1   --> A              
     e( 49 - 49) =      8.90618  eV     1   --> A              
     e( 50 - 50) =      9.13338  eV     1   --> A              
     e( 51 - 51) =      9.42782  eV     1   --> A              
     e( 52 - 52) =      9.62071  eV     1   --> A              
     e( 53 - 53) =      9.96017  eV     1   --> A              
     e( 54 - 54) =     10.42351  eV     1   --> A              
     e( 55 - 55) =     10.65055  eV     1   --> A              
     e( 56 - 56) =     13.56869  eV     1   --> A              
     e( 57 - 57) =     13.99048  eV     1   --> A              
     e( 58 - 58) =     14.01353  eV     1   --> A              
     e( 59 - 59) =     14.41641  eV     1   --> A              
     e( 60 - 60) =     14.62174  eV     1   --> A              
     e( 61 - 61) =     15.09069  eV     1   --> A              
     e( 62 - 62) =     15.66282  eV     1   --> A              
     e( 63 - 63) =     16.27012  eV     1   --> A              
     e( 64 - 64) =     16.64253  eV     1   --> A              
     e( 65 - 65) =     17.70613  eV     1   --> A              
     e( 66 - 66) =     18.44598  eV     1   --> A              
     e( 67 - 67) =     18.78229  eV     1   --> A              
     e( 68 - 68) =     19.54091  eV     1   --> A              
     e( 69 - 69) =     20.37294  eV     1   --> A              
     e( 70 - 70) =     20.83644  eV     1   --> A              
     e( 71 - 71) =     21.00125  eV     1   --> A              
     e( 72 - 72) =     21.18265  eV     1   --> A              
     e( 73 - 73) =     22.48043  eV     1   --> A              
     e( 74 - 74) =     22.87936  eV     1   --> A              
     e( 75 - 75) =     22.99728  eV     1   --> A              
     e( 76 - 76) =     23.99682  eV     1   --> A              
     e( 77 - 77) =     24.33439  eV     1   --> A              
     e( 78 - 78) =     24.57820  eV     1   --> A              
     e( 79 - 79) =     24.92581  eV     1   --> A              
     e( 80 - 80) =     25.10922  eV     1   --> A              

 **************************************************************************

 **************************************************************************

                    xk=(   0.45001,   0.36819,   0.00548  )

     Band symmetry, C_1 (1)     point group:

     e(  1 -  1) =    -82.06000  eV     1   --> A              
     e(  2 -  2) =    -68.43293  eV     1   --> A              
     e(  3 -  3) =    -63.93950  eV     1   --> A              
     e(  4 -  4) =    -63.92546  eV     1   --> A              
     e(  5 -  5) =    -45.60635  eV     1   --> A              
     e(  6 -  6) =    -45.36348  eV     1   --> A              
     e(  7 -  7) =    -45.20783  eV     1   --> A              
     e(  8 -  8) =    -37.49433  eV     1   --> A              
     e(  9 -  9) =    -37.48608  eV     1   --> A              
     e( 10 - 10) =    -37.46773  eV     1   --> A              
     e( 11 - 11) =    -28.40254  eV     1   --> A              
     e( 12 - 12) =    -28.34262  eV     1   --> A              
     e( 13 - 13) =    -28.31754  eV     1   --> A              
     e( 14 - 14) =    -28.24984  eV     1   --> A              
     e( 15 - 15) =    -28.23910  eV     1   --> A              
     e( 16 - 16) =    -28.17403  eV     1   --> A              
     e( 17 - 17) =     -7.79766  eV     1   --> A              
     e( 18 - 18) =     -7.27840  eV     1   --> A              
     e( 19 - 19) =     -7.04500  eV     1   --> A              
     e( 20 - 20) =     -6.75718  eV     1   --> A              
     e( 21 - 21) =     -6.64215  eV     1   --> A              
     e( 22 - 22) =     -6.29961  eV     1   --> A              
     e( 23 - 23) =     -6.23271  eV     1   --> A              
     e( 24 - 24) =     -6.07371  eV     1   --> A              
     e( 25 - 25) =      3.65038  eV     1   --> A              
     e( 26 - 26) =      4.26264  eV     1   --> A              
     e( 27 - 27) =      4.43429  eV     1   --> A              
     e( 28 - 28) =      4.56551  eV     1   --> A              
     e( 29 - 29) =      5.02875  eV     1   --> A              
     e( 30 - 30) =      5.12574  eV     1   --> A              
     e( 31 - 31) =      5.45889  eV     1   --> A              
     e( 32 - 32) =      5.73719  eV     1   --> A              
     e( 33 - 33) =      5.86268  eV     1   --> A              
     e( 34 - 34) =      6.17943  eV     1   --> A              
     e( 35 - 35) =      6.53091  eV     1   --> A              
     e( 36 - 36) =      6.60924  eV     1   --> A              
     e( 37 - 37) =      6.78838  eV     1   --> A              
     e( 38 - 38) =      6.98050  eV     1   --> A              
     e( 39 - 39) =      7.07720  eV     1   --> A              
     e( 40 - 40) =      7.32307  eV     1   --> A              
     e( 41 - 41) =      7.41668  eV     1   --> A              
     e( 42 - 42) =      7.89097  eV     1   --> A              
     e( 43 - 43) =      7.95975  eV     1   --> A              
     e( 44 - 44) =      8.12043  eV     1   --> A              
     e( 45 - 45) =      8.24400  eV     1   --> A              
     e( 46 - 46) =      8.42011  eV     1   --> A              
     e( 47 - 47) =      8.63920  eV     1   --> A              
     e( 48 - 48) =      8.80543  eV     1   --> A              
     e( 49 - 49) =      8.93620  eV     1   --> A              
     e( 50 - 50) =      9.13788  eV     1   --> A              
     e( 51 - 51) =      9.40610  eV     1   --> A              
     e( 52 - 52) =      9.63660  eV     1   --> A              
     e( 53 - 53) =      9.95517  eV     1   --> A              
     e( 54 - 54) =     10.44114  eV     1   --> A              
     e( 55 - 55) =     10.66355  eV     1   --> A              
     e( 56 - 56) =     13.56857  eV     1   --> A              
     e( 57 - 57) =     13.98673  eV     1   --> A              
     e( 58 - 58) =     14.00713  eV     1   --> A              
     e( 59 - 59) =     14.42991  eV     1   --> A              
     e( 60 - 60) =     14.61791  eV     1   --> A              
     e( 61 - 61) =     15.08304  eV     1   --> A              
     e( 62 - 62) =     15.66359  eV     1   --> A              
     e( 63 - 63) =     16.26764  eV     1   --> A              
     e( 64 - 64) =     16.64802  eV     1   --> A              
     e( 65 - 65) =     17.73097  eV     1   --> A              
     e( 66 - 66) =     18.42505  eV     1   --> A              
     e( 67 - 67) =     18.76963  eV     1   --> A              
     e( 68 - 68) =     19.50237  eV     1   --> A              
     e( 69 - 69) =     20.31656  eV     1   --> A              
     e( 70 - 70) =     20.79497  eV     1   --> A              
     e( 71 - 71) =     21.00549  eV     1   --> A              
     e( 72 - 72) =     21.29906  eV     1   --> A              
     e( 73 - 73) =     22.47767  eV     1   --> A              
     e( 74 - 74) =     22.86987  eV     1   --> A              
     e( 75 - 75) =     23.02348  eV     1   --> A              
     e( 76 - 76) =     23.98940  eV     1   --> A              
     e( 77 - 77) =     24.29274  eV     1   --> A              
     e( 78 - 78) =     24.54008  eV     1   --> A              
     e( 79 - 79) =     24.92799  eV     1   --> A              
     e( 80 - 80) =     25.19371  eV     1   --> A              

 **************************************************************************

 **************************************************************************

                    xk=(   0.42501,   0.34773,   0.00517  )

     Band symmetry, C_1 (1)     point group:

     e(  1 -  1) =    -82.06000  eV     1   --> A              
     e(  2 -  2) =    -68.43293  eV     1   --> A              
     e(  3 -  3) =    -63.93950  eV     1   --> A              
     e(  4 -  4) =    -63.92545  eV     1   --> A              
     e(  5 -  5) =    -45.60635  eV     1   --> A              
     e(  6 -  6) =    -45.36348  eV     1   --> A              
     e(  7 -  7) =    -45.20783  eV     1   --> A              
     e(  8 -  8) =    -37.49433  eV     1   --> A              
     e(  9 -  9) =    -37.48608  eV     1   --> A              
     e( 10 - 10) =    -37.46773  eV     1   --> A              
     e( 11 - 11) =    -28.40259  eV     1   --> A              
     e( 12 - 12) =    -28.34276  eV     1   --> A              
     e( 13 - 13) =    -28.31748  eV     1   --> A              
     e( 14 - 14) =    -28.24975  eV     1   --> A              
     e( 15 - 15) =    -28.23898  eV     1   --> A              
     e( 16 - 16) =    -28.17398  eV     1   --> A              
     e( 17 - 17) =     -7.81124  eV     1   --> A              
     e( 18 - 18) =     -7.27846  eV     1   --> A              
     e( 19 - 19) =     -7.03633  eV     1   --> A              
     e( 20 - 20) =     -6.75287  eV     1   --> A              
     e( 21 - 21) =     -6.64209  eV     1   --> A              
     e( 22 - 22) =     -6.30132  eV     1   --> A              
     e( 23 - 23) =     -6.23090  eV     1   --> A              
     e( 24 - 24) =     -6.07171  eV     1   --> A              
     e( 25 - 25) =      3.67799  eV     1   --> A              
     e( 26 - 26) =      4.25933  eV     1   --> A              
     e( 27 - 27) =      4.41338  eV     1   --> A              
     e( 28 - 28) =      4.60907  eV     1   --> A              
     e( 29 - 29) =      5.01325  eV     1   --> A              
     e( 30 - 30) =      5.13634  eV     1   --> A              
     e( 31 - 31) =      5.34935  eV     1   --> A              
     e( 32 - 32) =      5.73386  eV     1   --> A              
     e( 33 - 33) =      5.89723  eV     1   --> A              
     e( 34 - 34) =      6.13981  eV     1   --> A              
     e( 35 - 35) =      6.49303  eV     1   --> A              
     e( 36 - 36) =      6.58967  eV     1   --> A              
     e( 37 - 37) =      6.78481  eV     1   --> A              
     e( 38 - 38) =      7.04636  eV     1   --> A              
     e( 39 - 39) =      7.15952  eV     1   --> A              
     e( 40 - 40) =      7.33898  eV     1   --> A              
     e( 41 - 41) =      7.41449  eV     1   --> A              
     e( 42 - 42) =      7.87279  eV     1   --> A              
     e( 43 - 43) =      7.98671  eV     1   --> A              
     e( 44 - 44) =      8.07339  eV     1   --> A              
     e( 45 - 45) =      8.24725  eV     1   --> A              
     e( 46 - 46) =      8.44163  eV     1   --> A              
     e( 47 - 47) =      8.61115  eV     1   --> A              
     e( 48 - 48) =      8.78510  eV     1   --> A              
     e( 49 - 49) =      8.96097  eV     1   --> A              
     e( 50 - 50) =      9.14209  eV     1   --> A              
     e( 51 - 51) =      9.38459  eV     1   --> A              
     e( 52 - 52) =      9.65139  eV     1   --> A              
     e( 53 - 53) =      9.94731  eV     1   --> A              
     e( 54 - 54) =     10.46436  eV     1   --> A              
     e( 55 - 55) =     10.68676  eV     1   --> A              
     e( 56 - 56) =     13.56823  eV     1   --> A              
     e( 57 - 57) =     13.97913  eV     1   --> A              
     e( 58 - 58) =     13.99934  eV     1   --> A              
     e( 59 - 59) =     14.44893  eV     1   --> A              
     e( 60 - 60) =     14.61293  eV     1   --> A              
     e( 61 - 61) =     15.07144  eV     1   --> A              
     e( 62 - 62) =     15.66507  eV     1   --> A              
     e( 63 - 63) =     16.26409  eV     1   --> A              
     e( 64 - 64) =     16.65634  eV     1   --> A              
     e( 65 - 65) =     17.77080  eV     1   --> A              
     e( 66 - 66) =     18.38994  eV     1   --> A              
     e( 67 - 67) =     18.75008  eV     1   --> A              
     e( 68 - 68) =     19.43830  eV     1   --> A              
     e( 69 - 69) =     20.24054  eV     1   --> A              
     e( 70 - 70) =     20.77622  eV     1   --> A              
     e( 71 - 71) =     21.00322  eV     1   --> A              
     e( 72 - 72) =     21.43418  eV     1   --> A              
     e( 73 - 73) =     22.47671  eV     1   --> A              
     e( 74 - 74) =     22.86412  eV     1   --> A              
     e( 75 - 75) =     23.04975  eV     1   --> A              
     e( 76 - 76) =     23.96971  eV     1   --> A              
     e( 77 - 77) =     24.26298  eV     1   --> A              
     e( 78 - 78) =     24.50074  eV     1   --> A              
     e( 79 - 79) =     24.91172  eV     1   --> A              
     e( 80 - 80) =     25.30350  eV     1   --> A              

 **************************************************************************

 **************************************************************************

                    xk=(   0.40001,   0.32728,   0.00487  )

     Band symmetry, C_1 (1)     point group:

     e(  1 -  1) =    -82.06000  eV     1   --> A              
     e(  2 -  2) =    -68.43293  eV     1   --> A              
     e(  3 -  3) =    -63.93949  eV     1   --> A              
     e(  4 -  4) =    -63.92543  eV     1   --> A              
     e(  5 -  5) =    -45.60635  eV     1   --> A              
     e(  6 -  6) =    -45.36348  eV     1   --> A              
     e(  7 -  7) =    -45.20783  eV     1   --> A              
     e(  8 -  8) =    -37.49433  eV     1   --> A              
     e(  9 -  9) =    -37.48608  eV     1   --> A              
     e( 10 - 10) =    -37.46772  eV     1   --> A              
     e( 11 - 11) =    -28.40266  eV     1   --> A              
     e( 12 - 12) =    -28.34296  eV     1   --> A              
     e( 13 - 13) =    -28.31740  eV     1   --> A              
     e( 14 - 14) =    -28.24963  eV     1   --> A              
     e( 15 - 15) =    -28.23881  eV     1   --> A              
     e( 16 - 16) =    -28.17392  eV     1   --> A              
     e( 17 - 17) =     -7.83111  eV     1   --> A              
     e( 18 - 18) =     -7.27570  eV     1   --> A              
     e( 19 - 19) =     -7.02558  eV     1   --> A              
     e( 20 - 20) =     -6.74713  eV     1   --> A              
     e( 21 - 21) =     -6.64187  eV     1   --> A              
     e( 22 - 22) =     -6.30376  eV     1   --> A              
     e( 23 - 23) =     -6.22842  eV     1   --> A              
     e( 24 - 24) =     -6.06911  eV     1   --> A              
     e( 25 - 25) =      3.71505  eV     1   --> A              
     e( 26 - 26) =      4.25610  eV     1   --> A              
     e( 27 - 27) =      4.39417  eV     1   --> A              
     e( 28 - 28) =      4.65267  eV     1   --> A              
     e( 29 - 29) =      4.99368  eV     1   --> A              
     e( 30 - 30) =      5.14498  eV     1   --> A              
     e( 31 - 31) =      5.24787  eV     1   --> A              
     e( 32 - 32) =      5.72370  eV     1   --> A              
     e( 33 - 33) =      5.88016  eV     1   --> A              
     e( 34 - 34) =      6.13814  eV     1   --> A              
     e( 35 - 35) =      6.45673  eV     1   --> A              
     e( 36 - 36) =      6.56803  eV     1   --> A              
     e( 37 - 37) =      6.77660  eV     1   --> A              
     e( 38 - 38) =      7.13125  eV     1   --> A              
     e( 39 - 39) =      7.20430  eV     1   --> A              
     e( 40 - 40) =      7.36544  eV     1   --> A              
     e( 41 - 41) =      7.44118  eV     1   --> A              
     e( 42 - 42) =      7.85875  eV     1   --> A              
     e( 43 - 43) =      7.98208  eV     1   --> A              
     e( 44 - 44) =      8.04031  eV     1   --> A              
     e( 45 - 45) =      8.25187  eV     1   --> A              
     e( 46 - 46) =      8.46442  eV     1   --> A              
     e( 47 - 47) =      8.59459  eV     1   --> A              
     e( 48 - 48) =      8.76517  eV     1   --> A              
     e( 49 - 49) =      8.97817  eV     1   --> A              
     e( 50 - 50) =      9.14147  eV     1   --> A              
     e( 51 - 51) =      9.37167  eV     1   --> A              
     e( 52 - 52) =      9.66032  eV     1   --> A              
     e( 53 - 53) =      9.93679  eV     1   --> A              
     e( 54 - 54) =     10.48700  eV     1   --> A              
     e( 55 - 55) =     10.72071  eV     1   --> A              
     e( 56 - 56) =     13.56758  eV     1   --> A              
     e( 57 - 57) =     13.96612  eV     1   --> A              
     e( 58 - 58) =     13.99326  eV     1   --> A              
     e( 59 - 59) =     14.46826  eV     1   --> A              
     e( 60 - 60) =     14.60959  eV     1   --> A              
     e( 61 - 61) =     15.05749  eV     1   --> A              
     e( 62 - 62) =     15.66755  eV     1   --> A              
     e( 63 - 63) =     16.26025  eV     1   --> A              
     e( 64 - 64) =     16.66642  eV     1   --> A              
     e( 65 - 65) =     17.82278  eV     1   --> A              
     e( 66 - 66) =     18.34150  eV     1   --> A              
     e( 67 - 67) =     18.72424  eV     1   --> A              
     e( 68 - 68) =     19.35241  eV     1   --> A              
     e( 69 - 69) =     20.16224  eV     1   --> A              
     e( 70 - 70) =     20.77780  eV     1   --> A              
     e( 71 - 71) =     20.99759  eV     1   --> A              
     e( 72 - 72) =     21.56717  eV     1   --> A              
     e( 73 - 73) =     22.48199  eV     1   --> A              
     e( 74 - 74) =     22.86325  eV     1   --> A              
     e( 75 - 75) =     23.06818  eV     1   --> A              
     e( 76 - 76) =     23.94305  eV     1   --> A              
     e( 77 - 77) =     24.24376  eV     1   --> A              
     e( 78 - 78) =     24.48575  eV     1   --> A              
     e( 79 - 79) =     24.88789  eV     1   --> A              
     e( 80 - 80) =     25.38807  eV     1   --> A              

 **************************************************************************

 **************************************************************************

                    xk=(   0.37501,   0.30682,   0.00456  )

     Band symmetry, C_1 (1)     point group:

     e(  1 -  1) =    -82.06000  eV     1   --> A              
     e(  2 -  2) =    -68.43293  eV     1   --> A              
     e(  3 -  3) =    -63.93949  eV     1   --> A              
     e(  4 -  4) =    -63.92541  eV     1   --> A              
     e(  5 -  5) =    -45.60635  eV     1   --> A              
     e(  6 -  6) =    -45.36348  eV     1   --> A              
     e(  7 -  7) =    -45.20783  eV     1   --> A              
     e(  8 -  8) =    -37.49433  eV     1   --> A              
     e(  9 -  9) =    -37.48608  eV     1   --> A              
     e( 10 - 10) =    -37.46772  eV     1   --> A              
     e( 11 - 11) =    -28.40274  eV     1   --> A              
     e( 12 - 12) =    -28.34321  eV     1   --> A              
     e( 13 - 13) =    -28.31730  eV     1   --> A              
     e( 14 - 14) =    -28.24948  eV     1   --> A              
     e( 15 - 15) =    -28.23861  eV     1   --> A              
     e( 16 - 16) =    -28.17383  eV     1   --> A              
     e( 17 - 17) =     -7.85751  eV     1   --> A              
     e( 18 - 18) =     -7.26858  eV     1   --> A              
     e( 19 - 19) =     -7.01355  eV     1   --> A              
     e( 20 - 20) =     -6.74028  eV     1   --> A              
     e( 21 - 21) =     -6.64138  eV     1   --> A              
     e( 22 - 22) =     -6.30701  eV     1   --> A              
     e( 23 - 23) =     -6.22517  eV     1   --> A              
     e( 24 - 24) =     -6.06610  eV     1   --> A              
     e( 25 - 25) =      3.75977  eV     1   --> A              
     e( 26 - 26) =      4.25389  eV     1   --> A              
     e( 27 - 27) =      4.37415  eV     1   --> A              
     e( 28 - 28) =      4.69170  eV     1   --> A              
     e( 29 - 29) =      4.96956  eV     1   --> A              
     e( 30 - 30) =      5.10735  eV     1   --> A              
     e( 31 - 31) =      5.20622  eV     1   --> A              
     e( 32 - 32) =      5.70010  eV     1   --> A              
     e( 33 - 33) =      5.83968  eV     1   --> A              
     e( 34 - 34) =      6.16149  eV     1   --> A              
     e( 35 - 35) =      6.42521  eV     1   --> A              
     e( 36 - 36) =      6.54391  eV     1   --> A              
     e( 37 - 37) =      6.76770  eV     1   --> A              
     e( 38 - 38) =      7.19233  eV     1   --> A              
     e( 39 - 39) =      7.23981  eV     1   --> A              
     e( 40 - 40) =      7.37316  eV     1   --> A              
     e( 41 - 41) =      7.51986  eV     1   --> A              
     e( 42 - 42) =      7.85096  eV     1   --> A              
     e( 43 - 43) =      7.91599  eV     1   --> A              
     e( 44 - 44) =      8.05812  eV     1   --> A              
     e( 45 - 45) =      8.25860  eV     1   --> A              
     e( 46 - 46) =      8.48079  eV     1   --> A              
     e( 47 - 47) =      8.60052  eV     1   --> A              
     e( 48 - 48) =      8.74386  eV     1   --> A              
     e( 49 - 49) =      8.98702  eV     1   --> A              
     e( 50 - 50) =      9.13424  eV     1   --> A              
     e( 51 - 51) =      9.36993  eV     1   --> A              
     e( 52 - 52) =      9.66248  eV     1   --> A              
     e( 53 - 53) =      9.92349  eV     1   --> A              
     e( 54 - 54) =     10.50516  eV     1   --> A              
     e( 55 - 55) =     10.76315  eV     1   --> A              
     e( 56 - 56) =     13.56669  eV     1   --> A              
     e( 57 - 57) =     13.94837  eV     1   --> A              
     e( 58 - 58) =     13.98943  eV     1   --> A              
     e( 59 - 59) =     14.48080  eV     1   --> A              
     e( 60 - 60) =     14.61243  eV     1   --> A              
     e( 61 - 61) =     15.04325  eV     1   --> A              
     e( 62 - 62) =     15.67136  eV     1   --> A              
     e( 63 - 63) =     16.25698  eV     1   --> A              
     e( 64 - 64) =     16.67707  eV     1   --> A              
     e( 65 - 65) =     17.88173  eV     1   --> A              
     e( 66 - 66) =     18.28241  eV     1   --> A              
     e( 67 - 67) =     18.69091  eV     1   --> A              
     e( 68 - 68) =     19.25450  eV     1   --> A              
     e( 69 - 69) =     20.09090  eV     1   --> A              
     e( 70 - 70) =     20.79409  eV     1   --> A              
     e( 71 - 71) =     20.98995  eV     1   --> A              
     e( 72 - 72) =     21.68597  eV     1   --> A              
     e( 73 - 73) =     22.49815  eV     1   --> A              
     e( 74 - 74) =     22.86530  eV     1   --> A              
     e( 75 - 75) =     23.07856  eV     1   --> A              
     e( 76 - 76) =     23.92041  eV     1   --> A              
     e( 77 - 77) =     24.21347  eV     1   --> A              
     e( 78 - 78) =     24.51748  eV     1   --> A              
     e( 79 - 79) =     24.86442  eV     1   --> A              
     e( 80 - 80) =     25.40365  eV     1   --> A              

 **************************************************************************

 **************************************************************************

                    xk=(   0.35001,   0.28637,   0.00426  )

     Band symmetry, C_1 (1)     point group:

     e(  1 -  1) =    -82.06000  eV     1   --> A              
     e(  2 -  2) =    -68.43293  eV     1   --> A              
     e(  3 -  3) =    -63.93949  eV     1   --> A              
     e(  4 -  4) =    -63.92539  eV     1   --> A              
     e(  5 -  5) =    -45.60634  eV     1   --> A              
     e(  6 -  6) =    -45.36348  eV     1   --> A              
     e(  7 -  7) =    -45.20783  eV     1   --> A              
     e(  8 -  8) =    -37.49432  eV     1   --> A              
     e(  9 -  9) =    -37.48608  eV     1   --> A              
     e( 10 - 10) =    -37.46771  eV     1   --> A              
     e( 11 - 11) =    -28.40284  eV     1   --> A              
     e( 12 - 12) =    -28.34349  eV     1   --> A              
     e( 13 - 13) =    -28.31718  eV     1   --> A              
     e( 14 - 14) =    -28.24931  eV     1   --> A              
     e( 15 - 15) =    -28.23837  eV     1   --> A              
     e( 16 - 16) =    -28.17373  eV     1   --> A              
     e( 17 - 17) =     -7.89015  eV     1   --> A              
     e( 18 - 18) =     -7.25620  eV     1   --> A              
     e( 19 - 19) =     -7.00083  eV     1   --> A              
     e( 20 - 20) =     -6.73273  eV     1   --> A              
     e( 21 - 21) =     -6.64051  eV     1   --> A              
     e( 22 - 22) =     -6.31117  eV     1   --> A              
     e( 23 - 23) =     -6.22099  eV     1   --> A              
     e( 24 - 24) =     -6.06287  eV     1   --> A              
     e( 25 - 25) =      3.80947  eV     1   --> A              
     e( 26 - 26) =      4.25301  eV     1   --> A              
     e( 27 - 27) =      4.35146  eV     1   --> A              
     e( 28 - 28) =      4.72054  eV     1   --> A              
     e( 29 - 29) =      4.93216  eV     1   --> A              
     e( 30 - 30) =      5.03299  eV     1   --> A              
     e( 31 - 31) =      5.23085  eV     1   --> A              
     e( 32 - 32) =      5.66016  eV     1   --> A              
     e( 33 - 33) =      5.80995  eV     1   --> A              
     e( 34 - 34) =      6.18390  eV     1   --> A              
     e( 35 - 35) =      6.40018  eV     1   --> A              
     e( 36 - 36) =      6.52027  eV     1   --> A              
     e( 37 - 37) =      6.75983  eV     1   --> A              
     e( 38 - 38) =      7.17038  eV     1   --> A              
     e( 39 - 39) =      7.32056  eV     1   --> A              
     e( 40 - 40) =      7.38829  eV     1   --> A              
     e( 41 - 41) =      7.60820  eV     1   --> A              
     e( 42 - 42) =      7.81572  eV     1   --> A              
     e( 43 - 43) =      7.88769  eV     1   --> A              
     e( 44 - 44) =      8.07819  eV     1   --> A              
     e( 45 - 45) =      8.26635  eV     1   --> A              
     e( 46 - 46) =      8.49052  eV     1   --> A              
     e( 47 - 47) =      8.62930  eV     1   --> A              
     e( 48 - 48) =      8.72036  eV     1   --> A              
     e( 49 - 49) =      8.98553  eV     1   --> A              
     e( 50 - 50) =      9.12490  eV     1   --> A              
     e( 51 - 51) =      9.37631  eV     1   --> A              
     e( 52 - 52) =      9.65890  eV     1   --> A              
     e( 53 - 53) =      9.90720  eV     1   --> A              
     e( 54 - 54) =     10.51797  eV     1   --> A              
     e( 55 - 55) =     10.80918  eV     1   --> A              
     e( 56 - 56) =     13.56585  eV     1   --> A              
     e( 57 - 57) =     13.92726  eV     1   --> A              
     e( 58 - 58) =     13.98720  eV     1   --> A              
     e( 59 - 59) =     14.48107  eV     1   --> A              
     e( 60 - 60) =     14.62451  eV     1   --> A              
     e( 61 - 61) =     15.03088  eV     1   --> A              
     e( 62 - 62) =     15.67683  eV     1   --> A              
     e( 63 - 63) =     16.25512  eV     1   --> A              
     e( 64 - 64) =     16.68715  eV     1   --> A              
     e( 65 - 65) =     17.93819  eV     1   --> A              
     e( 66 - 66) =     18.21711  eV     1   --> A              
     e( 67 - 67) =     18.64815  eV     1   --> A              
     e( 68 - 68) =     19.16031  eV     1   --> A              
     e( 69 - 69) =     20.02828  eV     1   --> A              
     e( 70 - 70) =     20.82151  eV     1   --> A              
     e( 71 - 71) =     20.98151  eV     1   --> A              
     e( 72 - 72) =     21.78172  eV     1   --> A              
     e( 73 - 73) =     22.52820  eV     1   --> A              
     e( 74 - 74) =     22.86755  eV     1   --> A              
     e( 75 - 75) =     23.08880  eV     1   --> A              
     e( 76 - 76) =     23.89995  eV     1   --> A              
     e( 77 - 77) =     24.17802  eV     1   --> A              
     e( 78 - 78) =     24.58569  eV     1   --> A              
     e( 79 - 79) =     24.85141  eV     1   --> A              
     e( 80 - 80) =     25.34683  eV     1   --> A              

 **************************************************************************

 **************************************************************************

                    xk=(   0.32501,   0.26591,   0.00396  )

     Band symmetry, C_1 (1)     point group:

     e(  1 -  1) =    -82.06000  eV     1   --> A              
     e(  2 -  2) =    -68.43293  eV     1   --> A              
     e(  3 -  3) =    -63.93948  eV     1   --> A              
     e(  4 -  4) =    -63.92537  eV     1   --> A              
     e(  5 -  5) =    -45.60634  eV     1   --> A              
     e(  6 -  6) =    -45.36348  eV     1   --> A              
     e(  7 -  7) =    -45.20783  eV     1   --> A              
     e(  8 -  8) =    -37.49432  eV     1   --> A              
     e(  9 -  9) =    -37.48608  eV     1   --> A              
     e( 10 - 10) =    -37.46771  eV     1   --> A              
     e( 11 - 11) =    -28.40294  eV     1   --> A              
     e( 12 - 12) =    -28.34380  eV     1   --> A              
     e( 13 - 13) =    -28.31704  eV     1   --> A              
     e( 14 - 14) =    -28.24912  eV     1   --> A              
     e( 15 - 15) =    -28.23811  eV     1   --> A              
     e( 16 - 16) =    -28.17362  eV     1   --> A              
     e( 17 - 17) =     -7.92821  eV     1   --> A              
     e( 18 - 18) =     -7.23847  eV     1   --> A              
     e( 19 - 19) =     -6.98778  eV     1   --> A              
     e( 20 - 20) =     -6.72502  eV     1   --> A              
     e( 21 - 21) =     -6.63911  eV     1   --> A              
     e( 22 - 22) =     -6.31626  eV     1   --> A              
     e( 23 - 23) =     -6.21583  eV     1   --> A              
     e( 24 - 24) =     -6.05955  eV     1   --> A              
     e( 25 - 25) =      3.86040  eV     1   --> A              
     e( 26 - 26) =      4.25128  eV     1   --> A              
     e( 27 - 27) =      4.32740  eV     1   --> A              
     e( 28 - 28) =      4.73388  eV     1   --> A              
     e( 29 - 29) =      4.86360  eV     1   --> A              
     e( 30 - 30) =      4.99419  eV     1   --> A              
     e( 31 - 31) =      5.27360  eV     1   --> A              
     e( 32 - 32) =      5.61597  eV     1   --> A              
     e( 33 - 33) =      5.79388  eV     1   --> A              
     e( 34 - 34) =      6.19511  eV     1   --> A              
     e( 35 - 35) =      6.38087  eV     1   --> A              
     e( 36 - 36) =      6.50174  eV     1   --> A              
     e( 37 - 37) =      6.75293  eV     1   --> A              
     e( 38 - 38) =      7.12601  eV     1   --> A              
     e( 39 - 39) =      7.33832  eV     1   --> A              
     e( 40 - 40) =      7.46495  eV     1   --> A              
     e( 41 - 41) =      7.67230  eV     1   --> A              
     e( 42 - 42) =      7.76920  eV     1   --> A              
     e( 43 - 43) =      7.91077  eV     1   --> A              
     e( 44 - 44) =      8.09961  eV     1   --> A              
     e( 45 - 45) =      8.27172  eV     1   --> A              
     e( 46 - 46) =      8.50187  eV     1   --> A              
     e( 47 - 47) =      8.66854  eV     1   --> A              
     e( 48 - 48) =      8.69684  eV     1   --> A              
     e( 49 - 49) =      8.97150  eV     1   --> A              
     e( 50 - 50) =      9.12041  eV     1   --> A              
     e( 51 - 51) =      9.38605  eV     1   --> A              
     e( 52 - 52) =      9.65121  eV     1   --> A              
     e( 53 - 53) =      9.88802  eV     1   --> A              
     e( 54 - 54) =     10.52597  eV     1   --> A              
     e( 55 - 55) =     10.85318  eV     1   --> A              
     e( 56 - 56) =     13.56558  eV     1   --> A              
     e( 57 - 57) =     13.90359  eV     1   --> A              
     e( 58 - 58) =     13.98610  eV     1   --> A              
     e( 59 - 59) =     14.47001  eV     1   --> A              
     e( 60 - 60) =     14.64292  eV     1   --> A              
     e( 61 - 61) =     15.02232  eV     1   --> A              
     e( 62 - 62) =     15.68429  eV     1   --> A              
     e( 63 - 63) =     16.25537  eV     1   --> A              
     e( 64 - 64) =     16.69559  eV     1   --> A              
     e( 65 - 65) =     17.97507  eV     1   --> A              
     e( 66 - 66) =     18.15103  eV     1   --> A              
     e( 67 - 67) =     18.59973  eV     1   --> A              
     e( 68 - 68) =     19.08693  eV     1   --> A              
     e( 69 - 69) =     19.97285  eV     1   --> A              
     e( 70 - 70) =     20.85785  eV     1   --> A              
     e( 71 - 71) =     20.97391  eV     1   --> A              
     e( 72 - 72) =     21.84950  eV     1   --> A              
     e( 73 - 73) =     22.57065  eV     1   --> A              
     e( 74 - 74) =     22.86885  eV     1   --> A              
     e( 75 - 75) =     23.11032  eV     1   --> A              
     e( 76 - 76) =     23.86632  eV     1   --> A              
     e( 77 - 77) =     24.16069  eV     1   --> A              
     e( 78 - 78) =     24.65557  eV     1   --> A              
     e( 79 - 79) =     24.87071  eV     1   --> A              
     e( 80 - 80) =     25.24880  eV     1   --> A              

 **************************************************************************

 **************************************************************************

                    xk=(   0.30001,   0.24546,   0.00365  )

     Band symmetry, C_1 (1)     point group:

     e(  1 -  1) =    -82.06000  eV     1   --> A              
     e(  2 -  2) =    -68.43293  eV     1   --> A              
     e(  3 -  3) =    -63.93948  eV     1   --> A              
     e(  4 -  4) =    -63.92535  eV     1   --> A              
     e(  5 -  5) =    -45.60634  eV     1   --> A              
     e(  6 -  6) =    -45.36348  eV     1   --> A              
     e(  7 -  7) =    -45.20783  eV     1   --> A              
     e(  8 -  8) =    -37.49432  eV     1   --> A              
     e(  9 -  9) =    -37.48608  eV     1   --> A              
     e( 10 - 10) =    -37.46770  eV     1   --> A              
     e( 11 - 11) =    -28.40305  eV     1   --> A              
     e( 12 - 12) =    -28.34413  eV     1   --> A              
     e( 13 - 13) =    -28.31689  eV     1   --> A              
     e( 14 - 14) =    -28.24891  eV     1   --> A              
     e( 15 - 15) =    -28.23782  eV     1   --> A              
     e( 16 - 16) =    -28.17350  eV     1   --> A              
     e( 17 - 17) =     -7.97046  eV     1   --> A              
     e( 18 - 18) =     -7.21594  eV     1   --> A              
     e( 19 - 19) =     -6.97450  eV     1   --> A              
     e( 20 - 20) =     -6.71781  eV     1   --> A              
     e( 21 - 21) =     -6.63698  eV     1   --> A              
     e( 22 - 22) =     -6.32224  eV     1   --> A              
     e( 23 - 23) =     -6.20983  eV     1   --> A              
     e( 24 - 24) =     -6.05607  eV     1   --> A              
     e( 25 - 25) =      3.90757  eV     1   --> A              
     e( 26 - 26) =      4.23878  eV     1   --> A              
     e( 27 - 27) =      4.31224  eV     1   --> A              
     e( 28 - 28) =      4.72363  eV     1   --> A              
     e( 29 - 29) =      4.78673  eV     1   --> A              
     e( 30 - 30) =      4.98571  eV     1   --> A              
     e( 31 - 31) =      5.32386  eV     1   --> A              
     e( 32 - 32) =      5.58235  eV     1   --> A              
     e( 33 - 33) =      5.78530  eV     1   --> A              
     e( 34 - 34) =      6.19568  eV     1   --> A              
     e( 35 - 35) =      6.36300  eV     1   --> A              
     e( 36 - 36) =      6.49054  eV     1   --> A              
     e( 37 - 37) =      6.74600  eV     1   --> A              
     e( 38 - 38) =      7.06802  eV     1   --> A              
     e( 39 - 39) =      7.33809  eV     1   --> A              
     e( 40 - 40) =      7.53624  eV     1   --> A              
     e( 41 - 41) =      7.69165  eV     1   --> A              
     e( 42 - 42) =      7.78270  eV     1   --> A              
     e( 43 - 43) =      7.94085  eV     1   --> A              
     e( 44 - 44) =      8.13392  eV     1   --> A              
     e( 45 - 45) =      8.27162  eV     1   --> A              
     e( 46 - 46) =      8.51934  eV     1   --> A              
     e( 47 - 47) =      8.65992  eV     1   --> A              
     e( 48 - 48) =      8.72316  eV     1   --> A              
     e( 49 - 49) =      8.94631  eV     1   --> A              
     e( 50 - 50) =      9.12374  eV     1   --> A              
     e( 51 - 51) =      9.39615  eV     1   --> A              
     e( 52 - 52) =      9.64097  eV     1   --> A              
     e( 53 - 53) =      9.86668  eV     1   --> A              
     e( 54 - 54) =     10.52974  eV     1   --> A              
     e( 55 - 55) =     10.89037  eV     1   --> A              
     e( 56 - 56) =     13.56647  eV     1   --> A              
     e( 57 - 57) =     13.87798  eV     1   --> A              
     e( 58 - 58) =     13.98576  eV     1   --> A              
     e( 59 - 59) =     14.45185  eV     1   --> A              
     e( 60 - 60) =     14.66227  eV     1   --> A              
     e( 61 - 61) =     15.01859  eV     1   --> A              
     e( 62 - 62) =     15.69395  eV     1   --> A              
     e( 63 - 63) =     16.25823  eV     1   --> A              
     e( 64 - 64) =     16.70148  eV     1   --> A              
     e( 65 - 65) =     17.96811  eV     1   --> A              
     e( 66 - 66) =     18.08762  eV     1   --> A              
     e( 67 - 67) =     18.56376  eV     1   --> A              
     e( 68 - 68) =     19.04490  eV     1   --> A              
     e( 69 - 69) =     19.92262  eV     1   --> A              
     e( 70 - 70) =     20.90130  eV     1   --> A              
     e( 71 - 71) =     20.96946  eV     1   --> A              
     e( 72 - 72) =     21.89037  eV     1   --> A              
     e( 73 - 73) =     22.61790  eV     1   --> A              
     e( 74 - 74) =     22.87118  eV     1   --> A              
     e( 75 - 75) =     23.15088  eV     1   --> A              
     e( 76 - 76) =     23.80962  eV     1   --> A              
     e( 77 - 77) =     24.17335  eV     1   --> A              
     e( 78 - 78) =     24.69260  eV     1   --> A              
     e( 79 - 79) =     24.94505  eV     1   --> A              
     e( 80 - 80) =     25.13618  eV     1   --> A              

 **************************************************************************

 **************************************************************************

                    xk=(   0.27501,   0.22500,   0.00335  )

     Band symmetry, C_1 (1)     point group:

     e(  1 -  1) =    -82.06000  eV     1   --> A              
     e(  2 -  2) =    -68.43293  eV     1   --> A              
     e(  3 -  3) =    -63.93948  eV     1   --> A              
     e(  4 -  4) =    -63.92534  eV     1   --> A              
     e(  5 -  5) =    -45.60633  eV     1   --> A              
     e(  6 -  6) =    -45.36348  eV     1   --> A              
     e(  7 -  7) =    -45.20783  eV     1   --> A              
     e(  8 -  8) =    -37.49432  eV     1   --> A              
     e(  9 -  9) =    -37.48608  eV     1   --> A              
     e( 10 - 10) =    -37.46769  eV     1   --> A              
     e( 11 - 11) =    -28.40316  eV     1   --> A              
     e( 12 - 12) =    -28.34447  eV     1   --> A              
     e( 13 - 13) =    -28.31673  eV     1   --> A              
     e( 14 - 14) =    -28.24869  eV     1   --> A              
     e( 15 - 15) =    -28.23752  eV     1   --> A              
     e( 16 - 16) =    -28.17338  eV     1   --> A              
     e( 17 - 17) =     -8.01544  eV     1   --> A              
     e( 18 - 18) =     -7.18969  eV     1   --> A              
     e( 19 - 19) =     -6.96081  eV     1   --> A              
     e( 20 - 20) =     -6.71182  eV     1   --> A              
     e( 21 - 21) =     -6.63389  eV     1   --> A              
     e( 22 - 22) =     -6.32900  eV     1   --> A              
     e( 23 - 23) =     -6.20345  eV     1   --> A              
     e( 24 - 24) =     -6.05216  eV     1   --> A              
     e( 25 - 25) =      3.94506  eV     1   --> A              
     e( 26 - 26) =      4.20703  eV     1   --> A              
     e( 27 - 27) =      4.31552  eV     1   --> A              
     e( 28 - 28) =      4.66786  eV     1   --> A              
     e( 29 - 29) =      4.74570  eV     1   --> A              
     e( 30 - 30) =      4.99297  eV     1   --> A              
     e( 31 - 31) =      5.36891  eV     1   --> A              
     e( 32 - 32) =      5.56897  eV     1   --> A              
     e( 33 - 33) =      5.78433  eV     1   --> A              
     e( 34 - 34) =      6.19113  eV     1   --> A              
     e( 35 - 35) =      6.34382  eV     1   --> A              
     e( 36 - 36) =      6.48074  eV     1   --> A              
     e( 37 - 37) =      6.73831  eV     1   --> A              
     e( 38 - 38) =      7.00917  eV     1   --> A              
     e( 39 - 39) =      7.34098  eV     1   --> A              
     e( 40 - 40) =      7.55321  eV     1   --> A              
     e( 41 - 41) =      7.72679  eV     1   --> A              
     e( 42 - 42) =      7.82717  eV     1   --> A              
     e( 43 - 43) =      7.95989  eV     1   --> A              
     e( 44 - 44) =      8.18841  eV     1   --> A              
     e( 45 - 45) =      8.26592  eV     1   --> A              
     e( 46 - 46) =      8.54048  eV     1   --> A              
     e( 47 - 47) =      8.63018  eV     1   --> A              
     e( 48 - 48) =      8.76892  eV     1   --> A              
     e( 49 - 49) =      8.91446  eV     1   --> A              
     e( 50 - 50) =      9.13420  eV     1   --> A              
     e( 51 - 51) =      9.40582  eV     1   --> A              
     e( 52 - 52) =      9.62946  eV     1   --> A              
     e( 53 - 53) =      9.84462  eV     1   --> A              
     e( 54 - 54) =     10.52947  eV     1   --> A              
     e( 55 - 55) =     10.91747  eV     1   --> A              
     e( 56 - 56) =     13.56887  eV     1   --> A              
     e( 57 - 57) =     13.85133  eV     1   --> A              
     e( 58 - 58) =     13.98591  eV     1   --> A              
     e( 59 - 59) =     14.42980  eV     1   --> A              
     e( 60 - 60) =     14.67941  eV     1   --> A              
     e( 61 - 61) =     15.01931  eV     1   --> A              
     e( 62 - 62) =     15.70595  eV     1   --> A              
     e( 63 - 63) =     16.26393  eV     1   --> A              
     e( 64 - 64) =     16.70411  eV     1   --> A              
     e( 65 - 65) =     17.90292  eV     1   --> A              
     e( 66 - 66) =     18.02624  eV     1   --> A              
     e( 67 - 67) =     18.55984  eV     1   --> A              
     e( 68 - 68) =     19.03548  eV     1   --> A              
     e( 69 - 69) =     19.87611  eV     1   --> A              
     e( 70 - 70) =     20.94671  eV     1   --> A              
     e( 71 - 71) =     20.97439  eV     1   --> A              
     e( 72 - 72) =     21.91047  eV     1   --> A              
     e( 73 - 73) =     22.66014  eV     1   --> A              
     e( 74 - 74) =     22.87690  eV     1   --> A              
     e( 75 - 75) =     23.20981  eV     1   --> A              
     e( 76 - 76) =     23.73873  eV     1   --> A              
     e( 77 - 77) =     24.20970  eV     1   --> A              
     e( 78 - 78) =     24.70736  eV     1   --> A              
     e( 79 - 79) =     24.98844  eV     1   --> A              
     e( 80 - 80) =     25.08794  eV     1   --> A              

 **************************************************************************

 **************************************************************************

                    xk=(   0.25001,   0.20455,   0.00304  )

     Band symmetry, C_1 (1)     point group:

     e(  1 -  1) =    -82.06000  eV     1   --> A              
     e(  2 -  2) =    -68.43293  eV     1   --> A              
     e(  3 -  3) =    -63.93947  eV     1   --> A              
     e(  4 -  4) =    -63.92533  eV     1   --> A              
     e(  5 -  5) =    -45.60633  eV     1   --> A              
     e(  6 -  6) =    -45.36348  eV     1   --> A              
     e(  7 -  7) =    -45.20783  eV     1   --> A              
     e(  8 -  8) =    -37.49431  eV     1   --> A              
     e(  9 -  9) =    -37.48609  eV     1   --> A              
     e( 10 - 10) =    -37.46769  eV     1   --> A              
     e( 11 - 11) =    -28.40327  eV     1   --> A              
     e( 12 - 12) =    -28.34481  eV     1   --> A              
     e( 13 - 13) =    -28.31656  eV     1   --> A              
     e( 14 - 14) =    -28.24847  eV     1   --> A              
     e( 15 - 15) =    -28.23721  eV     1   --> A              
     e( 16 - 16) =    -28.17325  eV     1   --> A              
     e( 17 - 17) =     -8.06167  eV     1   --> A              
     e( 18 - 18) =     -7.16120  eV     1   --> A              
     e( 19 - 19) =     -6.94624  eV     1   --> A              
     e( 20 - 20) =     -6.70769  eV     1   --> A              
     e( 21 - 21) =     -6.62965  eV     1   --> A              
     e( 22 - 22) =     -6.33647  eV     1   --> A              
     e( 23 - 23) =     -6.19740  eV     1   --> A              
     e( 24 - 24) =     -6.04731  eV     1   --> A              
     e( 25 - 25) =      3.96649  eV     1   --> A              
     e( 26 - 26) =      4.16663  eV     1   --> A              
     e( 27 - 27) =      4.32655  eV     1   --> A              
     e( 28 - 28) =      4.59930  eV     1   --> A              
     e( 29 - 29) =      4.72114  eV     1   --> A              
     e( 30 - 30) =      5.01247  eV     1   --> A              
     e( 31 - 31) =      5.39522  eV     1   --> A              
     e( 32 - 32) =      5.57549  eV     1   --> A              
     e( 33 - 33) =      5.79942  eV     1   --> A              
     e( 34 - 34) =      6.18618  eV     1   --> A              
     e( 35 - 35) =      6.32494  eV     1   --> A              
     e( 36 - 36) =      6.46035  eV     1   --> A              
     e( 37 - 37) =      6.73183  eV     1   --> A              
     e( 38 - 38) =      6.96574  eV     1   --> A              
     e( 39 - 39) =      7.34841  eV     1   --> A              
     e( 40 - 40) =      7.54282  eV     1   --> A              
     e( 41 - 41) =      7.76811  eV     1   --> A              
     e( 42 - 42) =      7.87419  eV     1   --> A              
     e( 43 - 43) =      7.97280  eV     1   --> A              
     e( 44 - 44) =      8.24407  eV     1   --> A              
     e( 45 - 45) =      8.26685  eV     1   --> A              
     e( 46 - 46) =      8.55184  eV     1   --> A              
     e( 47 - 47) =      8.61097  eV     1   --> A              
     e( 48 - 48) =      8.80818  eV     1   --> A              
     e( 49 - 49) =      8.88230  eV     1   --> A              
     e( 50 - 50) =      9.15115  eV     1   --> A              
     e( 51 - 51) =      9.41518  eV     1   --> A              
     e( 52 - 52) =      9.61815  eV     1   --> A              
     e( 53 - 53) =      9.82364  eV     1   --> A              
     e( 54 - 54) =     10.52487  eV     1   --> A              
     e( 55 - 55) =     10.93282  eV     1   --> A              
     e( 56 - 56) =     13.57249  eV     1   --> A              
     e( 57 - 57) =     13.82531  eV     1   --> A              
     e( 58 - 58) =     13.98639  eV     1   --> A              
     e( 59 - 59) =     14.40560  eV     1   --> A              
     e( 60 - 60) =     14.69379  eV     1   --> A              
     e( 61 - 61) =     15.02262  eV     1   --> A              
     e( 62 - 62) =     15.72020  eV     1   --> A              
     e( 63 - 63) =     16.27249  eV     1   --> A              
     e( 64 - 64) =     16.70310  eV     1   --> A              
     e( 65 - 65) =     17.78423  eV     1   --> A              
     e( 66 - 66) =     17.97502  eV     1   --> A              
     e( 67 - 67) =     18.58254  eV     1   --> A              
     e( 68 - 68) =     19.05499  eV     1   --> A              
     e( 69 - 69) =     19.83234  eV     1   --> A              
     e( 70 - 70) =     20.96886  eV     1   --> A              
     e( 71 - 71) =     21.01546  eV     1   --> A              
     e( 72 - 72) =     21.91766  eV     1   --> A              
     e( 73 - 73) =     22.69135  eV     1   --> A              
     e( 74 - 74) =     22.88528  eV     1   --> A              
     e( 75 - 75) =     23.27343  eV     1   --> A              
     e( 76 - 76) =     23.67437  eV     1   --> A              
     e( 77 - 77) =     24.25984  eV     1   --> A              
     e( 78 - 78) =     24.71980  eV     1   --> A              
     e( 79 - 79) =     24.88579  eV     1   --> A              
     e( 80 - 80) =     25.18827  eV     1   --> A              

 **************************************************************************

 **************************************************************************

                    xk=(   0.22501,   0.18409,   0.00274  )

     Band symmetry, C_1 (1)     point group:

     e(  1 -  1) =    -82.06000  eV     1   --> A              
     e(  2 -  2) =    -68.43292  eV     1   --> A              
     e(  3 -  3) =    -63.93947  eV     1   --> A              
     e(  4 -  4) =    -63.92532  eV     1   --> A              
     e(  5 -  5) =    -45.60633  eV     1   --> A              
     e(  6 -  6) =    -45.36348  eV     1   --> A              
     e(  7 -  7) =    -45.20783  eV     1   --> A              
     e(  8 -  8) =    -37.49431  eV     1   --> A              
     e(  9 -  9) =    -37.48609  eV     1   --> A              
     e( 10 - 10) =    -37.46768  eV     1   --> A              
     e( 11 - 11) =    -28.40338  eV     1   --> A              
     e( 12 - 12) =    -28.34515  eV     1   --> A              
     e( 13 - 13) =    -28.31639  eV     1   --> A              
     e( 14 - 14) =    -28.24825  eV     1   --> A              
     e( 15 - 15) =    -28.23690  eV     1   --> A              
     e( 16 - 16) =    -28.17311  eV     1   --> A              
     e( 17 - 17) =     -8.10772  eV     1   --> A              
     e( 18 - 18) =     -7.13224  eV     1   --> A              
     e( 19 - 19) =     -6.92999  eV     1   --> A              
     e( 20 - 20) =     -6.70573  eV     1   --> A              
     e( 21 - 21) =     -6.62430  eV     1   --> A              
     e( 22 - 22) =     -6.34464  eV     1   --> A              
     e( 23 - 23) =     -6.19253  eV     1   --> A              
     e( 24 - 24) =     -6.04092  eV     1   --> A              
     e( 25 - 25) =      3.96591  eV     1   --> A              
     e( 26 - 26) =      4.12912  eV     1   --> A              
     e( 27 - 27) =      4.33087  eV     1   --> A              
     e( 28 - 28) =      4.54944  eV     1   --> A              
     e( 29 - 29) =      4.69469  eV     1   --> A              
     e( 30 - 30) =      5.04236  eV     1   --> A              
     e( 31 - 31) =      5.40571  eV     1   --> A              
     e( 32 - 32) =      5.58102  eV     1   --> A              
     e( 33 - 33) =      5.84208  eV     1   --> A              
     e( 34 - 34) =      6.18255  eV     1   --> A              
     e( 35 - 35) =      6.30879  eV     1   --> A              
     e( 36 - 36) =      6.42478  eV     1   --> A              
     e( 37 - 37) =      6.73166  eV     1   --> A              
     e( 38 - 38) =      6.94625  eV     1   --> A              
     e( 39 - 39) =      7.35915  eV     1   --> A              
     e( 40 - 40) =      7.53193  eV     1   --> A              
     e( 41 - 41) =      7.79251  eV     1   --> A              
     e( 42 - 42) =      7.89696  eV     1   --> A              
     e( 43 - 43) =      8.00103  eV     1   --> A              
     e( 44 - 44) =      8.23988  eV     1   --> A              
     e( 45 - 45) =      8.32316  eV     1   --> A              
     e( 46 - 46) =      8.53706  eV     1   --> A              
     e( 47 - 47) =      8.61723  eV     1   --> A              
     e( 48 - 48) =      8.82354  eV     1   --> A              
     e( 49 - 49) =      8.87090  eV     1   --> A              
     e( 50 - 50) =      9.17465  eV     1   --> A              
     e( 51 - 51) =      9.42292  eV     1   --> A              
     e( 52 - 52) =      9.61005  eV     1   --> A              
     e( 53 - 53) =      9.80543  eV     1   --> A              
     e( 54 - 54) =     10.51521  eV     1   --> A              
     e( 55 - 55) =     10.93653  eV     1   --> A              
     e( 56 - 56) =     13.57587  eV     1   --> A              
     e( 57 - 57) =     13.80280  eV     1   --> A              
     e( 58 - 58) =     13.98720  eV     1   --> A              
     e( 59 - 59) =     14.38004  eV     1   --> A              
     e( 60 - 60) =     14.70631  eV     1   --> A              
     e( 61 - 61) =     15.02593  eV     1   --> A              
     e( 62 - 62) =     15.73638  eV     1   --> A              
     e( 63 - 63) =     16.28368  eV     1   --> A              
     e( 64 - 64) =     16.69846  eV     1   --> A              
     e( 65 - 65) =     17.63235  eV     1   --> A              
     e( 66 - 66) =     17.93910  eV     1   --> A              
     e( 67 - 67) =     18.61460  eV     1   --> A              
     e( 68 - 68) =     19.09707  eV     1   --> A              
     e( 69 - 69) =     19.79055  eV     1   --> A              
     e( 70 - 70) =     20.98677  eV     1   --> A              
     e( 71 - 71) =     21.07541  eV     1   --> A              
     e( 72 - 72) =     21.91900  eV     1   --> A              
     e( 73 - 73) =     22.70871  eV     1   --> A              
     e( 74 - 74) =     22.89382  eV     1   --> A              
     e( 75 - 75) =     23.30995  eV     1   --> A              
     e( 76 - 76) =     23.64884  eV     1   --> A              
     e( 77 - 77) =     24.31772  eV     1   --> A              
     e( 78 - 78) =     24.72136  eV     1   --> A              
     e( 79 - 79) =     24.80007  eV     1   --> A              
     e( 80 - 80) =     25.24125  eV     1   --> A              

 **************************************************************************

 **************************************************************************

                    xk=(   0.20001,   0.16364,   0.00243  )

     Band symmetry, C_1 (1)     point group:

     e(  1 -  1) =    -82.06000  eV     1   --> A              
     e(  2 -  2) =    -68.43292  eV     1   --> A              
     e(  3 -  3) =    -63.93946  eV     1   --> A              
     e(  4 -  4) =    -63.92532  eV     1   --> A              
     e(  5 -  5) =    -45.60632  eV     1   --> A              
     e(  6 -  6) =    -45.36348  eV     1   --> A              
     e(  7 -  7) =    -45.20783  eV     1   --> A              
     e(  8 -  8) =    -37.49431  eV     1   --> A              
     e(  9 -  9) =    -37.48609  eV     1   --> A              
     e( 10 - 10) =    -37.46767  eV     1   --> A              
     e( 11 - 11) =    -28.40348  eV     1   --> A              
     e( 12 - 12) =    -28.34547  eV     1   --> A              
     e( 13 - 13) =    -28.31622  eV     1   --> A              
     e( 14 - 14) =    -28.24804  eV     1   --> A              
     e( 15 - 15) =    -28.23660  eV     1   --> A              
     e( 16 - 16) =    -28.17298  eV     1   --> A              
     e( 17 - 17) =     -8.15229  eV     1   --> A              
     e( 18 - 18) =     -7.10481  eV     1   --> A              
     e( 19 - 19) =     -6.91108  eV     1   --> A              
     e( 20 - 20) =     -6.70583  eV     1   --> A              
     e( 21 - 21) =     -6.61812  eV     1   --> A              
     e( 22 - 22) =     -6.35365  eV     1   --> A              
     e( 23 - 23) =     -6.18958  eV     1   --> A              
     e( 24 - 24) =     -6.03252  eV     1   --> A              
     e( 25 - 25) =      3.94186  eV     1   --> A              
     e( 26 - 26) =      4.09899  eV     1   --> A              
     e( 27 - 27) =      4.32105  eV     1   --> A              
     e( 28 - 28) =      4.52593  eV     1   --> A              
     e( 29 - 29) =      4.66727  eV     1   --> A              
     e( 30 - 30) =      5.07805  eV     1   --> A              
     e( 31 - 31) =      5.41404  eV     1   --> A              
     e( 32 - 32) =      5.56934  eV     1   --> A              
     e( 33 - 33) =      5.90776  eV     1   --> A              
     e( 34 - 34) =      6.17931  eV     1   --> A              
     e( 35 - 35) =      6.29416  eV     1   --> A              
     e( 36 - 36) =      6.39068  eV     1   --> A              
     e( 37 - 37) =      6.73992  eV     1   --> A              
     e( 38 - 38) =      6.94766  eV     1   --> A              
     e( 39 - 39) =      7.37149  eV     1   --> A              
     e( 40 - 40) =      7.52498  eV     1   --> A              
     e( 41 - 41) =      7.79884  eV     1   --> A              
     e( 42 - 42) =      7.89347  eV     1   --> A              
     e( 43 - 43) =      8.03835  eV     1   --> A              
     e( 44 - 44) =      8.23019  eV     1   --> A              
     e( 45 - 45) =      8.36956  eV     1   --> A              
     e( 46 - 46) =      8.51837  eV     1   --> A              
     e( 47 - 47) =      8.62218  eV     1   --> A              
     e( 48 - 48) =      8.81532  eV     1   --> A              
     e( 49 - 49) =      8.89364  eV     1   --> A              
     e( 50 - 50) =      9.20434  eV     1   --> A              
     e( 51 - 51) =      9.42418  eV     1   --> A              
     e( 52 - 52) =      9.61074  eV     1   --> A              
     e( 53 - 53) =      9.79108  eV     1   --> A              
     e( 54 - 54) =     10.49939  eV     1   --> A              
     e( 55 - 55) =     10.93043  eV     1   --> A              
     e( 56 - 56) =     13.57614  eV     1   --> A              
     e( 57 - 57) =     13.78803  eV     1   --> A              
     e( 58 - 58) =     13.98843  eV     1   --> A              
     e( 59 - 59) =     14.35346  eV     1   --> A              
     e( 60 - 60) =     14.71808  eV     1   --> A              
     e( 61 - 61) =     15.02690  eV     1   --> A              
     e( 62 - 62) =     15.75387  eV     1   --> A              
     e( 63 - 63) =     16.29717  eV     1   --> A              
     e( 64 - 64) =     16.69068  eV     1   --> A              
     e( 65 - 65) =     17.46681  eV     1   --> A              
     e( 66 - 66) =     17.91724  eV     1   --> A              
     e( 67 - 67) =     18.64731  eV     1   --> A              
     e( 68 - 68) =     19.15237  eV     1   --> A              
     e( 69 - 69) =     19.74990  eV     1   --> A              
     e( 70 - 70) =     21.01548  eV     1   --> A              
     e( 71 - 71) =     21.14094  eV     1   --> A              
     e( 72 - 72) =     21.91976  eV     1   --> A              
     e( 73 - 73) =     22.70674  eV     1   --> A              
     e( 74 - 74) =     22.90256  eV     1   --> A              
     e( 75 - 75) =     23.29621  eV     1   --> A              
     e( 76 - 76) =     23.68115  eV     1   --> A              
     e( 77 - 77) =     24.38093  eV     1   --> A              
     e( 78 - 78) =     24.66082  eV     1   --> A              
     e( 79 - 79) =     24.80113  eV     1   --> A              
     e( 80 - 80) =     25.20232  eV     1   --> A              

 **************************************************************************

 **************************************************************************

                    xk=(   0.17501,   0.14318,   0.00213  )

     Band symmetry, C_1 (1)     point group:

     e(  1 -  1) =    -82.06000  eV     1   --> A              
     e(  2 -  2) =    -68.43292  eV     1   --> A              
     e(  3 -  3) =    -63.93946  eV     1   --> A              
     e(  4 -  4) =    -63.92532  eV     1   --> A              
     e(  5 -  5) =    -45.60632  eV     1   --> A              
     e(  6 -  6) =    -45.36348  eV     1   --> A              
     e(  7 -  7) =    -45.20783  eV     1   --> A              
     e(  8 -  8) =    -37.49431  eV     1   --> A              
     e(  9 -  9) =    -37.48609  eV     1   --> A              
     e( 10 - 10) =    -37.46767  eV     1   --> A              
     e( 11 - 11) =    -28.40357  eV     1   --> A              
     e( 12 - 12) =    -28.34577  eV     1   --> A              
     e( 13 - 13) =    -28.31606  eV     1   --> A              
     e( 14 - 14) =    -28.24784  eV     1   --> A              
     e( 15 - 15) =    -28.23631  eV     1   --> A              
     e( 16 - 16) =    -28.17286  eV     1   --> A              
     e( 17 - 17) =     -8.19423  eV     1   --> A              
     e( 18 - 18) =     -7.08074  eV     1   --> A              
     e( 19 - 19) =     -6.88863  eV     1   --> A              
     e( 20 - 20) =     -6.70758  eV     1   --> A              
     e( 21 - 21) =     -6.61157  eV     1   --> A              
     e( 22 - 22) =     -6.36366  eV     1   --> A              
     e( 23 - 23) =     -6.18884  eV     1   --> A              
     e( 24 - 24) =     -6.02209  eV     1   --> A              
     e( 25 - 25) =      3.90193  eV     1   --> A              
     e( 26 - 26) =      4.07133  eV     1   --> A              
     e( 27 - 27) =      4.30577  eV     1   --> A              
     e( 28 - 28) =      4.51735  eV     1   --> A              
     e( 29 - 29) =      4.64390  eV     1   --> A              
     e( 30 - 30) =      5.11063  eV     1   --> A              
     e( 31 - 31) =      5.42946  eV     1   --> A              
     e( 32 - 32) =      5.54432  eV     1   --> A              
     e( 33 - 33) =      5.97489  eV     1   --> A              
     e( 34 - 34) =      6.17366  eV     1   --> A              
     e( 35 - 35) =      6.27679  eV     1   --> A              
     e( 36 - 36) =      6.39004  eV     1   --> A              
     e( 37 - 37) =      6.75422  eV     1   --> A              
     e( 38 - 38) =      6.96283  eV     1   --> A              
     e( 39 - 39) =      7.38364  eV     1   --> A              
     e( 40 - 40) =      7.52031  eV     1   --> A              
     e( 41 - 41) =      7.78372  eV     1   --> A              
     e( 42 - 42) =      7.88557  eV     1   --> A              
     e( 43 - 43) =      8.06332  eV     1   --> A              
     e( 44 - 44) =      8.22210  eV     1   --> A              
     e( 45 - 45) =      8.39378  eV     1   --> A              
     e( 46 - 46) =      8.50474  eV     1   --> A              
     e( 47 - 47) =      8.60975  eV     1   --> A              
     e( 48 - 48) =      8.82499  eV     1   --> A              
     e( 49 - 49) =      8.92494  eV     1   --> A              
     e( 50 - 50) =      9.23891  eV     1   --> A              
     e( 51 - 51) =      9.41275  eV     1   --> A              
     e( 52 - 52) =      9.62564  eV     1   --> A              
     e( 53 - 53) =      9.78106  eV     1   --> A              
     e( 54 - 54) =     10.47607  eV     1   --> A              
     e( 55 - 55) =     10.91777  eV     1   --> A              
     e( 56 - 56) =     13.57016  eV     1   --> A              
     e( 57 - 57) =     13.78528  eV     1   --> A              
     e( 58 - 58) =     13.99019  eV     1   --> A              
     e( 59 - 59) =     14.32597  eV     1   --> A              
     e( 60 - 60) =     14.72971  eV     1   --> A              
     e( 61 - 61) =     15.02415  eV     1   --> A              
     e( 62 - 62) =     15.77179  eV     1   --> A              
     e( 63 - 63) =     16.31249  eV     1   --> A              
     e( 64 - 64) =     16.68056  eV     1   --> A              
     e( 65 - 65) =     17.29997  eV     1   --> A              
     e( 66 - 66) =     17.90716  eV     1   --> A              
     e( 67 - 67) =     18.68025  eV     1   --> A              
     e( 68 - 68) =     19.21056  eV     1   --> A              
     e( 69 - 69) =     19.70946  eV     1   --> A              
     e( 70 - 70) =     21.05761  eV     1   --> A              
     e( 71 - 71) =     21.21051  eV     1   --> A              
     e( 72 - 72) =     21.92324  eV     1   --> A              
     e( 73 - 73) =     22.67729  eV     1   --> A              
     e( 74 - 74) =     22.91446  eV     1   --> A              
     e( 75 - 75) =     23.25752  eV     1   --> A              
     e( 76 - 76) =     23.73746  eV     1   --> A              
     e( 77 - 77) =     24.44876  eV     1   --> A              
     e( 78 - 78) =     24.59721  eV     1   --> A              
     e( 79 - 79) =     24.83883  eV     1   --> A              
     e( 80 - 80) =     25.11982  eV     1   --> A              

 **************************************************************************

 **************************************************************************

                    xk=(   0.15000,   0.12273,   0.00183  )

     Band symmetry, C_1 (1)     point group:

     e(  1 -  1) =    -82.06000  eV     1   --> A              
     e(  2 -  2) =    -68.43292  eV     1   --> A              
     e(  3 -  3) =    -63.93945  eV     1   --> A              
     e(  4 -  4) =    -63.92533  eV     1   --> A              
     e(  5 -  5) =    -45.60632  eV     1   --> A              
     e(  6 -  6) =    -45.36348  eV     1   --> A              
     e(  7 -  7) =    -45.20782  eV     1   --> A              
     e(  8 -  8) =    -37.49431  eV     1   --> A              
     e(  9 -  9) =    -37.48609  eV     1   --> A              
     e( 10 - 10) =    -37.46766  eV     1   --> A              
     e( 11 - 11) =    -28.40365  eV     1   --> A              
     e( 12 - 12) =    -28.34603  eV     1   --> A              
     e( 13 - 13) =    -28.31590  eV     1   --> A              
     e( 14 - 14) =    -28.24765  eV     1   --> A              
     e( 15 - 15) =    -28.23605  eV     1   --> A              
     e( 16 - 16) =    -28.17275  eV     1   --> A              
     e( 17 - 17) =     -8.23254  eV     1   --> A              
     e( 18 - 18) =     -7.06124  eV     1   --> A              
     e( 19 - 19) =     -6.86248  eV     1   --> A              
     e( 20 - 20) =     -6.71040  eV     1   --> A              
     e( 21 - 21) =     -6.60516  eV     1   --> A              
     e( 22 - 22) =     -6.37484  eV     1   --> A              
     e( 23 - 23) =     -6.19010  eV     1   --> A              
     e( 24 - 24) =     -6.01014  eV     1   --> A              
     e( 25 - 25) =      3.85619  eV     1   --> A              
     e( 26 - 26) =      4.04095  eV     1   --> A              
     e( 27 - 27) =      4.29693  eV     1   --> A              
     e( 28 - 28) =      4.50650  eV     1   --> A              
     e( 29 - 29) =      4.63046  eV     1   --> A              
     e( 30 - 30) =      5.12969  eV     1   --> A              
     e( 31 - 31) =      5.44725  eV     1   --> A              
     e( 32 - 32) =      5.52293  eV     1   --> A              
     e( 33 - 33) =      6.02290  eV     1   --> A              
     e( 34 - 34) =      6.16401  eV     1   --> A              
     e( 35 - 35) =      6.26835  eV     1   --> A              
     e( 36 - 36) =      6.43457  eV     1   --> A              
     e( 37 - 37) =      6.77224  eV     1   --> A              
     e( 38 - 38) =      6.98552  eV     1   --> A              
     e( 39 - 39) =      7.39304  eV     1   --> A              
     e( 40 - 40) =      7.51465  eV     1   --> A              
     e( 41 - 41) =      7.74853  eV     1   --> A              
     e( 42 - 42) =      7.88075  eV     1   --> A              
     e( 43 - 43) =      8.07107  eV     1   --> A              
     e( 44 - 44) =      8.21226  eV     1   --> A              
     e( 45 - 45) =      8.40769  eV     1   --> A              
     e( 46 - 46) =      8.48085  eV     1   --> A              
     e( 47 - 47) =      8.59337  eV     1   --> A              
     e( 48 - 48) =      8.85021  eV     1   --> A              
     e( 49 - 49) =      8.96437  eV     1   --> A              
     e( 50 - 50) =      9.27563  eV     1   --> A              
     e( 51 - 51) =      9.38770  eV     1   --> A              
     e( 52 - 52) =      9.65390  eV     1   --> A              
     e( 53 - 53) =      9.77576  eV     1   --> A              
     e( 54 - 54) =     10.44421  eV     1   --> A              
     e( 55 - 55) =     10.90250  eV     1   --> A              
     e( 56 - 56) =     13.55726  eV     1   --> A              
     e( 57 - 57) =     13.79595  eV     1   --> A              
     e( 58 - 58) =     13.99255  eV     1   --> A              
     e( 59 - 59) =     14.29772  eV     1   --> A              
     e( 60 - 60) =     14.74111  eV     1   --> A              
     e( 61 - 61) =     15.01752  eV     1   --> A              
     e( 62 - 62) =     15.78911  eV     1   --> A              
     e( 63 - 63) =     16.32905  eV     1   --> A              
     e( 64 - 64) =     16.66906  eV     1   --> A              
     e( 65 - 65) =     17.14020  eV     1   --> A              
     e( 66 - 66) =     17.90595  eV     1   --> A              
     e( 67 - 67) =     18.71574  eV     1   --> A              
     e( 68 - 68) =     19.26319  eV     1   --> A              
     e( 69 - 69) =     19.66843  eV     1   --> A              
     e( 70 - 70) =     21.11328  eV     1   --> A              
     e( 71 - 71) =     21.28360  eV     1   --> A              
     e( 72 - 72) =     21.93087  eV     1   --> A              
     e( 73 - 73) =     22.61807  eV     1   --> A              
     e( 74 - 74) =     22.93002  eV     1   --> A              
     e( 75 - 75) =     23.22115  eV     1   --> A              
     e( 76 - 76) =     23.77771  eV     1   --> A              
     e( 77 - 77) =     24.51064  eV     1   --> A              
     e( 78 - 78) =     24.57526  eV     1   --> A              
     e( 79 - 79) =     24.88466  eV     1   --> A              
     e( 80 - 80) =     25.03057  eV     1   --> A              

 **************************************************************************

 **************************************************************************

                    xk=(   0.12500,   0.10227,   0.00152  )

     Band symmetry, C_1 (1)     point group:

     e(  1 -  1) =    -82.06000  eV     1   --> A              
     e(  2 -  2) =    -68.43292  eV     1   --> A              
     e(  3 -  3) =    -63.93945  eV     1   --> A              
     e(  4 -  4) =    -63.92534  eV     1   --> A              
     e(  5 -  5) =    -45.60632  eV     1   --> A              
     e(  6 -  6) =    -45.36348  eV     1   --> A              
     e(  7 -  7) =    -45.20782  eV     1   --> A              
     e(  8 -  8) =    -37.49430  eV     1   --> A              
     e(  9 -  9) =    -37.48609  eV     1   --> A              
     e( 10 - 10) =    -37.46766  eV     1   --> A              
     e( 11 - 11) =    -28.40372  eV     1   --> A              
     e( 12 - 12) =    -28.34627  eV     1   --> A              
     e( 13 - 13) =    -28.31576  eV     1   --> A              
     e( 14 - 14) =    -28.24749  eV     1   --> A              
     e( 15 - 15) =    -28.23581  eV     1   --> A              
     e( 16 - 16) =    -28.17264  eV     1   --> A              
     e( 17 - 17) =     -8.26635  eV     1   --> A              
     e( 18 - 18) =     -7.04651  eV     1   --> A              
     e( 19 - 19) =     -6.83351  eV     1   --> A              
     e( 20 - 20) =     -6.71370  eV     1   --> A              
     e( 21 - 21) =     -6.59935  eV     1   --> A              
     e( 22 - 22) =     -6.38725  eV     1   --> A              
     e( 23 - 23) =     -6.19273  eV     1   --> A              
     e( 24 - 24) =     -5.99758  eV     1   --> A              
     e( 25 - 25) =      3.81123  eV     1   --> A              
     e( 26 - 26) =      4.00887  eV     1   --> A              
     e( 27 - 27) =      4.29744  eV     1   --> A              
     e( 28 - 28) =      4.48744  eV     1   --> A              
     e( 29 - 29) =      4.62774  eV     1   --> A              
     e( 30 - 30) =      5.12979  eV     1   --> A              
     e( 31 - 31) =      5.43514  eV     1   --> A              
     e( 32 - 32) =      5.54143  eV     1   --> A              
     e( 33 - 33) =      6.04806  eV     1   --> A              
     e( 34 - 34) =      6.15451  eV     1   --> A              
     e( 35 - 35) =      6.27839  eV     1   --> A              
     e( 36 - 36) =      6.51246  eV     1   --> A              
     e( 37 - 37) =      6.79395  eV     1   --> A              
     e( 38 - 38) =      7.01105  eV     1   --> A              
     e( 39 - 39) =      7.39370  eV     1   --> A              
     e( 40 - 40) =      7.50622  eV     1   --> A              
     e( 41 - 41) =      7.70475  eV     1   --> A              
     e( 42 - 42) =      7.87588  eV     1   --> A              
     e( 43 - 43) =      8.05906  eV     1   --> A              
     e( 44 - 44) =      8.20149  eV     1   --> A              
     e( 45 - 45) =      8.42362  eV     1   --> A              
     e( 46 - 46) =      8.44585  eV     1   --> A              
     e( 47 - 47) =      8.58084  eV     1   --> A              
     e( 48 - 48) =      8.87725  eV     1   --> A              
     e( 49 - 49) =      9.01310  eV     1   --> A              
     e( 50 - 50) =      9.30571  eV     1   --> A              
     e( 51 - 51) =      9.35798  eV     1   --> A              
     e( 52 - 52) =      9.68846  eV     1   --> A              
     e( 53 - 53) =      9.77672  eV     1   --> A              
     e( 54 - 54) =     10.40382  eV     1   --> A              
     e( 55 - 55) =     10.88817  eV     1   --> A              
     e( 56 - 56) =     13.54000  eV     1   --> A              
     e( 57 - 57) =     13.81768  eV     1   --> A              
     e( 58 - 58) =     13.99545  eV     1   --> A              
     e( 59 - 59) =     14.26891  eV     1   --> A              
     e( 60 - 60) =     14.75161  eV     1   --> A              
     e( 61 - 61) =     15.00795  eV     1   --> A              
     e( 62 - 62) =     15.80483  eV     1   --> A              
     e( 63 - 63) =     16.34608  eV     1   --> A              
     e( 64 - 64) =     16.65708  eV     1   --> A              
     e( 65 - 65) =     16.99398  eV     1   --> A              
     e( 66 - 66) =     17.91037  eV     1   --> A              
     e( 67 - 67) =     18.75563  eV     1   --> A              
     e( 68 - 68) =     19.30483  eV     1   --> A              
     e( 69 - 69) =     19.62676  eV     1   --> A              
     e( 70 - 70) =     21.17968  eV     1   --> A              
     e( 71 - 71) =     21.36029  eV     1   --> A              
     e( 72 - 72) =     21.94236  eV     1   --> A              
     e( 73 - 73) =     22.53591  eV     1   --> A              
     e( 74 - 74) =     22.94511  eV     1   --> A              
     e( 75 - 75) =     23.19546  eV     1   --> A              
     e( 76 - 76) =     23.78480  eV     1   --> A              
     e( 77 - 77) =     24.52905  eV     1   --> A              
     e( 78 - 78) =     24.63497  eV     1   --> A              
     e( 79 - 79) =     24.90681  eV     1   --> A              
     e( 80 - 80) =     24.97570  eV     1   --> A              

 **************************************************************************

 **************************************************************************

                    xk=(   0.10000,   0.08182,   0.00122  )

     Band symmetry, C_1 (1)     point group:

     e(  1 -  1) =    -82.06000  eV     1   --> A              
     e(  2 -  2) =    -68.43292  eV     1   --> A              
     e(  3 -  3) =    -63.93945  eV     1   --> A              
     e(  4 -  4) =    -63.92535  eV     1   --> A              
     e(  5 -  5) =    -45.60631  eV     1   --> A              
     e(  6 -  6) =    -45.36348  eV     1   --> A              
     e(  7 -  7) =    -45.20782  eV     1   --> A              
     e(  8 -  8) =    -37.49430  eV     1   --> A              
     e(  9 -  9) =    -37.48609  eV     1   --> A              
     e( 10 - 10) =    -37.46765  eV     1   --> A              
     e( 11 - 11) =    -28.40378  eV     1   --> A              
     e( 12 - 12) =    -28.34647  eV     1   --> A              
     e( 13 - 13) =    -28.31564  eV     1   --> A              
     e( 14 - 14) =    -28.24735  eV     1   --> A              
     e( 15 - 15) =    -28.23561  eV     1   --> A              
     e( 16 - 16) =    -28.17255  eV     1   --> A              
     e( 17 - 17) =     -8.29497  eV     1   --> A              
     e( 18 - 18) =     -7.03602  eV     1   --> A              
     e( 19 - 19) =     -6.80363  eV     1   --> A              
     e( 20 - 20) =     -6.71692  eV     1   --> A              
     e( 21 - 21) =     -6.59449  eV     1   --> A              
     e( 22 - 22) =     -6.40057  eV     1   --> A              
     e( 23 - 23) =     -6.19599  eV     1   --> A              
     e( 24 - 24) =     -5.98549  eV     1   --> A              
     e( 25 - 25) =      3.77088  eV     1   --> A              
     e( 26 - 26) =      3.97870  eV     1   --> A              
     e( 27 - 27) =      4.30483  eV     1   --> A              
     e( 28 - 28) =      4.46442  eV     1   --> A              
     e( 29 - 29) =      4.63089  eV     1   --> A              
     e( 30 - 30) =      5.11277  eV     1   --> A              
     e( 31 - 31) =      5.40504  eV     1   --> A              
     e( 32 - 32) =      5.58434  eV     1   --> A              
     e( 33 - 33) =      6.06268  eV     1   --> A              
     e( 34 - 34) =      6.14822  eV     1   --> A              
     e( 35 - 35) =      6.30403  eV     1   --> A              
     e( 36 - 36) =      6.60252  eV     1   --> A              
     e( 37 - 37) =      6.82286  eV     1   --> A              
     e( 38 - 38) =      7.03590  eV     1   --> A              
     e( 39 - 39) =      7.37298  eV     1   --> A              
     e( 40 - 40) =      7.50070  eV     1   --> A              
     e( 41 - 41) =      7.66552  eV     1   --> A              
     e( 42 - 42) =      7.86834  eV     1   --> A              
     e( 43 - 43) =      8.01988  eV     1   --> A              
     e( 44 - 44) =      8.19829  eV     1   --> A              
     e( 45 - 45) =      8.41741  eV     1   --> A              
     e( 46 - 46) =      8.44282  eV     1   --> A              
     e( 47 - 47) =      8.56645  eV     1   --> A              
     e( 48 - 48) =      8.90210  eV     1   --> A              
     e( 49 - 49) =      9.06512  eV     1   --> A              
     e( 50 - 50) =      9.29070  eV     1   --> A              
     e( 51 - 51) =      9.36301  eV     1   --> A              
     e( 52 - 52) =      9.71892  eV     1   --> A              
     e( 53 - 53) =      9.78863  eV     1   --> A              
     e( 54 - 54) =     10.35675  eV     1   --> A              
     e( 55 - 55) =     10.87699  eV     1   --> A              
     e( 56 - 56) =     13.52194  eV     1   --> A              
     e( 57 - 57) =     13.84641  eV     1   --> A              
     e( 58 - 58) =     13.99866  eV     1   --> A              
     e( 59 - 59) =     14.24002  eV     1   --> A              
     e( 60 - 60) =     14.76032  eV     1   --> A              
     e( 61 - 61) =     14.99709  eV     1   --> A              
     e( 62 - 62) =     15.81811  eV     1   --> A              
     e( 63 - 63) =     16.36257  eV     1   --> A              
     e( 64 - 64) =     16.64542  eV     1   --> A              
     e( 65 - 65) =     16.86687  eV     1   --> A              
     e( 66 - 66) =     17.91745  eV     1   --> A              
     e( 67 - 67) =     18.80002  eV     1   --> A              
     e( 68 - 68) =     19.33251  eV     1   --> A              
     e( 69 - 69) =     19.58609  eV     1   --> A              
     e( 70 - 70) =     21.25069  eV     1   --> A              
     e( 71 - 71) =     21.44122  eV     1   --> A              
     e( 72 - 72) =     21.95582  eV     1   --> A              
     e( 73 - 73) =     22.44109  eV     1   --> A              
     e( 74 - 74) =     22.95458  eV     1   --> A              
     e( 75 - 75) =     23.18082  eV     1   --> A              
     e( 76 - 76) =     23.76318  eV     1   --> A              
     e( 77 - 77) =     24.54443  eV     1   --> A              
     e( 78 - 78) =     24.71856  eV     1   --> A              
     e( 79 - 79) =     24.84739  eV     1   --> A              
     e( 80 - 80) =     25.01999  eV     1   --> A              

 **************************************************************************

 **************************************************************************

                    xk=(   0.07500,   0.06136,   0.00091  )

     Band symmetry, C_1 (1)     point group:

     e(  1 -  1) =    -82.06000  eV     1   --> A              
     e(  2 -  2) =    -68.43292  eV     1   --> A              
     e(  3 -  3) =    -63.93944  eV     1   --> A              
     e(  4 -  4) =    -63.92536  eV     1   --> A              
     e(  5 -  5) =    -45.60631  eV     1   --> A              
     e(  6 -  6) =    -45.36348  eV     1   --> A              
     e(  7 -  7) =    -45.20782  eV     1   --> A              
     e(  8 -  8) =    -37.49430  eV     1   --> A              
     e(  9 -  9) =    -37.48610  eV     1   --> A              
     e( 10 - 10) =    -37.46765  eV     1   --> A              
     e( 11 - 11) =    -28.40382  eV     1   --> A              
     e( 12 - 12) =    -28.34662  eV     1   --> A              
     e( 13 - 13) =    -28.31554  eV     1   --> A              
     e( 14 - 14) =    -28.24724  eV     1   --> A              
     e( 15 - 15) =    -28.23545  eV     1   --> A              
     e( 16 - 16) =    -28.17248  eV     1   --> A              
     e( 17 - 17) =     -8.31781  eV     1   --> A              
     e( 18 - 18) =     -7.02890  eV     1   --> A              
     e( 19 - 19) =     -6.77546  eV     1   --> A              
     e( 20 - 20) =     -6.71950  eV     1   --> A              
     e( 21 - 21) =     -6.59085  eV     1   --> A              
     e( 22 - 22) =     -6.41399  eV     1   --> A              
     e( 23 - 23) =     -6.19918  eV     1   --> A              
     e( 24 - 24) =     -5.97489  eV     1   --> A              
     e( 25 - 25) =      3.73752  eV     1   --> A              
     e( 26 - 26) =      3.95336  eV     1   --> A              
     e( 27 - 27) =      4.31554  eV     1   --> A              
     e( 28 - 28) =      4.44282  eV     1   --> A              
     e( 29 - 29) =      4.63570  eV     1   --> A              
     e( 30 - 30) =      5.08516  eV     1   --> A              
     e( 31 - 31) =      5.37873  eV     1   --> A              
     e( 32 - 32) =      5.62417  eV     1   --> A              
     e( 33 - 33) =      6.07621  eV     1   --> A              
     e( 34 - 34) =      6.14434  eV     1   --> A              
     e( 35 - 35) =      6.34211  eV     1   --> A              
     e( 36 - 36) =      6.67913  eV     1   --> A              
     e( 37 - 37) =      6.86746  eV     1   --> A              
     e( 38 - 38) =      7.05713  eV     1   --> A              
     e( 39 - 39) =      7.32535  eV     1   --> A              
     e( 40 - 40) =      7.50557  eV     1   --> A              
     e( 41 - 41) =      7.63664  eV     1   --> A              
     e( 42 - 42) =      7.85828  eV     1   --> A              
     e( 43 - 43) =      7.95707  eV     1   --> A              
     e( 44 - 44) =      8.20332  eV     1   --> A              
     e( 45 - 45) =      8.40623  eV     1   --> A              
     e( 46 - 46) =      8.46220  eV     1   --> A              
     e( 47 - 47) =      8.54814  eV     1   --> A              
     e( 48 - 48) =      8.92668  eV     1   --> A              
     e( 49 - 49) =      9.10834  eV     1   --> A              
     e( 50 - 50) =      9.25184  eV     1   --> A              
     e( 51 - 51) =      9.38603  eV     1   --> A              
     e( 52 - 52) =      9.73686  eV     1   --> A              
     e( 53 - 53) =      9.81524  eV     1   --> A              
     e( 54 - 54) =     10.30694  eV     1   --> A              
     e( 55 - 55) =     10.86955  eV     1   --> A              
     e( 56 - 56) =     13.50584  eV     1   --> A              
     e( 57 - 57) =     13.87798  eV     1   --> A              
     e( 58 - 58) =     14.00183  eV     1   --> A              
     e( 59 - 59) =     14.21196  eV     1   --> A              
     e( 60 - 60) =     14.76655  eV     1   --> A              
     e( 61 - 61) =     14.98685  eV     1   --> A              
     e( 62 - 62) =     15.82843  eV     1   --> A              
     e( 63 - 63) =     16.37722  eV     1   --> A              
     e( 64 - 64) =     16.63476  eV     1   --> A              
     e( 65 - 65) =     16.76368  eV     1   --> A              
     e( 66 - 66) =     17.92483  eV     1   --> A              
     e( 67 - 67) =     18.84678  eV     1   --> A              
     e( 68 - 68) =     19.34452  eV     1   --> A              
     e( 69 - 69) =     19.55045  eV     1   --> A              
     e( 70 - 70) =     21.31753  eV     1   --> A              
     e( 71 - 71) =     21.52672  eV     1   --> A              
     e( 72 - 72) =     21.96777  eV     1   --> A              
     e( 73 - 73) =     22.34348  eV     1   --> A              
     e( 74 - 74) =     22.95569  eV     1   --> A              
     e( 75 - 75) =     23.17557  eV     1   --> A              
     e( 76 - 76) =     23.72772  eV     1   --> A              
     e( 77 - 77) =     24.56575  eV     1   --> A              
     e( 78 - 78) =     24.77086  eV     1   --> A              
     e( 79 - 79) =     24.80705  eV     1   --> A              
     e( 80 - 80) =     25.08712  eV     1   --> A              

 **************************************************************************

 **************************************************************************

                    xk=(   0.05000,   0.04091,   0.00061  )

     Band symmetry, C_1 (1)     point group:

     e(  1 -  1) =    -82.06000  eV     1   --> A              
     e(  2 -  2) =    -68.43292  eV     1   --> A              
     e(  3 -  3) =    -63.93944  eV     1   --> A              
     e(  4 -  4) =    -63.92537  eV     1   --> A              
     e(  5 -  5) =    -45.60631  eV     1   --> A              
     e(  6 -  6) =    -45.36348  eV     1   --> A              
     e(  7 -  7) =    -45.20782  eV     1   --> A              
     e(  8 -  8) =    -37.49430  eV     1   --> A              
     e(  9 -  9) =    -37.48610  eV     1   --> A              
     e( 10 - 10) =    -37.46765  eV     1   --> A              
     e( 11 - 11) =    -28.40385  eV     1   --> A              
     e( 12 - 12) =    -28.34674  eV     1   --> A              
     e( 13 - 13) =    -28.31547  eV     1   --> A              
     e( 14 - 14) =    -28.24716  eV     1   --> A              
     e( 15 - 15) =    -28.23533  eV     1   --> A              
     e( 16 - 16) =    -28.17243  eV     1   --> A              
     e( 17 - 17) =     -8.33444  eV     1   --> A              
     e( 18 - 18) =     -7.02439  eV     1   --> A              
     e( 19 - 19) =     -6.75242  eV     1   --> A              
     e( 20 - 20) =     -6.72067  eV     1   --> A              
     e( 21 - 21) =     -6.58855  eV     1   --> A              
     e( 22 - 22) =     -6.42603  eV     1   --> A              
     e( 23 - 23) =     -6.20179  eV     1   --> A              
     e( 24 - 24) =     -5.96666  eV     1   --> A              
     e( 25 - 25) =      3.71270  eV     1   --> A              
     e( 26 - 26) =      3.93453  eV     1   --> A              
     e( 27 - 27) =      4.32614  eV     1   --> A              
     e( 28 - 28) =      4.42600  eV     1   --> A              
     e( 29 - 29) =      4.64014  eV     1   --> A              
     e( 30 - 30) =      5.05588  eV     1   --> A              
     e( 31 - 31) =      5.36059  eV     1   --> A              
     e( 32 - 32) =      5.65252  eV     1   --> A              
     e( 33 - 33) =      6.08884  eV     1   --> A              
     e( 34 - 34) =      6.14204  eV     1   --> A              
     e( 35 - 35) =      6.38736  eV     1   --> A              
     e( 36 - 36) =      6.72458  eV     1   --> A              
     e( 37 - 37) =      6.93003  eV     1   --> A              
     e( 38 - 38) =      7.07056  eV     1   --> A              
     e( 39 - 39) =      7.26864  eV     1   --> A              
     e( 40 - 40) =      7.51785  eV     1   --> A              
     e( 41 - 41) =      7.61480  eV     1   --> A              
     e( 42 - 42) =      7.84768  eV     1   --> A              
     e( 43 - 43) =      7.88784  eV     1   --> A              
     e( 44 - 44) =      8.20959  eV     1   --> A              
     e( 45 - 45) =      8.41246  eV     1   --> A              
     e( 46 - 46) =      8.47750  eV     1   --> A              
     e( 47 - 47) =      8.52815  eV     1   --> A              
     e( 48 - 48) =      8.95349  eV     1   --> A              
     e( 49 - 49) =      9.11951  eV     1   --> A              
     e( 50 - 50) =      9.23319  eV     1   --> A              
     e( 51 - 51) =      9.40160  eV     1   --> A              
     e( 52 - 52) =      9.74604  eV     1   --> A              
     e( 53 - 53) =      9.84777  eV     1   --> A              
     e( 54 - 54) =     10.26050  eV     1   --> A              
     e( 55 - 55) =     10.86532  eV     1   --> A              
     e( 56 - 56) =     13.49342  eV     1   --> A              
     e( 57 - 57) =     13.90792  eV     1   --> A              
     e( 58 - 58) =     14.00447  eV     1   --> A              
     e( 59 - 59) =     14.18665  eV     1   --> A              
     e( 60 - 60) =     14.77019  eV     1   --> A              
     e( 61 - 61) =     14.97877  eV     1   --> A              
     e( 62 - 62) =     15.83561  eV     1   --> A              
     e( 63 - 63) =     16.38859  eV     1   --> A              
     e( 64 - 64) =     16.62577  eV     1   --> A              
     e( 65 - 65) =     16.68837  eV     1   --> A              
     e( 66 - 66) =     17.93094  eV     1   --> A              
     e( 67 - 67) =     18.89103  eV     1   --> A              
     e( 68 - 68) =     19.34139  eV     1   --> A              
     e( 69 - 69) =     19.52504  eV     1   --> A              
     e( 70 - 70) =     21.37139  eV     1   --> A              
     e( 71 - 71) =     21.61379  eV     1   --> A              
     e( 72 - 72) =     21.97286  eV     1   --> A              
     e( 73 - 73) =     22.25393  eV     1   --> A              
     e( 74 - 74) =     22.95029  eV     1   --> A              
     e( 75 - 75) =     23.17648  eV     1   --> A              
     e( 76 - 76) =     23.69267  eV     1   --> A              
     e( 77 - 77) =     24.58559  eV     1   --> A              
     e( 78 - 78) =     24.73315  eV     1   --> A              
     e( 79 - 79) =     24.84993  eV     1   --> A              
     e( 80 - 80) =     25.15589  eV     1   --> A              

 **************************************************************************

 **************************************************************************

                    xk=(   0.02500,   0.02045,   0.00030  )

     Band symmetry, C_1 (1)     point group:

     e(  1 -  1) =    -82.06000  eV     1   --> A              
     e(  2 -  2) =    -68.43292  eV     1   --> A              
     e(  3 -  3) =    -63.93944  eV     1   --> A              
     e(  4 -  4) =    -63.92538  eV     1   --> A              
     e(  5 -  5) =    -45.60631  eV     1   --> A              
     e(  6 -  6) =    -45.36348  eV     1   --> A              
     e(  7 -  7) =    -45.20782  eV     1   --> A              
     e(  8 -  8) =    -37.49430  eV     1   --> A              
     e(  9 -  9) =    -37.48610  eV     1   --> A              
     e( 10 - 10) =    -37.46765  eV     1   --> A              
     e( 11 - 11) =    -28.40387  eV     1   --> A              
     e( 12 - 12) =    -28.34680  eV     1   --> A              
     e( 13 - 13) =    -28.31542  eV     1   --> A              
     e( 14 - 14) =    -28.24711  eV     1   --> A              
     e( 15 - 15) =    -28.23526  eV     1   --> A              
     e( 16 - 16) =    -28.17240  eV     1   --> A              
     e( 17 - 17) =     -8.34454  eV     1   --> A              
     e( 18 - 18) =     -7.02190  eV     1   --> A              
     e( 19 - 19) =     -6.73873  eV     1   --> A              
     e( 20 - 20) =     -6.71923  eV     1   --> A              
     e( 21 - 21) =     -6.58746  eV     1   --> A              
     e( 22 - 22) =     -6.43463  eV     1   --> A              
     e( 23 - 23) =     -6.20347  eV     1   --> A              
     e( 24 - 24) =     -5.96146  eV     1   --> A              
     e( 25 - 25) =      3.69743  eV     1   --> A              
     e( 26 - 26) =      3.92300  eV     1   --> A              
     e( 27 - 27) =      4.33369  eV     1   --> A              
     e( 28 - 28) =      4.41570  eV     1   --> A              
     e( 29 - 29) =      4.64323  eV     1   --> A              
     e( 30 - 30) =      5.03389  eV     1   --> A              
     e( 31 - 31) =      5.35035  eV     1   --> A              
     e( 32 - 32) =      5.66856  eV     1   --> A              
     e( 33 - 33) =      6.09757  eV     1   --> A              
     e( 34 - 34) =      6.14091  eV     1   --> A              
     e( 35 - 35) =      6.42712  eV     1   --> A              
     e( 36 - 36) =      6.74435  eV     1   --> A              
     e( 37 - 37) =      6.99122  eV     1   --> A              
     e( 38 - 38) =      7.06756  eV     1   --> A              
     e( 39 - 39) =      7.22957  eV     1   --> A              
     e( 40 - 40) =      7.53229  eV     1   --> A              
     e( 41 - 41) =      7.59549  eV     1   --> A              
     e( 42 - 42) =      7.83169  eV     1   --> A              
     e( 43 - 43) =      7.84119  eV     1   --> A              
     e( 44 - 44) =      8.21338  eV     1   --> A              
     e( 45 - 45) =      8.42943  eV     1   --> A              
     e( 46 - 46) =      8.48041  eV     1   --> A              
     e( 47 - 47) =      8.51436  eV     1   --> A              
     e( 48 - 48) =      8.98265  eV     1   --> A              
     e( 49 - 49) =      9.09264  eV     1   --> A              
     e( 50 - 50) =      9.24333  eV     1   --> A              
     e( 51 - 51) =      9.40821  eV     1   --> A              
     e( 52 - 52) =      9.75125  eV     1   --> A              
     e( 53 - 53) =      9.87414  eV     1   --> A              
     e( 54 - 54) =     10.22582  eV     1   --> A              
     e( 55 - 55) =     10.86331  eV     1   --> A              
     e( 56 - 56) =     13.48566  eV     1   --> A              
     e( 57 - 57) =     13.93059  eV     1   --> A              
     e( 58 - 58) =     14.00613  eV     1   --> A              
     e( 59 - 59) =     14.16776  eV     1   --> A              
     e( 60 - 60) =     14.77179  eV     1   --> A              
     e( 61 - 61) =     14.97376  eV     1   --> A              
     e( 62 - 62) =     15.83975  eV     1   --> A              
     e( 63 - 63) =     16.39554  eV     1   --> A              
     e( 64 - 64) =     16.61878  eV     1   --> A              
     e( 65 - 65) =     16.64385  eV     1   --> A              
     e( 66 - 66) =     17.93489  eV     1   --> A              
     e( 67 - 67) =     18.92460  eV     1   --> A              
     e( 68 - 68) =     19.33027  eV     1   --> A              
     e( 69 - 69) =     19.51167  eV     1   --> A              
     e( 70 - 70) =     21.40597  eV     1   --> A              
     e( 71 - 71) =     21.69018  eV     1   --> A              
     e( 72 - 72) =     21.96570  eV     1   --> A              
     e( 73 - 73) =     22.18842  eV     1   --> A              
     e( 74 - 74) =     22.94358  eV     1   --> A              
     e( 75 - 75) =     23.17927  eV     1   --> A              
     e( 76 - 76) =     23.66793  eV     1   --> A              
     e( 77 - 77) =     24.59850  eV     1   --> A              
     e( 78 - 78) =     24.70611  eV     1   --> A              
     e( 79 - 79) =     24.87778  eV     1   --> A              
     e( 80 - 80) =     25.20887  eV     1   --> A              

 **************************************************************************

 **************************************************************************

                    xk=(   0.00000,   0.00000,   0.00000  )

     point group C_2  (2)   
     there are  2 classes
     the character table:

       E     C2   
A      1.00  1.00
B      1.00 -1.00

     the symmetry operations in each class and the name of the first element:

     E        1
                                                                 
     C2       2
                                                                 

     Band symmetry, C_2  (2)    point group:

     e(  1 -  1) =    -82.06000  eV     1   --> A              
     e(  2 -  2) =    -68.43292  eV     1   --> A              
     e(  3 -  3) =    -63.93944  eV     1   --> A              
     e(  4 -  4) =    -63.92538  eV     1   --> A              
     e(  5 -  5) =    -45.60631  eV     1   --> B              
     e(  6 -  6) =    -45.36348  eV     1   --> A              
     e(  7 -  7) =    -45.20782  eV     1   --> B              
     e(  8 -  8) =    -37.49430  eV     1   --> B              
     e(  9 -  9) =    -37.48610  eV     1   --> A              
     e( 10 - 10) =    -37.46765  eV     1   --> B              
     e( 11 - 11) =    -28.40388  eV     1   --> B              
     e( 12 - 12) =    -28.34683  eV     1   --> A              
     e( 13 - 13) =    -28.31541  eV     1   --> B              
     e( 14 - 14) =    -28.24709  eV     1   --> B              
     e( 15 - 15) =    -28.23524  eV     1   --> A              
     e( 16 - 16) =    -28.17239  eV     1   --> B              
     e( 17 - 17) =     -8.34793  eV     1   --> A              
     e( 18 - 18) =     -7.02111  eV     1   --> A              
     e( 19 - 19) =     -6.73515  eV     1   --> B              
     e( 20 - 20) =     -6.71736  eV     1   --> A              
     e( 21 - 21) =     -6.58718  eV     1   --> B              
     e( 22 - 22) =     -6.43778  eV     1   --> A              
     e( 23 - 23) =     -6.20405  eV     1   --> B              
     e( 24 - 24) =     -5.95968  eV     1   --> B              
     e( 25 - 25) =      3.69228  eV     1   --> A              
     e( 26 - 26) =      3.91913  eV     1   --> A              
     e( 27 - 27) =      4.33638  eV     1   --> A              
     e( 28 - 28) =      4.41230  eV     1   --> B              
     e( 29 - 29) =      4.64434  eV     1   --> B              
     e( 30 - 30) =      5.02575  eV     1   --> A              
     e( 31 - 31) =      5.34706  eV     1   --> A              
     e( 32 - 32) =      5.67367  eV     1   --> B              
     e( 33 - 33) =      6.10060  eV     1   --> B              
     e( 34 - 34) =      6.14059  eV     1   --> A              
     e( 35 - 35) =      6.44352  eV     1   --> A              
     e( 36 - 36) =      6.74959  eV     1   --> A              
     e( 37 - 37) =      7.02718  eV     1   --> A              
     e( 38 - 38) =      7.05035  eV     1   --> B              
     e( 39 - 39) =      7.21894  eV     1   --> B              
     e( 40 - 40) =      7.54094  eV     1   --> A              
     e( 41 - 41) =      7.58455  eV     1   --> B              
     e( 42 - 42) =      7.81175  eV     1   --> A              
     e( 43 - 43) =      7.83731  eV     1   --> B              
     e( 44 - 44) =      8.21453  eV     1   --> B              
     e( 45 - 45) =      8.44233  eV     1   --> A              
     e( 46 - 46) =      8.47271  eV     1   --> A              
     e( 47 - 47) =      8.51225  eV     1   --> B              
     e( 48 - 48) =      9.00102  eV     1   --> B              
     e( 49 - 49) =      9.07126  eV     1   --> A              
     e( 50 - 50) =      9.25089  eV     1   --> A              
     e( 51 - 51) =      9.40954  eV     1   --> B              
     e( 52 - 52) =      9.75307  eV     1   --> B              
     e( 53 - 53) =      9.88450  eV     1   --> B              
     e( 54 - 54) =     10.21259  eV     1   --> A              
     e( 55 - 55) =     10.86274  eV     1   --> B              
     e( 56 - 56) =     13.48303  eV     1   --> A              
     e( 57 - 57) =     13.93935  eV     1   --> A              
     e( 58 - 58) =     14.00665  eV     1   --> B              
     e( 59 - 59) =     14.16048  eV     1   --> A              
     e( 60 - 60) =     14.77220  eV     1   --> A              
     e( 61 - 61) =     14.97208  eV     1   --> B              
     e( 62 - 62) =     15.84110  eV     1   --> A              
     e( 63 - 63) =     16.39781  eV     1   --> B              
     e( 64 - 64) =     16.61488  eV     1   --> A              
     e( 65 - 65) =     16.63051  eV     1   --> A              
     e( 66 - 66) =     17.93624  eV     1   --> A              
     e( 67 - 67) =     18.93749  eV     1   --> B              
     e( 68 - 68) =     19.32420  eV     1   --> A              
     e( 69 - 69) =     19.50780  eV     1   --> B              
     e( 70 - 70) =     21.41785  eV     1   --> B              
     e( 71 - 71) =     21.72490  eV     1   --> A              
     e( 72 - 72) =     21.95653  eV     1   --> B              
     e( 73 - 73) =     22.16458  eV     1   --> A              
     e( 74 - 74) =     22.94067  eV     1   --> A              
     e( 75 - 75) =     23.18061  eV     1   --> A              
     e( 76 - 76) =     23.65908  eV     1   --> A              
     e( 77 - 77) =     24.60268  eV     1   --> A              
     e( 78 - 78) =     24.69734  eV     1   --> B              
     e( 79 - 79) =     24.88657  eV     1   --> B              
     e( 80 - 80) =     25.22889  eV     1   --> A              

 **************************************************************************

 **************************************************************************

                    xk=(   0.00006,   0.00000,   0.02325  )

     point group C_1 (1)    
     there are  1 classes
     the character table:

       E    
A      1.00

     the symmetry operations in each class and the name of the first element:

     E        1
                                                                 

     Band symmetry, C_1 (1)     point group:

     e(  1 -  1) =    -82.06000  eV     1   --> A              
     e(  2 -  2) =    -68.43292  eV     1   --> A              
     e(  3 -  3) =    -63.93943  eV     1   --> A              
     e(  4 -  4) =    -63.92539  eV     1   --> A              
     e(  5 -  5) =    -45.60631  eV     1   --> A              
     e(  6 -  6) =    -45.36348  eV     1   --> A              
     e(  7 -  7) =    -45.20782  eV     1   --> A              
     e(  8 -  8) =    -37.49430  eV     1   --> A              
     e(  9 -  9) =    -37.48610  eV     1   --> A              
     e( 10 - 10) =    -37.46765  eV     1   --> A              
     e( 11 - 11) =    -28.40386  eV     1   --> A              
     e( 12 - 12) =    -28.34701  eV     1   --> A              
     e( 13 - 13) =    -28.31530  eV     1   --> A              
     e( 14 - 14) =    -28.24754  eV     1   --> A              
     e( 15 - 15) =    -28.23478  eV     1   --> A              
     e( 16 - 16) =    -28.17236  eV     1   --> A              
     e( 17 - 17) =     -8.34559  eV     1   --> A              
     e( 18 - 18) =     -7.02184  eV     1   --> A              
     e( 19 - 19) =     -6.74048  eV     1   --> A              
     e( 20 - 20) =     -6.71504  eV     1   --> A              
     e( 21 - 21) =     -6.58586  eV     1   --> A              
     e( 22 - 22) =     -6.43765  eV     1   --> A              
     e( 23 - 23) =     -6.20395  eV     1   --> A              
     e( 24 - 24) =     -5.96034  eV     1   --> A              
     e( 25 - 25) =      3.69513  eV     1   --> A              
     e( 26 - 26) =      3.92269  eV     1   --> A              
     e( 27 - 27) =      4.33619  eV     1   --> A              
     e( 28 - 28) =      4.41534  eV     1   --> A              
     e( 29 - 29) =      4.62782  eV     1   --> A              
     e( 30 - 30) =      5.03897  eV     1   --> A              
     e( 31 - 31) =      5.35296  eV     1   --> A              
     e( 32 - 32) =      5.66532  eV     1   --> A              
     e( 33 - 33) =      6.04567  eV     1   --> A              
     e( 34 - 34) =      6.17482  eV     1   --> A              
     e( 35 - 35) =      6.46728  eV     1   --> A              
     e( 36 - 36) =      6.75153  eV     1   --> A              
     e( 37 - 37) =      7.02170  eV     1   --> A              
     e( 38 - 38) =      7.05628  eV     1   --> A              
     e( 39 - 39) =      7.21475  eV     1   --> A              
     e( 40 - 40) =      7.54219  eV     1   --> A              
     e( 41 - 41) =      7.57994  eV     1   --> A              
     e( 42 - 42) =      7.79681  eV     1   --> A              
     e( 43 - 43) =      7.85418  eV     1   --> A              
     e( 44 - 44) =      8.20528  eV     1   --> A              
     e( 45 - 45) =      8.44253  eV     1   --> A              
     e( 46 - 46) =      8.47447  eV     1   --> A              
     e( 47 - 47) =      8.51839  eV     1   --> A              
     e( 48 - 48) =      8.99741  eV     1   --> A              
     e( 49 - 49) =      9.06841  eV     1   --> A              
     e( 50 - 50) =      9.25220  eV     1   --> A              
     e( 51 - 51) =      9.41136  eV     1   --> A              
     e( 52 - 52) =      9.74632  eV     1   --> A              
     e( 53 - 53) =      9.88009  eV     1   --> A              
     e( 54 - 54) =     10.22517  eV     1   --> A              
     e( 55 - 55) =     10.86289  eV     1   --> A              
     e( 56 - 56) =     13.48608  eV     1   --> A              
     e( 57 - 57) =     13.93614  eV     1   --> A              
     e( 58 - 58) =     14.00795  eV     1   --> A              
     e( 59 - 59) =     14.15974  eV     1   --> A              
     e( 60 - 60) =     14.77077  eV     1   --> A              
     e( 61 - 61) =     14.96975  eV     1   --> A              
     e( 62 - 62) =     15.84112  eV     1   --> A              
     e( 63 - 63) =     16.39476  eV     1   --> A              
     e( 64 - 64) =     16.61729  eV     1   --> A              
     e( 65 - 65) =     16.63737  eV     1   --> A              
     e( 66 - 66) =     17.93629  eV     1   --> A              
     e( 67 - 67) =     18.91788  eV     1   --> A              
     e( 68 - 68) =     19.34503  eV     1   --> A              
     e( 69 - 69) =     19.50826  eV     1   --> A              
     e( 70 - 70) =     21.42045  eV     1   --> A              
     e( 71 - 71) =     21.72146  eV     1   --> A              
     e( 72 - 72) =     21.94457  eV     1   --> A              
     e( 73 - 73) =     22.16297  eV     1   --> A              
     e( 74 - 74) =     22.94129  eV     1   --> A              
     e( 75 - 75) =     23.19569  eV     1   --> A              
     e( 76 - 76) =     23.65652  eV     1   --> A              
     e( 77 - 77) =     24.58068  eV     1   --> A              
     e( 78 - 78) =     24.69732  eV     1   --> A              
     e( 79 - 79) =     24.91130  eV     1   --> A              
     e( 80 - 80) =     25.22581  eV     1   --> A              

 **************************************************************************

 **************************************************************************

                    xk=(   0.00011,   0.00000,   0.04650  )

     Band symmetry, C_1 (1)     point group:

     e(  1 -  1) =    -82.06000  eV     1   --> A              
     e(  2 -  2) =    -68.43292  eV     1   --> A              
     e(  3 -  3) =    -63.93940  eV     1   --> A              
     e(  4 -  4) =    -63.92542  eV     1   --> A              
     e(  5 -  5) =    -45.60631  eV     1   --> A              
     e(  6 -  6) =    -45.36348  eV     1   --> A              
     e(  7 -  7) =    -45.20782  eV     1   --> A              
     e(  8 -  8) =    -37.49430  eV     1   --> A              
     e(  9 -  9) =    -37.48610  eV     1   --> A              
     e( 10 - 10) =    -37.46765  eV     1   --> A              
     e( 11 - 11) =    -28.40379  eV     1   --> A              
     e( 12 - 12) =    -28.34754  eV     1   --> A              
     e( 13 - 13) =    -28.31498  eV     1   --> A              
     e( 14 - 14) =    -28.24872  eV     1   --> A              
     e( 15 - 15) =    -28.23357  eV     1   --> A              
     e( 16 - 16) =    -28.17228  eV     1   --> A              
     e( 17 - 17) =     -8.33861  eV     1   --> A              
     e( 18 - 18) =     -7.02401  eV     1   --> A              
     e( 19 - 19) =     -6.75183  eV     1   --> A              
     e( 20 - 20) =     -6.71292  eV     1   --> A              
     e( 21 - 21) =     -6.58182  eV     1   --> A              
     e( 22 - 22) =     -6.43721  eV     1   --> A              
     e( 23 - 23) =     -6.20361  eV     1   --> A              
     e( 24 - 24) =     -5.96229  eV     1   --> A              
     e( 25 - 25) =      3.70359  eV     1   --> A              
     e( 26 - 26) =      3.93314  eV     1   --> A              
     e( 27 - 27) =      4.33587  eV     1   --> A              
     e( 28 - 28) =      4.42417  eV     1   --> A              
     e( 29 - 29) =      4.58612  eV     1   --> A              
     e( 30 - 30) =      5.06932  eV     1   --> A              
     e( 31 - 31) =      5.37216  eV     1   --> A              
     e( 32 - 32) =      5.63682  eV     1   --> A              
     e( 33 - 33) =      5.97611  eV     1   --> A              
     e( 34 - 34) =      6.19672  eV     1   --> A              
     e( 35 - 35) =      6.52361  eV     1   --> A              
     e( 36 - 36) =      6.76012  eV     1   --> A              
     e( 37 - 37) =      7.01312  eV     1   --> A              
     e( 38 - 38) =      7.06747  eV     1   --> A              
     e( 39 - 39) =      7.20357  eV     1   --> A              
     e( 40 - 40) =      7.53538  eV     1   --> A              
     e( 41 - 41) =      7.57488  eV     1   --> A              
     e( 42 - 42) =      7.77554  eV     1   --> A              
     e( 43 - 43) =      7.88207  eV     1   --> A              
     e( 44 - 44) =      8.18196  eV     1   --> A              
     e( 45 - 45) =      8.44166  eV     1   --> A              
     e( 46 - 46) =      8.46859  eV     1   --> A              
     e( 47 - 47) =      8.54462  eV     1   --> A              
     e( 48 - 48) =      8.98660  eV     1   --> A              
     e( 49 - 49) =      9.06005  eV     1   --> A              
     e( 50 - 50) =      9.25607  eV     1   --> A              
     e( 51 - 51) =      9.41642  eV     1   --> A              
     e( 52 - 52) =      9.72779  eV     1   --> A              
     e( 53 - 53) =      9.86921  eV     1   --> A              
     e( 54 - 54) =     10.25913  eV     1   --> A              
     e( 55 - 55) =     10.86335  eV     1   --> A              
     e( 56 - 56) =     13.49516  eV     1   --> A              
     e( 57 - 57) =     13.92741  eV     1   --> A              
     e( 58 - 58) =     14.01106  eV     1   --> A              
     e( 59 - 59) =     14.15758  eV     1   --> A              
     e( 60 - 60) =     14.76650  eV     1   --> A              
     e( 61 - 61) =     14.96278  eV     1   --> A              
     e( 62 - 62) =     15.84115  eV     1   --> A              
     e( 63 - 63) =     16.38583  eV     1   --> A              
     e( 64 - 64) =     16.61908  eV     1   --> A              
     e( 65 - 65) =     16.66302  eV     1   --> A              
     e( 66 - 66) =     17.93642  eV     1   --> A              
     e( 67 - 67) =     18.86887  eV     1   --> A              
     e( 68 - 68) =     19.39759  eV     1   --> A              
     e( 69 - 69) =     19.50967  eV     1   --> A              
     e( 70 - 70) =     21.42767  eV     1   --> A              
     e( 71 - 71) =     21.70937  eV     1   --> A              
     e( 72 - 72) =     21.91290  eV     1   --> A              
     e( 73 - 73) =     22.15837  eV     1   --> A              
     e( 74 - 74) =     22.94318  eV     1   --> A              
     e( 75 - 75) =     23.23907  eV     1   --> A              
     e( 76 - 76) =     23.64920  eV     1   --> A              
     e( 77 - 77) =     24.52956  eV     1   --> A              
     e( 78 - 78) =     24.69539  eV     1   --> A              
     e( 79 - 79) =     24.97074  eV     1   --> A              
     e( 80 - 80) =     25.21804  eV     1   --> A              

 **************************************************************************

 **************************************************************************

                    xk=(   0.00017,   0.00000,   0.06975  )

     Band symmetry, C_1 (1)     point group:

     e(  1 -  1) =    -82.06000  eV     1   --> A              
     e(  2 -  2) =    -68.43292  eV     1   --> A              
     e(  3 -  3) =    -63.93934  eV     1   --> A              
     e(  4 -  4) =    -63.92547  eV     1   --> A              
     e(  5 -  5) =    -45.60631  eV     1   --> A              
     e(  6 -  6) =    -45.36348  eV     1   --> A              
     e(  7 -  7) =    -45.20782  eV     1   --> A              
     e(  8 -  8) =    -37.49430  eV     1   --> A              
     e(  9 -  9) =    -37.48610  eV     1   --> A              
     e( 10 - 10) =    -37.46765  eV     1   --> A              
     e( 11 - 11) =    -28.40368  eV     1   --> A              
     e( 12 - 12) =    -28.34842  eV     1   --> A              
     e( 13 - 13) =    -28.31446  eV     1   --> A              
     e( 14 - 14) =    -28.25035  eV     1   --> A              
     e( 15 - 15) =    -28.23191  eV     1   --> A              
     e( 16 - 16) =    -28.17216  eV     1   --> A              
     e( 17 - 17) =     -8.32699  eV     1   --> A              
     e( 18 - 18) =     -7.02748  eV     1   --> A              
     e( 19 - 19) =     -6.76581  eV     1   --> A              
     e( 20 - 20) =     -6.71481  eV     1   --> A              
     e( 21 - 21) =     -6.57494  eV     1   --> A              
     e( 22 - 22) =     -6.43633  eV     1   --> A              
     e( 23 - 23) =     -6.20296  eV     1   --> A              
     e( 24 - 24) =     -5.96549  eV     1   --> A              
     e( 25 - 25) =      3.71739  eV     1   --> A              
     e( 26 - 26) =      3.94965  eV     1   --> A              
     e( 27 - 27) =      4.33604  eV     1   --> A              
     e( 28 - 28) =      4.43794  eV     1   --> A              
     e( 29 - 29) =      4.53326  eV     1   --> A              
     e( 30 - 30) =      5.10009  eV     1   --> A              
     e( 31 - 31) =      5.40751  eV     1   --> A              
     e( 32 - 32) =      5.58222  eV     1   --> A              
     e( 33 - 33) =      5.92533  eV     1   --> A              
     e( 34 - 34) =      6.20048  eV     1   --> A              
     e( 35 - 35) =      6.57878  eV     1   --> A              
     e( 36 - 36) =      6.78303  eV     1   --> A              
     e( 37 - 37) =      7.01077  eV     1   --> A              
     e( 38 - 38) =      7.07987  eV     1   --> A              
     e( 39 - 39) =      7.18833  eV     1   --> A              
     e( 40 - 40) =      7.50813  eV     1   --> A              
     e( 41 - 41) =      7.57649  eV     1   --> A              
     e( 42 - 42) =      7.75851  eV     1   --> A              
     e( 43 - 43) =      7.91380  eV     1   --> A              
     e( 44 - 44) =      8.15211  eV     1   --> A              
     e( 45 - 45) =      8.43541  eV     1   --> A              
     e( 46 - 46) =      8.45471  eV     1   --> A              
     e( 47 - 47) =      8.58719  eV     1   --> A              
     e( 48 - 48) =      8.96865  eV     1   --> A              
     e( 49 - 49) =      9.04676  eV     1   --> A              
     e( 50 - 50) =      9.26235  eV     1   --> A              
     e( 51 - 51) =      9.42374  eV     1   --> A              
     e( 52 - 52) =      9.70206  eV     1   --> A              
     e( 53 - 53) =      9.85552  eV     1   --> A              
     e( 54 - 54) =     10.30697  eV     1   --> A              
     e( 55 - 55) =     10.86420  eV     1   --> A              
     e( 56 - 56) =     13.51002  eV     1   --> A              
     e( 57 - 57) =     13.91499  eV     1   --> A              
     e( 58 - 58) =     14.01455  eV     1   --> A              
     e( 59 - 59) =     14.15416  eV     1   --> A              
     e( 60 - 60) =     14.75939  eV     1   --> A              
     e( 61 - 61) =     14.95123  eV     1   --> A              
     e( 62 - 62) =     15.84109  eV     1   --> A              
     e( 63 - 63) =     16.37167  eV     1   --> A              
     e( 64 - 64) =     16.61891  eV     1   --> A              
     e( 65 - 65) =     16.70784  eV     1   --> A              
     e( 66 - 66) =     17.93659  eV     1   --> A              
     e( 67 - 67) =     18.80585  eV     1   --> A              
     e( 68 - 68) =     19.46600  eV     1   --> A              
     e( 69 - 69) =     19.51217  eV     1   --> A              
     e( 70 - 70) =     21.43733  eV     1   --> A              
     e( 71 - 71) =     21.68316  eV     1   --> A              
     e( 72 - 72) =     21.87326  eV     1   --> A              
     e( 73 - 73) =     22.15194  eV     1   --> A              
     e( 74 - 74) =     22.94650  eV     1   --> A              
     e( 75 - 75) =     23.30615  eV     1   --> A              
     e( 76 - 76) =     23.63818  eV     1   --> A              
     e( 77 - 77) =     24.46706  eV     1   --> A              
     e( 78 - 78) =     24.68861  eV     1   --> A              
     e( 79 - 79) =     25.04453  eV     1   --> A              
     e( 80 - 80) =     25.21025  eV     1   --> A              

 **************************************************************************

 **************************************************************************

                    xk=(   0.00023,   0.00000,   0.09300  )

     Band symmetry, C_1 (1)     point group:

     e(  1 -  1) =    -82.06001  eV     1   --> A              
     e(  2 -  2) =    -68.43293  eV     1   --> A              
     e(  3 -  3) =    -63.93927  eV     1   --> A              
     e(  4 -  4) =    -63.92554  eV     1   --> A              
     e(  5 -  5) =    -45.60631  eV     1   --> A              
     e(  6 -  6) =    -45.36348  eV     1   --> A              
     e(  7 -  7) =    -45.20782  eV     1   --> A              
     e(  8 -  8) =    -37.49430  eV     1   --> A              
     e(  9 -  9) =    -37.48610  eV     1   --> A              
     e( 10 - 10) =    -37.46764  eV     1   --> A              
     e( 11 - 11) =    -28.40352  eV     1   --> A              
     e( 12 - 12) =    -28.34959  eV     1   --> A              
     e( 13 - 13) =    -28.31376  eV     1   --> A              
     e( 14 - 14) =    -28.25222  eV     1   --> A              
     e( 15 - 15) =    -28.22999  eV     1   --> A              
     e( 16 - 16) =    -28.17199  eV     1   --> A              
     e( 17 - 17) =     -8.31081  eV     1   --> A              
     e( 18 - 18) =     -7.03209  eV     1   --> A              
     e( 19 - 19) =     -6.78155  eV     1   --> A              
     e( 20 - 20) =     -6.72191  eV     1   --> A              
     e( 21 - 21) =     -6.56524  eV     1   --> A              
     e( 22 - 22) =     -6.43490  eV     1   --> A              
     e( 23 - 23) =     -6.20189  eV     1   --> A              
     e( 24 - 24) =     -5.96986  eV     1   --> A              
     e( 25 - 25) =      3.73611  eV     1   --> A              
     e( 26 - 26) =      3.97043  eV     1   --> A              
     e( 27 - 27) =      4.33733  eV     1   --> A              
     e( 28 - 28) =      4.45261  eV     1   --> A              
     e( 29 - 29) =      4.48330  eV     1   --> A              
     e( 30 - 30) =      5.12060  eV     1   --> A              
     e( 31 - 31) =      5.45289  eV     1   --> A              
     e( 32 - 32) =      5.50999  eV     1   --> A              
     e( 33 - 33) =      5.89908  eV     1   --> A              
     e( 34 - 34) =      6.19355  eV     1   --> A              
     e( 35 - 35) =      6.60734  eV     1   --> A              
     e( 36 - 36) =      6.81828  eV     1   --> A              
     e( 37 - 37) =      7.02862  eV     1   --> A              
     e( 38 - 38) =      7.09274  eV     1   --> A              
     e( 39 - 39) =      7.17156  eV     1   --> A              
     e( 40 - 40) =      7.46920  eV     1   --> A              
     e( 41 - 41) =      7.56935  eV     1   --> A              
     e( 42 - 42) =      7.75222  eV     1   --> A              
     e( 43 - 43) =      7.94809  eV     1   --> A              
     e( 44 - 44) =      8.12071  eV     1   --> A              
     e( 45 - 45) =      8.41352  eV     1   --> A              
     e( 46 - 46) =      8.44718  eV     1   --> A              
     e( 47 - 47) =      8.63629  eV     1   --> A              
     e( 48 - 48) =      8.94375  eV     1   --> A              
     e( 49 - 49) =      9.02952  eV     1   --> A              
     e( 50 - 50) =      9.27061  eV     1   --> A              
     e( 51 - 51) =      9.43215  eV     1   --> A              
     e( 52 - 52) =      9.67451  eV     1   --> A              
     e( 53 - 53) =      9.84093  eV     1   --> A              
     e( 54 - 54) =     10.36231  eV     1   --> A              
     e( 55 - 55) =     10.86555  eV     1   --> A              
     e( 56 - 56) =     13.53024  eV     1   --> A              
     e( 57 - 57) =     13.90060  eV     1   --> A              
     e( 58 - 58) =     14.01727  eV     1   --> A              
     e( 59 - 59) =     14.14977  eV     1   --> A              
     e( 60 - 60) =     14.74946  eV     1   --> A              
     e( 61 - 61) =     14.93522  eV     1   --> A              
     e( 62 - 62) =     15.84085  eV     1   --> A              
     e( 63 - 63) =     16.35313  eV     1   --> A              
     e( 64 - 64) =     16.61738  eV     1   --> A              
     e( 65 - 65) =     16.76980  eV     1   --> A              
     e( 66 - 66) =     17.93677  eV     1   --> A              
     e( 67 - 67) =     18.73822  eV     1   --> A              
     e( 68 - 68) =     19.51404  eV     1   --> A              
     e( 69 - 69) =     19.54211  eV     1   --> A              
     e( 70 - 70) =     21.44347  eV     1   --> A              
     e( 71 - 71) =     21.63806  eV     1   --> A              
     e( 72 - 72) =     21.84011  eV     1   --> A              
     e( 73 - 73) =     22.14633  eV     1   --> A              
     e( 74 - 74) =     22.95141  eV     1   --> A              
     e( 75 - 75) =     23.39108  eV     1   --> A              
     e( 76 - 76) =     23.62543  eV     1   --> A              
     e( 77 - 77) =     24.40046  eV     1   --> A              
     e( 78 - 78) =     24.67333  eV     1   --> A              
     e( 79 - 79) =     25.11664  eV     1   --> A              
     e( 80 - 80) =     25.21317  eV     1   --> A              

 **************************************************************************

 **************************************************************************

                    xk=(   0.00028,   0.00000,   0.11624  )

     Band symmetry, C_1 (1)     point group:

     e(  1 -  1) =    -82.06001  eV     1   --> A              
     e(  2 -  2) =    -68.43293  eV     1   --> A              
     e(  3 -  3) =    -63.93917  eV     1   --> A              
     e(  4 -  4) =    -63.92563  eV     1   --> A              
     e(  5 -  5) =    -45.60631  eV     1   --> A              
     e(  6 -  6) =    -45.36348  eV     1   --> A              
     e(  7 -  7) =    -45.20782  eV     1   --> A              
     e(  8 -  8) =    -37.49431  eV     1   --> A              
     e(  9 -  9) =    -37.48610  eV     1   --> A              
     e( 10 - 10) =    -37.46764  eV     1   --> A              
     e( 11 - 11) =    -28.40330  eV     1   --> A              
     e( 12 - 12) =    -28.35104  eV     1   --> A              
     e( 13 - 13) =    -28.31290  eV     1   --> A              
     e( 14 - 14) =    -28.25423  eV     1   --> A              
     e( 15 - 15) =    -28.22795  eV     1   --> A              
     e( 16 - 16) =    -28.17178  eV     1   --> A              
     e( 17 - 17) =     -8.29012  eV     1   --> A              
     e( 18 - 18) =     -7.03762  eV     1   --> A              
     e( 19 - 19) =     -6.79895  eV     1   --> A              
     e( 20 - 20) =     -6.73436  eV     1   --> A              
     e( 21 - 21) =     -6.55300  eV     1   --> A              
     e( 22 - 22) =     -6.43285  eV     1   --> A              
     e( 23 - 23) =     -6.20027  eV     1   --> A              
     e( 24 - 24) =     -5.97530  eV     1   --> A              
     e( 25 - 25) =      3.75923  eV     1   --> A              
     e( 26 - 26) =      3.99212  eV     1   --> A              
     e( 27 - 27) =      4.34047  eV     1   --> A              
     e( 28 - 28) =      4.42625  eV     1   --> A              
     e( 29 - 29) =      4.48563  eV     1   --> A              
     e( 30 - 30) =      5.12850  eV     1   --> A              
     e( 31 - 31) =      5.39760  eV     1   --> A              
     e( 32 - 32) =      5.53732  eV     1   --> A              
     e( 33 - 33) =      5.89056  eV     1   --> A              
     e( 34 - 34) =      6.17972  eV     1   --> A              
     e( 35 - 35) =      6.61184  eV     1   --> A              
     e( 36 - 36) =      6.84063  eV     1   --> A              
     e( 37 - 37) =      7.08077  eV     1   --> A              
     e( 38 - 38) =      7.10679  eV     1   --> A              
     e( 39 - 39) =      7.15532  eV     1   --> A              
     e( 40 - 40) =      7.42629  eV     1   --> A              
     e( 41 - 41) =      7.54522  eV     1   --> A              
     e( 42 - 42) =      7.75832  eV     1   --> A              
     e( 43 - 43) =      7.98306  eV     1   --> A              
     e( 44 - 44) =      8.09083  eV     1   --> A              
     e( 45 - 45) =      8.38096  eV     1   --> A              
     e( 46 - 46) =      8.44428  eV     1   --> A              
     e( 47 - 47) =      8.68597  eV     1   --> A              
     e( 48 - 48) =      8.91248  eV     1   --> A              
     e( 49 - 49) =      9.00973  eV     1   --> A              
     e( 50 - 50) =      9.28012  eV     1   --> A              
     e( 51 - 51) =      9.44061  eV     1   --> A              
     e( 52 - 52) =      9.64935  eV     1   --> A              
     e( 53 - 53) =      9.82618  eV     1   --> A              
     e( 54 - 54) =     10.42093  eV     1   --> A              
     e( 55 - 55) =     10.86755  eV     1   --> A              
     e( 56 - 56) =     13.55525  eV     1   --> A              
     e( 57 - 57) =     13.88570  eV     1   --> A              
     e( 58 - 58) =     14.01847  eV     1   --> A              
     e( 59 - 59) =     14.14476  eV     1   --> A              
     e( 60 - 60) =     14.73668  eV     1   --> A              
     e( 61 - 61) =     14.91495  eV     1   --> A              
     e( 62 - 62) =     15.84034  eV     1   --> A              
     e( 63 - 63) =     16.33118  eV     1   --> A              
     e( 64 - 64) =     16.61440  eV     1   --> A              
     e( 65 - 65) =     16.84728  eV     1   --> A              
     e( 66 - 66) =     17.93691  eV     1   --> A              
     e( 67 - 67) =     18.67072  eV     1   --> A              
     e( 68 - 68) =     19.51854  eV     1   --> A              
     e( 69 - 69) =     19.61739  eV     1   --> A              
     e( 70 - 70) =     21.42916  eV     1   --> A              
     e( 71 - 71) =     21.58668  eV     1   --> A              
     e( 72 - 72) =     21.81956  eV     1   --> A              
     e( 73 - 73) =     22.14582  eV     1   --> A              
     e( 74 - 74) =     22.95812  eV     1   --> A              
     e( 75 - 75) =     23.48542  eV     1   --> A              
     e( 76 - 76) =     23.61637  eV     1   --> A              
     e( 77 - 77) =     24.33214  eV     1   --> A              
     e( 78 - 78) =     24.64582  eV     1   --> A              
     e( 79 - 79) =     25.16083  eV     1   --> A              
     e( 80 - 80) =     25.25190  eV     1   --> A              

 **************************************************************************

 **************************************************************************

                    xk=(   0.00034,   0.00000,   0.13949  )

     Band symmetry, C_1 (1)     point group:

     e(  1 -  1) =    -82.06002  eV     1   --> A              
     e(  2 -  2) =    -68.43293  eV     1   --> A              
     e(  3 -  3) =    -63.93906  eV     1   --> A              
     e(  4 -  4) =    -63.92574  eV     1   --> A              
     e(  5 -  5) =    -45.60631  eV     1   --> A              
     e(  6 -  6) =    -45.36348  eV     1   --> A              
     e(  7 -  7) =    -45.20781  eV     1   --> A              
     e(  8 -  8) =    -37.49431  eV     1   --> A              
     e(  9 -  9) =    -37.48610  eV     1   --> A              
     e( 10 - 10) =    -37.46764  eV     1   --> A              
     e( 11 - 11) =    -28.40302  eV     1   --> A              
     e( 12 - 12) =    -28.35273  eV     1   --> A              
     e( 13 - 13) =    -28.31190  eV     1   --> A              
     e( 14 - 14) =    -28.25631  eV     1   --> A              
     e( 15 - 15) =    -28.22586  eV     1   --> A              
     e( 16 - 16) =    -28.17155  eV     1   --> A              
     e( 17 - 17) =     -8.26501  eV     1   --> A              
     e( 18 - 18) =     -7.04385  eV     1   --> A              
     e( 19 - 19) =     -6.81844  eV     1   --> A              
     e( 20 - 20) =     -6.75147  eV     1   --> A              
     e( 21 - 21) =     -6.53864  eV     1   --> A              
     e( 22 - 22) =     -6.43026  eV     1   --> A              
     e( 23 - 23) =     -6.19804  eV     1   --> A              
     e( 24 - 24) =     -5.98169  eV     1   --> A              
     e( 25 - 25) =      3.78609  eV     1   --> A              
     e( 26 - 26) =      4.00910  eV     1   --> A              
     e( 27 - 27) =      4.34620  eV     1   --> A              
     e( 28 - 28) =      4.39406  eV     1   --> A              
     e( 29 - 29) =      4.51240  eV     1   --> A              
     e( 30 - 30) =      5.12459  eV     1   --> A              
     e( 31 - 31) =      5.29986  eV     1   --> A              
     e( 32 - 32) =      5.61056  eV     1   --> A              
     e( 33 - 33) =      5.89139  eV     1   --> A              
     e( 34 - 34) =      6.16107  eV     1   --> A              
     e( 35 - 35) =      6.60451  eV     1   --> A              
     e( 36 - 36) =      6.84229  eV     1   --> A              
     e( 37 - 37) =      7.11337  eV     1   --> A              
     e( 38 - 38) =      7.12714  eV     1   --> A              
     e( 39 - 39) =      7.17878  eV     1   --> A              
     e( 40 - 40) =      7.38675  eV     1   --> A              
     e( 41 - 41) =      7.50648  eV     1   --> A              
     e( 42 - 42) =      7.77076  eV     1   --> A              
     e( 43 - 43) =      8.01257  eV     1   --> A              
     e( 44 - 44) =      8.06811  eV     1   --> A              
     e( 45 - 45) =      8.34437  eV     1   --> A              
     e( 46 - 46) =      8.44295  eV     1   --> A              
     e( 47 - 47) =      8.73154  eV     1   --> A              
     e( 48 - 48) =      8.87647  eV     1   --> A              
     e( 49 - 49) =      8.98931  eV     1   --> A              
     e( 50 - 50) =      9.28983  eV     1   --> A              
     e( 51 - 51) =      9.44847  eV     1   --> A              
     e( 52 - 52) =      9.62901  eV     1   --> A              
     e( 53 - 53) =      9.81184  eV     1   --> A              
     e( 54 - 54) =     10.48009  eV     1   --> A              
     e( 55 - 55) =     10.87035  eV     1   --> A              
     e( 56 - 56) =     13.58429  eV     1   --> A              
     e( 57 - 57) =     13.87164  eV     1   --> A              
     e( 58 - 58) =     14.01764  eV     1   --> A              
     e( 59 - 59) =     14.13957  eV     1   --> A              
     e( 60 - 60) =     14.72097  eV     1   --> A              
     e( 61 - 61) =     14.89074  eV     1   --> A              
     e( 62 - 62) =     15.83956  eV     1   --> A              
     e( 63 - 63) =     16.30680  eV     1   --> A              
     e( 64 - 64) =     16.60980  eV     1   --> A              
     e( 65 - 65) =     16.93864  eV     1   --> A              
     e( 66 - 66) =     17.93697  eV     1   --> A              
     e( 67 - 67) =     18.60581  eV     1   --> A              
     e( 68 - 68) =     19.52338  eV     1   --> A              
     e( 69 - 69) =     19.69107  eV     1   --> A              
     e( 70 - 70) =     21.36774  eV     1   --> A              
     e( 71 - 71) =     21.55849  eV     1   --> A              
     e( 72 - 72) =     21.80844  eV     1   --> A              
     e( 73 - 73) =     22.15594  eV     1   --> A              
     e( 74 - 74) =     22.96677  eV     1   --> A              
     e( 75 - 75) =     23.55237  eV     1   --> A              
     e( 76 - 76) =     23.64569  eV     1   --> A              
     e( 77 - 77) =     24.26293  eV     1   --> A              
     e( 78 - 78) =     24.60386  eV     1   --> A              
     e( 79 - 79) =     25.18009  eV     1   --> A              
     e( 80 - 80) =     25.32151  eV     1   --> A              

 **************************************************************************

 **************************************************************************

                    xk=(   0.00040,   0.00000,   0.16274  )

     Band symmetry, C_1 (1)     point group:

     e(  1 -  1) =    -82.06002  eV     1   --> A              
     e(  2 -  2) =    -68.43293  eV     1   --> A              
     e(  3 -  3) =    -63.93893  eV     1   --> A              
     e(  4 -  4) =    -63.92587  eV     1   --> A              
     e(  5 -  5) =    -45.60631  eV     1   --> A              
     e(  6 -  6) =    -45.36348  eV     1   --> A              
     e(  7 -  7) =    -45.20781  eV     1   --> A              
     e(  8 -  8) =    -37.49431  eV     1   --> A              
     e(  9 -  9) =    -37.48610  eV     1   --> A              
     e( 10 - 10) =    -37.46764  eV     1   --> A              
     e( 11 - 11) =    -28.40267  eV     1   --> A              
     e( 12 - 12) =    -28.35461  eV     1   --> A              
     e( 13 - 13) =    -28.31077  eV     1   --> A              
     e( 14 - 14) =    -28.25844  eV     1   --> A              
     e( 15 - 15) =    -28.22375  eV     1   --> A              
     e( 16 - 16) =    -28.17129  eV     1   --> A              
     e( 17 - 17) =     -8.23559  eV     1   --> A              
     e( 18 - 18) =     -7.05056  eV     1   --> A              
     e( 19 - 19) =     -6.84112  eV     1   --> A              
     e( 20 - 20) =     -6.77165  eV     1   --> A              
     e( 21 - 21) =     -6.52262  eV     1   --> A              
     e( 22 - 22) =     -6.42725  eV     1   --> A              
     e( 23 - 23) =     -6.19514  eV     1   --> A              
     e( 24 - 24) =     -5.98892  eV     1   --> A              
     e( 25 - 25) =      3.81590  eV     1   --> A              
     e( 26 - 26) =      4.01443  eV     1   --> A              
     e( 27 - 27) =      4.35253  eV     1   --> A              
     e( 28 - 28) =      4.38550  eV     1   --> A              
     e( 29 - 29) =      4.54420  eV     1   --> A              
     e( 30 - 30) =      5.10483  eV     1   --> A              
     e( 31 - 31) =      5.20982  eV     1   --> A              
     e( 32 - 32) =      5.68606  eV     1   --> A              
     e( 33 - 33) =      5.89521  eV     1   --> A              
     e( 34 - 34) =      6.13979  eV     1   --> A              
     e( 35 - 35) =      6.59310  eV     1   --> A              
     e( 36 - 36) =      6.83425  eV     1   --> A              
     e( 37 - 37) =      7.10564  eV     1   --> A              
     e( 38 - 38) =      7.12366  eV     1   --> A              
     e( 39 - 39) =      7.26151  eV     1   --> A              
     e( 40 - 40) =      7.36437  eV     1   --> A              
     e( 41 - 41) =      7.45889  eV     1   --> A              
     e( 42 - 42) =      7.78236  eV     1   --> A              
     e( 43 - 43) =      8.01382  eV     1   --> A              
     e( 44 - 44) =      8.07382  eV     1   --> A              
     e( 45 - 45) =      8.30760  eV     1   --> A              
     e( 46 - 46) =      8.44380  eV     1   --> A              
     e( 47 - 47) =      8.76453  eV     1   --> A              
     e( 48 - 48) =      8.84186  eV     1   --> A              
     e( 49 - 49) =      8.97105  eV     1   --> A              
     e( 50 - 50) =      9.29836  eV     1   --> A              
     e( 51 - 51) =      9.45543  eV     1   --> A              
     e( 52 - 52) =      9.61461  eV     1   --> A              
     e( 53 - 53) =      9.79844  eV     1   --> A              
     e( 54 - 54) =     10.53799  eV     1   --> A              
     e( 55 - 55) =     10.87417  eV     1   --> A              
     e( 56 - 56) =     13.61641  eV     1   --> A              
     e( 57 - 57) =     13.85977  eV     1   --> A              
     e( 58 - 58) =     14.01445  eV     1   --> A              
     e( 59 - 59) =     14.13455  eV     1   --> A              
     e( 60 - 60) =     14.70213  eV     1   --> A              
     e( 61 - 61) =     14.86311  eV     1   --> A              
     e( 62 - 62) =     15.83856  eV     1   --> A              
     e( 63 - 63) =     16.28092  eV     1   --> A              
     e( 64 - 64) =     16.60343  eV     1   --> A              
     e( 65 - 65) =     17.04216  eV     1   --> A              
     e( 66 - 66) =     17.93693  eV     1   --> A              
     e( 67 - 67) =     18.54492  eV     1   --> A              
     e( 68 - 68) =     19.52890  eV     1   --> A              
     e( 69 - 69) =     19.76083  eV     1   --> A              
     e( 70 - 70) =     21.26637  eV     1   --> A              
     e( 71 - 71) =     21.54879  eV     1   --> A              
     e( 72 - 72) =     21.80274  eV     1   --> A              
     e( 73 - 73) =     22.18252  eV     1   --> A              
     e( 74 - 74) =     22.97748  eV     1   --> A              
     e( 75 - 75) =     23.55422  eV     1   --> A              
     e( 76 - 76) =     23.74966  eV     1   --> A              
     e( 77 - 77) =     24.19340  eV     1   --> A              
     e( 78 - 78) =     24.54764  eV     1   --> A              
     e( 79 - 79) =     25.19768  eV     1   --> A              
     e( 80 - 80) =     25.39405  eV     1   --> A              

 **************************************************************************

 **************************************************************************

                    xk=(   0.00045,   0.00000,   0.18599  )

     Band symmetry, C_1 (1)     point group:

     e(  1 -  1) =    -82.06002  eV     1   --> A              
     e(  2 -  2) =    -68.43293  eV     1   --> A              
     e(  3 -  3) =    -63.93879  eV     1   --> A              
     e(  4 -  4) =    -63.92600  eV     1   --> A              
     e(  5 -  5) =    -45.60631  eV     1   --> A              
     e(  6 -  6) =    -45.36349  eV     1   --> A              
     e(  7 -  7) =    -45.20781  eV     1   --> A              
     e(  8 -  8) =    -37.49431  eV     1   --> A              
     e(  9 -  9) =    -37.48610  eV     1   --> A              
     e( 10 - 10) =    -37.46764  eV     1   --> A              
     e( 11 - 11) =    -28.40224  eV     1   --> A              
     e( 12 - 12) =    -28.35665  eV     1   --> A              
     e( 13 - 13) =    -28.30954  eV     1   --> A              
     e( 14 - 14) =    -28.26060  eV     1   --> A              
     e( 15 - 15) =    -28.22167  eV     1   --> A              
     e( 16 - 16) =    -28.17102  eV     1   --> A              
     e( 17 - 17) =     -8.20201  eV     1   --> A              
     e( 18 - 18) =     -7.05753  eV     1   --> A              
     e( 19 - 19) =     -6.86866  eV     1   --> A              
     e( 20 - 20) =     -6.79265  eV     1   --> A              
     e( 21 - 21) =     -6.50537  eV     1   --> A              
     e( 22 - 22) =     -6.42403  eV     1   --> A              
     e( 23 - 23) =     -6.19161  eV     1   --> A              
     e( 24 - 24) =     -5.99683  eV     1   --> A              
     e( 25 - 25) =      3.84772  eV     1   --> A              
     e( 26 - 26) =      4.00451  eV     1   --> A              
     e( 27 - 27) =      4.35550  eV     1   --> A              
     e( 28 - 28) =      4.40944  eV     1   --> A              
     e( 29 - 29) =      4.57983  eV     1   --> A              
     e( 30 - 30) =      5.05071  eV     1   --> A              
     e( 31 - 31) =      5.15359  eV     1   --> A              
     e( 32 - 32) =      5.75600  eV     1   --> A              
     e( 33 - 33) =      5.89669  eV     1   --> A              
     e( 34 - 34) =      6.11918  eV     1   --> A              
     e( 35 - 35) =      6.58245  eV     1   --> A              
     e( 36 - 36) =      6.82395  eV     1   --> A              
     e( 37 - 37) =      7.07797  eV     1   --> A              
     e( 38 - 38) =      7.12686  eV     1   --> A              
     e( 39 - 39) =      7.29866  eV     1   --> A              
     e( 40 - 40) =      7.37352  eV     1   --> A              
     e( 41 - 41) =      7.43489  eV     1   --> A              
     e( 42 - 42) =      7.78831  eV     1   --> A              
     e( 43 - 43) =      7.99405  eV     1   --> A              
     e( 44 - 44) =      8.09879  eV     1   --> A              
     e( 45 - 45) =      8.27443  eV     1   --> A              
     e( 46 - 46) =      8.44816  eV     1   --> A              
     e( 47 - 47) =      8.75824  eV     1   --> A              
     e( 48 - 48) =      8.83256  eV     1   --> A              
     e( 49 - 49) =      8.95925  eV     1   --> A              
     e( 50 - 50) =      9.30412  eV     1   --> A              
     e( 51 - 51) =      9.46159  eV     1   --> A              
     e( 52 - 52) =      9.60655  eV     1   --> A              
     e( 53 - 53) =      9.78638  eV     1   --> A              
     e( 54 - 54) =     10.59324  eV     1   --> A              
     e( 55 - 55) =     10.87925  eV     1   --> A              
     e( 56 - 56) =     13.65037  eV     1   --> A              
     e( 57 - 57) =     13.85152  eV     1   --> A              
     e( 58 - 58) =     14.00881  eV     1   --> A              
     e( 59 - 59) =     14.12997  eV     1   --> A              
     e( 60 - 60) =     14.67981  eV     1   --> A              
     e( 61 - 61) =     14.83283  eV     1   --> A              
     e( 62 - 62) =     15.83743  eV     1   --> A              
     e( 63 - 63) =     16.25439  eV     1   --> A              
     e( 64 - 64) =     16.59526  eV     1   --> A              
     e( 65 - 65) =     17.15604  eV     1   --> A              
     e( 66 - 66) =     17.93683  eV     1   --> A              
     e( 67 - 67) =     18.48895  eV     1   --> A              
     e( 68 - 68) =     19.53501  eV     1   --> A              
     e( 69 - 69) =     19.82536  eV     1   --> A              
     e( 70 - 70) =     21.14579  eV     1   --> A              
     e( 71 - 71) =     21.53861  eV     1   --> A              
     e( 72 - 72) =     21.79985  eV     1   --> A              
     e( 73 - 73) =     22.22991  eV     1   --> A              
     e( 74 - 74) =     22.99032  eV     1   --> A              
     e( 75 - 75) =     23.54219  eV     1   --> A              
     e( 76 - 76) =     23.87522  eV     1   --> A              
     e( 77 - 77) =     24.12491  eV     1   --> A              
     e( 78 - 78) =     24.47922  eV     1   --> A              
     e( 79 - 79) =     25.21510  eV     1   --> A              
     e( 80 - 80) =     25.46078  eV     1   --> A              

 **************************************************************************

 **************************************************************************

                    xk=(   0.00051,   0.00000,   0.20924  )

     Band symmetry, C_1 (1)     point group:

     e(  1 -  1) =    -82.06003  eV     1   --> A              
     e(  2 -  2) =    -68.43293  eV     1   --> A              
     e(  3 -  3) =    -63.93864  eV     1   --> A              
     e(  4 -  4) =    -63.92615  eV     1   --> A              
     e(  5 -  5) =    -45.60631  eV     1   --> A              
     e(  6 -  6) =    -45.36349  eV     1   --> A              
     e(  7 -  7) =    -45.20781  eV     1   --> A              
     e(  8 -  8) =    -37.49432  eV     1   --> A              
     e(  9 -  9) =    -37.48610  eV     1   --> A              
     e( 10 - 10) =    -37.46764  eV     1   --> A              
     e( 11 - 11) =    -28.40173  eV     1   --> A              
     e( 12 - 12) =    -28.35883  eV     1   --> A              
     e( 13 - 13) =    -28.30820  eV     1   --> A              
     e( 14 - 14) =    -28.26277  eV     1   --> A              
     e( 15 - 15) =    -28.21963  eV     1   --> A              
     e( 16 - 16) =    -28.17075  eV     1   --> A              
     e( 17 - 17) =     -8.16439  eV     1   --> A              
     e( 18 - 18) =     -7.06460  eV     1   --> A              
     e( 19 - 19) =     -6.90253  eV     1   --> A              
     e( 20 - 20) =     -6.81232  eV     1   --> A              
     e( 21 - 21) =     -6.48728  eV     1   --> A              
     e( 22 - 22) =     -6.42079  eV     1   --> A              
     e( 23 - 23) =     -6.18756  eV     1   --> A              
     e( 24 - 24) =     -6.00528  eV     1   --> A              
     e( 25 - 25) =      3.88030  eV     1   --> A              
     e( 26 - 26) =      3.98245  eV     1   --> A              
     e( 27 - 27) =      4.36073  eV     1   --> A              
     e( 28 - 28) =      4.45706  eV     1   --> A              
     e( 29 - 29) =      4.61840  eV     1   --> A              
     e( 30 - 30) =      4.97074  eV     1   --> A              
     e( 31 - 31) =      5.12819  eV     1   --> A              
     e( 32 - 32) =      5.81112  eV     1   --> A              
     e( 33 - 33) =      5.89297  eV     1   --> A              
     e( 34 - 34) =      6.10379  eV     1   --> A              
     e( 35 - 35) =      6.57625  eV     1   --> A              
     e( 36 - 36) =      6.81463  eV     1   --> A              
     e( 37 - 37) =      7.04599  eV     1   --> A              
     e( 38 - 38) =      7.12451  eV     1   --> A              
     e( 39 - 39) =      7.29665  eV     1   --> A              
     e( 40 - 40) =      7.32849  eV     1   --> A              
     e( 41 - 41) =      7.50635  eV     1   --> A              
     e( 42 - 42) =      7.78630  eV     1   --> A              
     e( 43 - 43) =      7.97408  eV     1   --> A              
     e( 44 - 44) =      8.12052  eV     1   --> A              
     e( 45 - 45) =      8.24894  eV     1   --> A              
     e( 46 - 46) =      8.45680  eV     1   --> A              
     e( 47 - 47) =      8.71688  eV     1   --> A              
     e( 48 - 48) =      8.84133  eV     1   --> A              
     e( 49 - 49) =      8.95914  eV     1   --> A              
     e( 50 - 50) =      9.30569  eV     1   --> A              
     e( 51 - 51) =      9.46745  eV     1   --> A              
     e( 52 - 52) =      9.60465  eV     1   --> A              
     e( 53 - 53) =      9.77579  eV     1   --> A              
     e( 54 - 54) =     10.64469  eV     1   --> A              
     e( 55 - 55) =     10.88594  eV     1   --> A              
     e( 56 - 56) =     13.68455  eV     1   --> A              
     e( 57 - 57) =     13.84849  eV     1   --> A              
     e( 58 - 58) =     14.00091  eV     1   --> A              
     e( 59 - 59) =     14.12587  eV     1   --> A              
     e( 60 - 60) =     14.65346  eV     1   --> A              
     e( 61 - 61) =     14.80102  eV     1   --> A              
     e( 62 - 62) =     15.83627  eV     1   --> A              
     e( 63 - 63) =     16.22798  eV     1   --> A              
     e( 64 - 64) =     16.58533  eV     1   --> A              
     e( 65 - 65) =     17.27841  eV     1   --> A              
     e( 66 - 66) =     17.93677  eV     1   --> A              
     e( 67 - 67) =     18.43855  eV     1   --> A              
     e( 68 - 68) =     19.54148  eV     1   --> A              
     e( 69 - 69) =     19.88373  eV     1   --> A              
     e( 70 - 70) =     21.01534  eV     1   --> A              
     e( 71 - 71) =     21.52204  eV     1   --> A              
     e( 72 - 72) =     21.79783  eV     1   --> A              
     e( 73 - 73) =     22.29948  eV     1   --> A              
     e( 74 - 74) =     23.00537  eV     1   --> A              
     e( 75 - 75) =     23.52931  eV     1   --> A              
     e( 76 - 76) =     23.99386  eV     1   --> A              
     e( 77 - 77) =     24.07286  eV     1   --> A              
     e( 78 - 78) =     24.40138  eV     1   --> A              
     e( 79 - 79) =     25.22607  eV     1   --> A              
     e( 80 - 80) =     25.51929  eV     1   --> A              

 **************************************************************************

 **************************************************************************

                    xk=(   0.00057,   0.00000,   0.23249  )

     Band symmetry, C_1 (1)     point group:

     e(  1 -  1) =    -82.06003  eV     1   --> A              
     e(  2 -  2) =    -68.43293  eV     1   --> A              
     e(  3 -  3) =    -63.93848  eV     1   --> A              
     e(  4 -  4) =    -63.92630  eV     1   --> A              
     e(  5 -  5) =    -45.60631  eV     1   --> A              
     e(  6 -  6) =    -45.36349  eV     1   --> A              
     e(  7 -  7) =    -45.20780  eV     1   --> A              
     e(  8 -  8) =    -37.49432  eV     1   --> A              
     e(  9 -  9) =    -37.48610  eV     1   --> A              
     e( 10 - 10) =    -37.46764  eV     1   --> A              
     e( 11 - 11) =    -28.40113  eV     1   --> A              
     e( 12 - 12) =    -28.36110  eV     1   --> A              
     e( 13 - 13) =    -28.30678  eV     1   --> A              
     e( 14 - 14) =    -28.26495  eV     1   --> A              
     e( 15 - 15) =    -28.21768  eV     1   --> A              
     e( 16 - 16) =    -28.17049  eV     1   --> A              
     e( 17 - 17) =     -8.12292  eV     1   --> A              
     e( 18 - 18) =     -7.07167  eV     1   --> A              
     e( 19 - 19) =     -6.94299  eV     1   --> A              
     e( 20 - 20) =     -6.82965  eV     1   --> A              
     e( 21 - 21) =     -6.46872  eV     1   --> A              
     e( 22 - 22) =     -6.41766  eV     1   --> A              
     e( 23 - 23) =     -6.18318  eV     1   --> A              
     e( 24 - 24) =     -6.01412  eV     1   --> A              
     e( 25 - 25) =      3.91182  eV     1   --> A              
     e( 26 - 26) =      3.95462  eV     1   --> A              
     e( 27 - 27) =      4.36928  eV     1   --> A              
     e( 28 - 28) =      4.51975  eV     1   --> A              
     e( 29 - 29) =      4.65779  eV     1   --> A              
     e( 30 - 30) =      4.89379  eV     1   --> A              
     e( 31 - 31) =      5.11155  eV     1   --> A              
     e( 32 - 32) =      5.82935  eV     1   --> A              
     e( 33 - 33) =      5.89616  eV     1   --> A              
     e( 34 - 34) =      6.09708  eV     1   --> A              
     e( 35 - 35) =      6.57711  eV     1   --> A              
     e( 36 - 36) =      6.80777  eV     1   --> A              
     e( 37 - 37) =      7.01428  eV     1   --> A              
     e( 38 - 38) =      7.11753  eV     1   --> A              
     e( 39 - 39) =      7.23851  eV     1   --> A              
     e( 40 - 40) =      7.32640  eV     1   --> A              
     e( 41 - 41) =      7.58342  eV     1   --> A              
     e( 42 - 42) =      7.77712  eV     1   --> A              
     e( 43 - 43) =      7.95928  eV     1   --> A              
     e( 44 - 44) =      8.13306  eV     1   --> A              
     e( 45 - 45) =      8.23538  eV     1   --> A              
     e( 46 - 46) =      8.46878  eV     1   --> A              
     e( 47 - 47) =      8.66767  eV     1   --> A              
     e( 48 - 48) =      8.84334  eV     1   --> A              
     e( 49 - 49) =      8.97112  eV     1   --> A              
     e( 50 - 50) =      9.30248  eV     1   --> A              
     e( 51 - 51) =      9.47373  eV     1   --> A              
     e( 52 - 52) =      9.60793  eV     1   --> A              
     e( 53 - 53) =      9.76666  eV     1   --> A              
     e( 54 - 54) =     10.69121  eV     1   --> A              
     e( 55 - 55) =     10.89470  eV     1   --> A              
     e( 56 - 56) =     13.71690  eV     1   --> A              
     e( 57 - 57) =     13.85254  eV     1   --> A              
     e( 58 - 58) =     13.99118  eV     1   --> A              
     e( 59 - 59) =     14.12218  eV     1   --> A              
     e( 60 - 60) =     14.62244  eV     1   --> A              
     e( 61 - 61) =     14.76903  eV     1   --> A              
     e( 62 - 62) =     15.83520  eV     1   --> A              
     e( 63 - 63) =     16.20234  eV     1   --> A              
     e( 64 - 64) =     16.57380  eV     1   --> A              
     e( 65 - 65) =     17.40720  eV     1   --> A              
     e( 66 - 66) =     17.93699  eV     1   --> A              
     e( 67 - 67) =     18.39431  eV     1   --> A              
     e( 68 - 68) =     19.54789  eV     1   --> A              
     e( 69 - 69) =     19.93518  eV     1   --> A              
     e( 70 - 70) =     20.87944  eV     1   --> A              
     e( 71 - 71) =     21.50021  eV     1   --> A              
     e( 72 - 72) =     21.79509  eV     1   --> A              
     e( 73 - 73) =     22.38968  eV     1   --> A              
     e( 74 - 74) =     23.02274  eV     1   --> A              
     e( 75 - 75) =     23.51787  eV     1   --> A              
     e( 76 - 76) =     23.97078  eV     1   --> A              
     e( 77 - 77) =     24.16991  eV     1   --> A              
     e( 78 - 78) =     24.31693  eV     1   --> A              
     e( 79 - 79) =     25.22176  eV     1   --> A              
     e( 80 - 80) =     25.56942  eV     1   --> A              

 **************************************************************************

 **************************************************************************

                    xk=(   0.00063,   0.00000,   0.25574  )

     Band symmetry, C_1 (1)     point group:

     e(  1 -  1) =    -82.06004  eV     1   --> A              
     e(  2 -  2) =    -68.43293  eV     1   --> A              
     e(  3 -  3) =    -63.93831  eV     1   --> A              
     e(  4 -  4) =    -63.92646  eV     1   --> A              
     e(  5 -  5) =    -45.60631  eV     1   --> A              
     e(  6 -  6) =    -45.36349  eV     1   --> A              
     e(  7 -  7) =    -45.20780  eV     1   --> A              
     e(  8 -  8) =    -37.49432  eV     1   --> A              
     e(  9 -  9) =    -37.48610  eV     1   --> A              
     e( 10 - 10) =    -37.46764  eV     1   --> A              
     e( 11 - 11) =    -28.40043  eV     1   --> A              
     e( 12 - 12) =    -28.36343  eV     1   --> A              
     e( 13 - 13) =    -28.30528  eV     1   --> A              
     e( 14 - 14) =    -28.26713  eV     1   --> A              
     e( 15 - 15) =    -28.21582  eV     1   --> A              
     e( 16 - 16) =    -28.17023  eV     1   --> A              
     e( 17 - 17) =     -8.07779  eV     1   --> A              
     e( 18 - 18) =     -7.07881  eV     1   --> A              
     e( 19 - 19) =     -6.98915  eV     1   --> A              
     e( 20 - 20) =     -6.84465  eV     1   --> A              
     e( 21 - 21) =     -6.45011  eV     1   --> A              
     e( 22 - 22) =     -6.41463  eV     1   --> A              
     e( 23 - 23) =     -6.17872  eV     1   --> A              
     e( 24 - 24) =     -6.02313  eV     1   --> A              
     e( 25 - 25) =      3.92300  eV     1   --> A              
     e( 26 - 26) =      3.94335  eV     1   --> A              
     e( 27 - 27) =      4.38065  eV     1   --> A              
     e( 28 - 28) =      4.58871  eV     1   --> A              
     e( 29 - 29) =      4.68988  eV     1   --> A              
     e( 30 - 30) =      4.83986  eV     1   --> A              
     e( 31 - 31) =      5.09867  eV     1   --> A              
     e( 32 - 32) =      5.80179  eV     1   --> A              
     e( 33 - 33) =      5.91054  eV     1   --> A              
     e( 34 - 34) =      6.09910  eV     1   --> A              
     e( 35 - 35) =      6.58501  eV     1   --> A              
     e( 36 - 36) =      6.80418  eV     1   --> A              
     e( 37 - 37) =      6.98792  eV     1   --> A              
     e( 38 - 38) =      7.10782  eV     1   --> A              
     e( 39 - 39) =      7.15856  eV     1   --> A              
     e( 40 - 40) =      7.34759  eV     1   --> A              
     e( 41 - 41) =      7.63714  eV     1   --> A              
     e( 42 - 42) =      7.76725  eV     1   --> A              
     e( 43 - 43) =      7.95280  eV     1   --> A              
     e( 44 - 44) =      8.13486  eV     1   --> A              
     e( 45 - 45) =      8.23676  eV     1   --> A              
     e( 46 - 46) =      8.48066  eV     1   --> A              
     e( 47 - 47) =      8.61802  eV     1   --> A              
     e( 48 - 48) =      8.84105  eV     1   --> A              
     e( 49 - 49) =      8.98894  eV     1   --> A              
     e( 50 - 50) =      9.29531  eV     1   --> A              
     e( 51 - 51) =      9.48093  eV     1   --> A              
     e( 52 - 52) =      9.61449  eV     1   --> A              
     e( 53 - 53) =      9.75905  eV     1   --> A              
     e( 54 - 54) =     10.73166  eV     1   --> A              
     e( 55 - 55) =     10.90613  eV     1   --> A              
     e( 56 - 56) =     13.74533  eV     1   --> A              
     e( 57 - 57) =     13.86528  eV     1   --> A              
     e( 58 - 58) =     13.98021  eV     1   --> A              
     e( 59 - 59) =     14.11874  eV     1   --> A              
     e( 60 - 60) =     14.58625  eV     1   --> A              
     e( 61 - 61) =     14.73822  eV     1   --> A              
     e( 62 - 62) =     15.83430  eV     1   --> A              
     e( 63 - 63) =     16.17801  eV     1   --> A              
     e( 64 - 64) =     16.56094  eV     1   --> A              
     e( 65 - 65) =     17.53979  eV     1   --> A              
     e( 66 - 66) =     17.93803  eV     1   --> A              
     e( 67 - 67) =     18.35707  eV     1   --> A              
     e( 68 - 68) =     19.55344  eV     1   --> A              
     e( 69 - 69) =     19.97899  eV     1   --> A              
     e( 70 - 70) =     20.74115  eV     1   --> A              
     e( 71 - 71) =     21.47660  eV     1   --> A              
     e( 72 - 72) =     21.79054  eV     1   --> A              
     e( 73 - 73) =     22.49718  eV     1   --> A              
     e( 74 - 74) =     23.04272  eV     1   --> A              
     e( 75 - 75) =     23.50884  eV     1   --> A              
     e( 76 - 76) =     23.90481  eV     1   --> A              
     e( 77 - 77) =     24.22845  eV     1   --> A              
     e( 78 - 78) =     24.31666  eV     1   --> A              
     e( 79 - 79) =     25.19389  eV     1   --> A              
     e( 80 - 80) =     25.61208  eV     1   --> A              

 **************************************************************************

 **************************************************************************

                    xk=(   0.00068,   0.00000,   0.27899  )

     Band symmetry, C_1 (1)     point group:

     e(  1 -  1) =    -82.06004  eV     1   --> A              
     e(  2 -  2) =    -68.43294  eV     1   --> A              
     e(  3 -  3) =    -63.93815  eV     1   --> A              
     e(  4 -  4) =    -63.92662  eV     1   --> A              
     e(  5 -  5) =    -45.60631  eV     1   --> A              
     e(  6 -  6) =    -45.36349  eV     1   --> A              
     e(  7 -  7) =    -45.20780  eV     1   --> A              
     e(  8 -  8) =    -37.49433  eV     1   --> A              
     e(  9 -  9) =    -37.48610  eV     1   --> A              
     e( 10 - 10) =    -37.46763  eV     1   --> A              
     e( 11 - 11) =    -28.39963  eV     1   --> A              
     e( 12 - 12) =    -28.36579  eV     1   --> A              
     e( 13 - 13) =    -28.30370  eV     1   --> A              
     e( 14 - 14) =    -28.26931  eV     1   --> A              
     e( 15 - 15) =    -28.21408  eV     1   --> A              
     e( 16 - 16) =    -28.17000  eV     1   --> A              
     e( 17 - 17) =     -8.02921  eV     1   --> A              
     e( 18 - 18) =     -7.08695  eV     1   --> A              
     e( 19 - 19) =     -7.03892  eV     1   --> A              
     e( 20 - 20) =     -6.85764  eV     1   --> A              
     e( 21 - 21) =     -6.43225  eV     1   --> A              
     e( 22 - 22) =     -6.41128  eV     1   --> A              
     e( 23 - 23) =     -6.17450  eV     1   --> A              
     e( 24 - 24) =     -6.03210  eV     1   --> A              
     e( 25 - 25) =      3.89708  eV     1   --> A              
     e( 26 - 26) =      3.96607  eV     1   --> A              
     e( 27 - 27) =      4.39470  eV     1   --> A              
     e( 28 - 28) =      4.64172  eV     1   --> A              
     e( 29 - 29) =      4.70294  eV     1   --> A              
     e( 30 - 30) =      4.84166  eV     1   --> A              
     e( 31 - 31) =      5.09008  eV     1   --> A              
     e( 32 - 32) =      5.75436  eV     1   --> A              
     e( 33 - 33) =      5.91121  eV     1   --> A              
     e( 34 - 34) =      6.10752  eV     1   --> A              
     e( 35 - 35) =      6.59552  eV     1   --> A              
     e( 36 - 36) =      6.80413  eV     1   --> A              
     e( 37 - 37) =      6.97094  eV     1   --> A              
     e( 38 - 38) =      7.07472  eV     1   --> A              
     e( 39 - 39) =      7.09734  eV     1   --> A              
     e( 40 - 40) =      7.37654  eV     1   --> A              
     e( 41 - 41) =      7.65159  eV     1   --> A              
     e( 42 - 42) =      7.76782  eV     1   --> A              
     e( 43 - 43) =      7.95573  eV     1   --> A              
     e( 44 - 44) =      8.12926  eV     1   --> A              
     e( 45 - 45) =      8.25179  eV     1   --> A              
     e( 46 - 46) =      8.48508  eV     1   --> A              
     e( 47 - 47) =      8.57477  eV     1   --> A              
     e( 48 - 48) =      8.83958  eV     1   --> A              
     e( 49 - 49) =      9.00715  eV     1   --> A              
     e( 50 - 50) =      9.28638  eV     1   --> A              
     e( 51 - 51) =      9.48903  eV     1   --> A              
     e( 52 - 52) =      9.62164  eV     1   --> A              
     e( 53 - 53) =      9.75341  eV     1   --> A              
     e( 54 - 54) =     10.76504  eV     1   --> A              
     e( 55 - 55) =     10.92075  eV     1   --> A              
     e( 56 - 56) =     13.76931  eV     1   --> A              
     e( 57 - 57) =     13.88653  eV     1   --> A              
     e( 58 - 58) =     13.96867  eV     1   --> A              
     e( 59 - 59) =     14.11546  eV     1   --> A              
     e( 60 - 60) =     14.54498  eV     1   --> A              
     e( 61 - 61) =     14.70961  eV     1   --> A              
     e( 62 - 62) =     15.83364  eV     1   --> A              
     e( 63 - 63) =     16.15542  eV     1   --> A              
     e( 64 - 64) =     16.54713  eV     1   --> A              
     e( 65 - 65) =     17.67194  eV     1   --> A              
     e( 66 - 66) =     17.94130  eV     1   --> A              
     e( 67 - 67) =     18.32840  eV     1   --> A              
     e( 68 - 68) =     19.55674  eV     1   --> A              
     e( 69 - 69) =     20.01427  eV     1   --> A              
     e( 70 - 70) =     20.60359  eV     1   --> A              
     e( 71 - 71) =     21.45498  eV     1   --> A              
     e( 72 - 72) =     21.78336  eV     1   --> A              
     e( 73 - 73) =     22.61777  eV     1   --> A              
     e( 74 - 74) =     23.06595  eV     1   --> A              
     e( 75 - 75) =     23.50284  eV     1   --> A              
     e( 76 - 76) =     23.83818  eV     1   --> A              
     e( 77 - 77) =     24.13831  eV     1   --> A              
     e( 78 - 78) =     24.47079  eV     1   --> A              
     e( 79 - 79) =     25.13801  eV     1   --> A              
     e( 80 - 80) =     25.64844  eV     1   --> A              

 **************************************************************************

 **************************************************************************

                    xk=(   0.00074,   0.00000,   0.30224  )

     Band symmetry, C_1 (1)     point group:

     e(  1 -  1) =    -82.06005  eV     1   --> A              
     e(  2 -  2) =    -68.43294  eV     1   --> A              
     e(  3 -  3) =    -63.93799  eV     1   --> A              
     e(  4 -  4) =    -63.92677  eV     1   --> A              
     e(  5 -  5) =    -45.60631  eV     1   --> A              
     e(  6 -  6) =    -45.36349  eV     1   --> A              
     e(  7 -  7) =    -45.20780  eV     1   --> A              
     e(  8 -  8) =    -37.49433  eV     1   --> A              
     e(  9 -  9) =    -37.48610  eV     1   --> A              
     e( 10 - 10) =    -37.46763  eV     1   --> A              
     e( 11 - 11) =    -28.39873  eV     1   --> A              
     e( 12 - 12) =    -28.36814  eV     1   --> A              
     e( 13 - 13) =    -28.30207  eV     1   --> A              
     e( 14 - 14) =    -28.27148  eV     1   --> A              
     e( 15 - 15) =    -28.21248  eV     1   --> A              
     e( 16 - 16) =    -28.16979  eV     1   --> A              
     e( 17 - 17) =     -7.97741  eV     1   --> A              
     e( 18 - 18) =     -7.10821  eV     1   --> A              
     e( 19 - 19) =     -7.07917  eV     1   --> A              
     e( 20 - 20) =     -6.86887  eV     1   --> A              
     e( 21 - 21) =     -6.41828  eV     1   --> A              
     e( 22 - 22) =     -6.40480  eV     1   --> A              
     e( 23 - 23) =     -6.17086  eV     1   --> A              
     e( 24 - 24) =     -6.04075  eV     1   --> A              
     e( 25 - 25) =      3.87420  eV     1   --> A              
     e( 26 - 26) =      3.98185  eV     1   --> A              
     e( 27 - 27) =      4.41135  eV     1   --> A              
     e( 28 - 28) =      4.63027  eV     1   --> A              
     e( 29 - 29) =      4.74383  eV     1   --> A              
     e( 30 - 30) =      4.89826  eV     1   --> A              
     e( 31 - 31) =      5.08811  eV     1   --> A              
     e( 32 - 32) =      5.69841  eV     1   --> A              
     e( 33 - 33) =      5.89250  eV     1   --> A              
     e( 34 - 34) =      6.11893  eV     1   --> A              
     e( 35 - 35) =      6.59981  eV     1   --> A              
     e( 36 - 36) =      6.80584  eV     1   --> A              
     e( 37 - 37) =      6.96480  eV     1   --> A              
     e( 38 - 38) =      6.99572  eV     1   --> A              
     e( 39 - 39) =      7.08854  eV     1   --> A              
     e( 40 - 40) =      7.41067  eV     1   --> A              
     e( 41 - 41) =      7.63415  eV     1   --> A              
     e( 42 - 42) =      7.77466  eV     1   --> A              
     e( 43 - 43) =      7.96354  eV     1   --> A              
     e( 44 - 44) =      8.12138  eV     1   --> A              
     e( 45 - 45) =      8.27598  eV     1   --> A              
     e( 46 - 46) =      8.46839  eV     1   --> A              
     e( 47 - 47) =      8.55243  eV     1   --> A              
     e( 48 - 48) =      8.84031  eV     1   --> A              
     e( 49 - 49) =      9.02323  eV     1   --> A              
     e( 50 - 50) =      9.27868  eV     1   --> A              
     e( 51 - 51) =      9.49756  eV     1   --> A              
     e( 52 - 52) =      9.62634  eV     1   --> A              
     e( 53 - 53) =      9.75065  eV     1   --> A              
     e( 54 - 54) =     10.79093  eV     1   --> A              
     e( 55 - 55) =     10.93848  eV     1   --> A              
     e( 56 - 56) =     13.79063  eV     1   --> A              
     e( 57 - 57) =     13.91330  eV     1   --> A              
     e( 58 - 58) =     13.95739  eV     1   --> A              
     e( 59 - 59) =     14.11240  eV     1   --> A              
     e( 60 - 60) =     14.49942  eV     1   --> A              
     e( 61 - 61) =     14.68368  eV     1   --> A              
     e( 62 - 62) =     15.83326  eV     1   --> A              
     e( 63 - 63) =     16.13490  eV     1   --> A              
     e( 64 - 64) =     16.53285  eV     1   --> A              
     e( 65 - 65) =     17.79358  eV     1   --> A              
     e( 66 - 66) =     17.95201  eV     1   --> A              
     e( 67 - 67) =     18.31195  eV     1   --> A              
     e( 68 - 68) =     19.55540  eV     1   --> A              
     e( 69 - 69) =     20.03983  eV     1   --> A              
     e( 70 - 70) =     20.47084  eV     1   --> A              
     e( 71 - 71) =     21.43865  eV     1   --> A              
     e( 72 - 72) =     21.77291  eV     1   --> A              
     e( 73 - 73) =     22.74625  eV     1   --> A              
     e( 74 - 74) =     23.09398  eV     1   --> A              
     e( 75 - 75) =     23.50048  eV     1   --> A              
     e( 76 - 76) =     23.77398  eV     1   --> A              
     e( 77 - 77) =     24.04867  eV     1   --> A              
     e( 78 - 78) =     24.62937  eV     1   --> A              
     e( 79 - 79) =     25.05487  eV     1   --> A              
     e( 80 - 80) =     25.67954  eV     1   --> A              

 **************************************************************************

 **************************************************************************

                    xk=(   0.00080,   0.00000,   0.32548  )

     Band symmetry, C_1 (1)     point group:

     e(  1 -  1) =    -82.06005  eV     1   --> A              
     e(  2 -  2) =    -68.43294  eV     1   --> A              
     e(  3 -  3) =    -63.93783  eV     1   --> A              
     e(  4 -  4) =    -63.92692  eV     1   --> A              
     e(  5 -  5) =    -45.60632  eV     1   --> A              
     e(  6 -  6) =    -45.36349  eV     1   --> A              
     e(  7 -  7) =    -45.20780  eV     1   --> A              
     e(  8 -  8) =    -37.49433  eV     1   --> A              
     e(  9 -  9) =    -37.48610  eV     1   --> A              
     e( 10 - 10) =    -37.46763  eV     1   --> A              
     e( 11 - 11) =    -28.39775  eV     1   --> A              
     e( 12 - 12) =    -28.37045  eV     1   --> A              
     e( 13 - 13) =    -28.30039  eV     1   --> A              
     e( 14 - 14) =    -28.27362  eV     1   --> A              
     e( 15 - 15) =    -28.21105  eV     1   --> A              
     e( 16 - 16) =    -28.16961  eV     1   --> A              
     e( 17 - 17) =     -7.92266  eV     1   --> A              
     e( 18 - 18) =     -7.16101  eV     1   --> A              
     e( 19 - 19) =     -7.09061  eV     1   --> A              
     e( 20 - 20) =     -6.87849  eV     1   --> A              
     e( 21 - 21) =     -6.41275  eV     1   --> A              
     e( 22 - 22) =     -6.39097  eV     1   --> A              
     e( 23 - 23) =     -6.16812  eV     1   --> A              
     e( 24 - 24) =     -6.04877  eV     1   --> A              
     e( 25 - 25) =      3.85635  eV     1   --> A              
     e( 26 - 26) =      3.98766  eV     1   --> A              
     e( 27 - 27) =      4.43020  eV     1   --> A              
     e( 28 - 28) =      4.60075  eV     1   --> A              
     e( 29 - 29) =      4.79091  eV     1   --> A              
     e( 30 - 30) =      4.98047  eV     1   --> A              
     e( 31 - 31) =      5.09611  eV     1   --> A              
     e( 32 - 32) =      5.63962  eV     1   --> A              
     e( 33 - 33) =      5.85775  eV     1   --> A              
     e( 34 - 34) =      6.12898  eV     1   --> A              
     e( 35 - 35) =      6.58697  eV     1   --> A              
     e( 36 - 36) =      6.80378  eV     1   --> A              
     e( 37 - 37) =      6.93090  eV     1   --> A              
     e( 38 - 38) =      6.97027  eV     1   --> A              
     e( 39 - 39) =      7.08668  eV     1   --> A              
     e( 40 - 40) =      7.44776  eV     1   --> A              
     e( 41 - 41) =      7.60540  eV     1   --> A              
     e( 42 - 42) =      7.77763  eV     1   --> A              
     e( 43 - 43) =      7.96772  eV     1   --> A              
     e( 44 - 44) =      8.11442  eV     1   --> A              
     e( 45 - 45) =      8.30017  eV     1   --> A              
     e( 46 - 46) =      8.43625  eV     1   --> A              
     e( 47 - 47) =      8.55198  eV     1   --> A              
     e( 48 - 48) =      8.84188  eV     1   --> A              
     e( 49 - 49) =      9.03603  eV     1   --> A              
     e( 50 - 50) =      9.27529  eV     1   --> A              
     e( 51 - 51) =      9.50588  eV     1   --> A              
     e( 52 - 52) =      9.62602  eV     1   --> A              
     e( 53 - 53) =      9.75169  eV     1   --> A              
     e( 54 - 54) =     10.80995  eV     1   --> A              
     e( 55 - 55) =     10.95828  eV     1   --> A              
     e( 56 - 56) =     13.81185  eV     1   --> A              
     e( 57 - 57) =     13.93791  eV     1   --> A              
     e( 58 - 58) =     13.95067  eV     1   --> A              
     e( 59 - 59) =     14.10983  eV     1   --> A              
     e( 60 - 60) =     14.45095  eV     1   --> A              
     e( 61 - 61) =     14.66053  eV     1   --> A              
     e( 62 - 62) =     15.83313  eV     1   --> A              
     e( 63 - 63) =     16.11672  eV     1   --> A              
     e( 64 - 64) =     16.51864  eV     1   --> A              
     e( 65 - 65) =     17.87531  eV     1   --> A              
     e( 66 - 66) =     17.98940  eV     1   --> A              
     e( 67 - 67) =     18.31669  eV     1   --> A              
     e( 68 - 68) =     19.54536  eV     1   --> A              
     e( 69 - 69) =     20.05380  eV     1   --> A              
     e( 70 - 70) =     20.34928  eV     1   --> A              
     e( 71 - 71) =     21.43003  eV     1   --> A              
     e( 72 - 72) =     21.75866  eV     1   --> A              
     e( 73 - 73) =     22.87460  eV     1   --> A              
     e( 74 - 74) =     23.13091  eV     1   --> A              
     e( 75 - 75) =     23.50222  eV     1   --> A              
     e( 76 - 76) =     23.71449  eV     1   --> A              
     e( 77 - 77) =     23.96155  eV     1   --> A              
     e( 78 - 78) =     24.78997  eV     1   --> A              
     e( 79 - 79) =     24.94956  eV     1   --> A              
     e( 80 - 80) =     25.70621  eV     1   --> A              

 **************************************************************************

 **************************************************************************

                    xk=(   0.00085,   0.00000,   0.34873  )

     Band symmetry, C_1 (1)     point group:

     e(  1 -  1) =    -82.06006  eV     1   --> A              
     e(  2 -  2) =    -68.43294  eV     1   --> A              
     e(  3 -  3) =    -63.93769  eV     1   --> A              
     e(  4 -  4) =    -63.92706  eV     1   --> A              
     e(  5 -  5) =    -45.60632  eV     1   --> A              
     e(  6 -  6) =    -45.36349  eV     1   --> A              
     e(  7 -  7) =    -45.20779  eV     1   --> A              
     e(  8 -  8) =    -37.49433  eV     1   --> A              
     e(  9 -  9) =    -37.48610  eV     1   --> A              
     e( 10 - 10) =    -37.46763  eV     1   --> A              
     e( 11 - 11) =    -28.39670  eV     1   --> A              
     e( 12 - 12) =    -28.37268  eV     1   --> A              
     e( 13 - 13) =    -28.29868  eV     1   --> A              
     e( 14 - 14) =    -28.27571  eV     1   --> A              
     e( 15 - 15) =    -28.20980  eV     1   --> A              
     e( 16 - 16) =    -28.16945  eV     1   --> A              
     e( 17 - 17) =     -7.86522  eV     1   --> A              
     e( 18 - 18) =     -7.22169  eV     1   --> A              
     e( 19 - 19) =     -7.09613  eV     1   --> A              
     e( 20 - 20) =     -6.88660  eV     1   --> A              
     e( 21 - 21) =     -6.41061  eV     1   --> A              
     e( 22 - 22) =     -6.37518  eV     1   --> A              
     e( 23 - 23) =     -6.16657  eV     1   --> A              
     e( 24 - 24) =     -6.05582  eV     1   --> A              
     e( 25 - 25) =      3.84424  eV     1   --> A              
     e( 26 - 26) =      3.98284  eV     1   --> A              
     e( 27 - 27) =      4.45013  eV     1   --> A              
     e( 28 - 28) =      4.57888  eV     1   --> A              
     e( 29 - 29) =      4.82851  eV     1   --> A              
     e( 30 - 30) =      5.06958  eV     1   --> A              
     e( 31 - 31) =      5.11887  eV     1   --> A              
     e( 32 - 32) =      5.58355  eV     1   --> A              
     e( 33 - 33) =      5.81237  eV     1   --> A              
     e( 34 - 34) =      6.13274  eV     1   --> A              
     e( 35 - 35) =      6.54884  eV     1   --> A              
     e( 36 - 36) =      6.79510  eV     1   --> A              
     e( 37 - 37) =      6.89738  eV     1   --> A              
     e( 38 - 38) =      6.97243  eV     1   --> A              
     e( 39 - 39) =      7.09978  eV     1   --> A              
     e( 40 - 40) =      7.48201  eV     1   --> A              
     e( 41 - 41) =      7.57978  eV     1   --> A              
     e( 42 - 42) =      7.77666  eV     1   --> A              
     e( 43 - 43) =      7.96314  eV     1   --> A              
     e( 44 - 44) =      8.10938  eV     1   --> A              
     e( 45 - 45) =      8.30169  eV     1   --> A              
     e( 46 - 46) =      8.42219  eV     1   --> A              
     e( 47 - 47) =      8.56003  eV     1   --> A              
     e( 48 - 48) =      8.84220  eV     1   --> A              
     e( 49 - 49) =      9.04472  eV     1   --> A              
     e( 50 - 50) =      9.27860  eV     1   --> A              
     e( 51 - 51) =      9.51326  eV     1   --> A              
     e( 52 - 52) =      9.61980  eV     1   --> A              
     e( 53 - 53) =      9.75641  eV     1   --> A              
     e( 54 - 54) =     10.82347  eV     1   --> A              
     e( 55 - 55) =     10.97839  eV     1   --> A              
     e( 56 - 56) =     13.83461  eV     1   --> A              
     e( 57 - 57) =     13.93413  eV     1   --> A              
     e( 58 - 58) =     13.97163  eV     1   --> A              
     e( 59 - 59) =     14.10836  eV     1   --> A              
     e( 60 - 60) =     14.40129  eV     1   --> A              
     e( 61 - 61) =     14.64024  eV     1   --> A              
     e( 62 - 62) =     15.83321  eV     1   --> A              
     e( 63 - 63) =     16.10106  eV     1   --> A              
     e( 64 - 64) =     16.50513  eV     1   --> A              
     e( 65 - 65) =     17.90187  eV     1   --> A              
     e( 66 - 66) =     18.04987  eV     1   --> A              
     e( 67 - 67) =     18.36027  eV     1   --> A              
     e( 68 - 68) =     19.52033  eV     1   --> A              
     e( 69 - 69) =     20.05273  eV     1   --> A              
     e( 70 - 70) =     20.24934  eV     1   --> A              
     e( 71 - 71) =     21.43052  eV     1   --> A              
     e( 72 - 72) =     21.74029  eV     1   --> A              
     e( 73 - 73) =     22.98739  eV     1   --> A              
     e( 74 - 74) =     23.18702  eV     1   --> A              
     e( 75 - 75) =     23.50753  eV     1   --> A              
     e( 76 - 76) =     23.66419  eV     1   --> A              
     e( 77 - 77) =     23.87883  eV     1   --> A              
     e( 78 - 78) =     24.81928  eV     1   --> A              
     e( 79 - 79) =     24.95895  eV     1   --> A              
     e( 80 - 80) =     25.72877  eV     1   --> A              

 **************************************************************************

 **************************************************************************

                    xk=(   0.00091,   0.00000,   0.37198  )

     Band symmetry, C_1 (1)     point group:

     e(  1 -  1) =    -82.06006  eV     1   --> A              
     e(  2 -  2) =    -68.43294  eV     1   --> A              
     e(  3 -  3) =    -63.93757  eV     1   --> A              
     e(  4 -  4) =    -63.92718  eV     1   --> A              
     e(  5 -  5) =    -45.60632  eV     1   --> A              
     e(  6 -  6) =    -45.36349  eV     1   --> A              
     e(  7 -  7) =    -45.20779  eV     1   --> A              
     e(  8 -  8) =    -37.49433  eV     1   --> A              
     e(  9 -  9) =    -37.48610  eV     1   --> A              
     e( 10 - 10) =    -37.46763  eV     1   --> A              
     e( 11 - 11) =    -28.39560  eV     1   --> A              
     e( 12 - 12) =    -28.37476  eV     1   --> A              
     e( 13 - 13) =    -28.29697  eV     1   --> A              
     e( 14 - 14) =    -28.27774  eV     1   --> A              
     e( 15 - 15) =    -28.20875  eV     1   --> A              
     e( 16 - 16) =    -28.16933  eV     1   --> A              
     e( 17 - 17) =     -7.80539  eV     1   --> A              
     e( 18 - 18) =     -7.28511  eV     1   --> A              
     e( 19 - 19) =     -7.10017  eV     1   --> A              
     e( 20 - 20) =     -6.89322  eV     1   --> A              
     e( 21 - 21) =     -6.40938  eV     1   --> A              
     e( 22 - 22) =     -6.36038  eV     1   --> A              
     e( 23 - 23) =     -6.16628  eV     1   --> A              
     e( 24 - 24) =     -6.06163  eV     1   --> A              
     e( 25 - 25) =      3.83815  eV     1   --> A              
     e( 26 - 26) =      3.96887  eV     1   --> A              
     e( 27 - 27) =      4.46925  eV     1   --> A              
     e( 28 - 28) =      4.56714  eV     1   --> A              
     e( 29 - 29) =      4.85772  eV     1   --> A              
     e( 30 - 30) =      5.13488  eV     1   --> A              
     e( 31 - 31) =      5.17320  eV     1   --> A              
     e( 32 - 32) =      5.53878  eV     1   --> A              
     e( 33 - 33) =      5.76234  eV     1   --> A              
     e( 34 - 34) =      6.12395  eV     1   --> A              
     e( 35 - 35) =      6.49019  eV     1   --> A              
     e( 36 - 36) =      6.78911  eV     1   --> A              
     e( 37 - 37) =      6.88541  eV     1   --> A              
     e( 38 - 38) =      6.96637  eV     1   --> A              
     e( 39 - 39) =      7.13004  eV     1   --> A              
     e( 40 - 40) =      7.49230  eV     1   --> A              
     e( 41 - 41) =      7.58123  eV     1   --> A              
     e( 42 - 42) =      7.77412  eV     1   --> A              
     e( 43 - 43) =      7.94971  eV     1   --> A              
     e( 44 - 44) =      8.10607  eV     1   --> A              
     e( 45 - 45) =      8.26904  eV     1   --> A              
     e( 46 - 46) =      8.43938  eV     1   --> A              
     e( 47 - 47) =      8.57207  eV     1   --> A              
     e( 48 - 48) =      8.84016  eV     1   --> A              
     e( 49 - 49) =      9.04888  eV     1   --> A              
     e( 50 - 50) =      9.28934  eV     1   --> A              
     e( 51 - 51) =      9.51883  eV     1   --> A              
     e( 52 - 52) =      9.60893  eV     1   --> A              
     e( 53 - 53) =      9.76339  eV     1   --> A              
     e( 54 - 54) =     10.83294  eV     1   --> A              
     e( 55 - 55) =     10.99698  eV     1   --> A              
     e( 56 - 56) =     13.85922  eV     1   --> A              
     e( 57 - 57) =     13.92623  eV     1   --> A              
     e( 58 - 58) =     13.99336  eV     1   --> A              
     e( 59 - 59) =     14.10909  eV     1   --> A              
     e( 60 - 60) =     14.35240  eV     1   --> A              
     e( 61 - 61) =     14.62292  eV     1   --> A              
     e( 62 - 62) =     15.83345  eV     1   --> A              
     e( 63 - 63) =     16.08807  eV     1   --> A              
     e( 64 - 64) =     16.49295  eV     1   --> A              
     e( 65 - 65) =     17.90920  eV     1   --> A              
     e( 66 - 66) =     18.08607  eV     1   --> A              
     e( 67 - 67) =     18.45275  eV     1   --> A              
     e( 68 - 68) =     19.47254  eV     1   --> A              
     e( 69 - 69) =     20.03313  eV     1   --> A              
     e( 70 - 70) =     20.18343  eV     1   --> A              
     e( 71 - 71) =     21.44025  eV     1   --> A              
     e( 72 - 72) =     21.71781  eV     1   --> A              
     e( 73 - 73) =     23.06570  eV     1   --> A              
     e( 74 - 74) =     23.27273  eV     1   --> A              
     e( 75 - 75) =     23.51037  eV     1   --> A              
     e( 76 - 76) =     23.63641  eV     1   --> A              
     e( 77 - 77) =     23.80236  eV     1   --> A              
     e( 78 - 78) =     24.68255  eV     1   --> A              
     e( 79 - 79) =     25.12047  eV     1   --> A              
     e( 80 - 80) =     25.74656  eV     1   --> A              

 **************************************************************************

 **************************************************************************

                    xk=(   0.00097,   0.00000,   0.39523  )

     Band symmetry, C_1 (1)     point group:

     e(  1 -  1) =    -82.06006  eV     1   --> A              
     e(  2 -  2) =    -68.43294  eV     1   --> A              
     e(  3 -  3) =    -63.93747  eV     1   --> A              
     e(  4 -  4) =    -63.92727  eV     1   --> A              
     e(  5 -  5) =    -45.60632  eV     1   --> A              
     e(  6 -  6) =    -45.36349  eV     1   --> A              
     e(  7 -  7) =    -45.20779  eV     1   --> A              
     e(  8 -  8) =    -37.49434  eV     1   --> A              
     e(  9 -  9) =    -37.48610  eV     1   --> A              
     e( 10 - 10) =    -37.46763  eV     1   --> A              
     e( 11 - 11) =    -28.39453  eV     1   --> A              
     e( 12 - 12) =    -28.37663  eV     1   --> A              
     e( 13 - 13) =    -28.29531  eV     1   --> A              
     e( 14 - 14) =    -28.27964  eV     1   --> A              
     e( 15 - 15) =    -28.20791  eV     1   --> A              
     e( 16 - 16) =    -28.16923  eV     1   --> A              
     e( 17 - 17) =     -7.74351  eV     1   --> A              
     e( 18 - 18) =     -7.35017  eV     1   --> A              
     e( 19 - 19) =     -7.10323  eV     1   --> A              
     e( 20 - 20) =     -6.89837  eV     1   --> A              
     e( 21 - 21) =     -6.40859  eV     1   --> A              
     e( 22 - 22) =     -6.34757  eV     1   --> A              
     e( 23 - 23) =     -6.16709  eV     1   --> A              
     e( 24 - 24) =     -6.06602  eV     1   --> A              
     e( 25 - 25) =      3.83803  eV     1   --> A              
     e( 26 - 26) =      3.94883  eV     1   --> A              
     e( 27 - 27) =      4.48557  eV     1   --> A              
     e( 28 - 28) =      4.56328  eV     1   --> A              
     e( 29 - 29) =      4.88178  eV     1   --> A              
     e( 30 - 30) =      5.17850  eV     1   --> A              
     e( 31 - 31) =      5.23369  eV     1   --> A              
     e( 32 - 32) =      5.52002  eV     1   --> A              
     e( 33 - 33) =      5.71615  eV     1   --> A              
     e( 34 - 34) =      6.09439  eV     1   --> A              
     e( 35 - 35) =      6.43000  eV     1   --> A              
     e( 36 - 36) =      6.79194  eV     1   --> A              
     e( 37 - 37) =      6.88110  eV     1   --> A              
     e( 38 - 38) =      6.95426  eV     1   --> A              
     e( 39 - 39) =      7.16933  eV     1   --> A              
     e( 40 - 40) =      7.47184  eV     1   --> A              
     e( 41 - 41) =      7.61685  eV     1   --> A              
     e( 42 - 42) =      7.77199  eV     1   --> A              
     e( 43 - 43) =      7.92905  eV     1   --> A              
     e( 44 - 44) =      8.10450  eV     1   --> A              
     e( 45 - 45) =      8.22447  eV     1   --> A              
     e( 46 - 46) =      8.46485  eV     1   --> A              
     e( 47 - 47) =      8.58656  eV     1   --> A              
     e( 48 - 48) =      8.83620  eV     1   --> A              
     e( 49 - 49) =      9.04907  eV     1   --> A              
     e( 50 - 50) =      9.30584  eV     1   --> A              
     e( 51 - 51) =      9.52157  eV     1   --> A              
     e( 52 - 52) =      9.59617  eV     1   --> A              
     e( 53 - 53) =      9.77078  eV     1   --> A              
     e( 54 - 54) =     10.83946  eV     1   --> A              
     e( 55 - 55) =     11.01265  eV     1   --> A              
     e( 56 - 56) =     13.88424  eV     1   --> A              
     e( 57 - 57) =     13.92090  eV     1   --> A              
     e( 58 - 58) =     14.00733  eV     1   --> A              
     e( 59 - 59) =     14.11343  eV     1   --> A              
     e( 60 - 60) =     14.30659  eV     1   --> A              
     e( 61 - 61) =     14.60886  eV     1   --> A              
     e( 62 - 62) =     15.83374  eV     1   --> A              
     e( 63 - 63) =     16.07786  eV     1   --> A              
     e( 64 - 64) =     16.48271  eV     1   --> A              
     e( 65 - 65) =     17.91192  eV     1   --> A              
     e( 66 - 66) =     18.09832  eV     1   --> A              
     e( 67 - 67) =     18.57752  eV     1   --> A              
     e( 68 - 68) =     19.39688  eV     1   --> A              
     e( 69 - 69) =     20.00355  eV     1   --> A              
     e( 70 - 70) =     20.15007  eV     1   --> A              
     e( 71 - 71) =     21.45802  eV     1   --> A              
     e( 72 - 72) =     21.69185  eV     1   --> A              
     e( 73 - 73) =     23.11362  eV     1   --> A              
     e( 74 - 74) =     23.36838  eV     1   --> A              
     e( 75 - 75) =     23.49655  eV     1   --> A              
     e( 76 - 76) =     23.65675  eV     1   --> A              
     e( 77 - 77) =     23.73633  eV     1   --> A              
     e( 78 - 78) =     24.53513  eV     1   --> A              
     e( 79 - 79) =     25.27987  eV     1   --> A              
     e( 80 - 80) =     25.75721  eV     1   --> A              

 **************************************************************************

 **************************************************************************

                    xk=(   0.00102,   0.00000,   0.41848  )

     Band symmetry, C_1 (1)     point group:

     e(  1 -  1) =    -82.06006  eV     1   --> A              
     e(  2 -  2) =    -68.43294  eV     1   --> A              
     e(  3 -  3) =    -63.93739  eV     1   --> A              
     e(  4 -  4) =    -63.92735  eV     1   --> A              
     e(  5 -  5) =    -45.60632  eV     1   --> A              
     e(  6 -  6) =    -45.36349  eV     1   --> A              
     e(  7 -  7) =    -45.20779  eV     1   --> A              
     e(  8 -  8) =    -37.49434  eV     1   --> A              
     e(  9 -  9) =    -37.48610  eV     1   --> A              
     e( 10 - 10) =    -37.46763  eV     1   --> A              
     e( 11 - 11) =    -28.39357  eV     1   --> A              
     e( 12 - 12) =    -28.37816  eV     1   --> A              
     e( 13 - 13) =    -28.29381  eV     1   --> A              
     e( 14 - 14) =    -28.28132  eV     1   --> A              
     e( 15 - 15) =    -28.20731  eV     1   --> A              
     e( 16 - 16) =    -28.16916  eV     1   --> A              
     e( 17 - 17) =     -7.67992  eV     1   --> A              
     e( 18 - 18) =     -7.41621  eV     1   --> A              
     e( 19 - 19) =     -7.10539  eV     1   --> A              
     e( 20 - 20) =     -6.90205  eV     1   --> A              
     e( 21 - 21) =     -6.40809  eV     1   --> A              
     e( 22 - 22) =     -6.33757  eV     1   --> A              
     e( 23 - 23) =     -6.16849  eV     1   --> A              
     e( 24 - 24) =     -6.06901  eV     1   --> A              
     e( 25 - 25) =      3.84341  eV     1   --> A              
     e( 26 - 26) =      3.92646  eV     1   --> A              
     e( 27 - 27) =      4.49783  eV     1   --> A              
     e( 28 - 28) =      4.56353  eV     1   --> A              
     e( 29 - 29) =      4.90264  eV     1   --> A              
     e( 30 - 30) =      5.21863  eV     1   --> A              
     e( 31 - 31) =      5.25804  eV     1   --> A              
     e( 32 - 32) =      5.53113  eV     1   --> A              
     e( 33 - 33) =      5.69278  eV     1   --> A              
     e( 34 - 34) =      6.03885  eV     1   --> A              
     e( 35 - 35) =      6.38606  eV     1   --> A              
     e( 36 - 36) =      6.80136  eV     1   --> A              
     e( 37 - 37) =      6.87707  eV     1   --> A              
     e( 38 - 38) =      6.94161  eV     1   --> A              
     e( 39 - 39) =      7.20826  eV     1   --> A              
     e( 40 - 40) =      7.44462  eV     1   --> A              
     e( 41 - 41) =      7.66080  eV     1   --> A              
     e( 42 - 42) =      7.77231  eV     1   --> A              
     e( 43 - 43) =      7.90262  eV     1   --> A              
     e( 44 - 44) =      8.10565  eV     1   --> A              
     e( 45 - 45) =      8.18209  eV     1   --> A              
     e( 46 - 46) =      8.48568  eV     1   --> A              
     e( 47 - 47) =      8.60099  eV     1   --> A              
     e( 48 - 48) =      8.83177  eV     1   --> A              
     e( 49 - 49) =      9.04687  eV     1   --> A              
     e( 50 - 50) =      9.32427  eV     1   --> A              
     e( 51 - 51) =      9.52060  eV     1   --> A              
     e( 52 - 52) =      9.58504  eV     1   --> A              
     e( 53 - 53) =      9.77704  eV     1   --> A              
     e( 54 - 54) =     10.84372  eV     1   --> A              
     e( 55 - 55) =     11.02442  eV     1   --> A              
     e( 56 - 56) =     13.90194  eV     1   --> A              
     e( 57 - 57) =     13.92467  eV     1   --> A              
     e( 58 - 58) =     14.01170  eV     1   --> A              
     e( 59 - 59) =     14.12173  eV     1   --> A              
     e( 60 - 60) =     14.26685  eV     1   --> A              
     e( 61 - 61) =     14.59842  eV     1   --> A              
     e( 62 - 62) =     15.83403  eV     1   --> A              
     e( 63 - 63) =     16.07050  eV     1   --> A              
     e( 64 - 64) =     16.47497  eV     1   --> A              
     e( 65 - 65) =     17.91313  eV     1   --> A              
     e( 66 - 66) =     18.10068  eV     1   --> A              
     e( 67 - 67) =     18.71471  eV     1   --> A              
     e( 68 - 68) =     19.29598  eV     1   --> A              
     e( 69 - 69) =     19.98044  eV     1   --> A              
     e( 70 - 70) =     20.13346  eV     1   --> A              
     e( 71 - 71) =     21.48095  eV     1   --> A              
     e( 72 - 72) =     21.66425  eV     1   --> A              
     e( 73 - 73) =     23.14558  eV     1   --> A              
     e( 74 - 74) =     23.43893  eV     1   --> A              
     e( 75 - 75) =     23.47613  eV     1   --> A              
     e( 76 - 76) =     23.65858  eV     1   --> A              
     e( 77 - 77) =     23.75662  eV     1   --> A              
     e( 78 - 78) =     24.38312  eV     1   --> A              
     e( 79 - 79) =     25.43047  eV     1   --> A              
     e( 80 - 80) =     25.75523  eV     1   --> A              

 **************************************************************************

 **************************************************************************

                    xk=(   0.00108,   0.00000,   0.44173  )

     Band symmetry, C_1 (1)     point group:

     e(  1 -  1) =    -82.06006  eV     1   --> A              
     e(  2 -  2) =    -68.43294  eV     1   --> A              
     e(  3 -  3) =    -63.93735  eV     1   --> A              
     e(  4 -  4) =    -63.92739  eV     1   --> A              
     e(  5 -  5) =    -45.60632  eV     1   --> A              
     e(  6 -  6) =    -45.36349  eV     1   --> A              
     e(  7 -  7) =    -45.20779  eV     1   --> A              
     e(  8 -  8) =    -37.49434  eV     1   --> A              
     e(  9 -  9) =    -37.48610  eV     1   --> A              
     e( 10 - 10) =    -37.46763  eV     1   --> A              
     e( 11 - 11) =    -28.39288  eV     1   --> A              
     e( 12 - 12) =    -28.37920  eV     1   --> A              
     e( 13 - 13) =    -28.29266  eV     1   --> A              
     e( 14 - 14) =    -28.28258  eV     1   --> A              
     e( 15 - 15) =    -28.20694  eV     1   --> A              
     e( 16 - 16) =    -28.16912  eV     1   --> A              
     e( 17 - 17) =     -7.61498  eV     1   --> A              
     e( 18 - 18) =     -7.48268  eV     1   --> A              
     e( 19 - 19) =     -7.10669  eV     1   --> A              
     e( 20 - 20) =     -6.90426  eV     1   --> A              
     e( 21 - 21) =     -6.40781  eV     1   --> A              
     e( 22 - 22) =     -6.33115  eV     1   --> A              
     e( 23 - 23) =     -6.16978  eV     1   --> A              
     e( 24 - 24) =     -6.07071  eV     1   --> A              
     e( 25 - 25) =      3.85260  eV     1   --> A              
     e( 26 - 26) =      3.90601  eV     1   --> A              
     e( 27 - 27) =      4.50550  eV     1   --> A              
     e( 28 - 28) =      4.56468  eV     1   --> A              
     e( 29 - 29) =      4.91857  eV     1   --> A              
     e( 30 - 30) =      5.23683  eV     1   --> A              
     e( 31 - 31) =      5.27017  eV     1   --> A              
     e( 32 - 32) =      5.53448  eV     1   --> A              
     e( 33 - 33) =      5.71941  eV     1   --> A              
     e( 34 - 34) =      5.96752  eV     1   --> A              
     e( 35 - 35) =      6.36288  eV     1   --> A              
     e( 36 - 36) =      6.81266  eV     1   --> A              
     e( 37 - 37) =      6.87104  eV     1   --> A              
     e( 38 - 38) =      6.93286  eV     1   --> A              
     e( 39 - 39) =      7.23858  eV     1   --> A              
     e( 40 - 40) =      7.42180  eV     1   --> A              
     e( 41 - 41) =      7.69691  eV     1   --> A              
     e( 42 - 42) =      7.77826  eV     1   --> A              
     e( 43 - 43) =      7.87380  eV     1   --> A              
     e( 44 - 44) =      8.11143  eV     1   --> A              
     e( 45 - 45) =      8.14819  eV     1   --> A              
     e( 46 - 46) =      8.49852  eV     1   --> A              
     e( 47 - 47) =      8.61173  eV     1   --> A              
     e( 48 - 48) =      8.82844  eV     1   --> A              
     e( 49 - 49) =      9.04437  eV     1   --> A              
     e( 50 - 50) =      9.33927  eV     1   --> A              
     e( 51 - 51) =      9.51699  eV     1   --> A              
     e( 52 - 52) =      9.57823  eV     1   --> A              
     e( 53 - 53) =      9.78118  eV     1   --> A              
     e( 54 - 54) =     10.84614  eV     1   --> A              
     e( 55 - 55) =     11.03170  eV     1   --> A              
     e( 56 - 56) =     13.90448  eV     1   --> A              
     e( 57 - 57) =     13.94175  eV     1   --> A              
     e( 58 - 58) =     14.00826  eV     1   --> A              
     e( 59 - 59) =     14.13145  eV     1   --> A              
     e( 60 - 60) =     14.23761  eV     1   --> A              
     e( 61 - 61) =     14.59197  eV     1   --> A              
     e( 62 - 62) =     15.83423  eV     1   --> A              
     e( 63 - 63) =     16.06607  eV     1   --> A              
     e( 64 - 64) =     16.47014  eV     1   --> A              
     e( 65 - 65) =     17.91367  eV     1   --> A              
     e( 66 - 66) =     18.10029  eV     1   --> A              
     e( 67 - 67) =     18.84905  eV     1   --> A              
     e( 68 - 68) =     19.18211  eV     1   --> A              
     e( 69 - 69) =     19.96838  eV     1   --> A              
     e( 70 - 70) =     20.12465  eV     1   --> A              
     e( 71 - 71) =     21.50332  eV     1   --> A              
     e( 72 - 72) =     21.63962  eV     1   --> A              
     e( 73 - 73) =     23.16609  eV     1   --> A              
     e( 74 - 74) =     23.44115  eV     1   --> A              
     e( 75 - 75) =     23.50739  eV     1   --> A              
     e( 76 - 76) =     23.60650  eV     1   --> A              
     e( 77 - 77) =     23.87246  eV     1   --> A              
     e( 78 - 78) =     24.23569  eV     1   --> A              
     e( 79 - 79) =     25.56296  eV     1   --> A              
     e( 80 - 80) =     25.73037  eV     1   --> A              

 **************************************************************************

 **************************************************************************

                    xk=(   0.00114,   0.00000,   0.46498  )

     zone border point and non-symmorphic group 
     symmetry decomposition not available

 **************************************************************************

 **************************************************************************

                    xk=(   0.02614,   0.02045,   0.46528  )

     point group C_1 (1)    
     there are  1 classes
     the character table:

       E    
A      1.00

     the symmetry operations in each class and the name of the first element:

     E        1
                                                                 

     Band symmetry, C_1 (1)     point group:

     e(  1 -  1) =    -82.06006  eV     1   --> A              
     e(  2 -  2) =    -68.43294  eV     1   --> A              
     e(  3 -  3) =    -63.93733  eV     1   --> A              
     e(  4 -  4) =    -63.92741  eV     1   --> A              
     e(  5 -  5) =    -45.60632  eV     1   --> A              
     e(  6 -  6) =    -45.36349  eV     1   --> A              
     e(  7 -  7) =    -45.20779  eV     1   --> A              
     e(  8 -  8) =    -37.49434  eV     1   --> A              
     e(  9 -  9) =    -37.48610  eV     1   --> A              
     e( 10 - 10) =    -37.46763  eV     1   --> A              
     e( 11 - 11) =    -28.39264  eV     1   --> A              
     e( 12 - 12) =    -28.37960  eV     1   --> A              
     e( 13 - 13) =    -28.29221  eV     1   --> A              
     e( 14 - 14) =    -28.28307  eV     1   --> A              
     e( 15 - 15) =    -28.20680  eV     1   --> A              
     e( 16 - 16) =    -28.16910  eV     1   --> A              
     e( 17 - 17) =     -7.55151  eV     1   --> A              
     e( 18 - 18) =     -7.54327  eV     1   --> A              
     e( 19 - 19) =     -7.10610  eV     1   --> A              
     e( 20 - 20) =     -6.90550  eV     1   --> A              
     e( 21 - 21) =     -6.41011  eV     1   --> A              
     e( 22 - 22) =     -6.33182  eV     1   --> A              
     e( 23 - 23) =     -6.17033  eV     1   --> A              
     e( 24 - 24) =     -6.07083  eV     1   --> A              
     e( 25 - 25) =      3.86129  eV     1   --> A              
     e( 26 - 26) =      3.90235  eV     1   --> A              
     e( 27 - 27) =      4.50273  eV     1   --> A              
     e( 28 - 28) =      4.56741  eV     1   --> A              
     e( 29 - 29) =      4.92079  eV     1   --> A              
     e( 30 - 30) =      5.23714  eV     1   --> A              
     e( 31 - 31) =      5.27326  eV     1   --> A              
     e( 32 - 32) =      5.54740  eV     1   --> A              
     e( 33 - 33) =      5.74984  eV     1   --> A              
     e( 34 - 34) =      5.93157  eV     1   --> A              
     e( 35 - 35) =      6.35367  eV     1   --> A              
     e( 36 - 36) =      6.79579  eV     1   --> A              
     e( 37 - 37) =      6.85270  eV     1   --> A              
     e( 38 - 38) =      6.95978  eV     1   --> A              
     e( 39 - 39) =      7.23933  eV     1   --> A              
     e( 40 - 40) =      7.40425  eV     1   --> A              
     e( 41 - 41) =      7.69982  eV     1   --> A              
     e( 42 - 42) =      7.78522  eV     1   --> A              
     e( 43 - 43) =      7.86121  eV     1   --> A              
     e( 44 - 44) =      8.12676  eV     1   --> A              
     e( 45 - 45) =      8.14199  eV     1   --> A              
     e( 46 - 46) =      8.50124  eV     1   --> A              
     e( 47 - 47) =      8.62134  eV     1   --> A              
     e( 48 - 48) =      8.82607  eV     1   --> A              
     e( 49 - 49) =      9.03699  eV     1   --> A              
     e( 50 - 50) =      9.34525  eV     1   --> A              
     e( 51 - 51) =      9.51335  eV     1   --> A              
     e( 52 - 52) =      9.57701  eV     1   --> A              
     e( 53 - 53) =      9.78452  eV     1   --> A              
     e( 54 - 54) =     10.84538  eV     1   --> A              
     e( 55 - 55) =     11.03518  eV     1   --> A              
     e( 56 - 56) =     13.88597  eV     1   --> A              
     e( 57 - 57) =     13.95858  eV     1   --> A              
     e( 58 - 58) =     14.01417  eV     1   --> A              
     e( 59 - 59) =     14.14064  eV     1   --> A              
     e( 60 - 60) =     14.23106  eV     1   --> A              
     e( 61 - 61) =     14.58845  eV     1   --> A              
     e( 62 - 62) =     15.83257  eV     1   --> A              
     e( 63 - 63) =     16.06736  eV     1   --> A              
     e( 64 - 64) =     16.46947  eV     1   --> A              
     e( 65 - 65) =     17.90965  eV     1   --> A              
     e( 66 - 66) =     18.09881  eV     1   --> A              
     e( 67 - 67) =     18.93547  eV     1   --> A              
     e( 68 - 68) =     19.11321  eV     1   --> A              
     e( 69 - 69) =     19.95487  eV     1   --> A              
     e( 70 - 70) =     20.13157  eV     1   --> A              
     e( 71 - 71) =     21.49534  eV     1   --> A              
     e( 72 - 72) =     21.62686  eV     1   --> A              
     e( 73 - 73) =     23.15127  eV     1   --> A              
     e( 74 - 74) =     23.43880  eV     1   --> A              
     e( 75 - 75) =     23.48922  eV     1   --> A              
     e( 76 - 76) =     23.62554  eV     1   --> A              
     e( 77 - 77) =     23.94316  eV     1   --> A              
     e( 78 - 78) =     24.17934  eV     1   --> A              
     e( 79 - 79) =     25.63332  eV     1   --> A              
     e( 80 - 80) =     25.70831  eV     1   --> A              

 **************************************************************************

 **************************************************************************

                    xk=(   0.05114,   0.04091,   0.46559  )

     Band symmetry, C_1 (1)     point group:

     e(  1 -  1) =    -82.06007  eV     1   --> A              
     e(  2 -  2) =    -68.43294  eV     1   --> A              
     e(  3 -  3) =    -63.93734  eV     1   --> A              
     e(  4 -  4) =    -63.92740  eV     1   --> A              
     e(  5 -  5) =    -45.60632  eV     1   --> A              
     e(  6 -  6) =    -45.36349  eV     1   --> A              
     e(  7 -  7) =    -45.20779  eV     1   --> A              
     e(  8 -  8) =    -37.49434  eV     1   --> A              
     e(  9 -  9) =    -37.48610  eV     1   --> A              
     e( 10 - 10) =    -37.46763  eV     1   --> A              
     e( 11 - 11) =    -28.39270  eV     1   --> A              
     e( 12 - 12) =    -28.37966  eV     1   --> A              
     e( 13 - 13) =    -28.29224  eV     1   --> A              
     e( 14 - 14) =    -28.28309  eV     1   --> A              
     e( 15 - 15) =    -28.20675  eV     1   --> A              
     e( 16 - 16) =    -28.16907  eV     1   --> A              
     e( 17 - 17) =     -7.55033  eV     1   --> A              
     e( 18 - 18) =     -7.53435  eV     1   --> A              
     e( 19 - 19) =     -7.10322  eV     1   --> A              
     e( 20 - 20) =     -6.90683  eV     1   --> A              
     e( 21 - 21) =     -6.41759  eV     1   --> A              
     e( 22 - 22) =     -6.33973  eV     1   --> A              
     e( 23 - 23) =     -6.17062  eV     1   --> A              
     e( 24 - 24) =     -6.06961  eV     1   --> A              
     e( 25 - 25) =      3.86943  eV     1   --> A              
     e( 26 - 26) =      3.92044  eV     1   --> A              
     e( 27 - 27) =      4.48626  eV     1   --> A              
     e( 28 - 28) =      4.57507  eV     1   --> A              
     e( 29 - 29) =      4.90976  eV     1   --> A              
     e( 30 - 30) =      5.23290  eV     1   --> A              
     e( 31 - 31) =      5.26694  eV     1   --> A              
     e( 32 - 32) =      5.58782  eV     1   --> A              
     e( 33 - 33) =      5.74668  eV     1   --> A              
     e( 34 - 34) =      5.95250  eV     1   --> A              
     e( 35 - 35) =      6.34515  eV     1   --> A              
     e( 36 - 36) =      6.74713  eV     1   --> A              
     e( 37 - 37) =      6.84021  eV     1   --> A              
     e( 38 - 38) =      7.00023  eV     1   --> A              
     e( 39 - 39) =      7.20387  eV     1   --> A              
     e( 40 - 40) =      7.38646  eV     1   --> A              
     e( 41 - 41) =      7.67837  eV     1   --> A              
     e( 42 - 42) =      7.77688  eV     1   --> A              
     e( 43 - 43) =      7.87548  eV     1   --> A              
     e( 44 - 44) =      8.13111  eV     1   --> A              
     e( 45 - 45) =      8.18355  eV     1   --> A              
     e( 46 - 46) =      8.49787  eV     1   --> A              
     e( 47 - 47) =      8.63618  eV     1   --> A              
     e( 48 - 48) =      8.82301  eV     1   --> A              
     e( 49 - 49) =      9.02040  eV     1   --> A              
     e( 50 - 50) =      9.34389  eV     1   --> A              
     e( 51 - 51) =      9.51074  eV     1   --> A              
     e( 52 - 52) =      9.57958  eV     1   --> A              
     e( 53 - 53) =      9.78860  eV     1   --> A              
     e( 54 - 54) =     10.84077  eV     1   --> A              
     e( 55 - 55) =     11.03836  eV     1   --> A              
     e( 56 - 56) =     13.85395  eV     1   --> A              
     e( 57 - 57) =     13.96338  eV     1   --> A              
     e( 58 - 58) =     14.03538  eV     1   --> A              
     e( 59 - 59) =     14.15549  eV     1   --> A              
     e( 60 - 60) =     14.24542  eV     1   --> A              
     e( 61 - 61) =     14.58460  eV     1   --> A              
     e( 62 - 62) =     15.82745  eV     1   --> A              
     e( 63 - 63) =     16.07572  eV     1   --> A              
     e( 64 - 64) =     16.47233  eV     1   --> A              
     e( 65 - 65) =     17.89933  eV     1   --> A              
     e( 66 - 66) =     18.09458  eV     1   --> A              
     e( 67 - 67) =     18.94196  eV     1   --> A              
     e( 68 - 68) =     19.13803  eV     1   --> A              
     e( 69 - 69) =     19.93209  eV     1   --> A              
     e( 70 - 70) =     20.15478  eV     1   --> A              
     e( 71 - 71) =     21.44507  eV     1   --> A              
     e( 72 - 72) =     21.61944  eV     1   --> A              
     e( 73 - 73) =     23.09387  eV     1   --> A              
     e( 74 - 74) =     23.37352  eV     1   --> A              
     e( 75 - 75) =     23.49954  eV     1   --> A              
     e( 76 - 76) =     23.69184  eV     1   --> A              
     e( 77 - 77) =     23.94240  eV     1   --> A              
     e( 78 - 78) =     24.24690  eV     1   --> A              
     e( 79 - 79) =     25.60898  eV     1   --> A              
     e( 80 - 80) =     25.75338  eV     1   --> A              

 **************************************************************************

 **************************************************************************

                    xk=(   0.07614,   0.06136,   0.46589  )

     Band symmetry, C_1 (1)     point group:

     e(  1 -  1) =    -82.06007  eV     1   --> A              
     e(  2 -  2) =    -68.43294  eV     1   --> A              
     e(  3 -  3) =    -63.93736  eV     1   --> A              
     e(  4 -  4) =    -63.92739  eV     1   --> A              
     e(  5 -  5) =    -45.60632  eV     1   --> A              
     e(  6 -  6) =    -45.36349  eV     1   --> A              
     e(  7 -  7) =    -45.20779  eV     1   --> A              
     e(  8 -  8) =    -37.49434  eV     1   --> A              
     e(  9 -  9) =    -37.48610  eV     1   --> A              
     e( 10 - 10) =    -37.46763  eV     1   --> A              
     e( 11 - 11) =    -28.39279  eV     1   --> A              
     e( 12 - 12) =    -28.37975  eV     1   --> A              
     e( 13 - 13) =    -28.29228  eV     1   --> A              
     e( 14 - 14) =    -28.28311  eV     1   --> A              
     e( 15 - 15) =    -28.20667  eV     1   --> A              
     e( 16 - 16) =    -28.16902  eV     1   --> A              
     e( 17 - 17) =     -7.54578  eV     1   --> A              
     e( 18 - 18) =     -7.52247  eV     1   --> A              
     e( 19 - 19) =     -7.09898  eV     1   --> A              
     e( 20 - 20) =     -6.90841  eV     1   --> A              
     e( 21 - 21) =     -6.43089  eV     1   --> A              
     e( 22 - 22) =     -6.35075  eV     1   --> A              
     e( 23 - 23) =     -6.17159  eV     1   --> A              
     e( 24 - 24) =     -6.06786  eV     1   --> A              
     e( 25 - 25) =      3.88396  eV     1   --> A              
     e( 26 - 26) =      3.94750  eV     1   --> A              
     e( 27 - 27) =      4.45982  eV     1   --> A              
     e( 28 - 28) =      4.58888  eV     1   --> A              
     e( 29 - 29) =      4.89457  eV     1   --> A              
     e( 30 - 30) =      5.21262  eV     1   --> A              
     e( 31 - 31) =      5.28210  eV     1   --> A              
     e( 32 - 32) =      5.61794  eV     1   --> A              
     e( 33 - 33) =      5.75905  eV     1   --> A              
     e( 34 - 34) =      5.98690  eV     1   --> A              
     e( 35 - 35) =      6.32773  eV     1   --> A              
     e( 36 - 36) =      6.70353  eV     1   --> A              
     e( 37 - 37) =      6.82473  eV     1   --> A              
     e( 38 - 38) =      7.02670  eV     1   --> A              
     e( 39 - 39) =      7.14774  eV     1   --> A              
     e( 40 - 40) =      7.36994  eV     1   --> A              
     e( 41 - 41) =      7.65815  eV     1   --> A              
     e( 42 - 42) =      7.76231  eV     1   --> A              
     e( 43 - 43) =      7.89593  eV     1   --> A              
     e( 44 - 44) =      8.13676  eV     1   --> A              
     e( 45 - 45) =      8.23002  eV     1   --> A              
     e( 46 - 46) =      8.49603  eV     1   --> A              
     e( 47 - 47) =      8.65468  eV     1   --> A              
     e( 48 - 48) =      8.81884  eV     1   --> A              
     e( 49 - 49) =      9.00026  eV     1   --> A              
     e( 50 - 50) =      9.33825  eV     1   --> A              
     e( 51 - 51) =      9.51004  eV     1   --> A              
     e( 52 - 52) =      9.58397  eV     1   --> A              
     e( 53 - 53) =      9.79130  eV     1   --> A              
     e( 54 - 54) =     10.83310  eV     1   --> A              
     e( 55 - 55) =     11.04392  eV     1   --> A              
     e( 56 - 56) =     13.82168  eV     1   --> A              
     e( 57 - 57) =     13.96292  eV     1   --> A              
     e( 58 - 58) =     14.05540  eV     1   --> A              
     e( 59 - 59) =     14.18149  eV     1   --> A              
     e( 60 - 60) =     14.26852  eV     1   --> A              
     e( 61 - 61) =     14.57868  eV     1   --> A              
     e( 62 - 62) =     15.81915  eV     1   --> A              
     e( 63 - 63) =     16.08969  eV     1   --> A              
     e( 64 - 64) =     16.47694  eV     1   --> A              
     e( 65 - 65) =     17.88753  eV     1   --> A              
     e( 66 - 66) =     18.08609  eV     1   --> A              
     e( 67 - 67) =     18.93479  eV     1   --> A              
     e( 68 - 68) =     19.19202  eV     1   --> A              
     e( 69 - 69) =     19.90777  eV     1   --> A              
     e( 70 - 70) =     20.18273  eV     1   --> A              
     e( 71 - 71) =     21.37210  eV     1   --> A              
     e( 72 - 72) =     21.60406  eV     1   --> A              
     e( 73 - 73) =     23.01393  eV     1   --> A              
     e( 74 - 74) =     23.26866  eV     1   --> A              
     e( 75 - 75) =     23.53551  eV     1   --> A              
     e( 76 - 76) =     23.76036  eV     1   --> A              
     e( 77 - 77) =     23.98255  eV     1   --> A              
     e( 78 - 78) =     24.31077  eV     1   --> A              
     e( 79 - 79) =     25.58269  eV     1   --> A              
     e( 80 - 80) =     25.80165  eV     1   --> A              

 **************************************************************************

 **************************************************************************

                    xk=(   0.10114,   0.08182,   0.46620  )

     Band symmetry, C_1 (1)     point group:

     e(  1 -  1) =    -82.06007  eV     1   --> A              
     e(  2 -  2) =    -68.43294  eV     1   --> A              
     e(  3 -  3) =    -63.93738  eV     1   --> A              
     e(  4 -  4) =    -63.92738  eV     1   --> A              
     e(  5 -  5) =    -45.60632  eV     1   --> A              
     e(  6 -  6) =    -45.36349  eV     1   --> A              
     e(  7 -  7) =    -45.20779  eV     1   --> A              
     e(  8 -  8) =    -37.49434  eV     1   --> A              
     e(  9 -  9) =    -37.48610  eV     1   --> A              
     e( 10 - 10) =    -37.46764  eV     1   --> A              
     e( 11 - 11) =    -28.39291  eV     1   --> A              
     e( 12 - 12) =    -28.37988  eV     1   --> A              
     e( 13 - 13) =    -28.29234  eV     1   --> A              
     e( 14 - 14) =    -28.28315  eV     1   --> A              
     e( 15 - 15) =    -28.20656  eV     1   --> A              
     e( 16 - 16) =    -28.16895  eV     1   --> A              
     e( 17 - 17) =     -7.53812  eV     1   --> A              
     e( 18 - 18) =     -7.50793  eV     1   --> A              
     e( 19 - 19) =     -7.09425  eV     1   --> A              
     e( 20 - 20) =     -6.90937  eV     1   --> A              
     e( 21 - 21) =     -6.45049  eV     1   --> A              
     e( 22 - 22) =     -6.36281  eV     1   --> A              
     e( 23 - 23) =     -6.17360  eV     1   --> A              
     e( 24 - 24) =     -6.06593  eV     1   --> A              
     e( 25 - 25) =      3.90408  eV     1   --> A              
     e( 26 - 26) =      3.98128  eV     1   --> A              
     e( 27 - 27) =      4.42674  eV     1   --> A              
     e( 28 - 28) =      4.60798  eV     1   --> A              
     e( 29 - 29) =      4.87877  eV     1   --> A              
     e( 30 - 30) =      5.18920  eV     1   --> A              
     e( 31 - 31) =      5.30788  eV     1   --> A              
     e( 32 - 32) =      5.61531  eV     1   --> A              
     e( 33 - 33) =      5.79576  eV     1   --> A              
     e( 34 - 34) =      6.03639  eV     1   --> A              
     e( 35 - 35) =      6.30212  eV     1   --> A              
     e( 36 - 36) =      6.67412  eV     1   --> A              
     e( 37 - 37) =      6.79972  eV     1   --> A              
     e( 38 - 38) =      7.03137  eV     1   --> A              
     e( 39 - 39) =      7.08958  eV     1   --> A              
     e( 40 - 40) =      7.35928  eV     1   --> A              
     e( 41 - 41) =      7.64237  eV     1   --> A              
     e( 42 - 42) =      7.74713  eV     1   --> A              
     e( 43 - 43) =      7.91468  eV     1   --> A              
     e( 44 - 44) =      8.14302  eV     1   --> A              
     e( 45 - 45) =      8.26700  eV     1   --> A              
     e( 46 - 46) =      8.49880  eV     1   --> A              
     e( 47 - 47) =      8.67090  eV     1   --> A              
     e( 48 - 48) =      8.81254  eV     1   --> A              
     e( 49 - 49) =      8.98657  eV     1   --> A              
     e( 50 - 50) =      9.32686  eV     1   --> A              
     e( 51 - 51) =      9.51163  eV     1   --> A              
     e( 52 - 52) =      9.59045  eV     1   --> A              
     e( 53 - 53) =      9.78991  eV     1   --> A              
     e( 54 - 54) =     10.82235  eV     1   --> A              
     e( 55 - 55) =     11.05174  eV     1   --> A              
     e( 56 - 56) =     13.79188  eV     1   --> A              
     e( 57 - 57) =     13.95994  eV     1   --> A              
     e( 58 - 58) =     14.07169  eV     1   --> A              
     e( 59 - 59) =     14.21300  eV     1   --> A              
     e( 60 - 60) =     14.29987  eV     1   --> A              
     e( 61 - 61) =     14.57147  eV     1   --> A              
     e( 62 - 62) =     15.80797  eV     1   --> A              
     e( 63 - 63) =     16.10922  eV     1   --> A              
     e( 64 - 64) =     16.48307  eV     1   --> A              
     e( 65 - 65) =     17.87806  eV     1   --> A              
     e( 66 - 66) =     18.07405  eV     1   --> A              
     e( 67 - 67) =     18.90741  eV     1   --> A              
     e( 68 - 68) =     19.27590  eV     1   --> A              
     e( 69 - 69) =     19.88931  eV     1   --> A              
     e( 70 - 70) =     20.21135  eV     1   --> A              
     e( 71 - 71) =     21.28453  eV     1   --> A              
     e( 72 - 72) =     21.58166  eV     1   --> A              
     e( 73 - 73) =     22.91917  eV     1   --> A              
     e( 74 - 74) =     23.15184  eV     1   --> A              
     e( 75 - 75) =     23.56537  eV     1   --> A              
     e( 76 - 76) =     23.83555  eV     1   --> A              
     e( 77 - 77) =     24.06035  eV     1   --> A              
     e( 78 - 78) =     24.35292  eV     1   --> A              
     e( 79 - 79) =     25.54351  eV     1   --> A              
     e( 80 - 80) =     25.78778  eV     1   --> A              

 **************************************************************************

 **************************************************************************

                    xk=(   0.12614,   0.10227,   0.46650  )

     Band symmetry, C_1 (1)     point group:

     e(  1 -  1) =    -82.06008  eV     1   --> A              
     e(  2 -  2) =    -68.43294  eV     1   --> A              
     e(  3 -  3) =    -63.93741  eV     1   --> A              
     e(  4 -  4) =    -63.92737  eV     1   --> A              
     e(  5 -  5) =    -45.60632  eV     1   --> A              
     e(  6 -  6) =    -45.36349  eV     1   --> A              
     e(  7 -  7) =    -45.20779  eV     1   --> A              
     e(  8 -  8) =    -37.49435  eV     1   --> A              
     e(  9 -  9) =    -37.48609  eV     1   --> A              
     e( 10 - 10) =    -37.46764  eV     1   --> A              
     e( 11 - 11) =    -28.39306  eV     1   --> A              
     e( 12 - 12) =    -28.38004  eV     1   --> A              
     e( 13 - 13) =    -28.29241  eV     1   --> A              
     e( 14 - 14) =    -28.28319  eV     1   --> A              
     e( 15 - 15) =    -28.20643  eV     1   --> A              
     e( 16 - 16) =    -28.16886  eV     1   --> A              
     e( 17 - 17) =     -7.52784  eV     1   --> A              
     e( 18 - 18) =     -7.49100  eV     1   --> A              
     e( 19 - 19) =     -7.09020  eV     1   --> A              
     e( 20 - 20) =     -6.90861  eV     1   --> A              
     e( 21 - 21) =     -6.47576  eV     1   --> A              
     e( 22 - 22) =     -6.37470  eV     1   --> A              
     e( 23 - 23) =     -6.17679  eV     1   --> A              
     e( 24 - 24) =     -6.06423  eV     1   --> A              
     e( 25 - 25) =      3.92747  eV     1   --> A              
     e( 26 - 26) =      4.02002  eV     1   --> A              
     e( 27 - 27) =      4.39144  eV     1   --> A              
     e( 28 - 28) =      4.62988  eV     1   --> A              
     e( 29 - 29) =      4.86560  eV     1   --> A              
     e( 30 - 30) =      5.16627  eV     1   --> A              
     e( 31 - 31) =      5.33681  eV     1   --> A              
     e( 32 - 32) =      5.59465  eV     1   --> A              
     e( 33 - 33) =      5.83305  eV     1   --> A              
     e( 34 - 34) =      6.10223  eV     1   --> A              
     e( 35 - 35) =      6.27611  eV     1   --> A              
     e( 36 - 36) =      6.65107  eV     1   --> A              
     e( 37 - 37) =      6.76621  eV     1   --> A              
     e( 38 - 38) =      7.00126  eV     1   --> A              
     e( 39 - 39) =      7.06355  eV     1   --> A              
     e( 40 - 40) =      7.35386  eV     1   --> A              
     e( 41 - 41) =      7.62990  eV     1   --> A              
     e( 42 - 42) =      7.73268  eV     1   --> A              
     e( 43 - 43) =      7.92623  eV     1   --> A              
     e( 44 - 44) =      8.14997  eV     1   --> A              
     e( 45 - 45) =      8.29000  eV     1   --> A              
     e( 46 - 46) =      8.50425  eV     1   --> A              
     e( 47 - 47) =      8.68446  eV     1   --> A              
     e( 48 - 48) =      8.79951  eV     1   --> A              
     e( 49 - 49) =      8.98856  eV     1   --> A              
     e( 50 - 50) =      9.30988  eV     1   --> A              
     e( 51 - 51) =      9.51370  eV     1   --> A              
     e( 52 - 52) =      9.59765  eV     1   --> A              
     e( 53 - 53) =      9.78446  eV     1   --> A              
     e( 54 - 54) =     10.80860  eV     1   --> A              
     e( 55 - 55) =     11.06074  eV     1   --> A              
     e( 56 - 56) =     13.76533  eV     1   --> A              
     e( 57 - 57) =     13.95619  eV     1   --> A              
     e( 58 - 58) =     14.08587  eV     1   --> A              
     e( 59 - 59) =     14.24453  eV     1   --> A              
     e( 60 - 60) =     14.33707  eV     1   --> A              
     e( 61 - 61) =     14.56422  eV     1   --> A              
     e( 62 - 62) =     15.79430  eV     1   --> A              
     e( 63 - 63) =     16.13397  eV     1   --> A              
     e( 64 - 64) =     16.49042  eV     1   --> A              
     e( 65 - 65) =     17.87161  eV     1   --> A              
     e( 66 - 66) =     18.06175  eV     1   --> A              
     e( 67 - 67) =     18.86306  eV     1   --> A              
     e( 68 - 68) =     19.38186  eV     1   --> A              
     e( 69 - 69) =     19.88083  eV     1   --> A              
     e( 70 - 70) =     20.23955  eV     1   --> A              
     e( 71 - 71) =     21.18960  eV     1   --> A              
     e( 72 - 72) =     21.55422  eV     1   --> A              
     e( 73 - 73) =     22.81484  eV     1   --> A              
     e( 74 - 74) =     23.03173  eV     1   --> A              
     e( 75 - 75) =     23.58392  eV     1   --> A              
     e( 76 - 76) =     23.91850  eV     1   --> A              
     e( 77 - 77) =     24.16219  eV     1   --> A              
     e( 78 - 78) =     24.36369  eV     1   --> A              
     e( 79 - 79) =     25.47205  eV     1   --> A              
     e( 80 - 80) =     25.73123  eV     1   --> A              

 **************************************************************************

 **************************************************************************

                    xk=(   0.15114,   0.12273,   0.46680  )

     Band symmetry, C_1 (1)     point group:

     e(  1 -  1) =    -82.06008  eV     1   --> A              
     e(  2 -  2) =    -68.43294  eV     1   --> A              
     e(  3 -  3) =    -63.93744  eV     1   --> A              
     e(  4 -  4) =    -63.92737  eV     1   --> A              
     e(  5 -  5) =    -45.60632  eV     1   --> A              
     e(  6 -  6) =    -45.36349  eV     1   --> A              
     e(  7 -  7) =    -45.20779  eV     1   --> A              
     e(  8 -  8) =    -37.49435  eV     1   --> A              
     e(  9 -  9) =    -37.48609  eV     1   --> A              
     e( 10 - 10) =    -37.46765  eV     1   --> A              
     e( 11 - 11) =    -28.39323  eV     1   --> A              
     e( 12 - 12) =    -28.38023  eV     1   --> A              
     e( 13 - 13) =    -28.29249  eV     1   --> A              
     e( 14 - 14) =    -28.28325  eV     1   --> A              
     e( 15 - 15) =    -28.20628  eV     1   --> A              
     e( 16 - 16) =    -28.16876  eV     1   --> A              
     e( 17 - 17) =     -7.51567  eV     1   --> A              
     e( 18 - 18) =     -7.47190  eV     1   --> A              
     e( 19 - 19) =     -7.08802  eV     1   --> A              
     e( 20 - 20) =     -6.90527  eV     1   --> A              
     e( 21 - 21) =     -6.50488  eV     1   --> A              
     e( 22 - 22) =     -6.38620  eV     1   --> A              
     e( 23 - 23) =     -6.18110  eV     1   --> A              
     e( 24 - 24) =     -6.06318  eV     1   --> A              
     e( 25 - 25) =      3.95066  eV     1   --> A              
     e( 26 - 26) =      4.06222  eV     1   --> A              
     e( 27 - 27) =      4.35886  eV     1   --> A              
     e( 28 - 28) =      4.65020  eV     1   --> A              
     e( 29 - 29) =      4.85711  eV     1   --> A              
     e( 30 - 30) =      5.14422  eV     1   --> A              
     e( 31 - 31) =      5.36023  eV     1   --> A              
     e( 32 - 32) =      5.57652  eV     1   --> A              
     e( 33 - 33) =      5.85290  eV     1   --> A              
     e( 34 - 34) =      6.17558  eV     1   --> A              
     e( 35 - 35) =      6.26396  eV     1   --> A              
     e( 36 - 36) =      6.61522  eV     1   --> A              
     e( 37 - 37) =      6.74089  eV     1   --> A              
     e( 38 - 38) =      6.95737  eV     1   --> A              
     e( 39 - 39) =      7.06443  eV     1   --> A              
     e( 40 - 40) =      7.35162  eV     1   --> A              
     e( 41 - 41) =      7.61797  eV     1   --> A              
     e( 42 - 42) =      7.71761  eV     1   --> A              
     e( 43 - 43) =      7.92785  eV     1   --> A              
     e( 44 - 44) =      8.15862  eV     1   --> A              
     e( 45 - 45) =      8.30361  eV     1   --> A              
     e( 46 - 46) =      8.50534  eV     1   --> A              
     e( 47 - 47) =      8.70113  eV     1   --> A              
     e( 48 - 48) =      8.77751  eV     1   --> A              
     e( 49 - 49) =      9.00546  eV     1   --> A              
     e( 50 - 50) =      9.28800  eV     1   --> A              
     e( 51 - 51) =      9.51470  eV     1   --> A              
     e( 52 - 52) =      9.60103  eV     1   --> A              
     e( 53 - 53) =      9.77870  eV     1   --> A              
     e( 54 - 54) =     10.79211  eV     1   --> A              
     e( 55 - 55) =     11.06868  eV     1   --> A              
     e( 56 - 56) =     13.74254  eV     1   --> A              
     e( 57 - 57) =     13.95258  eV     1   --> A              
     e( 58 - 58) =     14.09838  eV     1   --> A              
     e( 59 - 59) =     14.27500  eV     1   --> A              
     e( 60 - 60) =     14.37520  eV     1   --> A              
     e( 61 - 61) =     14.55877  eV     1   --> A              
     e( 62 - 62) =     15.77859  eV     1   --> A              
     e( 63 - 63) =     16.16323  eV     1   --> A              
     e( 64 - 64) =     16.49866  eV     1   --> A              
     e( 65 - 65) =     17.86472  eV     1   --> A              
     e( 66 - 66) =     18.05458  eV     1   --> A              
     e( 67 - 67) =     18.80843  eV     1   --> A              
     e( 68 - 68) =     19.50136  eV     1   --> A              
     e( 69 - 69) =     19.88429  eV     1   --> A              
     e( 70 - 70) =     20.26773  eV     1   --> A              
     e( 71 - 71) =     21.09380  eV     1   --> A              
     e( 72 - 72) =     21.52347  eV     1   --> A              
     e( 73 - 73) =     22.70519  eV     1   --> A              
     e( 74 - 74) =     22.91419  eV     1   --> A              
     e( 75 - 75) =     23.58825  eV     1   --> A              
     e( 76 - 76) =     24.00811  eV     1   --> A              
     e( 77 - 77) =     24.26924  eV     1   --> A              
     e( 78 - 78) =     24.34545  eV     1   --> A              
     e( 79 - 79) =     25.37138  eV     1   --> A              
     e( 80 - 80) =     25.72155  eV     1   --> A              

 **************************************************************************

 **************************************************************************

                    xk=(   0.17614,   0.14318,   0.46711  )

     Band symmetry, C_1 (1)     point group:

     e(  1 -  1) =    -82.06008  eV     1   --> A              
     e(  2 -  2) =    -68.43294  eV     1   --> A              
     e(  3 -  3) =    -63.93748  eV     1   --> A              
     e(  4 -  4) =    -63.92736  eV     1   --> A              
     e(  5 -  5) =    -45.60633  eV     1   --> A              
     e(  6 -  6) =    -45.36348  eV     1   --> A              
     e(  7 -  7) =    -45.20779  eV     1   --> A              
     e(  8 -  8) =    -37.49436  eV     1   --> A              
     e(  9 -  9) =    -37.48609  eV     1   --> A              
     e( 10 - 10) =    -37.46766  eV     1   --> A              
     e( 11 - 11) =    -28.39342  eV     1   --> A              
     e( 12 - 12) =    -28.38043  eV     1   --> A              
     e( 13 - 13) =    -28.29258  eV     1   --> A              
     e( 14 - 14) =    -28.28330  eV     1   --> A              
     e( 15 - 15) =    -28.20610  eV     1   --> A              
     e( 16 - 16) =    -28.16864  eV     1   --> A              
     e( 17 - 17) =     -7.50247  eV     1   --> A              
     e( 18 - 18) =     -7.45083  eV     1   --> A              
     e( 19 - 19) =     -7.08847  eV     1   --> A              
     e( 20 - 20) =     -6.89934  eV     1   --> A              
     e( 21 - 21) =     -6.53526  eV     1   --> A              
     e( 22 - 22) =     -6.39748  eV     1   --> A              
     e( 23 - 23) =     -6.18630  eV     1   --> A              
     e( 24 - 24) =     -6.06312  eV     1   --> A              
     e( 25 - 25) =      3.96984  eV     1   --> A              
     e( 26 - 26) =      4.10584  eV     1   --> A              
     e( 27 - 27) =      4.33445  eV     1   --> A              
     e( 28 - 28) =      4.66353  eV     1   --> A              
     e( 29 - 29) =      4.85209  eV     1   --> A              
     e( 30 - 30) =      5.12430  eV     1   --> A              
     e( 31 - 31) =      5.36848  eV     1   --> A              
     e( 32 - 32) =      5.57610  eV     1   --> A              
     e( 33 - 33) =      5.85463  eV     1   --> A              
     e( 34 - 34) =      6.21478  eV     1   --> A              
     e( 35 - 35) =      6.29887  eV     1   --> A              
     e( 36 - 36) =      6.56948  eV     1   --> A              
     e( 37 - 37) =      6.73120  eV     1   --> A              
     e( 38 - 38) =      6.91711  eV     1   --> A              
     e( 39 - 39) =      7.08124  eV     1   --> A              
     e( 40 - 40) =      7.35032  eV     1   --> A              
     e( 41 - 41) =      7.60341  eV     1   --> A              
     e( 42 - 42) =      7.69929  eV     1   --> A              
     e( 43 - 43) =      7.92203  eV     1   --> A              
     e( 44 - 44) =      8.16957  eV     1   --> A              
     e( 45 - 45) =      8.31405  eV     1   --> A              
     e( 46 - 46) =      8.49973  eV     1   --> A              
     e( 47 - 47) =      8.71974  eV     1   --> A              
     e( 48 - 48) =      8.75341  eV     1   --> A              
     e( 49 - 49) =      9.02721  eV     1   --> A              
     e( 50 - 50) =      9.26197  eV     1   --> A              
     e( 51 - 51) =      9.51413  eV     1   --> A              
     e( 52 - 52) =      9.59432  eV     1   --> A              
     e( 53 - 53) =      9.77865  eV     1   --> A              
     e( 54 - 54) =     10.77322  eV     1   --> A              
     e( 55 - 55) =     11.07236  eV     1   --> A              
     e( 56 - 56) =     13.72412  eV     1   --> A              
     e( 57 - 57) =     13.94906  eV     1   --> A              
     e( 58 - 58) =     14.10898  eV     1   --> A              
     e( 59 - 59) =     14.30451  eV     1   --> A              
     e( 60 - 60) =     14.40955  eV     1   --> A              
     e( 61 - 61) =     14.55752  eV     1   --> A              
     e( 62 - 62) =     15.76132  eV     1   --> A              
     e( 63 - 63) =     16.19588  eV     1   --> A              
     e( 64 - 64) =     16.50743  eV     1   --> A              
     e( 65 - 65) =     17.85145  eV     1   --> A              
     e( 66 - 66) =     18.05700  eV     1   --> A              
     e( 67 - 67) =     18.75282  eV     1   --> A              
     e( 68 - 68) =     19.62591  eV     1   --> A              
     e( 69 - 69) =     19.90098  eV     1   --> A              
     e( 70 - 70) =     20.29720  eV     1   --> A              
     e( 71 - 71) =     21.00284  eV     1   --> A              
     e( 72 - 72) =     21.49066  eV     1   --> A              
     e( 73 - 73) =     22.59400  eV     1   --> A              
     e( 74 - 74) =     22.80233  eV     1   --> A              
     e( 75 - 75) =     23.57659  eV     1   --> A              
     e( 76 - 76) =     24.09925  eV     1   --> A              
     e( 77 - 77) =     24.26936  eV     1   --> A              
     e( 78 - 78) =     24.40521  eV     1   --> A              
     e( 79 - 79) =     25.27017  eV     1   --> A              
     e( 80 - 80) =     25.74968  eV     1   --> A              

 **************************************************************************

 **************************************************************************

                    xk=(   0.20114,   0.16364,   0.46741  )

     Band symmetry, C_1 (1)     point group:

     e(  1 -  1) =    -82.06009  eV     1   --> A              
     e(  2 -  2) =    -68.43294  eV     1   --> A              
     e(  3 -  3) =    -63.93751  eV     1   --> A              
     e(  4 -  4) =    -63.92736  eV     1   --> A              
     e(  5 -  5) =    -45.60633  eV     1   --> A              
     e(  6 -  6) =    -45.36348  eV     1   --> A              
     e(  7 -  7) =    -45.20779  eV     1   --> A              
     e(  8 -  8) =    -37.49437  eV     1   --> A              
     e(  9 -  9) =    -37.48609  eV     1   --> A              
     e( 10 - 10) =    -37.46766  eV     1   --> A              
     e( 11 - 11) =    -28.39362  eV     1   --> A              
     e( 12 - 12) =    -28.38065  eV     1   --> A              
     e( 13 - 13) =    -28.29268  eV     1   --> A              
     e( 14 - 14) =    -28.28337  eV     1   --> A              
     e( 15 - 15) =    -28.20592  eV     1   --> A              
     e( 16 - 16) =    -28.16852  eV     1   --> A              
     e( 17 - 17) =     -7.48914  eV     1   --> A              
     e( 18 - 18) =     -7.42810  eV     1   --> A              
     e( 19 - 19) =     -7.09148  eV     1   --> A              
     e( 20 - 20) =     -6.89223  eV     1   --> A              
     e( 21 - 21) =     -6.56380  eV     1   --> A              
     e( 22 - 22) =     -6.40868  eV     1   --> A              
     e( 23 - 23) =     -6.19210  eV     1   --> A              
     e( 24 - 24) =     -6.06436  eV     1   --> A              
     e( 25 - 25) =      3.98211  eV     1   --> A              
     e( 26 - 26) =      4.14678  eV     1   --> A              
     e( 27 - 27) =      4.32451  eV     1   --> A              
     e( 28 - 28) =      4.66640  eV     1   --> A              
     e( 29 - 29) =      4.84289  eV     1   --> A              
     e( 30 - 30) =      5.11032  eV     1   --> A              
     e( 31 - 31) =      5.36306  eV     1   --> A              
     e( 32 - 32) =      5.59197  eV     1   --> A              
     e( 33 - 33) =      5.84903  eV     1   --> A              
     e( 34 - 34) =      6.21511  eV     1   --> A              
     e( 35 - 35) =      6.36120  eV     1   --> A              
     e( 36 - 36) =      6.54790  eV     1   --> A              
     e( 37 - 37) =      6.72309  eV     1   --> A              
     e( 38 - 38) =      6.88625  eV     1   --> A              
     e( 39 - 39) =      7.11276  eV     1   --> A              
     e( 40 - 40) =      7.34806  eV     1   --> A              
     e( 41 - 41) =      7.58210  eV     1   --> A              
     e( 42 - 42) =      7.67777  eV     1   --> A              
     e( 43 - 43) =      7.91615  eV     1   --> A              
     e( 44 - 44) =      8.18141  eV     1   --> A              
     e( 45 - 45) =      8.32365  eV     1   --> A              
     e( 46 - 46) =      8.49322  eV     1   --> A              
     e( 47 - 47) =      8.70601  eV     1   --> A              
     e( 48 - 48) =      8.76133  eV     1   --> A              
     e( 49 - 49) =      9.04357  eV     1   --> A              
     e( 50 - 50) =      9.23291  eV     1   --> A              
     e( 51 - 51) =      9.51209  eV     1   --> A              
     e( 52 - 52) =      9.57486  eV     1   --> A              
     e( 53 - 53) =      9.78752  eV     1   --> A              
     e( 54 - 54) =     10.75228  eV     1   --> A              
     e( 55 - 55) =     11.06826  eV     1   --> A              
     e( 56 - 56) =     13.71069  eV     1   --> A              
     e( 57 - 57) =     13.94483  eV     1   --> A              
     e( 58 - 58) =     14.11766  eV     1   --> A              
     e( 59 - 59) =     14.33164  eV     1   --> A              
     e( 60 - 60) =     14.43807  eV     1   --> A              
     e( 61 - 61) =     14.56275  eV     1   --> A              
     e( 62 - 62) =     15.74300  eV     1   --> A              
     e( 63 - 63) =     16.23044  eV     1   --> A              
     e( 64 - 64) =     16.51647  eV     1   --> A              
     e( 65 - 65) =     17.82832  eV     1   --> A              
     e( 66 - 66) =     18.06664  eV     1   --> A              
     e( 67 - 67) =     18.70865  eV     1   --> A              
     e( 68 - 68) =     19.74358  eV     1   --> A              
     e( 69 - 69) =     19.93513  eV     1   --> A              
     e( 70 - 70) =     20.33009  eV     1   --> A              
     e( 71 - 71) =     20.92163  eV     1   --> A              
     e( 72 - 72) =     21.45683  eV     1   --> A              
     e( 73 - 73) =     22.48458  eV     1   --> A              
     e( 74 - 74) =     22.69721  eV     1   --> A              
     e( 75 - 75) =     23.54779  eV     1   --> A              
     e( 76 - 76) =     24.14359  eV     1   --> A              
     e( 77 - 77) =     24.23863  eV     1   --> A              
     e( 78 - 78) =     24.51097  eV     1   --> A              
     e( 79 - 79) =     25.18786  eV     1   --> A              
     e( 80 - 80) =     25.79847  eV     1   --> A              

 **************************************************************************

 **************************************************************************

                    xk=(   0.22614,   0.18409,   0.46772  )

     Band symmetry, C_1 (1)     point group:

     e(  1 -  1) =    -82.06010  eV     1   --> A              
     e(  2 -  2) =    -68.43294  eV     1   --> A              
     e(  3 -  3) =    -63.93755  eV     1   --> A              
     e(  4 -  4) =    -63.92737  eV     1   --> A              
     e(  5 -  5) =    -45.60633  eV     1   --> A              
     e(  6 -  6) =    -45.36348  eV     1   --> A              
     e(  7 -  7) =    -45.20779  eV     1   --> A              
     e(  8 -  8) =    -37.49437  eV     1   --> A              
     e(  9 -  9) =    -37.48609  eV     1   --> A              
     e( 10 - 10) =    -37.46767  eV     1   --> A              
     e( 11 - 11) =    -28.39381  eV     1   --> A              
     e( 12 - 12) =    -28.38088  eV     1   --> A              
     e( 13 - 13) =    -28.29279  eV     1   --> A              
     e( 14 - 14) =    -28.28344  eV     1   --> A              
     e( 15 - 15) =    -28.20573  eV     1   --> A              
     e( 16 - 16) =    -28.16838  eV     1   --> A              
     e( 17 - 17) =     -7.47646  eV     1   --> A              
     e( 18 - 18) =     -7.40426  eV     1   --> A              
     e( 19 - 19) =     -7.09616  eV     1   --> A              
     e( 20 - 20) =     -6.88678  eV     1   --> A              
     e( 21 - 21) =     -6.58699  eV     1   --> A              
     e( 22 - 22) =     -6.41979  eV     1   --> A              
     e( 23 - 23) =     -6.19810  eV     1   --> A              
     e( 24 - 24) =     -6.06711  eV     1   --> A              
     e( 25 - 25) =      3.98672  eV     1   --> A              
     e( 26 - 26) =      4.17863  eV     1   --> A              
     e( 27 - 27) =      4.33491  eV     1   --> A              
     e( 28 - 28) =      4.65871  eV     1   --> A              
     e( 29 - 29) =      4.81931  eV     1   --> A              
     e( 30 - 30) =      5.10599  eV     1   --> A              
     e( 31 - 31) =      5.35538  eV     1   --> A              
     e( 32 - 32) =      5.60375  eV     1   --> A              
     e( 33 - 33) =      5.85542  eV     1   --> A              
     e( 34 - 34) =      6.20437  eV     1   --> A              
     e( 35 - 35) =      6.40086  eV     1   --> A              
     e( 36 - 36) =      6.57221  eV     1   --> A              
     e( 37 - 37) =      6.70946  eV     1   --> A              
     e( 38 - 38) =      6.87229  eV     1   --> A              
     e( 39 - 39) =      7.15476  eV     1   --> A              
     e( 40 - 40) =      7.34310  eV     1   --> A              
     e( 41 - 41) =      7.54888  eV     1   --> A              
     e( 42 - 42) =      7.66079  eV     1   --> A              
     e( 43 - 43) =      7.91632  eV     1   --> A              
     e( 44 - 44) =      8.19127  eV     1   --> A              
     e( 45 - 45) =      8.33093  eV     1   --> A              
     e( 46 - 46) =      8.49320  eV     1   --> A              
     e( 47 - 47) =      8.67431  eV     1   --> A              
     e( 48 - 48) =      8.78495  eV     1   --> A              
     e( 49 - 49) =      9.04744  eV     1   --> A              
     e( 50 - 50) =      9.20269  eV     1   --> A              
     e( 51 - 51) =      9.50874  eV     1   --> A              
     e( 52 - 52) =      9.54603  eV     1   --> A              
     e( 53 - 53) =      9.80325  eV     1   --> A              
     e( 54 - 54) =     10.72938  eV     1   --> A              
     e( 55 - 55) =     11.05334  eV     1   --> A              
     e( 56 - 56) =     13.70259  eV     1   --> A              
     e( 57 - 57) =     13.93894  eV     1   --> A              
     e( 58 - 58) =     14.12453  eV     1   --> A              
     e( 59 - 59) =     14.35318  eV     1   --> A              
     e( 60 - 60) =     14.46270  eV     1   --> A              
     e( 61 - 61) =     14.57498  eV     1   --> A              
     e( 62 - 62) =     15.72415  eV     1   --> A              
     e( 63 - 63) =     16.26520  eV     1   --> A              
     e( 64 - 64) =     16.52557  eV     1   --> A              
     e( 65 - 65) =     17.79635  eV     1   --> A              
     e( 66 - 66) =     18.07312  eV     1   --> A              
     e( 67 - 67) =     18.69030  eV     1   --> A              
     e( 68 - 68) =     19.83378  eV     1   --> A              
     e( 69 - 69) =     19.99872  eV     1   --> A              
     e( 70 - 70) =     20.36971  eV     1   --> A              
     e( 71 - 71) =     20.85426  eV     1   --> A              
     e( 72 - 72) =     21.42305  eV     1   --> A              
     e( 73 - 73) =     22.37953  eV     1   --> A              
     e( 74 - 74) =     22.59876  eV     1   --> A              
     e( 75 - 75) =     23.50033  eV     1   --> A              
     e( 76 - 76) =     24.06293  eV     1   --> A              
     e( 77 - 77) =     24.31412  eV     1   --> A              
     e( 78 - 78) =     24.60240  eV     1   --> A              
     e( 79 - 79) =     25.13566  eV     1   --> A              
     e( 80 - 80) =     25.84068  eV     1   --> A              

 **************************************************************************

 **************************************************************************

                    xk=(   0.25115,   0.20455,   0.46802  )

     Band symmetry, C_1 (1)     point group:

     e(  1 -  1) =    -82.06010  eV     1   --> A              
     e(  2 -  2) =    -68.43294  eV     1   --> A              
     e(  3 -  3) =    -63.93758  eV     1   --> A              
     e(  4 -  4) =    -63.92738  eV     1   --> A              
     e(  5 -  5) =    -45.60633  eV     1   --> A              
     e(  6 -  6) =    -45.36348  eV     1   --> A              
     e(  7 -  7) =    -45.20779  eV     1   --> A              
     e(  8 -  8) =    -37.49438  eV     1   --> A              
     e(  9 -  9) =    -37.48608  eV     1   --> A              
     e( 10 - 10) =    -37.46768  eV     1   --> A              
     e( 11 - 11) =    -28.39401  eV     1   --> A              
     e( 12 - 12) =    -28.38111  eV     1   --> A              
     e( 13 - 13) =    -28.29289  eV     1   --> A              
     e( 14 - 14) =    -28.28351  eV     1   --> A              
     e( 15 - 15) =    -28.20553  eV     1   --> A              
     e( 16 - 16) =    -28.16823  eV     1   --> A              
     e( 17 - 17) =     -7.46505  eV     1   --> A              
     e( 18 - 18) =     -7.38022  eV     1   --> A              
     e( 19 - 19) =     -7.10117  eV     1   --> A              
     e( 20 - 20) =     -6.88639  eV     1   --> A              
     e( 21 - 21) =     -6.60138  eV     1   --> A              
     e( 22 - 22) =     -6.43069  eV     1   --> A              
     e( 23 - 23) =     -6.20392  eV     1   --> A              
     e( 24 - 24) =     -6.07150  eV     1   --> A              
     e( 25 - 25) =      3.98544  eV     1   --> A              
     e( 26 - 26) =      4.19848  eV     1   --> A              
     e( 27 - 27) =      4.36467  eV     1   --> A              
     e( 28 - 28) =      4.64090  eV     1   --> A              
     e( 29 - 29) =      4.78133  eV     1   --> A              
     e( 30 - 30) =      5.10755  eV     1   --> A              
     e( 31 - 31) =      5.35013  eV     1   --> A              
     e( 32 - 32) =      5.59698  eV     1   --> A              
     e( 33 - 33) =      5.89045  eV     1   --> A              
     e( 34 - 34) =      6.19102  eV     1   --> A              
     e( 35 - 35) =      6.42749  eV     1   --> A              
     e( 36 - 36) =      6.60296  eV     1   --> A              
     e( 37 - 37) =      6.70938  eV     1   --> A              
     e( 38 - 38) =      6.87641  eV     1   --> A              
     e( 39 - 39) =      7.20048  eV     1   --> A              
     e( 40 - 40) =      7.33362  eV     1   --> A              
     e( 41 - 41) =      7.50576  eV     1   --> A              
     e( 42 - 42) =      7.65707  eV     1   --> A              
     e( 43 - 43) =      7.92337  eV     1   --> A              
     e( 44 - 44) =      8.19593  eV     1   --> A              
     e( 45 - 45) =      8.33394  eV     1   --> A              
     e( 46 - 46) =      8.50271  eV     1   --> A              
     e( 47 - 47) =      8.64585  eV     1   --> A              
     e( 48 - 48) =      8.80418  eV     1   --> A              
     e( 49 - 49) =      9.03502  eV     1   --> A              
     e( 50 - 50) =      9.17395  eV     1   --> A              
     e( 51 - 51) =      9.50130  eV     1   --> A              
     e( 52 - 52) =      9.51559  eV     1   --> A              
     e( 53 - 53) =      9.82218  eV     1   --> A              
     e( 54 - 54) =     10.70437  eV     1   --> A              
     e( 55 - 55) =     11.02550  eV     1   --> A              
     e( 56 - 56) =     13.69966  eV     1   --> A              
     e( 57 - 57) =     13.93098  eV     1   --> A              
     e( 58 - 58) =     14.12951  eV     1   --> A              
     e( 59 - 59) =     14.36622  eV     1   --> A              
     e( 60 - 60) =     14.48752  eV     1   --> A              
     e( 61 - 61) =     14.59255  eV     1   --> A              
     e( 62 - 62) =     15.70528  eV     1   --> A              
     e( 63 - 63) =     16.29842  eV     1   --> A              
     e( 64 - 64) =     16.53464  eV     1   --> A              
     e( 65 - 65) =     17.75851  eV     1   --> A              
     e( 66 - 66) =     18.06618  eV     1   --> A              
     e( 67 - 67) =     18.70841  eV     1   --> A              
     e( 68 - 68) =     19.88661  eV     1   --> A              
     e( 69 - 69) =     20.09142  eV     1   --> A              
     e( 70 - 70) =     20.42116  eV     1   --> A              
     e( 71 - 71) =     20.80396  eV     1   --> A              
     e( 72 - 72) =     21.39065  eV     1   --> A              
     e( 73 - 73) =     22.28076  eV     1   --> A              
     e( 74 - 74) =     22.50645  eV     1   --> A              
     e( 75 - 75) =     23.43239  eV     1   --> A              
     e( 76 - 76) =     23.96351  eV     1   --> A              
     e( 77 - 77) =     24.39727  eV     1   --> A              
     e( 78 - 78) =     24.67155  eV     1   --> A              
     e( 79 - 79) =     25.12099  eV     1   --> A              
     e( 80 - 80) =     25.84326  eV     1   --> A              

 **************************************************************************

 **************************************************************************

                    xk=(   0.27615,   0.22500,   0.46833  )

     Band symmetry, C_1 (1)     point group:

     e(  1 -  1) =    -82.06010  eV     1   --> A              
     e(  2 -  2) =    -68.43294  eV     1   --> A              
     e(  3 -  3) =    -63.93762  eV     1   --> A              
     e(  4 -  4) =    -63.92740  eV     1   --> A              
     e(  5 -  5) =    -45.60634  eV     1   --> A              
     e(  6 -  6) =    -45.36348  eV     1   --> A              
     e(  7 -  7) =    -45.20779  eV     1   --> A              
     e(  8 -  8) =    -37.49439  eV     1   --> A              
     e(  9 -  9) =    -37.48608  eV     1   --> A              
     e( 10 - 10) =    -37.46769  eV     1   --> A              
     e( 11 - 11) =    -28.39419  eV     1   --> A              
     e( 12 - 12) =    -28.38133  eV     1   --> A              
     e( 13 - 13) =    -28.29300  eV     1   --> A              
     e( 14 - 14) =    -28.28358  eV     1   --> A              
     e( 15 - 15) =    -28.20533  eV     1   --> A              
     e( 16 - 16) =    -28.16809  eV     1   --> A              
     e( 17 - 17) =     -7.45534  eV     1   --> A              
     e( 18 - 18) =     -7.35718  eV     1   --> A              
     e( 19 - 19) =     -7.10509  eV     1   --> A              
     e( 20 - 20) =     -6.89319  eV     1   --> A              
     e( 21 - 21) =     -6.60507  eV     1   --> A              
     e( 22 - 22) =     -6.44116  eV     1   --> A              
     e( 23 - 23) =     -6.20913  eV     1   --> A              
     e( 24 - 24) =     -6.07755  eV     1   --> A              
     e( 25 - 25) =      3.98152  eV     1   --> A              
     e( 26 - 26) =      4.21035  eV     1   --> A              
     e( 27 - 27) =      4.40244  eV     1   --> A              
     e( 28 - 28) =      4.61169  eV     1   --> A              
     e( 29 - 29) =      4.74136  eV     1   --> A              
     e( 30 - 30) =      5.10469  eV     1   --> A              
     e( 31 - 31) =      5.34289  eV     1   --> A              
     e( 32 - 32) =      5.58284  eV     1   --> A              
     e( 33 - 33) =      5.95140  eV     1   --> A              
     e( 34 - 34) =      6.18425  eV     1   --> A              
     e( 35 - 35) =      6.44927  eV     1   --> A              
     e( 36 - 36) =      6.60246  eV     1   --> A              
     e( 37 - 37) =      6.74497  eV     1   --> A              
     e( 38 - 38) =      6.89321  eV     1   --> A              
     e( 39 - 39) =      7.24019  eV     1   --> A              
     e( 40 - 40) =      7.31990  eV     1   --> A              
     e( 41 - 41) =      7.46511  eV     1   --> A              
     e( 42 - 42) =      7.66859  eV     1   --> A              
     e( 43 - 43) =      7.93474  eV     1   --> A              
     e( 44 - 44) =      8.19239  eV     1   --> A              
     e( 45 - 45) =      8.33394  eV     1   --> A              
     e( 46 - 46) =      8.51528  eV     1   --> A              
     e( 47 - 47) =      8.63197  eV     1   --> A              
     e( 48 - 48) =      8.81524  eV     1   --> A              
     e( 49 - 49) =      9.00669  eV     1   --> A              
     e( 50 - 50) =      9.14893  eV     1   --> A              
     e( 51 - 51) =      9.47211  eV     1   --> A              
     e( 52 - 52) =      9.50415  eV     1   --> A              
     e( 53 - 53) =      9.84185  eV     1   --> A              
     e( 54 - 54) =     10.67693  eV     1   --> A              
     e( 55 - 55) =     10.98396  eV     1   --> A              
     e( 56 - 56) =     13.70111  eV     1   --> A              
     e( 57 - 57) =     13.92136  eV     1   --> A              
     e( 58 - 58) =     14.13208  eV     1   --> A              
     e( 59 - 59) =     14.37079  eV     1   --> A              
     e( 60 - 60) =     14.51392  eV     1   --> A              
     e( 61 - 61) =     14.61345  eV     1   --> A              
     e( 62 - 62) =     15.68689  eV     1   --> A              
     e( 63 - 63) =     16.32846  eV     1   --> A              
     e( 64 - 64) =     16.54355  eV     1   --> A              
     e( 65 - 65) =     17.71828  eV     1   --> A              
     e( 66 - 66) =     18.04420  eV     1   --> A              
     e( 67 - 67) =     18.76301  eV     1   --> A              
     e( 68 - 68) =     19.91717  eV     1   --> A              
     e( 69 - 69) =     20.18675  eV     1   --> A              
     e( 70 - 70) =     20.49085  eV     1   --> A              
     e( 71 - 71) =     20.77275  eV     1   --> A              
     e( 72 - 72) =     21.36139  eV     1   --> A              
     e( 73 - 73) =     22.18959  eV     1   --> A              
     e( 74 - 74) =     22.41959  eV     1   --> A              
     e( 75 - 75) =     23.34373  eV     1   --> A              
     e( 76 - 76) =     23.86934  eV     1   --> A              
     e( 77 - 77) =     24.46360  eV     1   --> A              
     e( 78 - 78) =     24.72425  eV     1   --> A              
     e( 79 - 79) =     25.14151  eV     1   --> A              
     e( 80 - 80) =     25.82044  eV     1   --> A              

 **************************************************************************

 **************************************************************************

                    xk=(   0.30115,   0.24546,   0.46863  )

     Band symmetry, C_1 (1)     point group:

     e(  1 -  1) =    -82.06011  eV     1   --> A              
     e(  2 -  2) =    -68.43294  eV     1   --> A              
     e(  3 -  3) =    -63.93765  eV     1   --> A              
     e(  4 -  4) =    -63.92742  eV     1   --> A              
     e(  5 -  5) =    -45.60634  eV     1   --> A              
     e(  6 -  6) =    -45.36348  eV     1   --> A              
     e(  7 -  7) =    -45.20779  eV     1   --> A              
     e(  8 -  8) =    -37.49439  eV     1   --> A              
     e(  9 -  9) =    -37.48608  eV     1   --> A              
     e( 10 - 10) =    -37.46770  eV     1   --> A              
     e( 11 - 11) =    -28.39437  eV     1   --> A              
     e( 12 - 12) =    -28.38155  eV     1   --> A              
     e( 13 - 13) =    -28.29310  eV     1   --> A              
     e( 14 - 14) =    -28.28365  eV     1   --> A              
     e( 15 - 15) =    -28.20515  eV     1   --> A              
     e( 16 - 16) =    -28.16794  eV     1   --> A              
     e( 17 - 17) =     -7.44757  eV     1   --> A              
     e( 18 - 18) =     -7.33652  eV     1   --> A              
     e( 19 - 19) =     -7.10674  eV     1   --> A              
     e( 20 - 20) =     -6.90644  eV     1   --> A              
     e( 21 - 21) =     -6.59909  eV     1   --> A              
     e( 22 - 22) =     -6.45095  eV     1   --> A              
     e( 23 - 23) =     -6.21332  eV     1   --> A              
     e( 24 - 24) =     -6.08520  eV     1   --> A              
     e( 25 - 25) =      3.97824  eV     1   --> A              
     e( 26 - 26) =      4.21819  eV     1   --> A              
     e( 27 - 27) =      4.43279  eV     1   --> A              
     e( 28 - 28) =      4.57302  eV     1   --> A              
     e( 29 - 29) =      4.71318  eV     1   --> A              
     e( 30 - 30) =      5.08745  eV     1   --> A              
     e( 31 - 31) =      5.33130  eV     1   --> A              
     e( 32 - 32) =      5.57853  eV     1   --> A              
     e( 33 - 33) =      6.02617  eV     1   --> A              
     e( 34 - 34) =      6.18913  eV     1   --> A              
     e( 35 - 35) =      6.45060  eV     1   --> A              
     e( 36 - 36) =      6.61057  eV     1   --> A              
     e( 37 - 37) =      6.78930  eV     1   --> A              
     e( 38 - 38) =      6.91473  eV     1   --> A              
     e( 39 - 39) =      7.25467  eV     1   --> A              
     e( 40 - 40) =      7.31653  eV     1   --> A              
     e( 41 - 41) =      7.43762  eV     1   --> A              
     e( 42 - 42) =      7.69351  eV     1   --> A              
     e( 43 - 43) =      7.94663  eV     1   --> A              
     e( 44 - 44) =      8.17924  eV     1   --> A              
     e( 45 - 45) =      8.33446  eV     1   --> A              
     e( 46 - 46) =      8.51838  eV     1   --> A              
     e( 47 - 47) =      8.64496  eV     1   --> A              
     e( 48 - 48) =      8.81761  eV     1   --> A              
     e( 49 - 49) =      8.96714  eV     1   --> A              
     e( 50 - 50) =      9.12818  eV     1   --> A              
     e( 51 - 51) =      9.43540  eV     1   --> A              
     e( 52 - 52) =      9.49817  eV     1   --> A              
     e( 53 - 53) =      9.86114  eV     1   --> A              
     e( 54 - 54) =     10.64678  eV     1   --> A              
     e( 55 - 55) =     10.92927  eV     1   --> A              
     e( 56 - 56) =     13.70563  eV     1   --> A              
     e( 57 - 57) =     13.91120  eV     1   --> A              
     e( 58 - 58) =     14.13167  eV     1   --> A              
     e( 59 - 59) =     14.36895  eV     1   --> A              
     e( 60 - 60) =     14.54011  eV     1   --> A              
     e( 61 - 61) =     14.63663  eV     1   --> A              
     e( 62 - 62) =     15.66942  eV     1   --> A              
     e( 63 - 63) =     16.35399  eV     1   --> A              
     e( 64 - 64) =     16.55207  eV     1   --> A              
     e( 65 - 65) =     17.67972  eV     1   --> A              
     e( 66 - 66) =     18.01280  eV     1   --> A              
     e( 67 - 67) =     18.84507  eV     1   --> A              
     e( 68 - 68) =     19.93450  eV     1   --> A              
     e( 69 - 69) =     20.26816  eV     1   --> A              
     e( 70 - 70) =     20.58139  eV     1   --> A              
     e( 71 - 71) =     20.76085  eV     1   --> A              
     e( 72 - 72) =     21.33736  eV     1   --> A              
     e( 73 - 73) =     22.10715  eV     1   --> A              
     e( 74 - 74) =     22.33766  eV     1   --> A              
     e( 75 - 75) =     23.23825  eV     1   --> A              
     e( 76 - 76) =     23.78382  eV     1   --> A              
     e( 77 - 77) =     24.50505  eV     1   --> A              
     e( 78 - 78) =     24.77680  eV     1   --> A              
     e( 79 - 79) =     25.18158  eV     1   --> A              
     e( 80 - 80) =     25.79547  eV     1   --> A              

 **************************************************************************

 **************************************************************************

                    xk=(   0.32615,   0.26591,   0.46893  )

     Band symmetry, C_1 (1)     point group:

     e(  1 -  1) =    -82.06011  eV     1   --> A              
     e(  2 -  2) =    -68.43294  eV     1   --> A              
     e(  3 -  3) =    -63.93768  eV     1   --> A              
     e(  4 -  4) =    -63.92744  eV     1   --> A              
     e(  5 -  5) =    -45.60634  eV     1   --> A              
     e(  6 -  6) =    -45.36347  eV     1   --> A              
     e(  7 -  7) =    -45.20779  eV     1   --> A              
     e(  8 -  8) =    -37.49440  eV     1   --> A              
     e(  9 -  9) =    -37.48608  eV     1   --> A              
     e( 10 - 10) =    -37.46771  eV     1   --> A              
     e( 11 - 11) =    -28.39452  eV     1   --> A              
     e( 12 - 12) =    -28.38175  eV     1   --> A              
     e( 13 - 13) =    -28.29319  eV     1   --> A              
     e( 14 - 14) =    -28.28371  eV     1   --> A              
     e( 15 - 15) =    -28.20497  eV     1   --> A              
     e( 16 - 16) =    -28.16780  eV     1   --> A              
     e( 17 - 17) =     -7.44183  eV     1   --> A              
     e( 18 - 18) =     -7.31947  eV     1   --> A              
     e( 19 - 19) =     -7.10563  eV     1   --> A              
     e( 20 - 20) =     -6.92299  eV     1   --> A              
     e( 21 - 21) =     -6.58672  eV     1   --> A              
     e( 22 - 22) =     -6.45975  eV     1   --> A              
     e( 23 - 23) =     -6.21612  eV     1   --> A              
     e( 24 - 24) =     -6.09424  eV     1   --> A              
     e( 25 - 25) =      3.97809  eV     1   --> A              
     e( 26 - 26) =      4.22285  eV     1   --> A              
     e( 27 - 27) =      4.43701  eV     1   --> A              
     e( 28 - 28) =      4.53913  eV     1   --> A              
     e( 29 - 29) =      4.70250  eV     1   --> A              
     e( 30 - 30) =      5.05124  eV     1   --> A              
     e( 31 - 31) =      5.32244  eV     1   --> A              
     e( 32 - 32) =      5.58698  eV     1   --> A              
     e( 33 - 33) =      6.10291  eV     1   --> A              
     e( 34 - 34) =      6.20767  eV     1   --> A              
     e( 35 - 35) =      6.42493  eV     1   --> A              
     e( 36 - 36) =      6.64863  eV     1   --> A              
     e( 37 - 37) =      6.83037  eV     1   --> A              
     e( 38 - 38) =      6.93195  eV     1   --> A              
     e( 39 - 39) =      7.24061  eV     1   --> A              
     e( 40 - 40) =      7.33211  eV     1   --> A              
     e( 41 - 41) =      7.42461  eV     1   --> A              
     e( 42 - 42) =      7.72617  eV     1   --> A              
     e( 43 - 43) =      7.95416  eV     1   --> A              
     e( 44 - 44) =      8.16022  eV     1   --> A              
     e( 45 - 45) =      8.33680  eV     1   --> A              
     e( 46 - 46) =      8.51415  eV     1   --> A              
     e( 47 - 47) =      8.67778  eV     1   --> A              
     e( 48 - 48) =      8.81576  eV     1   --> A              
     e( 49 - 49) =      8.92321  eV     1   --> A              
     e( 50 - 50) =      9.11142  eV     1   --> A              
     e( 51 - 51) =      9.39731  eV     1   --> A              
     e( 52 - 52) =      9.49105  eV     1   --> A              
     e( 53 - 53) =      9.87971  eV     1   --> A              
     e( 54 - 54) =     10.61387  eV     1   --> A              
     e( 55 - 55) =     10.86322  eV     1   --> A              
     e( 56 - 56) =     13.71169  eV     1   --> A              
     e( 57 - 57) =     13.90187  eV     1   --> A              
     e( 58 - 58) =     14.12803  eV     1   --> A              
     e( 59 - 59) =     14.36266  eV     1   --> A              
     e( 60 - 60) =     14.56366  eV     1   --> A              
     e( 61 - 61) =     14.66153  eV     1   --> A              
     e( 62 - 62) =     15.65327  eV     1   --> A              
     e( 63 - 63) =     16.37426  eV     1   --> A              
     e( 64 - 64) =     16.55969  eV     1   --> A              
     e( 65 - 65) =     17.64733  eV     1   --> A              
     e( 66 - 66) =     17.97784  eV     1   --> A              
     e( 67 - 67) =     18.94380  eV     1   --> A              
     e( 68 - 68) =     19.93988  eV     1   --> A              
     e( 69 - 69) =     20.33622  eV     1   --> A              
     e( 70 - 70) =     20.68576  eV     1   --> A              
     e( 71 - 71) =     20.76649  eV     1   --> A              
     e( 72 - 72) =     21.32065  eV     1   --> A              
     e( 73 - 73) =     22.03465  eV     1   --> A              
     e( 74 - 74) =     22.26050  eV     1   --> A              
     e( 75 - 75) =     23.12416  eV     1   --> A              
     e( 76 - 76) =     23.70312  eV     1   --> A              
     e( 77 - 77) =     24.52765  eV     1   --> A              
     e( 78 - 78) =     24.83424  eV     1   --> A              
     e( 79 - 79) =     25.22359  eV     1   --> A              
     e( 80 - 80) =     25.78299  eV     1   --> A              

 **************************************************************************

 **************************************************************************

                    xk=(   0.35115,   0.28637,   0.46924  )

     Band symmetry, C_1 (1)     point group:

     e(  1 -  1) =    -82.06012  eV     1   --> A              
     e(  2 -  2) =    -68.43294  eV     1   --> A              
     e(  3 -  3) =    -63.93771  eV     1   --> A              
     e(  4 -  4) =    -63.92747  eV     1   --> A              
     e(  5 -  5) =    -45.60635  eV     1   --> A              
     e(  6 -  6) =    -45.36347  eV     1   --> A              
     e(  7 -  7) =    -45.20779  eV     1   --> A              
     e(  8 -  8) =    -37.49440  eV     1   --> A              
     e(  9 -  9) =    -37.48608  eV     1   --> A              
     e( 10 - 10) =    -37.46771  eV     1   --> A              
     e( 11 - 11) =    -28.39466  eV     1   --> A              
     e( 12 - 12) =    -28.38193  eV     1   --> A              
     e( 13 - 13) =    -28.29328  eV     1   --> A              
     e( 14 - 14) =    -28.28377  eV     1   --> A              
     e( 15 - 15) =    -28.20481  eV     1   --> A              
     e( 16 - 16) =    -28.16767  eV     1   --> A              
     e( 17 - 17) =     -7.43806  eV     1   --> A              
     e( 18 - 18) =     -7.30667  eV     1   --> A              
     e( 19 - 19) =     -7.10240  eV     1   --> A              
     e( 20 - 20) =     -6.93900  eV     1   --> A              
     e( 21 - 21) =     -6.57170  eV     1   --> A              
     e( 22 - 22) =     -6.46723  eV     1   --> A              
     e( 23 - 23) =     -6.21725  eV     1   --> A              
     e( 24 - 24) =     -6.10433  eV     1   --> A              
     e( 25 - 25) =      3.98258  eV     1   --> A              
     e( 26 - 26) =      4.22298  eV     1   --> A              
     e( 27 - 27) =      4.40977  eV     1   --> A              
     e( 28 - 28) =      4.51817  eV     1   --> A              
     e( 29 - 29) =      4.70845  eV     1   --> A              
     e( 30 - 30) =      5.00098  eV     1   --> A              
     e( 31 - 31) =      5.32164  eV     1   --> A              
     e( 32 - 32) =      5.60331  eV     1   --> A              
     e( 33 - 33) =      6.16666  eV     1   --> A              
     e( 34 - 34) =      6.24368  eV     1   --> A              
     e( 35 - 35) =      6.38710  eV     1   --> A              
     e( 36 - 36) =      6.70418  eV     1   --> A              
     e( 37 - 37) =      6.86875  eV     1   --> A              
     e( 38 - 38) =      6.94152  eV     1   --> A              
     e( 39 - 39) =      7.22739  eV     1   --> A              
     e( 40 - 40) =      7.34481  eV     1   --> A              
     e( 41 - 41) =      7.42325  eV     1   --> A              
     e( 42 - 42) =      7.75699  eV     1   --> A              
     e( 43 - 43) =      7.95167  eV     1   --> A              
     e( 44 - 44) =      8.14468  eV     1   --> A              
     e( 45 - 45) =      8.33919  eV     1   --> A              
     e( 46 - 46) =      8.51234  eV     1   --> A              
     e( 47 - 47) =      8.70347  eV     1   --> A              
     e( 48 - 48) =      8.82685  eV     1   --> A              
     e( 49 - 49) =      8.88226  eV     1   --> A              
     e( 50 - 50) =      9.09824  eV     1   --> A              
     e( 51 - 51) =      9.35812  eV     1   --> A              
     e( 52 - 52) =      9.48183  eV     1   --> A              
     e( 53 - 53) =      9.89762  eV     1   --> A              
     e( 54 - 54) =     10.57861  eV     1   --> A              
     e( 55 - 55) =     10.78872  eV     1   --> A              
     e( 56 - 56) =     13.71792  eV     1   --> A              
     e( 57 - 57) =     13.89442  eV     1   --> A              
     e( 58 - 58) =     14.12138  eV     1   --> A              
     e( 59 - 59) =     14.35352  eV     1   --> A              
     e( 60 - 60) =     14.58280  eV     1   --> A              
     e( 61 - 61) =     14.68739  eV     1   --> A              
     e( 62 - 62) =     15.63879  eV     1   --> A              
     e( 63 - 63) =     16.38921  eV     1   --> A              
     e( 64 - 64) =     16.56579  eV     1   --> A              
     e( 65 - 65) =     17.62515  eV     1   --> A              
     e( 66 - 66) =     17.94241  eV     1   --> A              
     e( 67 - 67) =     19.05059  eV     1   --> A              
     e( 68 - 68) =     19.93287  eV     1   --> A              
     e( 69 - 69) =     20.39827  eV     1   --> A              
     e( 70 - 70) =     20.77434  eV     1   --> A              
     e( 71 - 71) =     20.80308  eV     1   --> A              
     e( 72 - 72) =     21.31257  eV     1   --> A              
     e( 73 - 73) =     21.97339  eV     1   --> A              
     e( 74 - 74) =     22.18872  eV     1   --> A              
     e( 75 - 75) =     23.01186  eV     1   --> A              
     e( 76 - 76) =     23.62072  eV     1   --> A              
     e( 77 - 77) =     24.54600  eV     1   --> A              
     e( 78 - 78) =     24.88572  eV     1   --> A              
     e( 79 - 79) =     25.26021  eV     1   --> A              
     e( 80 - 80) =     25.79193  eV     1   --> A              

 **************************************************************************

 **************************************************************************

                    xk=(   0.37615,   0.30682,   0.46954  )

     Band symmetry, C_1 (1)     point group:

     e(  1 -  1) =    -82.06012  eV     1   --> A              
     e(  2 -  2) =    -68.43294  eV     1   --> A              
     e(  3 -  3) =    -63.93773  eV     1   --> A              
     e(  4 -  4) =    -63.92750  eV     1   --> A              
     e(  5 -  5) =    -45.60635  eV     1   --> A              
     e(  6 -  6) =    -45.36347  eV     1   --> A              
     e(  7 -  7) =    -45.20779  eV     1   --> A              
     e(  8 -  8) =    -37.49441  eV     1   --> A              
     e(  9 -  9) =    -37.48608  eV     1   --> A              
     e( 10 - 10) =    -37.46772  eV     1   --> A              
     e( 11 - 11) =    -28.39478  eV     1   --> A              
     e( 12 - 12) =    -28.38209  eV     1   --> A              
     e( 13 - 13) =    -28.29336  eV     1   --> A              
     e( 14 - 14) =    -28.28383  eV     1   --> A              
     e( 15 - 15) =    -28.20466  eV     1   --> A              
     e( 16 - 16) =    -28.16756  eV     1   --> A              
     e( 17 - 17) =     -7.43600  eV     1   --> A              
     e( 18 - 18) =     -7.29795  eV     1   --> A              
     e( 19 - 19) =     -7.09881  eV     1   --> A              
     e( 20 - 20) =     -6.95120  eV     1   --> A              
     e( 21 - 21) =     -6.55711  eV     1   --> A              
     e( 22 - 22) =     -6.47306  eV     1   --> A              
     e( 23 - 23) =     -6.21661  eV     1   --> A              
     e( 24 - 24) =     -6.11501  eV     1   --> A              
     e( 25 - 25) =      3.99242  eV     1   --> A              
     e( 26 - 26) =      4.21581  eV     1   --> A              
     e( 27 - 27) =      4.37507  eV     1   --> A              
     e( 28 - 28) =      4.49557  eV     1   --> A              
     e( 29 - 29) =      4.72476  eV     1   --> A              
     e( 30 - 30) =      4.94702  eV     1   --> A              
     e( 31 - 31) =      5.32699  eV     1   --> A              
     e( 32 - 32) =      5.62406  eV     1   --> A              
     e( 33 - 33) =      6.20554  eV     1   --> A              
     e( 34 - 34) =      6.29404  eV     1   --> A              
     e( 35 - 35) =      6.35159  eV     1   --> A              
     e( 36 - 36) =      6.76587  eV     1   --> A              
     e( 37 - 37) =      6.90024  eV     1   --> A              
     e( 38 - 38) =      6.95277  eV     1   --> A              
     e( 39 - 39) =      7.22428  eV     1   --> A              
     e( 40 - 40) =      7.34828  eV     1   --> A              
     e( 41 - 41) =      7.43047  eV     1   --> A              
     e( 42 - 42) =      7.77531  eV     1   --> A              
     e( 43 - 43) =      7.93776  eV     1   --> A              
     e( 44 - 44) =      8.13990  eV     1   --> A              
     e( 45 - 45) =      8.34044  eV     1   --> A              
     e( 46 - 46) =      8.51204  eV     1   --> A              
     e( 47 - 47) =      8.70260  eV     1   --> A              
     e( 48 - 48) =      8.84732  eV     1   --> A              
     e( 49 - 49) =      8.87309  eV     1   --> A              
     e( 50 - 50) =      9.08845  eV     1   --> A              
     e( 51 - 51) =      9.31795  eV     1   --> A              
     e( 52 - 52) =      9.46980  eV     1   --> A              
     e( 53 - 53) =      9.91497  eV     1   --> A              
     e( 54 - 54) =     10.54201  eV     1   --> A              
     e( 55 - 55) =     10.70968  eV     1   --> A              
     e( 56 - 56) =     13.72351  eV     1   --> A              
     e( 57 - 57) =     13.88922  eV     1   --> A              
     e( 58 - 58) =     14.11227  eV     1   --> A              
     e( 59 - 59) =     14.34317  eV     1   --> A              
     e( 60 - 60) =     14.59672  eV     1   --> A              
     e( 61 - 61) =     14.71302  eV     1   --> A              
     e( 62 - 62) =     15.62625  eV     1   --> A              
     e( 63 - 63) =     16.39934  eV     1   --> A              
     e( 64 - 64) =     16.56991  eV     1   --> A              
     e( 65 - 65) =     17.61571  eV     1   --> A              
     e( 66 - 66) =     17.90729  eV     1   --> A              
     e( 67 - 67) =     19.15942  eV     1   --> A              
     e( 68 - 68) =     19.91325  eV     1   --> A              
     e( 69 - 69) =     20.45991  eV     1   --> A              
     e( 70 - 70) =     20.80082  eV     1   --> A              
     e( 71 - 71) =     20.90073  eV     1   --> A              
     e( 72 - 72) =     21.31232  eV     1   --> A              
     e( 73 - 73) =     21.92421  eV     1   --> A              
     e( 74 - 74) =     22.12391  eV     1   --> A              
     e( 75 - 75) =     22.91269  eV     1   --> A              
     e( 76 - 76) =     23.53081  eV     1   --> A              
     e( 77 - 77) =     24.57116  eV     1   --> A              
     e( 78 - 78) =     24.91709  eV     1   --> A              
     e( 79 - 79) =     25.29806  eV     1   --> A              
     e( 80 - 80) =     25.82004  eV     1   --> A              

 **************************************************************************

 **************************************************************************

                    xk=(   0.40115,   0.32728,   0.46985  )

     Band symmetry, C_1 (1)     point group:

     e(  1 -  1) =    -82.06012  eV     1   --> A              
     e(  2 -  2) =    -68.43294  eV     1   --> A              
     e(  3 -  3) =    -63.93775  eV     1   --> A              
     e(  4 -  4) =    -63.92753  eV     1   --> A              
     e(  5 -  5) =    -45.60635  eV     1   --> A              
     e(  6 -  6) =    -45.36347  eV     1   --> A              
     e(  7 -  7) =    -45.20779  eV     1   --> A              
     e(  8 -  8) =    -37.49441  eV     1   --> A              
     e(  9 -  9) =    -37.48608  eV     1   --> A              
     e( 10 - 10) =    -37.46773  eV     1   --> A              
     e( 11 - 11) =    -28.39488  eV     1   --> A              
     e( 12 - 12) =    -28.38223  eV     1   --> A              
     e( 13 - 13) =    -28.29343  eV     1   --> A              
     e( 14 - 14) =    -28.28387  eV     1   --> A              
     e( 15 - 15) =    -28.20454  eV     1   --> A              
     e( 16 - 16) =    -28.16745  eV     1   --> A              
     e( 17 - 17) =     -7.43527  eV     1   --> A              
     e( 18 - 18) =     -7.29254  eV     1   --> A              
     e( 19 - 19) =     -7.09687  eV     1   --> A              
     e( 20 - 20) =     -6.95770  eV     1   --> A              
     e( 21 - 21) =     -6.54501  eV     1   --> A              
     e( 22 - 22) =     -6.47699  eV     1   --> A              
     e( 23 - 23) =     -6.21432  eV     1   --> A              
     e( 24 - 24) =     -6.12570  eV     1   --> A              
     e( 25 - 25) =      4.00759  eV     1   --> A              
     e( 26 - 26) =      4.19928  eV     1   --> A              
     e( 27 - 27) =      4.34950  eV     1   --> A              
     e( 28 - 28) =      4.46620  eV     1   --> A              
     e( 29 - 29) =      4.74320  eV     1   --> A              
     e( 30 - 30) =      4.89818  eV     1   --> A              
     e( 31 - 31) =      5.33464  eV     1   --> A              
     e( 32 - 32) =      5.64779  eV     1   --> A              
     e( 33 - 33) =      6.22140  eV     1   --> A              
     e( 34 - 34) =      6.30514  eV     1   --> A              
     e( 35 - 35) =      6.36634  eV     1   --> A              
     e( 36 - 36) =      6.82655  eV     1   --> A              
     e( 37 - 37) =      6.91659  eV     1   --> A              
     e( 38 - 38) =      6.97922  eV     1   --> A              
     e( 39 - 39) =      7.22858  eV     1   --> A              
     e( 40 - 40) =      7.34731  eV     1   --> A              
     e( 41 - 41) =      7.44133  eV     1   --> A              
     e( 42 - 42) =      7.77449  eV     1   --> A              
     e( 43 - 43) =      7.91983  eV     1   --> A              
     e( 44 - 44) =      8.14350  eV     1   --> A              
     e( 45 - 45) =      8.34197  eV     1   --> A              
     e( 46 - 46) =      8.49981  eV     1   --> A              
     e( 47 - 47) =      8.69915  eV     1   --> A              
     e( 48 - 48) =      8.82634  eV     1   --> A              
     e( 49 - 49) =      8.93535  eV     1   --> A              
     e( 50 - 50) =      9.08283  eV     1   --> A              
     e( 51 - 51) =      9.27736  eV     1   --> A              
     e( 52 - 52) =      9.45407  eV     1   --> A              
     e( 53 - 53) =      9.93180  eV     1   --> A              
     e( 54 - 54) =     10.50568  eV     1   --> A              
     e( 55 - 55) =     10.63107  eV     1   --> A              
     e( 56 - 56) =     13.72825  eV     1   --> A              
     e( 57 - 57) =     13.88595  eV     1   --> A              
     e( 58 - 58) =     14.10152  eV     1   --> A              
     e( 59 - 59) =     14.33334  eV     1   --> A              
     e( 60 - 60) =     14.60552  eV     1   --> A              
     e( 61 - 61) =     14.73685  eV     1   --> A              
     e( 62 - 62) =     15.61586  eV     1   --> A              
     e( 63 - 63) =     16.40552  eV     1   --> A              
     e( 64 - 64) =     16.57211  eV     1   --> A              
     e( 65 - 65) =     17.61949  eV     1   --> A              
     e( 66 - 66) =     17.87225  eV     1   --> A              
     e( 67 - 67) =     19.26624  eV     1   --> A              
     e( 68 - 68) =     19.88143  eV     1   --> A              
     e( 69 - 69) =     20.52310  eV     1   --> A              
     e( 70 - 70) =     20.82034  eV     1   --> A              
     e( 71 - 71) =     20.99174  eV     1   --> A              
     e( 72 - 72) =     21.31577  eV     1   --> A              
     e( 73 - 73) =     21.88630  eV     1   --> A              
     e( 74 - 74) =     22.06840  eV     1   --> A              
     e( 75 - 75) =     22.83905  eV     1   --> A              
     e( 76 - 76) =     23.43016  eV     1   --> A              
     e( 77 - 77) =     24.60782  eV     1   --> A              
     e( 78 - 78) =     24.92200  eV     1   --> A              
     e( 79 - 79) =     25.34716  eV     1   --> A              
     e( 80 - 80) =     25.83442  eV     1   --> A              

 **************************************************************************

 **************************************************************************

                    xk=(   0.42615,   0.34773,   0.47015  )

     Band symmetry, C_1 (1)     point group:

     e(  1 -  1) =    -82.06012  eV     1   --> A              
     e(  2 -  2) =    -68.43294  eV     1   --> A              
     e(  3 -  3) =    -63.93776  eV     1   --> A              
     e(  4 -  4) =    -63.92756  eV     1   --> A              
     e(  5 -  5) =    -45.60635  eV     1   --> A              
     e(  6 -  6) =    -45.36347  eV     1   --> A              
     e(  7 -  7) =    -45.20779  eV     1   --> A              
     e(  8 -  8) =    -37.49442  eV     1   --> A              
     e(  9 -  9) =    -37.48608  eV     1   --> A              
     e( 10 - 10) =    -37.46773  eV     1   --> A              
     e( 11 - 11) =    -28.39495  eV     1   --> A              
     e( 12 - 12) =    -28.38234  eV     1   --> A              
     e( 13 - 13) =    -28.29348  eV     1   --> A              
     e( 14 - 14) =    -28.28391  eV     1   --> A              
     e( 15 - 15) =    -28.20444  eV     1   --> A              
     e( 16 - 16) =    -28.16737  eV     1   --> A              
     e( 17 - 17) =     -7.43540  eV     1   --> A              
     e( 18 - 18) =     -7.28949  eV     1   --> A              
     e( 19 - 19) =     -7.09730  eV     1   --> A              
     e( 20 - 20) =     -6.95878  eV     1   --> A              
     e( 21 - 21) =     -6.53641  eV     1   --> A              
     e( 22 - 22) =     -6.47899  eV     1   --> A              
     e( 23 - 23) =     -6.21084  eV     1   --> A              
     e( 24 - 24) =     -6.13571  eV     1   --> A              
     e( 25 - 25) =      4.02737  eV     1   --> A              
     e( 26 - 26) =      4.17585  eV     1   --> A              
     e( 27 - 27) =      4.33476  eV     1   --> A              
     e( 28 - 28) =      4.43395  eV     1   --> A              
     e( 29 - 29) =      4.75812  eV     1   --> A              
     e( 30 - 30) =      4.85987  eV     1   --> A              
     e( 31 - 31) =      5.34188  eV     1   --> A              
     e( 32 - 32) =      5.67297  eV     1   --> A              
     e( 33 - 33) =      6.20945  eV     1   --> A              
     e( 34 - 34) =      6.29933  eV     1   --> A              
     e( 35 - 35) =      6.41198  eV     1   --> A              
     e( 36 - 36) =      6.87944  eV     1   --> A              
     e( 37 - 37) =      6.92902  eV     1   --> A              
     e( 38 - 38) =      7.01097  eV     1   --> A              
     e( 39 - 39) =      7.22969  eV     1   --> A              
     e( 40 - 40) =      7.35431  eV     1   --> A              
     e( 41 - 41) =      7.45095  eV     1   --> A              
     e( 42 - 42) =      7.75738  eV     1   --> A              
     e( 43 - 43) =      7.90468  eV     1   --> A              
     e( 44 - 44) =      8.14987  eV     1   --> A              
     e( 45 - 45) =      8.34528  eV     1   --> A              
     e( 46 - 46) =      8.46592  eV     1   --> A              
     e( 47 - 47) =      8.71474  eV     1   --> A              
     e( 48 - 48) =      8.81309  eV     1   --> A              
     e( 49 - 49) =      8.99960  eV     1   --> A              
     e( 50 - 50) =      9.08554  eV     1   --> A              
     e( 51 - 51) =      9.23746  eV     1   --> A              
     e( 52 - 52) =      9.43381  eV     1   --> A              
     e( 53 - 53) =      9.94775  eV     1   --> A              
     e( 54 - 54) =     10.47169  eV     1   --> A              
     e( 55 - 55) =     10.55911  eV     1   --> A              
     e( 56 - 56) =     13.73227  eV     1   --> A              
     e( 57 - 57) =     13.88391  eV     1   --> A              
     e( 58 - 58) =     14.09030  eV     1   --> A              
     e( 59 - 59) =     14.32546  eV     1   --> A              
     e( 60 - 60) =     14.61006  eV     1   --> A              
     e( 61 - 61) =     14.75728  eV     1   --> A              
     e( 62 - 62) =     15.60775  eV     1   --> A              
     e( 63 - 63) =     16.40877  eV     1   --> A              
     e( 64 - 64) =     16.57290  eV     1   --> A              
     e( 65 - 65) =     17.63515  eV     1   --> A              
     e( 66 - 66) =     17.83677  eV     1   --> A              
     e( 67 - 67) =     19.36834  eV     1   --> A              
     e( 68 - 68) =     19.83830  eV     1   --> A              
     e( 69 - 69) =     20.58683  eV     1   --> A              
     e( 70 - 70) =     20.83105  eV     1   --> A              
     e( 71 - 71) =     21.07039  eV     1   --> A              
     e( 72 - 72) =     21.31650  eV     1   --> A              
     e( 73 - 73) =     21.85716  eV     1   --> A              
     e( 74 - 74) =     22.02355  eV     1   --> A              
     e( 75 - 75) =     22.80354  eV     1   --> A              
     e( 76 - 76) =     23.31871  eV     1   --> A              
     e( 77 - 77) =     24.65554  eV     1   --> A              
     e( 78 - 78) =     24.90640  eV     1   --> A              
     e( 79 - 79) =     25.40722  eV     1   --> A              
     e( 80 - 80) =     25.76474  eV     1   --> A              

 **************************************************************************

 **************************************************************************

                    xk=(   0.45115,   0.36819,   0.47046  )

     Band symmetry, C_1 (1)     point group:

     e(  1 -  1) =    -82.06013  eV     1   --> A              
     e(  2 -  2) =    -68.43294  eV     1   --> A              
     e(  3 -  3) =    -63.93777  eV     1   --> A              
     e(  4 -  4) =    -63.92758  eV     1   --> A              
     e(  5 -  5) =    -45.60635  eV     1   --> A              
     e(  6 -  6) =    -45.36347  eV     1   --> A              
     e(  7 -  7) =    -45.20779  eV     1   --> A              
     e(  8 -  8) =    -37.49442  eV     1   --> A              
     e(  9 -  9) =    -37.48608  eV     1   --> A              
     e( 10 - 10) =    -37.46773  eV     1   --> A              
     e( 11 - 11) =    -28.39501  eV     1   --> A              
     e( 12 - 12) =    -28.38241  eV     1   --> A              
     e( 13 - 13) =    -28.29352  eV     1   --> A              
     e( 14 - 14) =    -28.28394  eV     1   --> A              
     e( 15 - 15) =    -28.20437  eV     1   --> A              
     e( 16 - 16) =    -28.16731  eV     1   --> A              
     e( 17 - 17) =     -7.43590  eV     1   --> A              
     e( 18 - 18) =     -7.28794  eV     1   --> A              
     e( 19 - 19) =     -7.09919  eV     1   --> A              
     e( 20 - 20) =     -6.95669  eV     1   --> A              
     e( 21 - 21) =     -6.53121  eV     1   --> A              
     e( 22 - 22) =     -6.47953  eV     1   --> A              
     e( 23 - 23) =     -6.20694  eV     1   --> A              
     e( 24 - 24) =     -6.14420  eV     1   --> A              
     e( 25 - 25) =      4.05022  eV     1   --> A              
     e( 26 - 26) =      4.15096  eV     1   --> A              
     e( 27 - 27) =      4.32559  eV     1   --> A              
     e( 28 - 28) =      4.40541  eV     1   --> A              
     e( 29 - 29) =      4.76656  eV     1   --> A              
     e( 30 - 30) =      4.83485  eV     1   --> A              
     e( 31 - 31) =      5.34737  eV     1   --> A              
     e( 32 - 32) =      5.69659  eV     1   --> A              
     e( 33 - 33) =      6.18281  eV     1   --> A              
     e( 34 - 34) =      6.30449  eV     1   --> A              
     e( 35 - 35) =      6.44893  eV     1   --> A              
     e( 36 - 36) =      6.91737  eV     1   --> A              
     e( 37 - 37) =      6.94602  eV     1   --> A              
     e( 38 - 38) =      7.03885  eV     1   --> A              
     e( 39 - 39) =      7.21654  eV     1   --> A              
     e( 40 - 40) =      7.37895  eV     1   --> A              
     e( 41 - 41) =      7.45587  eV     1   --> A              
     e( 42 - 42) =      7.73434  eV     1   --> A              
     e( 43 - 43) =      7.89291  eV     1   --> A              
     e( 44 - 44) =      8.15697  eV     1   --> A              
     e( 45 - 45) =      8.34975  eV     1   --> A              
     e( 46 - 46) =      8.42098  eV     1   --> A              
     e( 47 - 47) =      8.74277  eV     1   --> A              
     e( 48 - 48) =      8.80537  eV     1   --> A              
     e( 49 - 49) =      9.04332  eV     1   --> A              
     e( 50 - 50) =      9.10994  eV     1   --> A              
     e( 51 - 51) =      9.20048  eV     1   --> A              
     e( 52 - 52) =      9.40926  eV     1   --> A              
     e( 53 - 53) =      9.96179  eV     1   --> A              
     e( 54 - 54) =     10.44215  eV     1   --> A              
     e( 55 - 55) =     10.50143  eV     1   --> A              
     e( 56 - 56) =     13.73560  eV     1   --> A              
     e( 57 - 57) =     13.88253  eV     1   --> A              
     e( 58 - 58) =     14.08019  eV     1   --> A              
     e( 59 - 59) =     14.32018  eV     1   --> A              
     e( 60 - 60) =     14.61170  eV     1   --> A              
     e( 61 - 61) =     14.77292  eV     1   --> A              
     e( 62 - 62) =     15.60198  eV     1   --> A              
     e( 63 - 63) =     16.41011  eV     1   --> A              
     e( 64 - 64) =     16.57293  eV     1   --> A              
     e( 65 - 65) =     17.66017  eV     1   --> A              
     e( 66 - 66) =     17.80052  eV     1   --> A              
     e( 67 - 67) =     19.46360  eV     1   --> A              
     e( 68 - 68) =     19.78526  eV     1   --> A              
     e( 69 - 69) =     20.64756  eV     1   --> A              
     e( 70 - 70) =     20.82979  eV     1   --> A              
     e( 71 - 71) =     21.13622  eV     1   --> A              
     e( 72 - 72) =     21.30956  eV     1   --> A              
     e( 73 - 73) =     21.83560  eV     1   --> A              
     e( 74 - 74) =     21.98829  eV     1   --> A              
     e( 75 - 75) =     22.81459  eV     1   --> A              
     e( 76 - 76) =     23.19977  eV     1   --> A              
     e( 77 - 77) =     24.70986  eV     1   --> A              
     e( 78 - 78) =     24.88021  eV     1   --> A              
     e( 79 - 79) =     25.46925  eV     1   --> A              
     e( 80 - 80) =     25.68212  eV     1   --> A              

 **************************************************************************

 **************************************************************************

                    xk=(   0.47615,   0.38864,   0.47076  )

     Band symmetry, C_1 (1)     point group:

     e(  1 -  1) =    -82.06013  eV     1   --> A              
     e(  2 -  2) =    -68.43294  eV     1   --> A              
     e(  3 -  3) =    -63.93778  eV     1   --> A              
     e(  4 -  4) =    -63.92759  eV     1   --> A              
     e(  5 -  5) =    -45.60635  eV     1   --> A              
     e(  6 -  6) =    -45.36347  eV     1   --> A              
     e(  7 -  7) =    -45.20779  eV     1   --> A              
     e(  8 -  8) =    -37.49442  eV     1   --> A              
     e(  9 -  9) =    -37.48608  eV     1   --> A              
     e( 10 - 10) =    -37.46774  eV     1   --> A              
     e( 11 - 11) =    -28.39504  eV     1   --> A              
     e( 12 - 12) =    -28.38246  eV     1   --> A              
     e( 13 - 13) =    -28.29354  eV     1   --> A              
     e( 14 - 14) =    -28.28395  eV     1   --> A              
     e( 15 - 15) =    -28.20433  eV     1   --> A              
     e( 16 - 16) =    -28.16727  eV     1   --> A              
     e( 17 - 17) =     -7.43638  eV     1   --> A              
     e( 18 - 18) =     -7.28727  eV     1   --> A              
     e( 19 - 19) =     -7.10105  eV     1   --> A              
     e( 20 - 20) =     -6.95415  eV     1   --> A              
     e( 21 - 21) =     -6.52865  eV     1   --> A              
     e( 22 - 22) =     -6.47938  eV     1   --> A              
     e( 23 - 23) =     -6.20373  eV     1   --> A              
     e( 24 - 24) =     -6.15012  eV     1   --> A              
     e( 25 - 25) =      4.07338  eV     1   --> A              
     e( 26 - 26) =      4.12828  eV     1   --> A              
     e( 27 - 27) =      4.31814  eV     1   --> A              
     e( 28 - 28) =      4.38710  eV     1   --> A              
     e( 29 - 29) =      4.76853  eV     1   --> A              
     e( 30 - 30) =      4.82299  eV     1   --> A              
     e( 31 - 31) =      5.35068  eV     1   --> A              
     e( 32 - 32) =      5.71408  eV     1   --> A              
     e( 33 - 33) =      6.16060  eV     1   --> A              
     e( 34 - 34) =      6.30953  eV     1   --> A              
     e( 35 - 35) =      6.47269  eV     1   --> A              
     e( 36 - 36) =      6.94086  eV     1   --> A              
     e( 37 - 37) =      6.95963  eV     1   --> A              
     e( 38 - 38) =      7.06134  eV     1   --> A              
     e( 39 - 39) =      7.19567  eV     1   --> A              
     e( 40 - 40) =      7.41195  eV     1   --> A              
     e( 41 - 41) =      7.45307  eV     1   --> A              
     e( 42 - 42) =      7.71533  eV     1   --> A              
     e( 43 - 43) =      7.88478  eV     1   --> A              
     e( 44 - 44) =      8.16404  eV     1   --> A              
     e( 45 - 45) =      8.35419  eV     1   --> A              
     e( 46 - 46) =      8.38213  eV     1   --> A              
     e( 47 - 47) =      8.76935  eV     1   --> A              
     e( 48 - 48) =      8.79927  eV     1   --> A              
     e( 49 - 49) =      9.06095  eV     1   --> A              
     e( 50 - 50) =      9.14973  eV     1   --> A              
     e( 51 - 51) =      9.17185  eV     1   --> A              
     e( 52 - 52) =      9.38471  eV     1   --> A              
     e( 53 - 53) =      9.97191  eV     1   --> A              
     e( 54 - 54) =     10.41984  eV     1   --> A              
     e( 55 - 55) =     10.46555  eV     1   --> A              
     e( 56 - 56) =     13.73792  eV     1   --> A              
     e( 57 - 57) =     13.88164  eV     1   --> A              
     e( 58 - 58) =     14.07307  eV     1   --> A              
     e( 59 - 59) =     14.31736  eV     1   --> A              
     e( 60 - 60) =     14.61191  eV     1   --> A              
     e( 61 - 61) =     14.78272  eV     1   --> A              
     e( 62 - 62) =     15.59853  eV     1   --> A              
     e( 63 - 63) =     16.41048  eV     1   --> A              
     e( 64 - 64) =     16.57275  eV     1   --> A              
     e( 65 - 65) =     17.69163  eV     1   --> A              
     e( 66 - 66) =     17.76364  eV     1   --> A              
     e( 67 - 67) =     19.54871  eV     1   --> A              
     e( 68 - 68) =     19.72545  eV     1   --> A              
     e( 69 - 69) =     20.69844  eV     1   --> A              
     e( 70 - 70) =     20.81749  eV     1   --> A              
     e( 71 - 71) =     21.18703  eV     1   --> A              
     e( 72 - 72) =     21.29469  eV     1   --> A              
     e( 73 - 73) =     21.82294  eV     1   --> A              
     e( 74 - 74) =     21.96293  eV     1   --> A              
     e( 75 - 75) =     22.87034  eV     1   --> A              
     e( 76 - 76) =     23.08032  eV     1   --> A              
     e( 77 - 77) =     24.76369  eV     1   --> A              
     e( 78 - 78) =     24.84854  eV     1   --> A              
     e( 79 - 79) =     25.52166  eV     1   --> A              
     e( 80 - 80) =     25.61809  eV     1   --> A              

 **************************************************************************

 **************************************************************************

                    xk=(   0.50115,   0.40910,   0.47106  )

     zone border point and non-symmorphic group 
     symmetry decomposition not available

 **************************************************************************
 
     BANDS        :     50.85s CPU   1m19.33s WALL

 
   This run was terminated on:   9: 4: 2  23Mar2026            

=------------------------------------------------------------------------------=
   JOB DONE.
=------------------------------------------------------------------------------=
