
     Program BANDS v.7.4.1 starts on 23Mar2026 at  9: 2:42 
        Git branch: heads/qe-7.4.1
        Last git commit: 500de340b820e1cb8c05f2d8bb8fced102f377c1-dirty
        Last git commit date: Fri Feb 7 14:59:05 2025 +0000
        Last git commit subject: Merge branch 'qe-7.4.1' into 'master'

     This program is part of the open-source Quantum ESPRESSO suite
     for quantum simulation of materials; please cite
         "P. Giannozzi et al., J. Phys.:Condens. Matter 21 395502 (2009);
         "P. Giannozzi et al., J. Phys.:Condens. Matter 29 465901 (2017);
         "P. Giannozzi et al., J. Chem. Phys. 152 154105 (2020);
          URL http://www.quantum-espresso.org", 
     in publications or presentations arising from this work. More details at
     http://www.quantum-espresso.org/quote

     Parallel version (MPI), running on     1 processors

     MPI processes distributed on     1 nodes
     518084 MiB available memory on the printing compute node when the environment starts
 

     Reading xml data from directory:

     ./tmp/MnCoWO4_FM/MnCoWO4_FM.save/

     IMPORTANT: XC functional enforced from input :
     Exchange-correlation= PBESOL
                           (   1   4  10   8   0   0   0)
     Any further DFT definition will be discarded
     Please, verify this is what you really want

 
     G-vector sticks info
     --------------------
     sticks:   dense  smooth     PW     G-vecs:    dense   smooth      PW
     Sum        3497    3497    977               152147   152147   22203
 
     Using Slab Decomposition
 
     Reading collected, re-writing distributed wavefunctions
     high-symmetry point:  0.0000 0.0000 0.0000   x coordinate   0.0000
     high-symmetry point:  0.0000 0.4091 0.0000   x coordinate   0.4091
     high-symmetry point:  0.5000 0.4091 0.0061   x coordinate   0.9092
     high-symmetry point:  0.0000 0.0000 0.0000   x coordinate   1.5552
     high-symmetry point:  0.0011 0.0000 0.4650   x coordinate   2.0202
     high-symmetry point:  0.5012 0.4091 0.4711   x coordinate   2.6663

     Plottable bands (eV) written to file ./tmp/MnCoWO4_FM/MnCoWO4_FM_bands.dat.gnu
     Bands written to file ./tmp/MnCoWO4_FM/MnCoWO4_FM_bands.dat

 **************************************************************************

                    xk=(   0.00000,   0.00000,   0.00000  )

     point group C_2  (2)   
     there are  2 classes
     the character table:

       E     C2   
A      1.00  1.00
B      1.00 -1.00

     the symmetry operations in each class and the name of the first element:

     E        1
                                                                 
     C2       2
                                                                 

     Band symmetry, C_2  (2)    point group:

     e(  1 -  1) =    -84.86867  eV     1   --> A              
     e(  2 -  2) =    -68.41484  eV     1   --> A              
     e(  3 -  3) =    -63.95341  eV     1   --> A              
     e(  4 -  4) =    -63.94376  eV     1   --> A              
     e(  5 -  5) =    -48.87381  eV     1   --> B              
     e(  6 -  6) =    -48.28984  eV     1   --> A              
     e(  7 -  7) =    -47.93460  eV     1   --> B              
     e(  8 -  8) =    -37.47594  eV     1   --> B              
     e(  9 -  9) =    -37.46920  eV     1   --> A              
     e( 10 - 10) =    -37.45070  eV     1   --> B              
     e( 11 - 11) =    -28.42779  eV     1   --> B              
     e( 12 - 12) =    -28.37250  eV     1   --> A              
     e( 13 - 13) =    -28.33359  eV     1   --> B              
     e( 14 - 14) =    -28.25859  eV     1   --> B              
     e( 15 - 15) =    -28.25771  eV     1   --> A              
     e( 16 - 16) =    -28.19752  eV     1   --> B              
     e( 17 - 17) =     -8.37547  eV     1   --> A              
     e( 18 - 18) =     -7.08822  eV     1   --> A              
     e( 19 - 19) =     -6.80579  eV     1   --> A              
     e( 20 - 20) =     -6.77370  eV     1   --> B              
     e( 21 - 21) =     -6.70687  eV     1   --> B              
     e( 22 - 22) =     -6.49920  eV     1   --> A              
     e( 23 - 23) =     -6.23036  eV     1   --> B              
     e( 24 - 24) =     -6.00145  eV     1   --> B              
     e( 25 - 25) =      3.18351  eV     1   --> B              
     e( 26 - 26) =      3.20910  eV     1   --> A              
     e( 27 - 27) =      3.50545  eV     1   --> A              
     e( 28 - 28) =      3.68696  eV     1   --> A              
     e( 29 - 29) =      3.98628  eV     1   --> A              
     e( 30 - 30) =      4.29478  eV     1   --> B              
     e( 31 - 31) =      4.61716  eV     1   --> A              
     e( 32 - 32) =      4.72627  eV     1   --> B              
     e( 33 - 33) =      4.96006  eV     1   --> A              
     e( 34 - 34) =      5.49327  eV     1   --> A              
     e( 35 - 35) =      5.60036  eV     1   --> B              
     e( 36 - 36) =      5.76702  eV     1   --> A              
     e( 37 - 37) =      6.39232  eV     1   --> B              
     e( 38 - 38) =      6.40377  eV     1   --> A              
     e( 39 - 39) =      6.83637  eV     1   --> A              
     e( 40 - 40) =      6.90977  eV     1   --> B              
     e( 41 - 41) =      6.95853  eV     1   --> A              
     e( 42 - 42) =      7.07247  eV     1   --> B              
     e( 43 - 43) =      7.21618  eV     1   --> B              
     e( 44 - 44) =      7.75593  eV     1   --> A              
     e( 45 - 45) =      7.77569  eV     1   --> B              
     e( 46 - 46) =      8.15550  eV     1   --> A              
     e( 47 - 47) =      8.17091  eV     1   --> B              
     e( 48 - 48) =      8.37929  eV     1   --> A              
     e( 49 - 49) =      8.54588  eV     1   --> A              
     e( 50 - 50) =      8.94761  eV     1   --> B              
     e( 51 - 51) =      9.16625  eV     1   --> A              
     e( 52 - 52) =      9.17968  eV     1   --> B              
     e( 53 - 53) =      9.28213  eV     1   --> A              
     e( 54 - 54) =      9.36173  eV     1   --> B              
     e( 55 - 55) =      9.78850  eV     1   --> B              
     e( 56 - 56) =      9.82382  eV     1   --> B              
     e( 57 - 57) =     10.23478  eV     1   --> A              
     e( 58 - 58) =     10.98352  eV     1   --> B              
     e( 59 - 59) =     13.60584  eV     1   --> A              
     e( 60 - 60) =     13.98061  eV     1   --> B              
     e( 61 - 61) =     14.21412  eV     1   --> A              
     e( 62 - 62) =     14.23887  eV     1   --> A              
     e( 63 - 63) =     14.94096  eV     1   --> A              
     e( 64 - 64) =     15.32391  eV     1   --> B              
     e( 65 - 65) =     16.52193  eV     1   --> A              
     e( 66 - 66) =     17.82610  eV     1   --> A              
     e( 67 - 67) =     18.89150  eV     1   --> B              
     e( 68 - 68) =     19.26029  eV     1   --> A              
     e( 69 - 69) =     19.34015  eV     1   --> B              
     e( 70 - 70) =     21.27248  eV     1   --> B              
     e( 71 - 71) =     21.49701  eV     1   --> A              
     e( 72 - 72) =     21.89335  eV     1   --> B              
     e( 73 - 73) =     22.09509  eV     1   --> A              
     e( 74 - 74) =     22.77072  eV     1   --> A              
     e( 75 - 75) =     23.04495  eV     1   --> A              
     e( 76 - 76) =     23.50434  eV     1   --> A              
     e( 77 - 77) =     24.48022  eV     1   --> A              
     e( 78 - 78) =     24.55955  eV     1   --> B              
     e( 79 - 79) =     24.78501  eV     1   --> B              
     e( 80 - 80) =     25.05488  eV     1   --> A              

 **************************************************************************

 **************************************************************************

                    xk=(   0.00000,   0.02045,   0.00000  )

     Band symmetry, C_2  (2)    point group:

     e(  1 -  1) =    -84.86867  eV     1   --> A              
     e(  2 -  2) =    -68.41484  eV     1   --> A              
     e(  3 -  3) =    -63.95341  eV     1   --> A              
     e(  4 -  4) =    -63.94376  eV     1   --> A              
     e(  5 -  5) =    -48.87381  eV     1   --> B              
     e(  6 -  6) =    -48.28984  eV     1   --> A              
     e(  7 -  7) =    -47.93460  eV     1   --> B              
     e(  8 -  8) =    -37.47594  eV     1   --> B              
     e(  9 -  9) =    -37.46920  eV     1   --> A              
     e( 10 - 10) =    -37.45070  eV     1   --> B              
     e( 11 - 11) =    -28.42778  eV     1   --> B              
     e( 12 - 12) =    -28.37248  eV     1   --> A              
     e( 13 - 13) =    -28.33359  eV     1   --> B              
     e( 14 - 14) =    -28.25859  eV     1   --> B              
     e( 15 - 15) =    -28.25774  eV     1   --> A              
     e( 16 - 16) =    -28.19753  eV     1   --> B              
     e( 17 - 17) =     -8.37404  eV     1   --> A              
     e( 18 - 18) =     -7.08837  eV     1   --> A              
     e( 19 - 19) =     -6.80833  eV     1   --> A              
     e( 20 - 20) =     -6.77383  eV     1   --> B              
     e( 21 - 21) =     -6.70665  eV     1   --> B              
     e( 22 - 22) =     -6.49852  eV     1   --> A              
     e( 23 - 23) =     -6.23050  eV     1   --> B              
     e( 24 - 24) =     -6.00149  eV     1   --> B              
     e( 25 - 25) =      3.18516  eV     1   --> B              
     e( 26 - 26) =      3.21030  eV     1   --> A              
     e( 27 - 27) =      3.50624  eV     1   --> A              
     e( 28 - 28) =      3.68845  eV     1   --> A              
     e( 29 - 29) =      3.98810  eV     1   --> A              
     e( 30 - 30) =      4.29431  eV     1   --> B              
     e( 31 - 31) =      4.61786  eV     1   --> A              
     e( 32 - 32) =      4.72629  eV     1   --> B              
     e( 33 - 33) =      4.96263  eV     1   --> A              
     e( 34 - 34) =      5.49331  eV     1   --> A              
     e( 35 - 35) =      5.59912  eV     1   --> B              
     e( 36 - 36) =      5.76223  eV     1   --> A              
     e( 37 - 37) =      6.38930  eV     1   --> B              
     e( 38 - 38) =      6.40475  eV     1   --> A              
     e( 39 - 39) =      6.82600  eV     1   --> A              
     e( 40 - 40) =      6.89692  eV     1   --> B              
     e( 41 - 41) =      6.96305  eV     1   --> A              
     e( 42 - 42) =      7.07069  eV     1   --> B              
     e( 43 - 43) =      7.23260  eV     1   --> B              
     e( 44 - 44) =      7.74984  eV     1   --> A              
     e( 45 - 45) =      7.77970  eV     1   --> B              
     e( 46 - 46) =      8.15720  eV     1   --> A              
     e( 47 - 47) =      8.17152  eV     1   --> B              
     e( 48 - 48) =      8.38282  eV     1   --> A              
     e( 49 - 49) =      8.54357  eV     1   --> A              
     e( 50 - 50) =      8.94675  eV     1   --> B              
     e( 51 - 51) =      9.16198  eV     1   --> A              
     e( 52 - 52) =      9.17637  eV     1   --> B              
     e( 53 - 53) =      9.28625  eV     1   --> A              
     e( 54 - 54) =      9.36267  eV     1   --> B              
     e( 55 - 55) =      9.78004  eV     1   --> B              
     e( 56 - 56) =      9.83237  eV     1   --> B              
     e( 57 - 57) =     10.23821  eV     1   --> A              
     e( 58 - 58) =     10.98381  eV     1   --> B              
     e( 59 - 59) =     13.60698  eV     1   --> A              
     e( 60 - 60) =     13.98225  eV     1   --> B              
     e( 61 - 61) =     14.16955  eV     1   --> A              
     e( 62 - 62) =     14.28208  eV     1   --> A              
     e( 63 - 63) =     14.94040  eV     1   --> A              
     e( 64 - 64) =     15.32225  eV     1   --> B              
     e( 65 - 65) =     16.52890  eV     1   --> A              
     e( 66 - 66) =     17.82682  eV     1   --> A              
     e( 67 - 67) =     18.88137  eV     1   --> B              
     e( 68 - 68) =     19.25958  eV     1   --> A              
     e( 69 - 69) =     19.34593  eV     1   --> B              
     e( 70 - 70) =     21.27258  eV     1   --> B              
     e( 71 - 71) =     21.48064  eV     1   --> A              
     e( 72 - 72) =     21.90153  eV     1   --> B              
     e( 73 - 73) =     22.10422  eV     1   --> A              
     e( 74 - 74) =     22.77455  eV     1   --> A              
     e( 75 - 75) =     23.04759  eV     1   --> A              
     e( 76 - 76) =     23.50185  eV     1   --> A              
     e( 77 - 77) =     24.48067  eV     1   --> A              
     e( 78 - 78) =     24.55617  eV     1   --> B              
     e( 79 - 79) =     24.78099  eV     1   --> B              
     e( 80 - 80) =     25.05591  eV     1   --> A              

 **************************************************************************

 **************************************************************************

                    xk=(   0.00000,   0.04091,   0.00000  )

     Band symmetry, C_2  (2)    point group:

     e(  1 -  1) =    -84.86867  eV     1   --> A              
     e(  2 -  2) =    -68.41484  eV     1   --> A              
     e(  3 -  3) =    -63.95341  eV     1   --> A              
     e(  4 -  4) =    -63.94375  eV     1   --> A              
     e(  5 -  5) =    -48.87381  eV     1   --> B              
     e(  6 -  6) =    -48.28984  eV     1   --> A              
     e(  7 -  7) =    -47.93460  eV     1   --> B              
     e(  8 -  8) =    -37.47594  eV     1   --> B              
     e(  9 -  9) =    -37.46920  eV     1   --> A              
     e( 10 - 10) =    -37.45070  eV     1   --> B              
     e( 11 - 11) =    -28.42776  eV     1   --> B              
     e( 12 - 12) =    -28.37242  eV     1   --> A              
     e( 13 - 13) =    -28.33360  eV     1   --> B              
     e( 14 - 14) =    -28.25860  eV     1   --> B              
     e( 15 - 15) =    -28.25781  eV     1   --> A              
     e( 16 - 16) =    -28.19755  eV     1   --> B              
     e( 17 - 17) =     -8.36976  eV     1   --> A              
     e( 18 - 18) =     -7.08895  eV     1   --> A              
     e( 19 - 19) =     -6.81565  eV     1   --> A              
     e( 20 - 20) =     -6.77422  eV     1   --> B              
     e( 21 - 21) =     -6.70599  eV     1   --> B              
     e( 22 - 22) =     -6.49660  eV     1   --> A              
     e( 23 - 23) =     -6.23092  eV     1   --> B              
     e( 24 - 24) =     -6.00163  eV     1   --> B              
     e( 25 - 25) =      3.19008  eV     1   --> B              
     e( 26 - 26) =      3.21391  eV     1   --> A              
     e( 27 - 27) =      3.50857  eV     1   --> A              
     e( 28 - 28) =      3.69289  eV     1   --> A              
     e( 29 - 29) =      3.99357  eV     1   --> A              
     e( 30 - 30) =      4.29292  eV     1   --> B              
     e( 31 - 31) =      4.61995  eV     1   --> A              
     e( 32 - 32) =      4.72632  eV     1   --> B              
     e( 33 - 33) =      4.97028  eV     1   --> A              
     e( 34 - 34) =      5.49348  eV     1   --> A              
     e( 35 - 35) =      5.59533  eV     1   --> B              
     e( 36 - 36) =      5.74811  eV     1   --> A              
     e( 37 - 37) =      6.38012  eV     1   --> B              
     e( 38 - 38) =      6.40754  eV     1   --> A              
     e( 39 - 39) =      6.79893  eV     1   --> A              
     e( 40 - 40) =      6.86388  eV     1   --> B              
     e( 41 - 41) =      6.97269  eV     1   --> A              
     e( 42 - 42) =      7.07009  eV     1   --> B              
     e( 43 - 43) =      7.27177  eV     1   --> B              
     e( 44 - 44) =      7.73340  eV     1   --> A              
     e( 45 - 45) =      7.79160  eV     1   --> B              
     e( 46 - 46) =      8.15941  eV     1   --> A              
     e( 47 - 47) =      8.17337  eV     1   --> B              
     e( 48 - 48) =      8.39369  eV     1   --> A              
     e( 49 - 49) =      8.53760  eV     1   --> A              
     e( 50 - 50) =      8.94414  eV     1   --> B              
     e( 51 - 51) =      9.14982  eV     1   --> A              
     e( 52 - 52) =      9.16707  eV     1   --> B              
     e( 53 - 53) =      9.29801  eV     1   --> A              
     e( 54 - 54) =      9.36516  eV     1   --> B              
     e( 55 - 55) =      9.76366  eV     1   --> B              
     e( 56 - 56) =      9.84887  eV     1   --> B              
     e( 57 - 57) =     10.24833  eV     1   --> A              
     e( 58 - 58) =     10.98469  eV     1   --> B              
     e( 59 - 59) =     13.61039  eV     1   --> A              
     e( 60 - 60) =     13.98717  eV     1   --> B              
     e( 61 - 61) =     14.11392  eV     1   --> A              
     e( 62 - 62) =     14.33357  eV     1   --> A              
     e( 63 - 63) =     14.93881  eV     1   --> A              
     e( 64 - 64) =     15.31730  eV     1   --> B              
     e( 65 - 65) =     16.54969  eV     1   --> A              
     e( 66 - 66) =     17.82895  eV     1   --> A              
     e( 67 - 67) =     18.85279  eV     1   --> B              
     e( 68 - 68) =     19.25742  eV     1   --> A              
     e( 69 - 69) =     19.36147  eV     1   --> B              
     e( 70 - 70) =     21.27348  eV     1   --> B              
     e( 71 - 71) =     21.43514  eV     1   --> A              
     e( 72 - 72) =     21.92551  eV     1   --> B              
     e( 73 - 73) =     22.12800  eV     1   --> A              
     e( 74 - 74) =     22.78570  eV     1   --> A              
     e( 75 - 75) =     23.05582  eV     1   --> A              
     e( 76 - 76) =     23.49456  eV     1   --> A              
     e( 77 - 77) =     24.48200  eV     1   --> A              
     e( 78 - 78) =     24.54590  eV     1   --> B              
     e( 79 - 79) =     24.76889  eV     1   --> B              
     e( 80 - 80) =     25.05921  eV     1   --> A              

 **************************************************************************

 **************************************************************************

                    xk=(   0.00000,   0.06136,   0.00000  )

     Band symmetry, C_2  (2)    point group:

     e(  1 -  1) =    -84.86867  eV     1   --> A              
     e(  2 -  2) =    -68.41484  eV     1   --> A              
     e(  3 -  3) =    -63.95341  eV     1   --> A              
     e(  4 -  4) =    -63.94374  eV     1   --> A              
     e(  5 -  5) =    -48.87381  eV     1   --> B              
     e(  6 -  6) =    -48.28984  eV     1   --> A              
     e(  7 -  7) =    -47.93460  eV     1   --> B              
     e(  8 -  8) =    -37.47594  eV     1   --> B              
     e(  9 -  9) =    -37.46920  eV     1   --> A              
     e( 10 - 10) =    -37.45070  eV     1   --> B              
     e( 11 - 11) =    -28.42772  eV     1   --> B              
     e( 12 - 12) =    -28.37231  eV     1   --> A              
     e( 13 - 13) =    -28.33360  eV     1   --> B              
     e( 14 - 14) =    -28.25862  eV     1   --> B              
     e( 15 - 15) =    -28.25793  eV     1   --> A              
     e( 16 - 16) =    -28.19758  eV     1   --> B              
     e( 17 - 17) =     -8.36267  eV     1   --> A              
     e( 18 - 18) =     -7.09027  eV     1   --> A              
     e( 19 - 19) =     -6.82697  eV     1   --> A              
     e( 20 - 20) =     -6.77485  eV     1   --> B              
     e( 21 - 21) =     -6.70493  eV     1   --> B              
     e( 22 - 22) =     -6.49386  eV     1   --> A              
     e( 23 - 23) =     -6.23161  eV     1   --> B              
     e( 24 - 24) =     -6.00185  eV     1   --> B              
     e( 25 - 25) =      3.19823  eV     1   --> B              
     e( 26 - 26) =      3.21989  eV     1   --> A              
     e( 27 - 27) =      3.51237  eV     1   --> A              
     e( 28 - 28) =      3.70017  eV     1   --> A              
     e( 29 - 29) =      4.00273  eV     1   --> A              
     e( 30 - 30) =      4.29065  eV     1   --> B              
     e( 31 - 31) =      4.62336  eV     1   --> A              
     e( 32 - 32) =      4.72637  eV     1   --> B              
     e( 33 - 33) =      4.98271  eV     1   --> A              
     e( 34 - 34) =      5.49385  eV     1   --> A              
     e( 35 - 35) =      5.58874  eV     1   --> B              
     e( 36 - 36) =      5.72543  eV     1   --> A              
     e( 37 - 37) =      6.36447  eV     1   --> B              
     e( 38 - 38) =      6.41166  eV     1   --> A              
     e( 39 - 39) =      6.76119  eV     1   --> A              
     e( 40 - 40) =      6.82180  eV     1   --> B              
     e( 41 - 41) =      6.98166  eV     1   --> A              
     e( 42 - 42) =      7.07411  eV     1   --> B              
     e( 43 - 43) =      7.31962  eV     1   --> B              
     e( 44 - 44) =      7.71075  eV     1   --> A              
     e( 45 - 45) =      7.81093  eV     1   --> B              
     e( 46 - 46) =      8.15608  eV     1   --> A              
     e( 47 - 47) =      8.17658  eV     1   --> B              
     e( 48 - 48) =      8.41094  eV     1   --> A              
     e( 49 - 49) =      8.53107  eV     1   --> A              
     e( 50 - 50) =      8.93975  eV     1   --> B              
     e( 51 - 51) =      9.13148  eV     1   --> A              
     e( 52 - 52) =      9.15338  eV     1   --> B              
     e( 53 - 53) =      9.31598  eV     1   --> A              
     e( 54 - 54) =      9.36852  eV     1   --> B              
     e( 55 - 55) =      9.74497  eV     1   --> B              
     e( 56 - 56) =      9.86720  eV     1   --> B              
     e( 57 - 57) =     10.26462  eV     1   --> A              
     e( 58 - 58) =     10.98620  eV     1   --> B              
     e( 59 - 59) =     13.61603  eV     1   --> A              
     e( 60 - 60) =     13.99535  eV     1   --> B              
     e( 61 - 61) =     14.05770  eV     1   --> A              
     e( 62 - 62) =     14.38267  eV     1   --> A              
     e( 63 - 63) =     14.93652  eV     1   --> A              
     e( 64 - 64) =     15.30908  eV     1   --> B              
     e( 65 - 65) =     16.58396  eV     1   --> A              
     e( 66 - 66) =     17.83244  eV     1   --> A              
     e( 67 - 67) =     18.80988  eV     1   --> B              
     e( 68 - 68) =     19.25366  eV     1   --> A              
     e( 69 - 69) =     19.38277  eV     1   --> B              
     e( 70 - 70) =     21.27680  eV     1   --> B              
     e( 71 - 71) =     21.36819  eV     1   --> A              
     e( 72 - 72) =     21.96371  eV     1   --> B              
     e( 73 - 73) =     22.15887  eV     1   --> A              
     e( 74 - 74) =     22.80302  eV     1   --> A              
     e( 75 - 75) =     23.07058  eV     1   --> A              
     e( 76 - 76) =     23.48296  eV     1   --> A              
     e( 77 - 77) =     24.48405  eV     1   --> A              
     e( 78 - 78) =     24.52831  eV     1   --> B              
     e( 79 - 79) =     24.74859  eV     1   --> B              
     e( 80 - 80) =     25.06534  eV     1   --> A              

 **************************************************************************

 **************************************************************************

                    xk=(   0.00000,   0.08182,   0.00000  )

     Band symmetry, C_2  (2)    point group:

     e(  1 -  1) =    -84.86867  eV     1   --> A              
     e(  2 -  2) =    -68.41484  eV     1   --> A              
     e(  3 -  3) =    -63.95342  eV     1   --> A              
     e(  4 -  4) =    -63.94373  eV     1   --> A              
     e(  5 -  5) =    -48.87381  eV     1   --> B              
     e(  6 -  6) =    -48.28984  eV     1   --> A              
     e(  7 -  7) =    -47.93460  eV     1   --> B              
     e(  8 -  8) =    -37.47594  eV     1   --> B              
     e(  9 -  9) =    -37.46920  eV     1   --> A              
     e( 10 - 10) =    -37.45070  eV     1   --> B              
     e( 11 - 11) =    -28.42768  eV     1   --> B              
     e( 12 - 12) =    -28.37218  eV     1   --> A              
     e( 13 - 13) =    -28.33361  eV     1   --> B              
     e( 14 - 14) =    -28.25865  eV     1   --> B              
     e( 15 - 15) =    -28.25810  eV     1   --> A              
     e( 16 - 16) =    -28.19762  eV     1   --> B              
     e( 17 - 17) =     -8.35281  eV     1   --> A              
     e( 18 - 18) =     -7.09290  eV     1   --> A              
     e( 19 - 19) =     -6.84107  eV     1   --> A              
     e( 20 - 20) =     -6.77568  eV     1   --> B              
     e( 21 - 21) =     -6.70350  eV     1   --> B              
     e( 22 - 22) =     -6.49080  eV     1   --> A              
     e( 23 - 23) =     -6.23255  eV     1   --> B              
     e( 24 - 24) =     -6.00216  eV     1   --> B              
     e( 25 - 25) =      3.20949  eV     1   --> B              
     e( 26 - 26) =      3.22819  eV     1   --> A              
     e( 27 - 27) =      3.51745  eV     1   --> A              
     e( 28 - 28) =      3.71016  eV     1   --> A              
     e( 29 - 29) =      4.01561  eV     1   --> A              
     e( 30 - 30) =      4.28756  eV     1   --> B              
     e( 31 - 31) =      4.62799  eV     1   --> A              
     e( 32 - 32) =      4.72644  eV     1   --> B              
     e( 33 - 33) =      4.99943  eV     1   --> A              
     e( 34 - 34) =      5.49449  eV     1   --> A              
     e( 35 - 35) =      5.57897  eV     1   --> B              
     e( 36 - 36) =      5.69542  eV     1   --> A              
     e( 37 - 37) =      6.34199  eV     1   --> B              
     e( 38 - 38) =      6.41638  eV     1   --> A              
     e( 39 - 39) =      6.71657  eV     1   --> A              
     e( 40 - 40) =      6.78001  eV     1   --> B              
     e( 41 - 41) =      6.98678  eV     1   --> A              
     e( 42 - 42) =      7.08185  eV     1   --> B              
     e( 43 - 43) =      7.36860  eV     1   --> B              
     e( 44 - 44) =      7.68606  eV     1   --> A              
     e( 45 - 45) =      7.83671  eV     1   --> B              
     e( 46 - 46) =      8.14269  eV     1   --> A              
     e( 47 - 47) =      8.18133  eV     1   --> B              
     e( 48 - 48) =      8.42860  eV     1   --> A              
     e( 49 - 49) =      8.53022  eV     1   --> A              
     e( 50 - 50) =      8.93355  eV     1   --> B              
     e( 51 - 51) =      9.10944  eV     1   --> A              
     e( 52 - 52) =      9.13732  eV     1   --> B              
     e( 53 - 53) =      9.33849  eV     1   --> A              
     e( 54 - 54) =      9.37201  eV     1   --> B              
     e( 55 - 55) =      9.72492  eV     1   --> B              
     e( 56 - 56) =      9.88573  eV     1   --> B              
     e( 57 - 57) =     10.28635  eV     1   --> A              
     e( 58 - 58) =     10.98837  eV     1   --> B              
     e( 59 - 59) =     13.62380  eV     1   --> A              
     e( 60 - 60) =     14.00186  eV     1   --> A              
     e( 61 - 61) =     14.00676  eV     1   --> B              
     e( 62 - 62) =     14.42809  eV     1   --> A              
     e( 63 - 63) =     14.93409  eV     1   --> A              
     e( 64 - 64) =     15.29762  eV     1   --> B              
     e( 65 - 65) =     16.63112  eV     1   --> A              
     e( 66 - 66) =     17.83720  eV     1   --> A              
     e( 67 - 67) =     18.75684  eV     1   --> B              
     e( 68 - 68) =     19.24808  eV     1   --> A              
     e( 69 - 69) =     19.40584  eV     1   --> B              
     e( 70 - 70) =     21.28458  eV     1   --> B              
     e( 71 - 71) =     21.28709  eV     1   --> A              
     e( 72 - 72) =     22.01412  eV     1   --> B              
     e( 73 - 73) =     22.19001  eV     1   --> A              
     e( 74 - 74) =     22.82444  eV     1   --> A              
     e( 75 - 75) =     23.09326  eV     1   --> A              
     e( 76 - 76) =     23.46796  eV     1   --> A              
     e( 77 - 77) =     24.48667  eV     1   --> A              
     e( 78 - 78) =     24.50260  eV     1   --> B              
     e( 79 - 79) =     24.72026  eV     1   --> B              
     e( 80 - 80) =     25.07502  eV     1   --> A              

 **************************************************************************

 **************************************************************************

                    xk=(   0.00000,   0.10227,   0.00000  )

     Band symmetry, C_2  (2)    point group:

     e(  1 -  1) =    -84.86867  eV     1   --> A              
     e(  2 -  2) =    -68.41484  eV     1   --> A              
     e(  3 -  3) =    -63.95342  eV     1   --> A              
     e(  4 -  4) =    -63.94371  eV     1   --> A              
     e(  5 -  5) =    -48.87381  eV     1   --> B              
     e(  6 -  6) =    -48.28984  eV     1   --> A              
     e(  7 -  7) =    -47.93460  eV     1   --> B              
     e(  8 -  8) =    -37.47594  eV     1   --> B              
     e(  9 -  9) =    -37.46920  eV     1   --> A              
     e( 10 - 10) =    -37.45070  eV     1   --> B              
     e( 11 - 11) =    -28.42762  eV     1   --> B              
     e( 12 - 12) =    -28.37200  eV     1   --> A              
     e( 13 - 13) =    -28.33362  eV     1   --> B              
     e( 14 - 14) =    -28.25869  eV     1   --> B              
     e( 15 - 15) =    -28.25830  eV     1   --> A              
     e( 16 - 16) =    -28.19767  eV     1   --> B              
     e( 17 - 17) =     -8.34027  eV     1   --> A              
     e( 18 - 18) =     -7.09771  eV     1   --> A              
     e( 19 - 19) =     -6.85638  eV     1   --> A              
     e( 20 - 20) =     -6.77667  eV     1   --> B              
     e( 21 - 21) =     -6.70176  eV     1   --> B              
     e( 22 - 22) =     -6.48797  eV     1   --> A              
     e( 23 - 23) =     -6.23372  eV     1   --> B              
     e( 24 - 24) =     -6.00254  eV     1   --> B              
     e( 25 - 25) =      3.22375  eV     1   --> B              
     e( 26 - 26) =      3.23873  eV     1   --> A              
     e( 27 - 27) =      3.52360  eV     1   --> A              
     e( 28 - 28) =      3.72269  eV     1   --> A              
     e( 29 - 29) =      4.03220  eV     1   --> A              
     e( 30 - 30) =      4.28375  eV     1   --> B              
     e( 31 - 31) =      4.63370  eV     1   --> A              
     e( 32 - 32) =      4.72649  eV     1   --> B              
     e( 33 - 33) =      5.01971  eV     1   --> A              
     e( 34 - 34) =      5.49526  eV     1   --> A              
     e( 35 - 35) =      5.56556  eV     1   --> B              
     e( 36 - 36) =      5.65988  eV     1   --> A              
     e( 37 - 37) =      6.31261  eV     1   --> B              
     e( 38 - 38) =      6.42054  eV     1   --> A              
     e( 39 - 39) =      6.66776  eV     1   --> A              
     e( 40 - 40) =      6.74440  eV     1   --> B              
     e( 41 - 41) =      6.98670  eV     1   --> A              
     e( 42 - 42) =      7.09174  eV     1   --> B              
     e( 43 - 43) =      7.41541  eV     1   --> B              
     e( 44 - 44) =      7.66232  eV     1   --> A              
     e( 45 - 45) =      7.86726  eV     1   --> B              
     e( 46 - 46) =      8.11798  eV     1   --> A              
     e( 47 - 47) =      8.18782  eV     1   --> B              
     e( 48 - 48) =      8.43650  eV     1   --> A              
     e( 49 - 49) =      8.54242  eV     1   --> A              
     e( 50 - 50) =      8.92564  eV     1   --> B              
     e( 51 - 51) =      9.08704  eV     1   --> A              
     e( 52 - 52) =      9.12087  eV     1   --> B              
     e( 53 - 53) =      9.36389  eV     1   --> A              
     e( 54 - 54) =      9.37510  eV     1   --> B              
     e( 55 - 55) =      9.70370  eV     1   --> B              
     e( 56 - 56) =      9.90359  eV     1   --> B              
     e( 57 - 57) =     10.31264  eV     1   --> A              
     e( 58 - 58) =     10.99126  eV     1   --> B              
     e( 59 - 59) =     13.63342  eV     1   --> A              
     e( 60 - 60) =     13.94723  eV     1   --> A              
     e( 61 - 61) =     14.02139  eV     1   --> B              
     e( 62 - 62) =     14.46863  eV     1   --> A              
     e( 63 - 63) =     14.93236  eV     1   --> A              
     e( 64 - 64) =     15.28301  eV     1   --> B              
     e( 65 - 65) =     16.69042  eV     1   --> A              
     e( 66 - 66) =     17.84310  eV     1   --> A              
     e( 67 - 67) =     18.69704  eV     1   --> B              
     e( 68 - 68) =     19.24032  eV     1   --> A              
     e( 69 - 69) =     19.42768  eV     1   --> B              
     e( 70 - 70) =     21.19718  eV     1   --> A              
     e( 71 - 71) =     21.29888  eV     1   --> B              
     e( 72 - 72) =     22.07461  eV     1   --> B              
     e( 73 - 73) =     22.21716  eV     1   --> A              
     e( 74 - 74) =     22.84713  eV     1   --> A              
     e( 75 - 75) =     23.12507  eV     1   --> A              
     e( 76 - 76) =     23.45104  eV     1   --> A              
     e( 77 - 77) =     24.46747  eV     1   --> B              
     e( 78 - 78) =     24.48964  eV     1   --> A              
     e( 79 - 79) =     24.68459  eV     1   --> B              
     e( 80 - 80) =     25.08884  eV     1   --> A              

 **************************************************************************

 **************************************************************************

                    xk=(   0.00000,   0.12273,   0.00000  )

     Band symmetry, C_2  (2)    point group:

     e(  1 -  1) =    -84.86866  eV     1   --> A              
     e(  2 -  2) =    -68.41484  eV     1   --> A              
     e(  3 -  3) =    -63.95342  eV     1   --> A              
     e(  4 -  4) =    -63.94370  eV     1   --> A              
     e(  5 -  5) =    -48.87381  eV     1   --> B              
     e(  6 -  6) =    -48.28984  eV     1   --> A              
     e(  7 -  7) =    -47.93460  eV     1   --> B              
     e(  8 -  8) =    -37.47594  eV     1   --> B              
     e(  9 -  9) =    -37.46920  eV     1   --> A              
     e( 10 - 10) =    -37.45070  eV     1   --> B              
     e( 11 - 11) =    -28.42755  eV     1   --> B              
     e( 12 - 12) =    -28.37180  eV     1   --> A              
     e( 13 - 13) =    -28.33363  eV     1   --> B              
     e( 14 - 14) =    -28.25874  eV     1   --> B              
     e( 15 - 15) =    -28.25855  eV     1   --> A              
     e( 16 - 16) =    -28.19774  eV     1   --> B              
     e( 17 - 17) =     -8.32514  eV     1   --> A              
     e( 18 - 18) =     -7.10578  eV     1   --> A              
     e( 19 - 19) =     -6.87116  eV     1   --> A              
     e( 20 - 20) =     -6.77778  eV     1   --> B              
     e( 21 - 21) =     -6.69976  eV     1   --> B              
     e( 22 - 22) =     -6.48579  eV     1   --> A              
     e( 23 - 23) =     -6.23510  eV     1   --> B              
     e( 24 - 24) =     -6.00297  eV     1   --> B              
     e( 25 - 25) =      3.24081  eV     1   --> B              
     e( 26 - 26) =      3.25140  eV     1   --> A              
     e( 27 - 27) =      3.53055  eV     1   --> A              
     e( 28 - 28) =      3.73760  eV     1   --> A              
     e( 29 - 29) =      4.05242  eV     1   --> A              
     e( 30 - 30) =      4.27932  eV     1   --> B              
     e( 31 - 31) =      4.64033  eV     1   --> A              
     e( 32 - 32) =      4.72651  eV     1   --> B              
     e( 33 - 33) =      5.04253  eV     1   --> A              
     e( 34 - 34) =      5.49507  eV     1   --> A              
     e( 35 - 35) =      5.54809  eV     1   --> B              
     e( 36 - 36) =      5.62183  eV     1   --> A              
     e( 37 - 37) =      6.27707  eV     1   --> B              
     e( 38 - 38) =      6.42210  eV     1   --> A              
     e( 39 - 39) =      6.61785  eV     1   --> A              
     e( 40 - 40) =      6.71808  eV     1   --> B              
     e( 41 - 41) =      6.98095  eV     1   --> A              
     e( 42 - 42) =      7.10246  eV     1   --> B              
     e( 43 - 43) =      7.45890  eV     1   --> B              
     e( 44 - 44) =      7.64117  eV     1   --> A              
     e( 45 - 45) =      7.90033  eV     1   --> B              
     e( 46 - 46) =      8.08277  eV     1   --> A              
     e( 47 - 47) =      8.19627  eV     1   --> B              
     e( 48 - 48) =      8.43265  eV     1   --> A              
     e( 49 - 49) =      8.56473  eV     1   --> A              
     e( 50 - 50) =      8.91633  eV     1   --> B              
     e( 51 - 51) =      9.06865  eV     1   --> A              
     e( 52 - 52) =      9.10576  eV     1   --> B              
     e( 53 - 53) =      9.37746  eV     1   --> B              
     e( 54 - 54) =      9.39070  eV     1   --> A              
     e( 55 - 55) =      9.68147  eV     1   --> B              
     e( 56 - 56) =      9.92008  eV     1   --> B              
     e( 57 - 57) =     10.34262  eV     1   --> A              
     e( 58 - 58) =     10.99490  eV     1   --> B              
     e( 59 - 59) =     13.64426  eV     1   --> A              
     e( 60 - 60) =     13.89490  eV     1   --> A              
     e( 61 - 61) =     14.03916  eV     1   --> B              
     e( 62 - 62) =     14.50293  eV     1   --> A              
     e( 63 - 63) =     14.93242  eV     1   --> A              
     e( 64 - 64) =     15.26532  eV     1   --> B              
     e( 65 - 65) =     16.76094  eV     1   --> A              
     e( 66 - 66) =     17.84999  eV     1   --> A              
     e( 67 - 67) =     18.63299  eV     1   --> B              
     e( 68 - 68) =     19.22994  eV     1   --> A              
     e( 69 - 69) =     19.44639  eV     1   --> B              
     e( 70 - 70) =     21.10220  eV     1   --> A              
     e( 71 - 71) =     21.32139  eV     1   --> B              
     e( 72 - 72) =     22.14329  eV     1   --> B              
     e( 73 - 73) =     22.23837  eV     1   --> A              
     e( 74 - 74) =     22.86829  eV     1   --> A              
     e( 75 - 75) =     23.16577  eV     1   --> A              
     e( 76 - 76) =     23.43469  eV     1   --> A              
     e( 77 - 77) =     24.42123  eV     1   --> B              
     e( 78 - 78) =     24.49284  eV     1   --> A              
     e( 79 - 79) =     24.64302  eV     1   --> B              
     e( 80 - 80) =     25.10701  eV     1   --> A              

 **************************************************************************

 **************************************************************************

                    xk=(   0.00000,   0.14318,   0.00000  )

     Band symmetry, C_2  (2)    point group:

     e(  1 -  1) =    -84.86866  eV     1   --> A              
     e(  2 -  2) =    -68.41484  eV     1   --> A              
     e(  3 -  3) =    -63.95343  eV     1   --> A              
     e(  4 -  4) =    -63.94367  eV     1   --> A              
     e(  5 -  5) =    -48.87381  eV     1   --> B              
     e(  6 -  6) =    -48.28984  eV     1   --> A              
     e(  7 -  7) =    -47.93461  eV     1   --> B              
     e(  8 -  8) =    -37.47594  eV     1   --> B              
     e(  9 -  9) =    -37.46920  eV     1   --> A              
     e( 10 - 10) =    -37.45070  eV     1   --> B              
     e( 11 - 11) =    -28.42747  eV     1   --> B              
     e( 12 - 12) =    -28.37157  eV     1   --> A              
     e( 13 - 13) =    -28.33364  eV     1   --> B              
     e( 14 - 15) =    -28.25882  eV     2   --> A              
     e( 14 - 15) =    -28.25882  eV     2   --> B              
     e( 16 - 16) =    -28.19781  eV     1   --> B              
     e( 17 - 17) =     -8.30756  eV     1   --> A              
     e( 18 - 18) =     -7.11826  eV     1   --> A              
     e( 19 - 19) =     -6.88365  eV     1   --> A              
     e( 20 - 20) =     -6.77898  eV     1   --> B              
     e( 21 - 21) =     -6.69757  eV     1   --> B              
     e( 22 - 22) =     -6.48460  eV     1   --> A              
     e( 23 - 23) =     -6.23666  eV     1   --> B              
     e( 24 - 24) =     -6.00345  eV     1   --> B              
     e( 25 - 25) =      3.26044  eV     1   --> B              
     e( 26 - 26) =      3.26604  eV     1   --> A              
     e( 27 - 27) =      3.53798  eV     1   --> A              
     e( 28 - 28) =      3.75479  eV     1   --> A              
     e( 29 - 29) =      4.07609  eV     1   --> A              
     e( 30 - 30) =      4.27440  eV     1   --> B              
     e( 31 - 31) =      4.64770  eV     1   --> A              
     e( 32 - 32) =      4.72645  eV     1   --> B              
     e( 33 - 33) =      5.06657  eV     1   --> A              
     e( 34 - 34) =      5.48953  eV     1   --> A              
     e( 35 - 35) =      5.52619  eV     1   --> B              
     e( 36 - 36) =      5.58785  eV     1   --> A              
     e( 37 - 37) =      6.23704  eV     1   --> B              
     e( 38 - 38) =      6.41682  eV     1   --> A              
     e( 39 - 39) =      6.57215  eV     1   --> A              
     e( 40 - 40) =      6.70206  eV     1   --> B              
     e( 41 - 41) =      6.96962  eV     1   --> A              
     e( 42 - 42) =      7.11299  eV     1   --> B              
     e( 43 - 43) =      7.49886  eV     1   --> B              
     e( 44 - 44) =      7.62312  eV     1   --> A              
     e( 45 - 45) =      7.93344  eV     1   --> B              
     e( 46 - 46) =      8.03865  eV     1   --> A              
     e( 47 - 47) =      8.20671  eV     1   --> B              
     e( 48 - 48) =      8.42297  eV     1   --> A              
     e( 49 - 49) =      8.58550  eV     1   --> A              
     e( 50 - 50) =      8.90617  eV     1   --> B              
     e( 51 - 51) =      9.05943  eV     1   --> A              
     e( 52 - 52) =      9.09330  eV     1   --> B              
     e( 53 - 53) =      9.37889  eV     1   --> B              
     e( 54 - 54) =      9.41763  eV     1   --> A              
     e( 55 - 55) =      9.65852  eV     1   --> B              
     e( 56 - 56) =      9.93457  eV     1   --> B              
     e( 57 - 57) =     10.37541  eV     1   --> A              
     e( 58 - 58) =     10.99929  eV     1   --> B              
     e( 59 - 59) =     13.65476  eV     1   --> A              
     e( 60 - 60) =     13.84681  eV     1   --> A              
     e( 61 - 61) =     14.05999  eV     1   --> B              
     e( 62 - 62) =     14.52959  eV     1   --> A              
     e( 63 - 63) =     14.93549  eV     1   --> A              
     e( 64 - 64) =     15.24466  eV     1   --> B              
     e( 65 - 65) =     16.84164  eV     1   --> A              
     e( 66 - 66) =     17.85770  eV     1   --> A              
     e( 67 - 67) =     18.56660  eV     1   --> B              
     e( 68 - 68) =     19.21637  eV     1   --> A              
     e( 69 - 69) =     19.46091  eV     1   --> B              
     e( 70 - 70) =     21.00488  eV     1   --> A              
     e( 71 - 71) =     21.35331  eV     1   --> B              
     e( 72 - 72) =     22.21846  eV     1   --> B              
     e( 73 - 73) =     22.25321  eV     1   --> A              
     e( 74 - 74) =     22.88598  eV     1   --> A              
     e( 75 - 75) =     23.21170  eV     1   --> A              
     e( 76 - 76) =     23.42369  eV     1   --> A              
     e( 77 - 77) =     24.36214  eV     1   --> B              
     e( 78 - 78) =     24.49616  eV     1   --> A              
     e( 79 - 79) =     24.59744  eV     1   --> B              
     e( 80 - 80) =     25.12907  eV     1   --> A              

 **************************************************************************

 **************************************************************************

                    xk=(   0.00000,   0.16364,   0.00000  )

     Band symmetry, C_2  (2)    point group:

     e(  1 -  1) =    -84.86866  eV     1   --> A              
     e(  2 -  2) =    -68.41484  eV     1   --> A              
     e(  3 -  3) =    -63.95343  eV     1   --> A              
     e(  4 -  4) =    -63.94365  eV     1   --> A              
     e(  5 -  5) =    -48.87381  eV     1   --> B              
     e(  6 -  6) =    -48.28984  eV     1   --> A              
     e(  7 -  7) =    -47.93461  eV     1   --> B              
     e(  8 -  8) =    -37.47595  eV     1   --> B              
     e(  9 -  9) =    -37.46920  eV     1   --> A              
     e( 10 - 10) =    -37.45070  eV     1   --> B              
     e( 11 - 11) =    -28.42738  eV     1   --> B              
     e( 12 - 12) =    -28.37131  eV     1   --> A              
     e( 13 - 13) =    -28.33366  eV     1   --> B              
     e( 14 - 14) =    -28.25912  eV     1   --> A              
     e( 15 - 15) =    -28.25884  eV     1   --> B              
     e( 16 - 16) =    -28.19789  eV     1   --> B              
     e( 17 - 17) =     -8.28769  eV     1   --> A              
     e( 18 - 18) =     -7.13597  eV     1   --> A              
     e( 19 - 19) =     -6.89252  eV     1   --> A              
     e( 20 - 20) =     -6.78023  eV     1   --> B              
     e( 21 - 21) =     -6.69525  eV     1   --> B              
     e( 22 - 22) =     -6.48461  eV     1   --> A              
     e( 23 - 23) =     -6.23835  eV     1   --> B              
     e( 24 - 24) =     -6.00397  eV     1   --> B              
     e( 25 - 26) =      3.28236  eV     2   --> A              
     e( 25 - 26) =      3.28236  eV     2   --> B              
     e( 27 - 27) =      3.54558  eV     1   --> A              
     e( 28 - 28) =      3.77412  eV     1   --> A              
     e( 29 - 29) =      4.10289  eV     1   --> A              
     e( 30 - 30) =      4.26912  eV     1   --> B              
     e( 31 - 31) =      4.65559  eV     1   --> A              
     e( 32 - 32) =      4.72627  eV     1   --> B              
     e( 33 - 33) =      5.09019  eV     1   --> A              
     e( 34 - 34) =      5.46847  eV     1   --> A              
     e( 35 - 35) =      5.49974  eV     1   --> B              
     e( 36 - 36) =      5.57045  eV     1   --> A              
     e( 37 - 37) =      6.19482  eV     1   --> B              
     e( 38 - 38) =      6.39708  eV     1   --> A              
     e( 39 - 39) =      6.53946  eV     1   --> A              
     e( 40 - 40) =      6.69589  eV     1   --> B              
     e( 41 - 41) =      6.95316  eV     1   --> A              
     e( 42 - 42) =      7.12252  eV     1   --> B              
     e( 43 - 43) =      7.53544  eV     1   --> B              
     e( 44 - 44) =      7.60779  eV     1   --> A              
     e( 45 - 45) =      7.96444  eV     1   --> B              
     e( 46 - 46) =      7.98740  eV     1   --> A              
     e( 47 - 47) =      8.21887  eV     1   --> B              
     e( 48 - 48) =      8.41144  eV     1   --> A              
     e( 49 - 49) =      8.59584  eV     1   --> A              
     e( 50 - 50) =      8.89578  eV     1   --> B              
     e( 51 - 51) =      9.06387  eV     1   --> A              
     e( 52 - 52) =      9.08450  eV     1   --> B              
     e( 53 - 53) =      9.37928  eV     1   --> B              
     e( 54 - 54) =      9.44365  eV     1   --> A              
     e( 55 - 55) =      9.63527  eV     1   --> B              
     e( 56 - 56) =      9.94658  eV     1   --> B              
     e( 57 - 57) =     10.41016  eV     1   --> A              
     e( 58 - 58) =     11.00438  eV     1   --> B              
     e( 59 - 59) =     13.66106  eV     1   --> A              
     e( 60 - 60) =     13.80716  eV     1   --> A              
     e( 61 - 61) =     14.08377  eV     1   --> B              
     e( 62 - 62) =     14.54746  eV     1   --> A              
     e( 63 - 63) =     14.94261  eV     1   --> A              
     e( 64 - 64) =     15.22118  eV     1   --> B              
     e( 65 - 65) =     16.93141  eV     1   --> A              
     e( 66 - 66) =     17.86604  eV     1   --> A              
     e( 67 - 67) =     18.49940  eV     1   --> B              
     e( 68 - 68) =     19.19891  eV     1   --> A              
     e( 69 - 69) =     19.47082  eV     1   --> B              
     e( 70 - 70) =     20.90739  eV     1   --> A              
     e( 71 - 71) =     21.39534  eV     1   --> B              
     e( 72 - 72) =     22.26210  eV     1   --> A              
     e( 73 - 73) =     22.29866  eV     1   --> B              
     e( 74 - 74) =     22.89929  eV     1   --> A              
     e( 75 - 75) =     23.25286  eV     1   --> A              
     e( 76 - 76) =     23.42799  eV     1   --> A              
     e( 77 - 77) =     24.28923  eV     1   --> B              
     e( 78 - 78) =     24.49958  eV     1   --> A              
     e( 79 - 79) =     24.54953  eV     1   --> B              
     e( 80 - 80) =     25.15372  eV     1   --> A              

 **************************************************************************

 **************************************************************************

                    xk=(   0.00000,   0.18409,   0.00000  )

     Band symmetry, C_2  (2)    point group:

     e(  1 -  1) =    -84.86866  eV     1   --> A              
     e(  2 -  2) =    -68.41484  eV     1   --> A              
     e(  3 -  3) =    -63.95344  eV     1   --> A              
     e(  4 -  4) =    -63.94363  eV     1   --> A              
     e(  5 -  5) =    -48.87381  eV     1   --> B              
     e(  6 -  6) =    -48.28984  eV     1   --> A              
     e(  7 -  7) =    -47.93461  eV     1   --> B              
     e(  8 -  8) =    -37.47595  eV     1   --> B              
     e(  9 -  9) =    -37.46920  eV     1   --> A              
     e( 10 - 10) =    -37.45070  eV     1   --> B              
     e( 11 - 11) =    -28.42729  eV     1   --> B              
     e( 12 - 12) =    -28.37105  eV     1   --> A              
     e( 13 - 13) =    -28.33367  eV     1   --> B              
     e( 14 - 14) =    -28.25943  eV     1   --> A              
     e( 15 - 15) =    -28.25889  eV     1   --> B              
     e( 16 - 16) =    -28.19797  eV     1   --> B              
     e( 17 - 17) =     -8.26575  eV     1   --> A              
     e( 18 - 18) =     -7.15903  eV     1   --> A              
     e( 19 - 19) =     -6.89717  eV     1   --> A              
     e( 20 - 20) =     -6.78148  eV     1   --> B              
     e( 21 - 21) =     -6.69285  eV     1   --> B              
     e( 22 - 22) =     -6.48592  eV     1   --> A              
     e( 23 - 23) =     -6.24014  eV     1   --> B              
     e( 24 - 24) =     -6.00450  eV     1   --> B              
     e( 25 - 25) =      3.30034  eV     1   --> A              
     e( 26 - 26) =      3.30623  eV     1   --> B              
     e( 27 - 27) =      3.55301  eV     1   --> A              
     e( 28 - 28) =      3.79550  eV     1   --> A              
     e( 29 - 29) =      4.13237  eV     1   --> A              
     e( 30 - 30) =      4.26362  eV     1   --> B              
     e( 31 - 31) =      4.66374  eV     1   --> A              
     e( 32 - 32) =      4.72588  eV     1   --> B              
     e( 33 - 33) =      5.11157  eV     1   --> A              
     e( 34 - 34) =      5.42994  eV     1   --> A              
     e( 35 - 35) =      5.46890  eV     1   --> B              
     e( 36 - 36) =      5.57398  eV     1   --> A              
     e( 37 - 37) =      6.15275  eV     1   --> B              
     e( 38 - 38) =      6.35873  eV     1   --> A              
     e( 39 - 39) =      6.52533  eV     1   --> A              
     e( 40 - 40) =      6.69842  eV     1   --> B              
     e( 41 - 41) =      6.93227  eV     1   --> A              
     e( 42 - 42) =      7.13050  eV     1   --> B              
     e( 43 - 43) =      7.56865  eV     1   --> B              
     e( 44 - 44) =      7.59405  eV     1   --> A              
     e( 45 - 45) =      7.93097  eV     1   --> A              
     e( 46 - 46) =      7.99209  eV     1   --> B              
     e( 47 - 47) =      8.23205  eV     1   --> B              
     e( 48 - 48) =      8.39964  eV     1   --> A              
     e( 49 - 49) =      8.59254  eV     1   --> A              
     e( 50 - 50) =      8.88558  eV     1   --> B              
     e( 51 - 51) =      9.08015  eV     1   --> B              
     e( 52 - 52) =      9.08348  eV     1   --> A              
     e( 53 - 53) =      9.37858  eV     1   --> B              
     e( 54 - 54) =      9.46795  eV     1   --> A              
     e( 55 - 55) =      9.61228  eV     1   --> B              
     e( 56 - 56) =      9.95578  eV     1   --> B              
     e( 57 - 57) =     10.44606  eV     1   --> A              
     e( 58 - 58) =     11.01008  eV     1   --> B              
     e( 59 - 59) =     13.65526  eV     1   --> A              
     e( 60 - 60) =     13.78408  eV     1   --> A              
     e( 61 - 61) =     14.11033  eV     1   --> B              
     e( 62 - 62) =     14.55602  eV     1   --> A              
     e( 63 - 63) =     14.95428  eV     1   --> A              
     e( 64 - 64) =     15.19506  eV     1   --> B              
     e( 65 - 65) =     17.02905  eV     1   --> A              
     e( 66 - 66) =     17.87483  eV     1   --> A              
     e( 67 - 67) =     18.43269  eV     1   --> B              
     e( 68 - 68) =     19.17673  eV     1   --> A              
     e( 69 - 69) =     19.47622  eV     1   --> B              
     e( 70 - 70) =     20.81160  eV     1   --> A              
     e( 71 - 71) =     21.44770  eV     1   --> B              
     e( 72 - 72) =     22.26584  eV     1   --> A              
     e( 73 - 73) =     22.38256  eV     1   --> B              
     e( 74 - 74) =     22.90792  eV     1   --> A              
     e( 75 - 75) =     23.27529  eV     1   --> A              
     e( 76 - 76) =     23.46102  eV     1   --> A              
     e( 77 - 77) =     24.20282  eV     1   --> B              
     e( 78 - 78) =     24.50013  eV     1   --> B              
     e( 79 - 79) =     24.50315  eV     1   --> A              
     e( 80 - 80) =     25.17857  eV     1   --> A              

 **************************************************************************

 **************************************************************************

                    xk=(   0.00000,   0.20455,   0.00000  )

     Band symmetry, C_2  (2)    point group:

     e(  1 -  1) =    -84.86866  eV     1   --> A              
     e(  2 -  2) =    -68.41484  eV     1   --> A              
     e(  3 -  3) =    -63.95344  eV     1   --> A              
     e(  4 -  4) =    -63.94361  eV     1   --> A              
     e(  5 -  5) =    -48.87381  eV     1   --> B              
     e(  6 -  6) =    -48.28984  eV     1   --> A              
     e(  7 -  7) =    -47.93461  eV     1   --> B              
     e(  8 -  8) =    -37.47595  eV     1   --> B              
     e(  9 -  9) =    -37.46920  eV     1   --> A              
     e( 10 - 10) =    -37.45070  eV     1   --> B              
     e( 11 - 11) =    -28.42720  eV     1   --> B              
     e( 12 - 12) =    -28.37078  eV     1   --> A              
     e( 13 - 13) =    -28.33368  eV     1   --> B              
     e( 14 - 14) =    -28.25976  eV     1   --> A              
     e( 15 - 15) =    -28.25895  eV     1   --> B              
     e( 16 - 16) =    -28.19805  eV     1   --> B              
     e( 17 - 17) =     -8.24200  eV     1   --> A              
     e( 18 - 18) =     -7.18682  eV     1   --> A              
     e( 19 - 19) =     -6.89778  eV     1   --> A              
     e( 20 - 20) =     -6.78271  eV     1   --> B              
     e( 21 - 21) =     -6.69045  eV     1   --> B              
     e( 22 - 22) =     -6.48852  eV     1   --> A              
     e( 23 - 23) =     -6.24198  eV     1   --> B              
     e( 24 - 24) =     -6.00504  eV     1   --> B              
     e( 25 - 25) =      3.31942  eV     1   --> A              
     e( 26 - 26) =      3.33163  eV     1   --> B              
     e( 27 - 27) =      3.56002  eV     1   --> A              
     e( 28 - 28) =      3.81874  eV     1   --> A              
     e( 29 - 29) =      4.16394  eV     1   --> A              
     e( 30 - 30) =      4.25806  eV     1   --> B              
     e( 31 - 31) =      4.67181  eV     1   --> A              
     e( 32 - 32) =      4.72523  eV     1   --> B              
     e( 33 - 33) =      5.12867  eV     1   --> A              
     e( 34 - 34) =      5.38406  eV     1   --> A              
     e( 35 - 35) =      5.43421  eV     1   --> B              
     e( 36 - 36) =      5.59074  eV     1   --> A              
     e( 37 - 37) =      6.11272  eV     1   --> B              
     e( 38 - 38) =      6.30832  eV     1   --> A              
     e( 39 - 39) =      6.52479  eV     1   --> A              
     e( 40 - 40) =      6.70829  eV     1   --> B              
     e( 41 - 41) =      6.90778  eV     1   --> A              
     e( 42 - 42) =      7.13651  eV     1   --> B              
     e( 43 - 43) =      7.58003  eV     1   --> A              
     e( 44 - 44) =      7.59822  eV     1   --> B              
     e( 45 - 45) =      7.87174  eV     1   --> A              
     e( 46 - 46) =      8.01625  eV     1   --> B              
     e( 47 - 47) =      8.24520  eV     1   --> B              
     e( 48 - 48) =      8.38811  eV     1   --> A              
     e( 49 - 49) =      8.57738  eV     1   --> A              
     e( 50 - 50) =      8.87551  eV     1   --> B              
     e( 51 - 51) =      9.08096  eV     1   --> B              
     e( 52 - 52) =      9.11595  eV     1   --> A              
     e( 53 - 53) =      9.37681  eV     1   --> B              
     e( 54 - 54) =      9.48993  eV     1   --> A              
     e( 55 - 55) =      9.59018  eV     1   --> B              
     e( 56 - 56) =      9.96203  eV     1   --> B              
     e( 57 - 57) =     10.48232  eV     1   --> A              
     e( 58 - 58) =     11.01626  eV     1   --> B              
     e( 59 - 59) =     13.63226  eV     1   --> A              
     e( 60 - 60) =     13.78285  eV     1   --> A              
     e( 61 - 61) =     14.13945  eV     1   --> B              
     e( 62 - 62) =     14.55564  eV     1   --> A              
     e( 63 - 63) =     14.97012  eV     1   --> A              
     e( 64 - 64) =     15.16654  eV     1   --> B              
     e( 65 - 65) =     17.13334  eV     1   --> A              
     e( 66 - 66) =     17.88388  eV     1   --> A              
     e( 67 - 67) =     18.36763  eV     1   --> B              
     e( 68 - 68) =     19.14892  eV     1   --> A              
     e( 69 - 69) =     19.47753  eV     1   --> B              
     e( 70 - 70) =     20.71924  eV     1   --> A              
     e( 71 - 71) =     21.51017  eV     1   --> B              
     e( 72 - 72) =     22.26537  eV     1   --> A              
     e( 73 - 73) =     22.46893  eV     1   --> B              
     e( 74 - 74) =     22.91179  eV     1   --> A              
     e( 75 - 75) =     23.27913  eV     1   --> A              
     e( 76 - 76) =     23.52197  eV     1   --> A              
     e( 77 - 77) =     24.10449  eV     1   --> B              
     e( 78 - 78) =     24.44930  eV     1   --> B              
     e( 79 - 79) =     24.50693  eV     1   --> A              
     e( 80 - 80) =     25.20003  eV     1   --> A              

 **************************************************************************

 **************************************************************************

                    xk=(   0.00000,   0.22500,   0.00000  )

     Band symmetry, C_2  (2)    point group:

     e(  1 -  1) =    -84.86866  eV     1   --> A              
     e(  2 -  2) =    -68.41484  eV     1   --> A              
     e(  3 -  3) =    -63.95345  eV     1   --> A              
     e(  4 -  4) =    -63.94358  eV     1   --> A              
     e(  5 -  5) =    -48.87382  eV     1   --> B              
     e(  6 -  6) =    -48.28984  eV     1   --> A              
     e(  7 -  7) =    -47.93461  eV     1   --> B              
     e(  8 -  8) =    -37.47595  eV     1   --> B              
     e(  9 -  9) =    -37.46920  eV     1   --> A              
     e( 10 - 10) =    -37.45070  eV     1   --> B              
     e( 11 - 11) =    -28.42711  eV     1   --> B              
     e( 12 - 12) =    -28.37050  eV     1   --> A              
     e( 13 - 13) =    -28.33370  eV     1   --> B              
     e( 14 - 14) =    -28.26009  eV     1   --> A              
     e( 15 - 15) =    -28.25901  eV     1   --> B              
     e( 16 - 16) =    -28.19814  eV     1   --> B              
     e( 17 - 17) =     -8.21674  eV     1   --> A              
     e( 18 - 18) =     -7.21824  eV     1   --> A              
     e( 19 - 19) =     -6.89503  eV     1   --> A              
     e( 20 - 20) =     -6.78390  eV     1   --> B              
     e( 21 - 21) =     -6.68808  eV     1   --> B              
     e( 22 - 22) =     -6.49233  eV     1   --> A              
     e( 23 - 23) =     -6.24384  eV     1   --> B              
     e( 24 - 24) =     -6.00557  eV     1   --> B              
     e( 25 - 25) =      3.33932  eV     1   --> A              
     e( 26 - 26) =      3.35807  eV     1   --> B              
     e( 27 - 27) =      3.56638  eV     1   --> A              
     e( 28 - 28) =      3.84360  eV     1   --> A              
     e( 29 - 29) =      4.19692  eV     1   --> A              
     e( 30 - 30) =      4.25255  eV     1   --> B              
     e( 31 - 31) =      4.67941  eV     1   --> A              
     e( 32 - 32) =      4.72423  eV     1   --> B              
     e( 33 - 33) =      5.13916  eV     1   --> A              
     e( 34 - 34) =      5.33853  eV     1   --> A              
     e( 35 - 35) =      5.39658  eV     1   --> B              
     e( 36 - 36) =      5.61548  eV     1   --> A              
     e( 37 - 37) =      6.07600  eV     1   --> B              
     e( 38 - 38) =      6.25397  eV     1   --> A              
     e( 39 - 39) =      6.53160  eV     1   --> A              
     e( 40 - 40) =      6.72419  eV     1   --> B              
     e( 41 - 41) =      6.88062  eV     1   --> A              
     e( 42 - 42) =      7.14031  eV     1   --> B              
     e( 43 - 43) =      7.56281  eV     1   --> A              
     e( 44 - 44) =      7.62362  eV     1   --> B              
     e( 45 - 45) =      7.81302  eV     1   --> A              
     e( 46 - 46) =      8.03776  eV     1   --> B              
     e( 47 - 47) =      8.25725  eV     1   --> B              
     e( 48 - 48) =      8.37705  eV     1   --> A              
     e( 49 - 49) =      8.55459  eV     1   --> A              
     e( 50 - 50) =      8.86495  eV     1   --> B              
     e( 51 - 51) =      9.08735  eV     1   --> B              
     e( 52 - 52) =      9.15694  eV     1   --> A              
     e( 53 - 53) =      9.37407  eV     1   --> B              
     e( 54 - 54) =      9.50918  eV     1   --> A              
     e( 55 - 55) =      9.56962  eV     1   --> B              
     e( 56 - 56) =      9.96532  eV     1   --> B              
     e( 57 - 57) =     10.51813  eV     1   --> A              
     e( 58 - 58) =     11.02272  eV     1   --> B              
     e( 59 - 59) =     13.59879  eV     1   --> A              
     e( 60 - 60) =     13.79684  eV     1   --> A              
     e( 61 - 61) =     14.17081  eV     1   --> B              
     e( 62 - 62) =     14.54749  eV     1   --> A              
     e( 63 - 63) =     14.98907  eV     1   --> A              
     e( 64 - 64) =     15.13590  eV     1   --> B              
     e( 65 - 65) =     17.24302  eV     1   --> A              
     e( 66 - 66) =     17.89305  eV     1   --> A              
     e( 67 - 67) =     18.30529  eV     1   --> B              
     e( 68 - 68) =     19.11452  eV     1   --> A              
     e( 69 - 69) =     19.47542  eV     1   --> B              
     e( 70 - 70) =     20.63193  eV     1   --> A              
     e( 71 - 71) =     21.58222  eV     1   --> B              
     e( 72 - 72) =     22.26165  eV     1   --> A              
     e( 73 - 73) =     22.55646  eV     1   --> B              
     e( 74 - 74) =     22.91096  eV     1   --> A              
     e( 75 - 75) =     23.27575  eV     1   --> A              
     e( 76 - 76) =     23.59875  eV     1   --> A              
     e( 77 - 77) =     23.99653  eV     1   --> B              
     e( 78 - 78) =     24.39679  eV     1   --> B              
     e( 79 - 79) =     24.51105  eV     1   --> A              
     e( 80 - 80) =     25.21332  eV     1   --> A              

 **************************************************************************

 **************************************************************************

                    xk=(   0.00000,   0.24546,   0.00000  )

     Band symmetry, C_2  (2)    point group:

     e(  1 -  1) =    -84.86866  eV     1   --> A              
     e(  2 -  2) =    -68.41484  eV     1   --> A              
     e(  3 -  3) =    -63.95345  eV     1   --> A              
     e(  4 -  4) =    -63.94356  eV     1   --> A              
     e(  5 -  5) =    -48.87382  eV     1   --> B              
     e(  6 -  6) =    -48.28984  eV     1   --> A              
     e(  7 -  7) =    -47.93461  eV     1   --> B              
     e(  8 -  8) =    -37.47595  eV     1   --> B              
     e(  9 -  9) =    -37.46920  eV     1   --> A              
     e( 10 - 10) =    -37.45070  eV     1   --> B              
     e( 11 - 11) =    -28.42702  eV     1   --> B              
     e( 12 - 12) =    -28.37023  eV     1   --> A              
     e( 13 - 13) =    -28.33371  eV     1   --> B              
     e( 14 - 14) =    -28.26041  eV     1   --> A              
     e( 15 - 15) =    -28.25907  eV     1   --> B              
     e( 16 - 16) =    -28.19822  eV     1   --> B              
     e( 17 - 17) =     -8.19039  eV     1   --> A              
     e( 18 - 18) =     -7.25204  eV     1   --> A              
     e( 19 - 19) =     -6.88977  eV     1   --> A              
     e( 20 - 20) =     -6.78502  eV     1   --> B              
     e( 21 - 21) =     -6.68580  eV     1   --> B              
     e( 22 - 22) =     -6.49718  eV     1   --> A              
     e( 23 - 23) =     -6.24566  eV     1   --> B              
     e( 24 - 24) =     -6.00607  eV     1   --> B              
     e( 25 - 25) =      3.35957  eV     1   --> A              
     e( 26 - 26) =      3.38497  eV     1   --> B              
     e( 27 - 27) =      3.57194  eV     1   --> A              
     e( 28 - 28) =      3.86971  eV     1   --> A              
     e( 29 - 29) =      4.23049  eV     1   --> A              
     e( 30 - 30) =      4.24724  eV     1   --> B              
     e( 31 - 31) =      4.68607  eV     1   --> A              
     e( 32 - 32) =      4.72283  eV     1   --> B              
     e( 33 - 33) =      5.13990  eV     1   --> A              
     e( 34 - 34) =      5.29932  eV     1   --> A              
     e( 35 - 35) =      5.35727  eV     1   --> B              
     e( 36 - 36) =      5.64510  eV     1   --> A              
     e( 37 - 37) =      6.04332  eV     1   --> B              
     e( 38 - 38) =      6.20070  eV     1   --> A              
     e( 39 - 39) =      6.54287  eV     1   --> A              
     e( 40 - 40) =      6.74486  eV     1   --> B              
     e( 41 - 41) =      6.85181  eV     1   --> A              
     e( 42 - 42) =      7.14174  eV     1   --> B              
     e( 43 - 43) =      7.53792  eV     1   --> A              
     e( 44 - 44) =      7.64419  eV     1   --> B              
     e( 45 - 45) =      7.75974  eV     1   --> A              
     e( 46 - 46) =      8.05793  eV     1   --> B              
     e( 47 - 47) =      8.26750  eV     1   --> B              
     e( 48 - 48) =      8.36652  eV     1   --> A              
     e( 49 - 49) =      8.52840  eV     1   --> A              
     e( 50 - 50) =      8.85310  eV     1   --> B              
     e( 51 - 51) =      9.09920  eV     1   --> B              
     e( 52 - 52) =      9.20225  eV     1   --> A              
     e( 53 - 53) =      9.37060  eV     1   --> B              
     e( 54 - 54) =      9.52541  eV     1   --> A              
     e( 55 - 55) =      9.55117  eV     1   --> B              
     e( 56 - 56) =      9.96583  eV     1   --> B              
     e( 57 - 57) =     10.55272  eV     1   --> A              
     e( 58 - 58) =     11.02927  eV     1   --> B              
     e( 59 - 59) =     13.56258  eV     1   --> A              
     e( 60 - 60) =     13.81832  eV     1   --> A              
     e( 61 - 61) =     14.20401  eV     1   --> B              
     e( 62 - 62) =     14.53317  eV     1   --> A              
     e( 63 - 63) =     15.00971  eV     1   --> A              
     e( 64 - 64) =     15.10355  eV     1   --> B              
     e( 65 - 65) =     17.35676  eV     1   --> A              
     e( 66 - 66) =     17.90223  eV     1   --> A              
     e( 67 - 67) =     18.24664  eV     1   --> B              
     e( 68 - 68) =     19.07261  eV     1   --> A              
     e( 69 - 69) =     19.47067  eV     1   --> B              
     e( 70 - 70) =     20.55121  eV     1   --> A              
     e( 71 - 71) =     21.66300  eV     1   --> B              
     e( 72 - 72) =     22.25557  eV     1   --> A              
     e( 73 - 73) =     22.64368  eV     1   --> B              
     e( 74 - 74) =     22.90584  eV     1   --> A              
     e( 75 - 75) =     23.27207  eV     1   --> A              
     e( 76 - 76) =     23.68338  eV     1   --> A              
     e( 77 - 77) =     23.88158  eV     1   --> B              
     e( 78 - 78) =     24.34242  eV     1   --> B              
     e( 79 - 79) =     24.51566  eV     1   --> A              
     e( 80 - 80) =     25.21320  eV     1   --> A              

 **************************************************************************

 **************************************************************************

                    xk=(   0.00000,   0.26591,   0.00000  )

     Band symmetry, C_2  (2)    point group:

     e(  1 -  1) =    -84.86866  eV     1   --> A              
     e(  2 -  2) =    -68.41484  eV     1   --> A              
     e(  3 -  3) =    -63.95346  eV     1   --> A              
     e(  4 -  4) =    -63.94354  eV     1   --> A              
     e(  5 -  5) =    -48.87382  eV     1   --> B              
     e(  6 -  6) =    -48.28984  eV     1   --> A              
     e(  7 -  7) =    -47.93461  eV     1   --> B              
     e(  8 -  8) =    -37.47595  eV     1   --> B              
     e(  9 -  9) =    -37.46920  eV     1   --> A              
     e( 10 - 10) =    -37.45070  eV     1   --> B              
     e( 11 - 11) =    -28.42693  eV     1   --> B              
     e( 12 - 12) =    -28.36997  eV     1   --> A              
     e( 13 - 13) =    -28.33372  eV     1   --> B              
     e( 14 - 14) =    -28.26071  eV     1   --> A              
     e( 15 - 15) =    -28.25912  eV     1   --> B              
     e( 16 - 16) =    -28.19829  eV     1   --> B              
     e( 17 - 17) =     -8.16346  eV     1   --> A              
     e( 18 - 18) =     -7.28693  eV     1   --> A              
     e( 19 - 19) =     -6.88283  eV     1   --> A              
     e( 20 - 20) =     -6.78605  eV     1   --> B              
     e( 21 - 21) =     -6.68367  eV     1   --> B              
     e( 22 - 22) =     -6.50284  eV     1   --> A              
     e( 23 - 23) =     -6.24740  eV     1   --> B              
     e( 24 - 24) =     -6.00654  eV     1   --> B              
     e( 25 - 25) =      3.37968  eV     1   --> A              
     e( 26 - 26) =      3.41167  eV     1   --> B              
     e( 27 - 27) =      3.57659  eV     1   --> A              
     e( 28 - 28) =      3.89654  eV     1   --> A              
     e( 29 - 29) =      4.24225  eV     1   --> B              
     e( 30 - 30) =      4.26381  eV     1   --> A              
     e( 31 - 31) =      4.69125  eV     1   --> A              
     e( 32 - 32) =      4.72098  eV     1   --> B              
     e( 33 - 33) =      5.12745  eV     1   --> A              
     e( 34 - 34) =      5.27225  eV     1   --> A              
     e( 35 - 35) =      5.31776  eV     1   --> B              
     e( 36 - 36) =      5.67641  eV     1   --> A              
     e( 37 - 37) =      6.01495  eV     1   --> B              
     e( 38 - 38) =      6.15207  eV     1   --> A              
     e( 39 - 39) =      6.55767  eV     1   --> A              
     e( 40 - 40) =      6.76911  eV     1   --> B              
     e( 41 - 41) =      6.82240  eV     1   --> A              
     e( 42 - 42) =      7.14073  eV     1   --> B              
     e( 43 - 43) =      7.50038  eV     1   --> A              
     e( 44 - 44) =      7.65944  eV     1   --> B              
     e( 45 - 45) =      7.71759  eV     1   --> A              
     e( 46 - 46) =      8.07801  eV     1   --> B              
     e( 47 - 47) =      8.27567  eV     1   --> B              
     e( 48 - 48) =      8.35653  eV     1   --> A              
     e( 49 - 49) =      8.50201  eV     1   --> A              
     e( 50 - 50) =      8.83944  eV     1   --> B              
     e( 51 - 51) =      9.11549  eV     1   --> B              
     e( 52 - 52) =      9.24864  eV     1   --> A              
     e( 53 - 53) =      9.36682  eV     1   --> B              
     e( 54 - 54) =      9.53525  eV     1   --> B              
     e( 55 - 55) =      9.53842  eV     1   --> A              
     e( 56 - 56) =      9.96387  eV     1   --> B              
     e( 57 - 57) =     10.58534  eV     1   --> A              
     e( 58 - 58) =     11.03566  eV     1   --> B              
     e( 59 - 59) =     13.52739  eV     1   --> A              
     e( 60 - 60) =     13.84340  eV     1   --> A              
     e( 61 - 61) =     14.23850  eV     1   --> B              
     e( 62 - 62) =     14.51432  eV     1   --> A              
     e( 63 - 63) =     15.03068  eV     1   --> A              
     e( 64 - 64) =     15.06999  eV     1   --> B              
     e( 65 - 65) =     17.47305  eV     1   --> A              
     e( 66 - 66) =     17.91144  eV     1   --> A              
     e( 67 - 67) =     18.19258  eV     1   --> B              
     e( 68 - 68) =     19.02248  eV     1   --> A              
     e( 69 - 69) =     19.46414  eV     1   --> B              
     e( 70 - 70) =     20.47841  eV     1   --> A              
     e( 71 - 71) =     21.75144  eV     1   --> B              
     e( 72 - 72) =     22.24799  eV     1   --> A              
     e( 73 - 73) =     22.72875  eV     1   --> B              
     e( 74 - 74) =     22.89728  eV     1   --> A              
     e( 75 - 75) =     23.27047  eV     1   --> A              
     e( 76 - 76) =     23.76262  eV     1   --> B              
     e( 77 - 77) =     23.77187  eV     1   --> A              
     e( 78 - 78) =     24.28635  eV     1   --> B              
     e( 79 - 79) =     24.52102  eV     1   --> A              
     e( 80 - 80) =     25.19545  eV     1   --> A              

 **************************************************************************

 **************************************************************************

                    xk=(   0.00000,   0.28637,   0.00000  )

     Band symmetry, C_2  (2)    point group:

     e(  1 -  1) =    -84.86866  eV     1   --> A              
     e(  2 -  2) =    -68.41484  eV     1   --> A              
     e(  3 -  3) =    -63.95346  eV     1   --> A              
     e(  4 -  4) =    -63.94352  eV     1   --> A              
     e(  5 -  5) =    -48.87382  eV     1   --> B              
     e(  6 -  6) =    -48.28984  eV     1   --> A              
     e(  7 -  7) =    -47.93461  eV     1   --> B              
     e(  8 -  8) =    -37.47595  eV     1   --> B              
     e(  9 -  9) =    -37.46920  eV     1   --> A              
     e( 10 - 10) =    -37.45071  eV     1   --> B              
     e( 11 - 11) =    -28.42685  eV     1   --> B              
     e( 12 - 12) =    -28.36973  eV     1   --> A              
     e( 13 - 13) =    -28.33374  eV     1   --> B              
     e( 14 - 14) =    -28.26100  eV     1   --> A              
     e( 15 - 15) =    -28.25917  eV     1   --> B              
     e( 16 - 16) =    -28.19837  eV     1   --> B              
     e( 17 - 17) =     -8.13658  eV     1   --> A              
     e( 18 - 18) =     -7.32167  eV     1   --> A              
     e( 19 - 19) =     -6.87497  eV     1   --> A              
     e( 20 - 20) =     -6.78697  eV     1   --> B              
     e( 21 - 21) =     -6.68172  eV     1   --> B              
     e( 22 - 22) =     -6.50900  eV     1   --> A              
     e( 23 - 23) =     -6.24901  eV     1   --> B              
     e( 24 - 24) =     -6.00697  eV     1   --> B              
     e( 25 - 25) =      3.39909  eV     1   --> A              
     e( 26 - 26) =      3.43743  eV     1   --> B              
     e( 27 - 27) =      3.58029  eV     1   --> A              
     e( 28 - 28) =      3.92338  eV     1   --> A              
     e( 29 - 29) =      4.23768  eV     1   --> B              
     e( 30 - 30) =      4.29595  eV     1   --> A              
     e( 31 - 31) =      4.69443  eV     1   --> A              
     e( 32 - 32) =      4.71869  eV     1   --> B              
     e( 33 - 33) =      5.10252  eV     1   --> A              
     e( 34 - 34) =      5.25903  eV     1   --> A              
     e( 35 - 35) =      5.27963  eV     1   --> B              
     e( 36 - 36) =      5.70553  eV     1   --> A              
     e( 37 - 37) =      5.99091  eV     1   --> B              
     e( 38 - 38) =      6.11132  eV     1   --> A              
     e( 39 - 39) =      6.57581  eV     1   --> A              
     e( 40 - 40) =      6.79351  eV     1   --> A              
     e( 41 - 41) =      6.79574  eV     1   --> B              
     e( 42 - 42) =      7.13729  eV     1   --> B              
     e( 43 - 43) =      7.44864  eV     1   --> A              
     e( 44 - 44) =      7.66930  eV     1   --> B              
     e( 45 - 45) =      7.68920  eV     1   --> A              
     e( 46 - 46) =      8.09879  eV     1   --> B              
     e( 47 - 47) =      8.28187  eV     1   --> B              
     e( 48 - 48) =      8.34714  eV     1   --> A              
     e( 49 - 49) =      8.47758  eV     1   --> A              
     e( 50 - 50) =      8.82398  eV     1   --> B              
     e( 51 - 51) =      9.13442  eV     1   --> B              
     e( 52 - 52) =      9.29379  eV     1   --> A              
     e( 53 - 53) =      9.36334  eV     1   --> B              
     e( 54 - 54) =      9.52209  eV     1   --> B              
     e( 55 - 55) =      9.54813  eV     1   --> A              
     e( 56 - 56) =      9.95990  eV     1   --> B              
     e( 57 - 57) =     10.61525  eV     1   --> A              
     e( 58 - 58) =     11.04168  eV     1   --> B              
     e( 59 - 59) =     13.49500  eV     1   --> A              
     e( 60 - 60) =     13.87006  eV     1   --> A              
     e( 61 - 61) =     14.27354  eV     1   --> B              
     e( 62 - 62) =     14.49256  eV     1   --> A              
     e( 63 - 63) =     15.03591  eV     1   --> B              
     e( 64 - 64) =     15.05078  eV     1   --> A              
     e( 65 - 65) =     17.59004  eV     1   --> A              
     e( 66 - 66) =     17.92104  eV     1   --> A              
     e( 67 - 67) =     18.14394  eV     1   --> B              
     e( 68 - 68) =     18.96378  eV     1   --> A              
     e( 69 - 69) =     19.45663  eV     1   --> B              
     e( 70 - 70) =     20.41461  eV     1   --> A              
     e( 71 - 71) =     21.84615  eV     1   --> B              
     e( 72 - 72) =     22.23969  eV     1   --> A              
     e( 73 - 73) =     22.80904  eV     1   --> B              
     e( 74 - 74) =     22.88648  eV     1   --> A              
     e( 75 - 75) =     23.27126  eV     1   --> A              
     e( 76 - 76) =     23.64323  eV     1   --> B              
     e( 77 - 77) =     23.86168  eV     1   --> A              
     e( 78 - 78) =     24.22914  eV     1   --> B              
     e( 79 - 79) =     24.52755  eV     1   --> A              
     e( 80 - 80) =     25.15859  eV     1   --> A              

 **************************************************************************

 **************************************************************************

                    xk=(   0.00000,   0.30682,   0.00000  )

     Band symmetry, C_2  (2)    point group:

     e(  1 -  1) =    -84.86866  eV     1   --> A              
     e(  2 -  2) =    -68.41484  eV     1   --> A              
     e(  3 -  3) =    -63.95346  eV     1   --> A              
     e(  4 -  4) =    -63.94350  eV     1   --> A              
     e(  5 -  5) =    -48.87382  eV     1   --> B              
     e(  6 -  6) =    -48.28984  eV     1   --> A              
     e(  7 -  7) =    -47.93462  eV     1   --> B              
     e(  8 -  8) =    -37.47595  eV     1   --> B              
     e(  9 -  9) =    -37.46920  eV     1   --> A              
     e( 10 - 10) =    -37.45071  eV     1   --> B              
     e( 11 - 11) =    -28.42678  eV     1   --> B              
     e( 12 - 12) =    -28.36952  eV     1   --> A              
     e( 13 - 13) =    -28.33375  eV     1   --> B              
     e( 14 - 14) =    -28.26125  eV     1   --> A              
     e( 15 - 15) =    -28.25922  eV     1   --> B              
     e( 16 - 16) =    -28.19843  eV     1   --> B              
     e( 17 - 17) =     -8.11058  eV     1   --> A              
     e( 18 - 18) =     -7.35497  eV     1   --> A              
     e( 19 - 19) =     -6.86685  eV     1   --> A              
     e( 20 - 20) =     -6.78777  eV     1   --> B              
     e( 21 - 21) =     -6.68000  eV     1   --> B              
     e( 22 - 22) =     -6.51531  eV     1   --> A              
     e( 23 - 23) =     -6.25046  eV     1   --> B              
     e( 24 - 24) =     -6.00735  eV     1   --> B              
     e( 25 - 25) =      3.41720  eV     1   --> A              
     e( 26 - 26) =      3.46141  eV     1   --> B              
     e( 27 - 27) =      3.58305  eV     1   --> A              
     e( 28 - 28) =      3.94933  eV     1   --> A              
     e( 29 - 29) =      4.23363  eV     1   --> B              
     e( 30 - 30) =      4.32595  eV     1   --> A              
     e( 31 - 31) =      4.69522  eV     1   --> A              
     e( 32 - 32) =      4.71604  eV     1   --> B              
     e( 33 - 33) =      5.07152  eV     1   --> A              
     e( 34 - 34) =      5.24444  eV     1   --> B              
     e( 35 - 35) =      5.25545  eV     1   --> A              
     e( 36 - 36) =      5.72819  eV     1   --> A              
     e( 37 - 37) =      5.97104  eV     1   --> B              
     e( 38 - 38) =      6.08156  eV     1   --> A              
     e( 39 - 39) =      6.59729  eV     1   --> A              
     e( 40 - 40) =      6.76627  eV     1   --> A              
     e( 41 - 41) =      6.82352  eV     1   --> B              
     e( 42 - 42) =      7.13156  eV     1   --> B              
     e( 43 - 43) =      7.38683  eV     1   --> A              
     e( 44 - 44) =      7.67199  eV     1   --> A              
     e( 45 - 45) =      7.67431  eV     1   --> B              
     e( 46 - 46) =      8.12032  eV     1   --> B              
     e( 47 - 47) =      8.28629  eV     1   --> B              
     e( 48 - 48) =      8.33843  eV     1   --> A              
     e( 49 - 49) =      8.45639  eV     1   --> A              
     e( 50 - 50) =      8.80732  eV     1   --> B              
     e( 51 - 51) =      9.15372  eV     1   --> B              
     e( 52 - 52) =      9.33601  eV     1   --> A              
     e( 53 - 53) =      9.36083  eV     1   --> B              
     e( 54 - 54) =      9.51169  eV     1   --> B              
     e( 55 - 55) =      9.55451  eV     1   --> A              
     e( 56 - 56) =      9.95451  eV     1   --> B              
     e( 57 - 57) =     10.64181  eV     1   --> A              
     e( 58 - 58) =     11.04713  eV     1   --> B              
     e( 59 - 59) =     13.46639  eV     1   --> A              
     e( 60 - 60) =     13.89687  eV     1   --> A              
     e( 61 - 61) =     14.30818  eV     1   --> B              
     e( 62 - 62) =     14.46945  eV     1   --> A              
     e( 63 - 63) =     15.00223  eV     1   --> B              
     e( 64 - 64) =     15.06909  eV     1   --> A              
     e( 65 - 65) =     17.70465  eV     1   --> A              
     e( 66 - 66) =     17.93234  eV     1   --> A              
     e( 67 - 67) =     18.10145  eV     1   --> B              
     e( 68 - 68) =     18.89675  eV     1   --> A              
     e( 69 - 69) =     19.44892  eV     1   --> B              
     e( 70 - 70) =     20.36055  eV     1   --> A              
     e( 71 - 71) =     21.94532  eV     1   --> B              
     e( 72 - 72) =     22.23137  eV     1   --> A              
     e( 73 - 73) =     22.87480  eV     1   --> A              
     e( 74 - 74) =     22.88031  eV     1   --> B              
     e( 75 - 75) =     23.27385  eV     1   --> A              
     e( 76 - 76) =     23.52844  eV     1   --> B              
     e( 77 - 77) =     23.95051  eV     1   --> A              
     e( 78 - 78) =     24.17192  eV     1   --> B              
     e( 79 - 79) =     24.53593  eV     1   --> A              
     e( 80 - 80) =     25.10452  eV     1   --> A              

 **************************************************************************

 **************************************************************************

                    xk=(   0.00000,   0.32728,   0.00000  )

     Band symmetry, C_2  (2)    point group:

     e(  1 -  1) =    -84.86866  eV     1   --> A              
     e(  2 -  2) =    -68.41484  eV     1   --> A              
     e(  3 -  3) =    -63.95347  eV     1   --> A              
     e(  4 -  4) =    -63.94349  eV     1   --> A              
     e(  5 -  5) =    -48.87382  eV     1   --> B              
     e(  6 -  6) =    -48.28984  eV     1   --> A              
     e(  7 -  7) =    -47.93462  eV     1   --> B              
     e(  8 -  8) =    -37.47595  eV     1   --> B              
     e(  9 -  9) =    -37.46919  eV     1   --> A              
     e( 10 - 10) =    -37.45071  eV     1   --> B              
     e( 11 - 11) =    -28.42672  eV     1   --> B              
     e( 12 - 12) =    -28.36933  eV     1   --> A              
     e( 13 - 13) =    -28.33375  eV     1   --> B              
     e( 14 - 14) =    -28.26147  eV     1   --> A              
     e( 15 - 15) =    -28.25925  eV     1   --> B              
     e( 16 - 16) =    -28.19848  eV     1   --> B              
     e( 17 - 17) =     -8.08648  eV     1   --> A              
     e( 18 - 18) =     -7.38545  eV     1   --> A              
     e( 19 - 19) =     -6.85911  eV     1   --> A              
     e( 20 - 20) =     -6.78845  eV     1   --> B              
     e( 21 - 21) =     -6.67854  eV     1   --> B              
     e( 22 - 22) =     -6.52136  eV     1   --> A              
     e( 23 - 23) =     -6.25169  eV     1   --> B              
     e( 24 - 24) =     -6.00767  eV     1   --> B              
     e( 25 - 25) =      3.43336  eV     1   --> A              
     e( 26 - 26) =      3.48272  eV     1   --> B              
     e( 27 - 27) =      3.58494  eV     1   --> A              
     e( 28 - 28) =      3.97329  eV     1   --> A              
     e( 29 - 29) =      4.23020  eV     1   --> B              
     e( 30 - 30) =      4.35282  eV     1   --> A              
     e( 31 - 31) =      4.69358  eV     1   --> A              
     e( 32 - 32) =      4.71321  eV     1   --> B              
     e( 33 - 33) =      5.04097  eV     1   --> A              
     e( 34 - 34) =      5.21364  eV     1   --> B              
     e( 35 - 35) =      5.25685  eV     1   --> A              
     e( 36 - 36) =      5.74113  eV     1   --> A              
     e( 37 - 37) =      5.95514  eV     1   --> B              
     e( 38 - 38) =      6.06470  eV     1   --> A              
     e( 39 - 39) =      6.62180  eV     1   --> A              
     e( 40 - 40) =      6.74187  eV     1   --> A              
     e( 41 - 41) =      6.85104  eV     1   --> B              
     e( 42 - 42) =      7.12387  eV     1   --> B              
     e( 43 - 43) =      7.32133  eV     1   --> A              
     e( 44 - 44) =      7.66186  eV     1   --> A              
     e( 45 - 45) =      7.67557  eV     1   --> B              
     e( 46 - 46) =      8.14188  eV     1   --> B              
     e( 47 - 47) =      8.28912  eV     1   --> B              
     e( 48 - 48) =      8.33061  eV     1   --> A              
     e( 49 - 49) =      8.43909  eV     1   --> A              
     e( 50 - 50) =      8.79054  eV     1   --> B              
     e( 51 - 51) =      9.17118  eV     1   --> B              
     e( 52 - 52) =      9.35984  eV     1   --> B              
     e( 53 - 53) =      9.37401  eV     1   --> A              
     e( 54 - 54) =      9.50389  eV     1   --> B              
     e( 55 - 55) =      9.55765  eV     1   --> A              
     e( 56 - 56) =      9.94842  eV     1   --> B              
     e( 57 - 57) =     10.66440  eV     1   --> A              
     e( 58 - 58) =     11.05183  eV     1   --> B              
     e( 59 - 59) =     13.44220  eV     1   --> A              
     e( 60 - 60) =     13.92245  eV     1   --> A              
     e( 61 - 61) =     14.34108  eV     1   --> B              
     e( 62 - 62) =     14.44657  eV     1   --> A              
     e( 63 - 63) =     14.97021  eV     1   --> B              
     e( 64 - 64) =     15.08491  eV     1   --> A              
     e( 65 - 65) =     17.80924  eV     1   --> A              
     e( 66 - 66) =     17.95091  eV     1   --> A              
     e( 67 - 67) =     18.06576  eV     1   --> B              
     e( 68 - 68) =     18.82248  eV     1   --> A              
     e( 69 - 69) =     19.44166  eV     1   --> B              
     e( 70 - 70) =     20.31659  eV     1   --> A              
     e( 71 - 71) =     22.04638  eV     1   --> B              
     e( 72 - 72) =     22.22365  eV     1   --> A              
     e( 73 - 73) =     22.86349  eV     1   --> A              
     e( 74 - 74) =     22.93509  eV     1   --> B              
     e( 75 - 75) =     23.27740  eV     1   --> A              
     e( 76 - 76) =     23.42657  eV     1   --> B              
     e( 77 - 77) =     24.03549  eV     1   --> A              
     e( 78 - 78) =     24.11655  eV     1   --> B              
     e( 79 - 79) =     24.54740  eV     1   --> A              
     e( 80 - 80) =     25.03753  eV     1   --> A              

 **************************************************************************

 **************************************************************************

                    xk=(   0.00000,   0.34773,   0.00000  )

     Band symmetry, C_2  (2)    point group:

     e(  1 -  1) =    -84.86866  eV     1   --> A              
     e(  2 -  2) =    -68.41484  eV     1   --> A              
     e(  3 -  3) =    -63.95347  eV     1   --> A              
     e(  4 -  4) =    -63.94347  eV     1   --> A              
     e(  5 -  5) =    -48.87382  eV     1   --> B              
     e(  6 -  6) =    -48.28984  eV     1   --> A              
     e(  7 -  7) =    -47.93462  eV     1   --> B              
     e(  8 -  8) =    -37.47595  eV     1   --> B              
     e(  9 -  9) =    -37.46919  eV     1   --> A              
     e( 10 - 10) =    -37.45071  eV     1   --> B              
     e( 11 - 11) =    -28.42667  eV     1   --> B              
     e( 12 - 12) =    -28.36918  eV     1   --> A              
     e( 13 - 13) =    -28.33376  eV     1   --> B              
     e( 14 - 14) =    -28.26164  eV     1   --> A              
     e( 15 - 15) =    -28.25928  eV     1   --> B              
     e( 16 - 16) =    -28.19853  eV     1   --> B              
     e( 17 - 17) =     -8.06550  eV     1   --> A              
     e( 18 - 18) =     -7.41162  eV     1   --> A              
     e( 19 - 19) =     -6.85233  eV     1   --> A              
     e( 20 - 20) =     -6.78898  eV     1   --> B              
     e( 21 - 21) =     -6.67737  eV     1   --> B              
     e( 22 - 22) =     -6.52670  eV     1   --> A              
     e( 23 - 23) =     -6.25269  eV     1   --> B              
     e( 24 - 24) =     -6.00792  eV     1   --> B              
     e( 25 - 25) =      3.44692  eV     1   --> A              
     e( 26 - 26) =      3.50050  eV     1   --> B              
     e( 27 - 27) =      3.58608  eV     1   --> A              
     e( 28 - 28) =      3.99400  eV     1   --> A              
     e( 29 - 29) =      4.22744  eV     1   --> B              
     e( 30 - 30) =      4.37548  eV     1   --> A              
     e( 31 - 31) =      4.68999  eV     1   --> A              
     e( 32 - 32) =      4.71045  eV     1   --> B              
     e( 33 - 33) =      5.01482  eV     1   --> A              
     e( 34 - 34) =      5.18844  eV     1   --> B              
     e( 35 - 35) =      5.26043  eV     1   --> A              
     e( 36 - 36) =      5.74429  eV     1   --> A              
     e( 37 - 37) =      5.94301  eV     1   --> B              
     e( 38 - 38) =      6.05954  eV     1   --> A              
     e( 39 - 39) =      6.64815  eV     1   --> A              
     e( 40 - 40) =      6.72147  eV     1   --> A              
     e( 41 - 41) =      6.87665  eV     1   --> B              
     e( 42 - 42) =      7.11488  eV     1   --> B              
     e( 43 - 43) =      7.25835  eV     1   --> A              
     e( 44 - 44) =      7.65587  eV     1   --> A              
     e( 45 - 45) =      7.67448  eV     1   --> B              
     e( 46 - 46) =      8.16208  eV     1   --> B              
     e( 47 - 47) =      8.29054  eV     1   --> B              
     e( 48 - 48) =      8.32399  eV     1   --> A              
     e( 49 - 49) =      8.42590  eV     1   --> A              
     e( 50 - 50) =      8.77502  eV     1   --> B              
     e( 51 - 51) =      9.18518  eV     1   --> B              
     e( 52 - 52) =      9.36044  eV     1   --> B              
     e( 53 - 53) =      9.40663  eV     1   --> A              
     e( 54 - 54) =      9.49842  eV     1   --> B              
     e( 55 - 55) =      9.55783  eV     1   --> A              
     e( 56 - 56) =      9.94243  eV     1   --> B              
     e( 57 - 57) =     10.68253  eV     1   --> A              
     e( 58 - 58) =     11.05563  eV     1   --> B              
     e( 59 - 59) =     13.42292  eV     1   --> A              
     e( 60 - 60) =     13.94526  eV     1   --> A              
     e( 61 - 61) =     14.37051  eV     1   --> B              
     e( 62 - 62) =     14.42566  eV     1   --> A              
     e( 63 - 63) =     14.94153  eV     1   --> B              
     e( 64 - 64) =     15.09769  eV     1   --> A              
     e( 65 - 65) =     17.88043  eV     1   --> A              
     e( 66 - 66) =     17.99699  eV     1   --> A              
     e( 67 - 67) =     18.03742  eV     1   --> B              
     e( 68 - 68) =     18.74347  eV     1   --> A              
     e( 69 - 69) =     19.43543  eV     1   --> B              
     e( 70 - 70) =     20.28277  eV     1   --> A              
     e( 71 - 71) =     22.14524  eV     1   --> B              
     e( 72 - 72) =     22.21708  eV     1   --> A              
     e( 73 - 73) =     22.85363  eV     1   --> A              
     e( 74 - 74) =     22.96105  eV     1   --> B              
     e( 75 - 75) =     23.28108  eV     1   --> A              
     e( 76 - 76) =     23.35125  eV     1   --> B              
     e( 77 - 77) =     24.06584  eV     1   --> B              
     e( 78 - 78) =     24.11247  eV     1   --> A              
     e( 79 - 79) =     24.56386  eV     1   --> A              
     e( 80 - 80) =     24.96317  eV     1   --> A              

 **************************************************************************

 **************************************************************************

                    xk=(   0.00000,   0.36819,   0.00000  )

     Band symmetry, C_2  (2)    point group:

     e(  1 -  1) =    -84.86866  eV     1   --> A              
     e(  2 -  2) =    -68.41484  eV     1   --> A              
     e(  3 -  3) =    -63.95347  eV     1   --> A              
     e(  4 -  4) =    -63.94347  eV     1   --> A              
     e(  5 -  5) =    -48.87382  eV     1   --> B              
     e(  6 -  6) =    -48.28984  eV     1   --> A              
     e(  7 -  7) =    -47.93462  eV     1   --> B              
     e(  8 -  8) =    -37.47595  eV     1   --> B              
     e(  9 -  9) =    -37.46919  eV     1   --> A              
     e( 10 - 10) =    -37.45071  eV     1   --> B              
     e( 11 - 11) =    -28.42664  eV     1   --> B              
     e( 12 - 12) =    -28.36907  eV     1   --> A              
     e( 13 - 13) =    -28.33377  eV     1   --> B              
     e( 14 - 14) =    -28.26177  eV     1   --> A              
     e( 15 - 15) =    -28.25931  eV     1   --> B              
     e( 16 - 16) =    -28.19856  eV     1   --> B              
     e( 17 - 17) =     -8.04905  eV     1   --> A              
     e( 18 - 18) =     -7.43192  eV     1   --> A              
     e( 19 - 19) =     -6.84705  eV     1   --> A              
     e( 20 - 20) =     -6.78937  eV     1   --> B              
     e( 21 - 21) =     -6.67651  eV     1   --> B              
     e( 22 - 22) =     -6.53090  eV     1   --> A              
     e( 23 - 23) =     -6.25342  eV     1   --> B              
     e( 24 - 24) =     -6.00810  eV     1   --> B              
     e( 25 - 25) =      3.45721  eV     1   --> A              
     e( 26 - 26) =      3.51389  eV     1   --> B              
     e( 27 - 27) =      3.58665  eV     1   --> A              
     e( 28 - 28) =      4.01011  eV     1   --> A              
     e( 29 - 29) =      4.22543  eV     1   --> B              
     e( 30 - 30) =      4.39285  eV     1   --> A              
     e( 31 - 31) =      4.68561  eV     1   --> A              
     e( 32 - 32) =      4.70810  eV     1   --> B              
     e( 33 - 33) =      4.99520  eV     1   --> A              
     e( 34 - 34) =      5.16979  eV     1   --> B              
     e( 35 - 35) =      5.26442  eV     1   --> A              
     e( 36 - 36) =      5.74130  eV     1   --> A              
     e( 37 - 37) =      5.93447  eV     1   --> B              
     e( 38 - 38) =      6.06154  eV     1   --> A              
     e( 39 - 39) =      6.67337  eV     1   --> A              
     e( 40 - 40) =      6.70628  eV     1   --> A              
     e( 41 - 41) =      6.89822  eV     1   --> B              
     e( 42 - 42) =      7.10588  eV     1   --> B              
     e( 43 - 43) =      7.20431  eV     1   --> A              
     e( 44 - 44) =      7.65239  eV     1   --> A              
     e( 45 - 45) =      7.67247  eV     1   --> B              
     e( 46 - 46) =      8.17903  eV     1   --> B              
     e( 47 - 47) =      8.29079  eV     1   --> B              
     e( 48 - 48) =      8.31890  eV     1   --> A              
     e( 49 - 49) =      8.41670  eV     1   --> A              
     e( 50 - 50) =      8.76233  eV     1   --> B              
     e( 51 - 51) =      9.19496  eV     1   --> B              
     e( 52 - 52) =      9.36206  eV     1   --> B              
     e( 53 - 53) =      9.43254  eV     1   --> A              
     e( 54 - 54) =      9.49492  eV     1   --> B              
     e( 55 - 55) =      9.55577  eV     1   --> A              
     e( 56 - 56) =      9.93737  eV     1   --> B              
     e( 57 - 57) =     10.69578  eV     1   --> A              
     e( 58 - 58) =     11.05842  eV     1   --> B              
     e( 59 - 59) =     13.40891  eV     1   --> A              
     e( 60 - 60) =     13.96359  eV     1   --> A              
     e( 61 - 61) =     14.39429  eV     1   --> B              
     e( 62 - 62) =     14.40859  eV     1   --> A              
     e( 63 - 63) =     14.91832  eV     1   --> B              
     e( 64 - 64) =     15.10708  eV     1   --> A              
     e( 65 - 65) =     17.90695  eV     1   --> A              
     e( 66 - 66) =     18.01686  eV     1   --> B              
     e( 67 - 67) =     18.07629  eV     1   --> A              
     e( 68 - 68) =     18.66503  eV     1   --> A              
     e( 69 - 69) =     19.43066  eV     1   --> B              
     e( 70 - 70) =     20.25889  eV     1   --> A              
     e( 71 - 71) =     22.21206  eV     1   --> A              
     e( 72 - 72) =     22.23477  eV     1   --> B              
     e( 73 - 73) =     22.84604  eV     1   --> A              
     e( 74 - 74) =     22.94944  eV     1   --> B              
     e( 75 - 75) =     23.28420  eV     1   --> A              
     e( 76 - 76) =     23.31446  eV     1   --> B              
     e( 77 - 77) =     24.02382  eV     1   --> B              
     e( 78 - 78) =     24.17545  eV     1   --> A              
     e( 79 - 79) =     24.58747  eV     1   --> A              
     e( 80 - 80) =     24.88819  eV     1   --> A              

 **************************************************************************

 **************************************************************************

                    xk=(   0.00000,   0.38864,   0.00000  )

     Band symmetry, C_2  (2)    point group:

     e(  1 -  1) =    -84.86866  eV     1   --> A              
     e(  2 -  2) =    -68.41484  eV     1   --> A              
     e(  3 -  3) =    -63.95347  eV     1   --> A              
     e(  4 -  4) =    -63.94346  eV     1   --> A              
     e(  5 -  5) =    -48.87382  eV     1   --> B              
     e(  6 -  6) =    -48.28984  eV     1   --> A              
     e(  7 -  7) =    -47.93462  eV     1   --> B              
     e(  8 -  8) =    -37.47595  eV     1   --> B              
     e(  9 -  9) =    -37.46919  eV     1   --> A              
     e( 10 - 10) =    -37.45071  eV     1   --> B              
     e( 11 - 11) =    -28.42661  eV     1   --> B              
     e( 12 - 12) =    -28.36901  eV     1   --> A              
     e( 13 - 13) =    -28.33377  eV     1   --> B              
     e( 14 - 14) =    -28.26185  eV     1   --> A              
     e( 15 - 15) =    -28.25932  eV     1   --> B              
     e( 16 - 16) =    -28.19858  eV     1   --> B              
     e( 17 - 17) =     -8.03847  eV     1   --> A              
     e( 18 - 18) =     -7.44485  eV     1   --> A              
     e( 19 - 19) =     -6.84368  eV     1   --> A              
     e( 20 - 20) =     -6.78960  eV     1   --> B              
     e( 21 - 21) =     -6.67599  eV     1   --> B              
     e( 22 - 22) =     -6.53360  eV     1   --> A              
     e( 23 - 23) =     -6.25387  eV     1   --> B              
     e( 24 - 24) =     -6.00821  eV     1   --> B              
     e( 25 - 25) =      3.46367  eV     1   --> A              
     e( 26 - 26) =      3.52224  eV     1   --> B              
     e( 27 - 27) =      3.58686  eV     1   --> A              
     e( 28 - 28) =      4.02039  eV     1   --> A              
     e( 29 - 29) =      4.22420  eV     1   --> B              
     e( 30 - 30) =      4.40384  eV     1   --> A              
     e( 31 - 31) =      4.68201  eV     1   --> A              
     e( 32 - 32) =      4.70651  eV     1   --> B              
     e( 33 - 33) =      4.98315  eV     1   --> A              
     e( 34 - 34) =      5.15834  eV     1   --> B              
     e( 35 - 35) =      5.26746  eV     1   --> A              
     e( 36 - 36) =      5.73705  eV     1   --> A              
     e( 37 - 37) =      5.92940  eV     1   --> B              
     e( 38 - 38) =      6.06530  eV     1   --> A              
     e( 39 - 39) =      6.69020  eV     1   --> A              
     e( 40 - 40) =      6.69937  eV     1   --> A              
     e( 41 - 41) =      6.91307  eV     1   --> B              
     e( 42 - 42) =      7.09886  eV     1   --> B              
     e( 43 - 43) =      7.16665  eV     1   --> A              
     e( 44 - 44) =      7.65057  eV     1   --> A              
     e( 45 - 45) =      7.67073  eV     1   --> B              
     e( 46 - 46) =      8.19055  eV     1   --> B              
     e( 47 - 47) =      8.29042  eV     1   --> B              
     e( 48 - 48) =      8.31569  eV     1   --> A              
     e( 49 - 49) =      8.41130  eV     1   --> A              
     e( 50 - 50) =      8.75398  eV     1   --> B              
     e( 51 - 51) =      9.20057  eV     1   --> B              
     e( 52 - 52) =      9.36369  eV     1   --> B              
     e( 53 - 53) =      9.44984  eV     1   --> A              
     e( 54 - 54) =      9.49303  eV     1   --> B              
     e( 55 - 55) =      9.55293  eV     1   --> A              
     e( 56 - 56) =      9.93397  eV     1   --> B              
     e( 57 - 57) =     10.70385  eV     1   --> A              
     e( 58 - 58) =     11.06013  eV     1   --> B              
     e( 59 - 59) =     13.40040  eV     1   --> A              
     e( 60 - 60) =     13.97559  eV     1   --> A              
     e( 61 - 61) =     14.39731  eV     1   --> A              
     e( 62 - 62) =     14.40998  eV     1   --> B              
     e( 63 - 63) =     14.90300  eV     1   --> B              
     e( 64 - 64) =     15.11281  eV     1   --> A              
     e( 65 - 65) =     17.91566  eV     1   --> A              
     e( 66 - 66) =     18.00440  eV     1   --> B              
     e( 67 - 67) =     18.14974  eV     1   --> A              
     e( 68 - 68) =     18.59929  eV     1   --> A              
     e( 69 - 69) =     19.42767  eV     1   --> B              
     e( 70 - 70) =     20.24471  eV     1   --> A              
     e( 71 - 71) =     22.20893  eV     1   --> A              
     e( 72 - 72) =     22.30202  eV     1   --> B              
     e( 73 - 73) =     22.84126  eV     1   --> A              
     e( 74 - 74) =     22.91747  eV     1   --> B              
     e( 75 - 75) =     23.28626  eV     1   --> A              
     e( 76 - 76) =     23.30700  eV     1   --> B              
     e( 77 - 77) =     23.99544  eV     1   --> B              
     e( 78 - 78) =     24.21720  eV     1   --> A              
     e( 79 - 79) =     24.61680  eV     1   --> A              
     e( 80 - 80) =     24.82329  eV     1   --> A              

 **************************************************************************

 **************************************************************************

                    xk=(   0.00000,   0.40910,   0.00000  )

     Band symmetry, C_2  (2)    point group:

     e(  1 -  1) =    -84.86866  eV     1   --> A              
     e(  2 -  2) =    -68.41484  eV     1   --> A              
     e(  3 -  3) =    -63.95347  eV     1   --> A              
     e(  4 -  4) =    -63.94346  eV     1   --> A              
     e(  5 -  5) =    -48.87382  eV     1   --> B              
     e(  6 -  6) =    -48.28984  eV     1   --> A              
     e(  7 -  7) =    -47.93462  eV     1   --> B              
     e(  8 -  8) =    -37.47595  eV     1   --> B              
     e(  9 -  9) =    -37.46919  eV     1   --> A              
     e( 10 - 10) =    -37.45071  eV     1   --> B              
     e( 11 - 11) =    -28.42661  eV     1   --> B              
     e( 12 - 12) =    -28.36898  eV     1   --> A              
     e( 13 - 13) =    -28.33377  eV     1   --> B              
     e( 14 - 14) =    -28.26188  eV     1   --> A              
     e( 15 - 15) =    -28.25933  eV     1   --> B              
     e( 16 - 16) =    -28.19859  eV     1   --> B              
     e( 17 - 17) =     -8.03481  eV     1   --> A              
     e( 18 - 18) =     -7.44930  eV     1   --> A              
     e( 19 - 19) =     -6.84252  eV     1   --> A              
     e( 20 - 20) =     -6.78968  eV     1   --> B              
     e( 21 - 21) =     -6.67582  eV     1   --> B              
     e( 22 - 22) =     -6.53453  eV     1   --> A              
     e( 23 - 23) =     -6.25402  eV     1   --> B              
     e( 24 - 24) =     -6.00825  eV     1   --> B              
     e( 25 - 25) =      3.46588  eV     1   --> A              
     e( 26 - 26) =      3.52507  eV     1   --> B              
     e( 27 - 27) =      3.58691  eV     1   --> A              
     e( 28 - 28) =      4.02393  eV     1   --> A              
     e( 29 - 29) =      4.22379  eV     1   --> B              
     e( 30 - 30) =      4.40761  eV     1   --> A              
     e( 31 - 31) =      4.68061  eV     1   --> A              
     e( 32 - 32) =      4.70595  eV     1   --> B              
     e( 33 - 33) =      4.97910  eV     1   --> A              
     e( 34 - 34) =      5.15449  eV     1   --> B              
     e( 35 - 35) =      5.26859  eV     1   --> A              
     e( 36 - 36) =      5.73520  eV     1   --> A              
     e( 37 - 37) =      5.92772  eV     1   --> B              
     e( 38 - 38) =      6.06699  eV     1   --> A              
     e( 39 - 39) =      6.69078  eV     1   --> A              
     e( 40 - 40) =      6.70306  eV     1   --> A              
     e( 41 - 41) =      6.91844  eV     1   --> B              
     e( 42 - 42) =      7.09615  eV     1   --> B              
     e( 43 - 43) =      7.15293  eV     1   --> A              
     e( 44 - 44) =      7.65000  eV     1   --> A              
     e( 45 - 45) =      7.67006  eV     1   --> B              
     e( 46 - 46) =      8.19468  eV     1   --> B              
     e( 47 - 47) =      8.29017  eV     1   --> B              
     e( 48 - 48) =      8.31460  eV     1   --> A              
     e( 49 - 49) =      8.40953  eV     1   --> A              
     e( 50 - 50) =      8.75105  eV     1   --> B              
     e( 51 - 51) =      9.20238  eV     1   --> B              
     e( 52 - 52) =      9.36436  eV     1   --> B              
     e( 53 - 53) =      9.45606  eV     1   --> A              
     e( 54 - 54) =      9.49244  eV     1   --> B              
     e( 55 - 55) =      9.55156  eV     1   --> A              
     e( 56 - 56) =      9.93277  eV     1   --> B              
     e( 57 - 57) =     10.70656  eV     1   --> A              
     e( 58 - 58) =     11.06070  eV     1   --> B              
     e( 59 - 59) =     13.39754  eV     1   --> A              
     e( 60 - 60) =     13.97978  eV     1   --> A              
     e( 61 - 61) =     14.39334  eV     1   --> A              
     e( 62 - 62) =     14.41549  eV     1   --> B              
     e( 63 - 63) =     14.89761  eV     1   --> B              
     e( 64 - 64) =     15.11473  eV     1   --> A              
     e( 65 - 65) =     17.91792  eV     1   --> A              
     e( 66 - 66) =     18.00023  eV     1   --> B              
     e( 67 - 67) =     18.18118  eV     1   --> A              
     e( 68 - 68) =     18.57106  eV     1   --> A              
     e( 69 - 69) =     19.42665  eV     1   --> B              
     e( 70 - 70) =     20.24001  eV     1   --> A              
     e( 71 - 71) =     22.20786  eV     1   --> A              
     e( 72 - 72) =     22.32812  eV     1   --> B              
     e( 73 - 73) =     22.83963  eV     1   --> A              
     e( 74 - 74) =     22.90075  eV     1   --> B              
     e( 75 - 75) =     23.28699  eV     1   --> A              
     e( 76 - 76) =     23.30755  eV     1   --> B              
     e( 77 - 77) =     23.98532  eV     1   --> B              
     e( 78 - 78) =     24.23183  eV     1   --> A              
     e( 79 - 79) =     24.63419  eV     1   --> A              
     e( 80 - 80) =     24.79319  eV     1   --> A              

 **************************************************************************

 **************************************************************************

                    xk=(   0.02500,   0.40910,   0.00030  )

     point group C_1 (1)    
     there are  1 classes
     the character table:

       E    
A      1.00

     the symmetry operations in each class and the name of the first element:

     E        1
                                                                 

     Band symmetry, C_1 (1)     point group:

     e(  1 -  1) =    -84.86866  eV     1   --> A              
     e(  2 -  2) =    -68.41484  eV     1   --> A              
     e(  3 -  3) =    -63.95347  eV     1   --> A              
     e(  4 -  4) =    -63.94346  eV     1   --> A              
     e(  5 -  5) =    -48.87382  eV     1   --> A              
     e(  6 -  6) =    -48.28984  eV     1   --> A              
     e(  7 -  7) =    -47.93462  eV     1   --> A              
     e(  8 -  8) =    -37.47595  eV     1   --> A              
     e(  9 -  9) =    -37.46919  eV     1   --> A              
     e( 10 - 10) =    -37.45071  eV     1   --> A              
     e( 11 - 11) =    -28.42661  eV     1   --> A              
     e( 12 - 12) =    -28.36898  eV     1   --> A              
     e( 13 - 13) =    -28.33378  eV     1   --> A              
     e( 14 - 14) =    -28.26187  eV     1   --> A              
     e( 15 - 15) =    -28.25934  eV     1   --> A              
     e( 16 - 16) =    -28.19859  eV     1   --> A              
     e( 17 - 17) =     -8.03373  eV     1   --> A              
     e( 18 - 18) =     -7.44880  eV     1   --> A              
     e( 19 - 19) =     -6.84512  eV     1   --> A              
     e( 20 - 20) =     -6.78822  eV     1   --> A              
     e( 21 - 21) =     -6.67860  eV     1   --> A              
     e( 22 - 22) =     -6.53176  eV     1   --> A              
     e( 23 - 23) =     -6.25313  eV     1   --> A              
     e( 24 - 24) =     -6.00962  eV     1   --> A              
     e( 25 - 25) =      3.46621  eV     1   --> A              
     e( 26 - 26) =      3.52182  eV     1   --> A              
     e( 27 - 27) =      3.58599  eV     1   --> A              
     e( 28 - 28) =      4.02512  eV     1   --> A              
     e( 29 - 29) =      4.22548  eV     1   --> A              
     e( 30 - 30) =      4.41171  eV     1   --> A              
     e( 31 - 31) =      4.66446  eV     1   --> A              
     e( 32 - 32) =      4.70884  eV     1   --> A              
     e( 33 - 33) =      4.97826  eV     1   --> A              
     e( 34 - 34) =      5.13855  eV     1   --> A              
     e( 35 - 35) =      5.29773  eV     1   --> A              
     e( 36 - 36) =      5.73810  eV     1   --> A              
     e( 37 - 37) =      5.92446  eV     1   --> A              
     e( 38 - 38) =      6.06923  eV     1   --> A              
     e( 39 - 39) =      6.68597  eV     1   --> A              
     e( 40 - 40) =      6.70422  eV     1   --> A              
     e( 41 - 41) =      6.92471  eV     1   --> A              
     e( 42 - 42) =      7.09469  eV     1   --> A              
     e( 43 - 43) =      7.15965  eV     1   --> A              
     e( 44 - 44) =      7.61562  eV     1   --> A              
     e( 45 - 45) =      7.70635  eV     1   --> A              
     e( 46 - 46) =      8.18117  eV     1   --> A              
     e( 47 - 47) =      8.28090  eV     1   --> A              
     e( 48 - 48) =      8.31746  eV     1   --> A              
     e( 49 - 49) =      8.42305  eV     1   --> A              
     e( 50 - 50) =      8.75124  eV     1   --> A              
     e( 51 - 51) =      9.19848  eV     1   --> A              
     e( 52 - 52) =      9.36091  eV     1   --> A              
     e( 53 - 53) =      9.43009  eV     1   --> A              
     e( 54 - 54) =      9.51431  eV     1   --> A              
     e( 55 - 55) =      9.55631  eV     1   --> A              
     e( 56 - 56) =      9.93112  eV     1   --> A              
     e( 57 - 57) =     10.70874  eV     1   --> A              
     e( 58 - 58) =     11.05722  eV     1   --> A              
     e( 59 - 59) =     13.39872  eV     1   --> A              
     e( 60 - 60) =     13.97952  eV     1   --> A              
     e( 61 - 61) =     14.38284  eV     1   --> A              
     e( 62 - 62) =     14.42942  eV     1   --> A              
     e( 63 - 63) =     14.89209  eV     1   --> A              
     e( 64 - 64) =     15.11658  eV     1   --> A              
     e( 65 - 65) =     17.92067  eV     1   --> A              
     e( 66 - 66) =     18.00295  eV     1   --> A              
     e( 67 - 67) =     18.18881  eV     1   --> A              
     e( 68 - 68) =     18.55894  eV     1   --> A              
     e( 69 - 69) =     19.43744  eV     1   --> A              
     e( 70 - 70) =     20.24035  eV     1   --> A              
     e( 71 - 71) =     22.17011  eV     1   --> A              
     e( 72 - 72) =     22.35444  eV     1   --> A              
     e( 73 - 73) =     22.82604  eV     1   --> A              
     e( 74 - 74) =     22.89710  eV     1   --> A              
     e( 75 - 75) =     23.26523  eV     1   --> A              
     e( 76 - 76) =     23.34178  eV     1   --> A              
     e( 77 - 77) =     23.99365  eV     1   --> A              
     e( 78 - 78) =     24.23460  eV     1   --> A              
     e( 79 - 79) =     24.63572  eV     1   --> A              
     e( 80 - 80) =     24.79702  eV     1   --> A              

 **************************************************************************

 **************************************************************************

                    xk=(   0.05000,   0.40910,   0.00061  )

     Band symmetry, C_1 (1)     point group:

     e(  1 -  1) =    -84.86866  eV     1   --> A              
     e(  2 -  2) =    -68.41484  eV     1   --> A              
     e(  3 -  3) =    -63.95348  eV     1   --> A              
     e(  4 -  4) =    -63.94346  eV     1   --> A              
     e(  5 -  5) =    -48.87382  eV     1   --> A              
     e(  6 -  6) =    -48.28984  eV     1   --> A              
     e(  7 -  7) =    -47.93462  eV     1   --> A              
     e(  8 -  8) =    -37.47596  eV     1   --> A              
     e(  9 -  9) =    -37.46919  eV     1   --> A              
     e( 10 - 10) =    -37.45071  eV     1   --> A              
     e( 11 - 11) =    -28.42661  eV     1   --> A              
     e( 12 - 12) =    -28.36896  eV     1   --> A              
     e( 13 - 13) =    -28.33383  eV     1   --> A              
     e( 14 - 14) =    -28.26187  eV     1   --> A              
     e( 15 - 15) =    -28.25937  eV     1   --> A              
     e( 16 - 16) =    -28.19860  eV     1   --> A              
     e( 17 - 17) =     -8.03050  eV     1   --> A              
     e( 18 - 18) =     -7.44730  eV     1   --> A              
     e( 19 - 19) =     -6.85230  eV     1   --> A              
     e( 20 - 20) =     -6.78441  eV     1   --> A              
     e( 21 - 21) =     -6.68630  eV     1   --> A              
     e( 22 - 22) =     -6.52409  eV     1   --> A              
     e( 23 - 23) =     -6.25052  eV     1   --> A              
     e( 24 - 24) =     -6.01371  eV     1   --> A              
     e( 25 - 25) =      3.46665  eV     1   --> A              
     e( 26 - 26) =      3.51296  eV     1   --> A              
     e( 27 - 27) =      3.58326  eV     1   --> A              
     e( 28 - 28) =      4.02808  eV     1   --> A              
     e( 29 - 29) =      4.23117  eV     1   --> A              
     e( 30 - 30) =      4.42266  eV     1   --> A              
     e( 31 - 31) =      4.62409  eV     1   --> A              
     e( 32 - 32) =      4.71536  eV     1   --> A              
     e( 33 - 33) =      4.96451  eV     1   --> A              
     e( 34 - 34) =      5.12735  eV     1   --> A              
     e( 35 - 35) =      5.35405  eV     1   --> A              
     e( 36 - 36) =      5.74775  eV     1   --> A              
     e( 37 - 37) =      5.91567  eV     1   --> A              
     e( 38 - 38) =      6.07495  eV     1   --> A              
     e( 39 - 39) =      6.65749  eV     1   --> A              
     e( 40 - 40) =      6.72487  eV     1   --> A              
     e( 41 - 41) =      6.93989  eV     1   --> A              
     e( 42 - 42) =      7.09068  eV     1   --> A              
     e( 43 - 43) =      7.17881  eV     1   --> A              
     e( 44 - 44) =      7.57844  eV     1   --> A              
     e( 45 - 45) =      7.74969  eV     1   --> A              
     e( 46 - 46) =      8.14863  eV     1   --> A              
     e( 47 - 47) =      8.26253  eV     1   --> A              
     e( 48 - 48) =      8.31546  eV     1   --> A              
     e( 49 - 49) =      8.45704  eV     1   --> A              
     e( 50 - 50) =      8.75136  eV     1   --> A              
     e( 51 - 51) =      9.18642  eV     1   --> A              
     e( 52 - 52) =      9.35114  eV     1   --> A              
     e( 53 - 53) =      9.39478  eV     1   --> A              
     e( 54 - 54) =      9.52818  eV     1   --> A              
     e( 55 - 55) =      9.58019  eV     1   --> A              
     e( 56 - 56) =      9.92639  eV     1   --> A              
     e( 57 - 57) =     10.71506  eV     1   --> A              
     e( 58 - 58) =     11.04686  eV     1   --> A              
     e( 59 - 59) =     13.40228  eV     1   --> A              
     e( 60 - 60) =     13.97875  eV     1   --> A              
     e( 61 - 61) =     14.36766  eV     1   --> A              
     e( 62 - 62) =     14.45467  eV     1   --> A              
     e( 63 - 63) =     14.87653  eV     1   --> A              
     e( 64 - 64) =     15.12124  eV     1   --> A              
     e( 65 - 65) =     17.92886  eV     1   --> A              
     e( 66 - 66) =     18.01129  eV     1   --> A              
     e( 67 - 67) =     18.21132  eV     1   --> A              
     e( 68 - 68) =     18.52460  eV     1   --> A              
     e( 69 - 69) =     19.46789  eV     1   --> A              
     e( 70 - 70) =     20.24137  eV     1   --> A              
     e( 71 - 71) =     22.09681  eV     1   --> A              
     e( 72 - 72) =     22.39095  eV     1   --> A              
     e( 73 - 73) =     22.78878  eV     1   --> A              
     e( 74 - 74) =     22.89211  eV     1   --> A              
     e( 75 - 75) =     23.24798  eV     1   --> A              
     e( 76 - 76) =     23.38869  eV     1   --> A              
     e( 77 - 77) =     24.01929  eV     1   --> A              
     e( 78 - 78) =     24.24295  eV     1   --> A              
     e( 79 - 79) =     24.64000  eV     1   --> A              
     e( 80 - 80) =     24.80883  eV     1   --> A              

 **************************************************************************

 **************************************************************************

                    xk=(   0.07500,   0.40910,   0.00091  )

     Band symmetry, C_1 (1)     point group:

     e(  1 -  1) =    -84.86866  eV     1   --> A              
     e(  2 -  2) =    -68.41484  eV     1   --> A              
     e(  3 -  3) =    -63.95350  eV     1   --> A              
     e(  4 -  4) =    -63.94346  eV     1   --> A              
     e(  5 -  5) =    -48.87382  eV     1   --> A              
     e(  6 -  6) =    -48.28984  eV     1   --> A              
     e(  7 -  7) =    -47.93462  eV     1   --> A              
     e(  8 -  8) =    -37.47596  eV     1   --> A              
     e(  9 -  9) =    -37.46919  eV     1   --> A              
     e( 10 - 10) =    -37.45071  eV     1   --> A              
     e( 11 - 11) =    -28.42661  eV     1   --> A              
     e( 12 - 12) =    -28.36894  eV     1   --> A              
     e( 13 - 13) =    -28.33389  eV     1   --> A              
     e( 14 - 14) =    -28.26186  eV     1   --> A              
     e( 15 - 15) =    -28.25943  eV     1   --> A              
     e( 16 - 16) =    -28.19862  eV     1   --> A              
     e( 17 - 17) =     -8.02518  eV     1   --> A              
     e( 18 - 18) =     -7.44483  eV     1   --> A              
     e( 19 - 19) =     -6.86298  eV     1   --> A              
     e( 20 - 20) =     -6.77923  eV     1   --> A              
     e( 21 - 21) =     -6.69748  eV     1   --> A              
     e( 22 - 22) =     -6.51291  eV     1   --> A              
     e( 23 - 23) =     -6.24634  eV     1   --> A              
     e( 24 - 24) =     -6.02042  eV     1   --> A              
     e( 25 - 25) =      3.46466  eV     1   --> A              
     e( 26 - 26) =      3.50183  eV     1   --> A              
     e( 27 - 27) =      3.57889  eV     1   --> A              
     e( 28 - 28) =      4.03146  eV     1   --> A              
     e( 29 - 29) =      4.24195  eV     1   --> A              
     e( 30 - 30) =      4.43568  eV     1   --> A              
     e( 31 - 31) =      4.57279  eV     1   --> A              
     e( 32 - 32) =      4.72511  eV     1   --> A              
     e( 33 - 33) =      4.92990  eV     1   --> A              
     e( 34 - 34) =      5.14313  eV     1   --> A              
     e( 35 - 35) =      5.41249  eV     1   --> A              
     e( 36 - 36) =      5.76688  eV     1   --> A              
     e( 37 - 37) =      5.90346  eV     1   --> A              
     e( 38 - 38) =      6.08197  eV     1   --> A              
     e( 39 - 39) =      6.61662  eV     1   --> A              
     e( 40 - 40) =      6.75748  eV     1   --> A              
     e( 41 - 41) =      6.95831  eV     1   --> A              
     e( 42 - 42) =      7.08516  eV     1   --> A              
     e( 43 - 43) =      7.20782  eV     1   --> A              
     e( 44 - 44) =      7.55075  eV     1   --> A              
     e( 45 - 45) =      7.78910  eV     1   --> A              
     e( 46 - 46) =      8.10848  eV     1   --> A              
     e( 47 - 47) =      8.23966  eV     1   --> A              
     e( 48 - 48) =      8.30495  eV     1   --> A              
     e( 49 - 49) =      8.49985  eV     1   --> A              
     e( 50 - 50) =      8.75023  eV     1   --> A              
     e( 51 - 51) =      9.16572  eV     1   --> A              
     e( 52 - 52) =      9.33682  eV     1   --> A              
     e( 53 - 53) =      9.36436  eV     1   --> A              
     e( 54 - 54) =      9.52725  eV     1   --> A              
     e( 55 - 55) =      9.61635  eV     1   --> A              
     e( 56 - 56) =      9.91932  eV     1   --> A              
     e( 57 - 57) =     10.72484  eV     1   --> A              
     e( 58 - 58) =     11.02991  eV     1   --> A              
     e( 59 - 59) =     13.40829  eV     1   --> A              
     e( 60 - 60) =     13.97753  eV     1   --> A              
     e( 61 - 61) =     14.35268  eV     1   --> A              
     e( 62 - 62) =     14.48572  eV     1   --> A              
     e( 63 - 63) =     14.85324  eV     1   --> A              
     e( 64 - 64) =     15.12670  eV     1   --> A              
     e( 65 - 65) =     17.94236  eV     1   --> A              
     e( 66 - 66) =     18.02558  eV     1   --> A              
     e( 67 - 67) =     18.24764  eV     1   --> A              
     e( 68 - 68) =     18.47294  eV     1   --> A              
     e( 69 - 69) =     19.51341  eV     1   --> A              
     e( 70 - 70) =     20.24314  eV     1   --> A              
     e( 71 - 71) =     22.01310  eV     1   --> A              
     e( 72 - 72) =     22.40482  eV     1   --> A              
     e( 73 - 73) =     22.74559  eV     1   --> A              
     e( 74 - 74) =     22.88900  eV     1   --> A              
     e( 75 - 75) =     23.23904  eV     1   --> A              
     e( 76 - 76) =     23.42982  eV     1   --> A              
     e( 77 - 77) =     24.06308  eV     1   --> A              
     e( 78 - 78) =     24.25690  eV     1   --> A              
     e( 79 - 79) =     24.64616  eV     1   --> A              
     e( 80 - 80) =     24.82953  eV     1   --> A              

 **************************************************************************

 **************************************************************************

                    xk=(   0.10000,   0.40910,   0.00122  )

     Band symmetry, C_1 (1)     point group:

     e(  1 -  1) =    -84.86866  eV     1   --> A              
     e(  2 -  2) =    -68.41484  eV     1   --> A              
     e(  3 -  3) =    -63.95352  eV     1   --> A              
     e(  4 -  4) =    -63.94346  eV     1   --> A              
     e(  5 -  5) =    -48.87382  eV     1   --> A              
     e(  6 -  6) =    -48.28984  eV     1   --> A              
     e(  7 -  7) =    -47.93462  eV     1   --> A              
     e(  8 -  8) =    -37.47596  eV     1   --> A              
     e(  9 -  9) =    -37.46919  eV     1   --> A              
     e( 10 - 10) =    -37.45072  eV     1   --> A              
     e( 11 - 11) =    -28.42661  eV     1   --> A              
     e( 12 - 12) =    -28.36891  eV     1   --> A              
     e( 13 - 13) =    -28.33399  eV     1   --> A              
     e( 14 - 14) =    -28.26185  eV     1   --> A              
     e( 15 - 15) =    -28.25952  eV     1   --> A              
     e( 16 - 16) =    -28.19864  eV     1   --> A              
     e( 17 - 17) =     -8.01786  eV     1   --> A              
     e( 18 - 18) =     -7.44137  eV     1   --> A              
     e( 19 - 19) =     -6.87634  eV     1   --> A              
     e( 20 - 20) =     -6.77341  eV     1   --> A              
     e( 21 - 21) =     -6.71071  eV     1   --> A              
     e( 22 - 22) =     -6.49954  eV     1   --> A              
     e( 23 - 23) =     -6.24086  eV     1   --> A              
     e( 24 - 24) =     -6.02958  eV     1   --> A              
     e( 25 - 25) =      3.45451  eV     1   --> A              
     e( 26 - 26) =      3.49504  eV     1   --> A              
     e( 27 - 27) =      3.57323  eV     1   --> A              
     e( 28 - 28) =      4.03419  eV     1   --> A              
     e( 29 - 29) =      4.25718  eV     1   --> A              
     e( 30 - 30) =      4.43654  eV     1   --> A              
     e( 31 - 31) =      4.53127  eV     1   --> A              
     e( 32 - 32) =      4.73756  eV     1   --> A              
     e( 33 - 33) =      4.88671  eV     1   --> A              
     e( 34 - 34) =      5.17553  eV     1   --> A              
     e( 35 - 35) =      5.46324  eV     1   --> A              
     e( 36 - 36) =      5.79846  eV     1   --> A              
     e( 37 - 37) =      5.89026  eV     1   --> A              
     e( 38 - 38) =      6.08825  eV     1   --> A              
     e( 39 - 39) =      6.57023  eV     1   --> A              
     e( 40 - 40) =      6.79338  eV     1   --> A              
     e( 41 - 41) =      6.97693  eV     1   --> A              
     e( 42 - 42) =      7.08160  eV     1   --> A              
     e( 43 - 43) =      7.24290  eV     1   --> A              
     e( 44 - 44) =      7.53761  eV     1   --> A              
     e( 45 - 45) =      7.82142  eV     1   --> A              
     e( 46 - 46) =      8.06641  eV     1   --> A              
     e( 47 - 47) =      8.21458  eV     1   --> A              
     e( 48 - 48) =      8.28675  eV     1   --> A              
     e( 49 - 49) =      8.54351  eV     1   --> A              
     e( 50 - 50) =      8.74623  eV     1   --> A              
     e( 51 - 51) =      9.13742  eV     1   --> A              
     e( 52 - 52) =      9.31857  eV     1   --> A              
     e( 53 - 53) =      9.34258  eV     1   --> A              
     e( 54 - 54) =      9.52180  eV     1   --> A              
     e( 55 - 55) =      9.65214  eV     1   --> A              
     e( 56 - 56) =      9.91108  eV     1   --> A              
     e( 57 - 57) =     10.73709  eV     1   --> A              
     e( 58 - 58) =     11.00680  eV     1   --> A              
     e( 59 - 59) =     13.41682  eV     1   --> A              
     e( 60 - 60) =     13.97592  eV     1   --> A              
     e( 61 - 61) =     14.33754  eV     1   --> A              
     e( 62 - 62) =     14.52193  eV     1   --> A              
     e( 63 - 63) =     14.82472  eV     1   --> A              
     e( 64 - 64) =     15.13098  eV     1   --> A              
     e( 65 - 65) =     17.96086  eV     1   --> A              
     e( 66 - 66) =     18.04602  eV     1   --> A              
     e( 67 - 67) =     18.29559  eV     1   --> A              
     e( 68 - 68) =     18.41038  eV     1   --> A              
     e( 69 - 69) =     19.56894  eV     1   --> A              
     e( 70 - 70) =     20.24576  eV     1   --> A              
     e( 71 - 71) =     21.92517  eV     1   --> A              
     e( 72 - 72) =     22.38136  eV     1   --> A              
     e( 73 - 73) =     22.71662  eV     1   --> A              
     e( 74 - 74) =     22.88648  eV     1   --> A              
     e( 75 - 75) =     23.23577  eV     1   --> A              
     e( 76 - 76) =     23.45791  eV     1   --> A              
     e( 77 - 77) =     24.12370  eV     1   --> A              
     e( 78 - 78) =     24.27647  eV     1   --> A              
     e( 79 - 79) =     24.65280  eV     1   --> A              
     e( 80 - 80) =     24.86021  eV     1   --> A              

 **************************************************************************

 **************************************************************************

                    xk=(   0.12500,   0.40910,   0.00152  )

     Band symmetry, C_1 (1)     point group:

     e(  1 -  1) =    -84.86865  eV     1   --> A              
     e(  2 -  2) =    -68.41484  eV     1   --> A              
     e(  3 -  3) =    -63.95354  eV     1   --> A              
     e(  4 -  4) =    -63.94347  eV     1   --> A              
     e(  5 -  5) =    -48.87382  eV     1   --> A              
     e(  6 -  6) =    -48.28984  eV     1   --> A              
     e(  7 -  7) =    -47.93462  eV     1   --> A              
     e(  8 -  8) =    -37.47596  eV     1   --> A              
     e(  9 -  9) =    -37.46919  eV     1   --> A              
     e( 10 - 10) =    -37.45072  eV     1   --> A              
     e( 11 - 11) =    -28.42662  eV     1   --> A              
     e( 12 - 12) =    -28.36887  eV     1   --> A              
     e( 13 - 13) =    -28.33410  eV     1   --> A              
     e( 14 - 14) =    -28.26183  eV     1   --> A              
     e( 15 - 15) =    -28.25962  eV     1   --> A              
     e( 16 - 16) =    -28.19867  eV     1   --> A              
     e( 17 - 17) =     -8.00867  eV     1   --> A              
     e( 18 - 18) =     -7.43695  eV     1   --> A              
     e( 19 - 19) =     -6.89185  eV     1   --> A              
     e( 20 - 20) =     -6.76753  eV     1   --> A              
     e( 21 - 21) =     -6.72464  eV     1   --> A              
     e( 22 - 22) =     -6.48501  eV     1   --> A              
     e( 23 - 23) =     -6.23441  eV     1   --> A              
     e( 24 - 24) =     -6.04099  eV     1   --> A              
     e( 25 - 25) =      3.43488  eV     1   --> A              
     e( 26 - 26) =      3.49438  eV     1   --> A              
     e( 27 - 27) =      3.56697  eV     1   --> A              
     e( 28 - 28) =      4.03603  eV     1   --> A              
     e( 29 - 29) =      4.27085  eV     1   --> A              
     e( 30 - 30) =      4.40681  eV     1   --> A              
     e( 31 - 31) =      4.52556  eV     1   --> A              
     e( 32 - 32) =      4.74912  eV     1   --> A              
     e( 33 - 33) =      4.84888  eV     1   --> A              
     e( 34 - 34) =      5.21520  eV     1   --> A              
     e( 35 - 35) =      5.50211  eV     1   --> A              
     e( 36 - 36) =      5.83778  eV     1   --> A              
     e( 37 - 37) =      5.88358  eV     1   --> A              
     e( 38 - 38) =      6.09233  eV     1   --> A              
     e( 39 - 39) =      6.52247  eV     1   --> A              
     e( 40 - 40) =      6.81943  eV     1   --> A              
     e( 41 - 41) =      6.99479  eV     1   --> A              
     e( 42 - 42) =      7.08825  eV     1   --> A              
     e( 43 - 43) =      7.28028  eV     1   --> A              
     e( 44 - 44) =      7.54333  eV     1   --> A              
     e( 45 - 45) =      7.84374  eV     1   --> A              
     e( 46 - 46) =      8.02462  eV     1   --> A              
     e( 47 - 47) =      8.19037  eV     1   --> A              
     e( 48 - 48) =      8.26133  eV     1   --> A              
     e( 49 - 49) =      8.58289  eV     1   --> A              
     e( 50 - 50) =      8.73801  eV     1   --> A              
     e( 51 - 51) =      9.10490  eV     1   --> A              
     e( 52 - 52) =      9.29386  eV     1   --> A              
     e( 53 - 53) =      9.33363  eV     1   --> A              
     e( 54 - 54) =      9.51436  eV     1   --> A              
     e( 55 - 55) =      9.68359  eV     1   --> A              
     e( 56 - 56) =      9.90334  eV     1   --> A              
     e( 57 - 57) =     10.75059  eV     1   --> A              
     e( 58 - 58) =     10.97803  eV     1   --> A              
     e( 59 - 59) =     13.42798  eV     1   --> A              
     e( 60 - 60) =     13.97406  eV     1   --> A              
     e( 61 - 61) =     14.32168  eV     1   --> A              
     e( 62 - 62) =     14.56253  eV     1   --> A              
     e( 63 - 63) =     14.79326  eV     1   --> A              
     e( 64 - 64) =     15.13260  eV     1   --> A              
     e( 65 - 65) =     17.98390  eV     1   --> A              
     e( 66 - 66) =     18.07242  eV     1   --> A              
     e( 67 - 67) =     18.32337  eV     1   --> A              
     e( 68 - 68) =     18.37236  eV     1   --> A              
     e( 69 - 69) =     19.63024  eV     1   --> A              
     e( 70 - 70) =     20.24937  eV     1   --> A              
     e( 71 - 71) =     21.83563  eV     1   --> A              
     e( 72 - 72) =     22.32183  eV     1   --> A              
     e( 73 - 73) =     22.70554  eV     1   --> A              
     e( 74 - 74) =     22.88315  eV     1   --> A              
     e( 75 - 75) =     23.23710  eV     1   --> A              
     e( 76 - 76) =     23.47146  eV     1   --> A              
     e( 77 - 77) =     24.19633  eV     1   --> A              
     e( 78 - 78) =     24.30158  eV     1   --> A              
     e( 79 - 79) =     24.65803  eV     1   --> A              
     e( 80 - 80) =     24.90178  eV     1   --> A              

 **************************************************************************

 **************************************************************************

                    xk=(   0.15000,   0.40910,   0.00183  )

     Band symmetry, C_1 (1)     point group:

     e(  1 -  1) =    -84.86865  eV     1   --> A              
     e(  2 -  2) =    -68.41483  eV     1   --> A              
     e(  3 -  3) =    -63.95357  eV     1   --> A              
     e(  4 -  4) =    -63.94347  eV     1   --> A              
     e(  5 -  5) =    -48.87382  eV     1   --> A              
     e(  6 -  6) =    -48.28984  eV     1   --> A              
     e(  7 -  7) =    -47.93462  eV     1   --> A              
     e(  8 -  8) =    -37.47596  eV     1   --> A              
     e(  9 -  9) =    -37.46919  eV     1   --> A              
     e( 10 - 10) =    -37.45072  eV     1   --> A              
     e( 11 - 11) =    -28.42662  eV     1   --> A              
     e( 12 - 12) =    -28.36882  eV     1   --> A              
     e( 13 - 13) =    -28.33424  eV     1   --> A              
     e( 14 - 14) =    -28.26181  eV     1   --> A              
     e( 15 - 15) =    -28.25974  eV     1   --> A              
     e( 16 - 16) =    -28.19871  eV     1   --> A              
     e( 17 - 17) =     -7.99778  eV     1   --> A              
     e( 18 - 18) =     -7.43159  eV     1   --> A              
     e( 19 - 19) =     -6.90911  eV     1   --> A              
     e( 20 - 20) =     -6.76303  eV     1   --> A              
     e( 21 - 21) =     -6.73729  eV     1   --> A              
     e( 22 - 22) =     -6.46998  eV     1   --> A              
     e( 23 - 23) =     -6.22735  eV     1   --> A              
     e( 24 - 24) =     -6.05432  eV     1   --> A              
     e( 25 - 25) =      3.41038  eV     1   --> A              
     e( 26 - 26) =      3.49497  eV     1   --> A              
     e( 27 - 27) =      3.56133  eV     1   --> A              
     e( 28 - 28) =      4.03740  eV     1   --> A              
     e( 29 - 29) =      4.26298  eV     1   --> A              
     e( 30 - 30) =      4.38132  eV     1   --> A              
     e( 31 - 31) =      4.53929  eV     1   --> A              
     e( 32 - 32) =      4.74757  eV     1   --> A              
     e( 33 - 33) =      4.83466  eV     1   --> A              
     e( 34 - 34) =      5.25841  eV     1   --> A              
     e( 35 - 35) =      5.53020  eV     1   --> A              
     e( 36 - 36) =      5.84402  eV     1   --> A              
     e( 37 - 37) =      5.92216  eV     1   --> A              
     e( 38 - 38) =      6.09346  eV     1   --> A              
     e( 39 - 39) =      6.47642  eV     1   --> A              
     e( 40 - 40) =      6.82210  eV     1   --> A              
     e( 41 - 41) =      7.01092  eV     1   --> A              
     e( 42 - 42) =      7.11344  eV     1   --> A              
     e( 43 - 43) =      7.31986  eV     1   --> A              
     e( 44 - 44) =      7.56908  eV     1   --> A              
     e( 45 - 45) =      7.85230  eV     1   --> A              
     e( 46 - 46) =      7.98622  eV     1   --> A              
     e( 47 - 47) =      8.16910  eV     1   --> A              
     e( 48 - 48) =      8.22918  eV     1   --> A              
     e( 49 - 49) =      8.61309  eV     1   --> A              
     e( 50 - 50) =      8.72591  eV     1   --> A              
     e( 51 - 51) =      9.07240  eV     1   --> A              
     e( 52 - 52) =      9.26532  eV     1   --> A              
     e( 53 - 53) =      9.33551  eV     1   --> A              
     e( 54 - 54) =      9.50596  eV     1   --> A              
     e( 55 - 55) =      9.70829  eV     1   --> A              
     e( 56 - 56) =      9.89827  eV     1   --> A              
     e( 57 - 57) =     10.76400  eV     1   --> A              
     e( 58 - 58) =     10.94420  eV     1   --> A              
     e( 59 - 59) =     13.44184  eV     1   --> A              
     e( 60 - 60) =     13.97209  eV     1   --> A              
     e( 61 - 61) =     14.30467  eV     1   --> A              
     e( 62 - 62) =     14.60617  eV     1   --> A              
     e( 63 - 63) =     14.76105  eV     1   --> A              
     e( 64 - 64) =     15.13062  eV     1   --> A              
     e( 65 - 65) =     18.01080  eV     1   --> A              
     e( 66 - 66) =     18.10340  eV     1   --> A              
     e( 67 - 67) =     18.25746  eV     1   --> A              
     e( 68 - 68) =     18.43591  eV     1   --> A              
     e( 69 - 69) =     19.69418  eV     1   --> A              
     e( 70 - 70) =     20.25420  eV     1   --> A              
     e( 71 - 71) =     21.74612  eV     1   --> A              
     e( 72 - 72) =     22.23981  eV     1   --> A              
     e( 73 - 73) =     22.70220  eV     1   --> A              
     e( 74 - 74) =     22.87767  eV     1   --> A              
     e( 75 - 75) =     23.24280  eV     1   --> A              
     e( 76 - 76) =     23.47286  eV     1   --> A              
     e( 77 - 77) =     24.27339  eV     1   --> A              
     e( 78 - 78) =     24.33226  eV     1   --> A              
     e( 79 - 79) =     24.65903  eV     1   --> A              
     e( 80 - 80) =     24.95465  eV     1   --> A              

 **************************************************************************

 **************************************************************************

                    xk=(   0.17501,   0.40910,   0.00213  )

     Band symmetry, C_1 (1)     point group:

     e(  1 -  1) =    -84.86865  eV     1   --> A              
     e(  2 -  2) =    -68.41483  eV     1   --> A              
     e(  3 -  3) =    -63.95361  eV     1   --> A              
     e(  4 -  4) =    -63.94347  eV     1   --> A              
     e(  5 -  5) =    -48.87382  eV     1   --> A              
     e(  6 -  6) =    -48.28984  eV     1   --> A              
     e(  7 -  7) =    -47.93462  eV     1   --> A              
     e(  8 -  8) =    -37.47596  eV     1   --> A              
     e(  9 -  9) =    -37.46919  eV     1   --> A              
     e( 10 - 10) =    -37.45073  eV     1   --> A              
     e( 11 - 11) =    -28.42663  eV     1   --> A              
     e( 12 - 12) =    -28.36877  eV     1   --> A              
     e( 13 - 13) =    -28.33439  eV     1   --> A              
     e( 14 - 14) =    -28.26179  eV     1   --> A              
     e( 15 - 15) =    -28.25987  eV     1   --> A              
     e( 16 - 16) =    -28.19874  eV     1   --> A              
     e( 17 - 17) =     -7.98539  eV     1   --> A              
     e( 18 - 18) =     -7.42532  eV     1   --> A              
     e( 19 - 19) =     -6.92780  eV     1   --> A              
     e( 20 - 20) =     -6.76555  eV     1   --> A              
     e( 21 - 21) =     -6.74261  eV     1   --> A              
     e( 22 - 22) =     -6.45493  eV     1   --> A              
     e( 23 - 23) =     -6.22011  eV     1   --> A              
     e( 24 - 24) =     -6.06920  eV     1   --> A              
     e( 25 - 25) =      3.38391  eV     1   --> A              
     e( 26 - 26) =      3.49291  eV     1   --> A              
     e( 27 - 27) =      3.55793  eV     1   --> A              
     e( 28 - 28) =      4.03881  eV     1   --> A              
     e( 29 - 29) =      4.22008  eV     1   --> A              
     e( 30 - 30) =      4.38827  eV     1   --> A              
     e( 31 - 31) =      4.55427  eV     1   --> A              
     e( 32 - 32) =      4.72975  eV     1   --> A              
     e( 33 - 33) =      4.85218  eV     1   --> A              
     e( 34 - 34) =      5.30372  eV     1   --> A              
     e( 35 - 35) =      5.55186  eV     1   --> A              
     e( 36 - 36) =      5.82741  eV     1   --> A              
     e( 37 - 37) =      5.99010  eV     1   --> A              
     e( 38 - 38) =      6.09192  eV     1   --> A              
     e( 39 - 39) =      6.43437  eV     1   --> A              
     e( 40 - 40) =      6.80039  eV     1   --> A              
     e( 41 - 41) =      7.02298  eV     1   --> A              
     e( 42 - 42) =      7.15288  eV     1   --> A              
     e( 43 - 43) =      7.36810  eV     1   --> A              
     e( 44 - 44) =      7.60989  eV     1   --> A              
     e( 45 - 45) =      7.84042  eV     1   --> A              
     e( 46 - 46) =      7.96059  eV     1   --> A              
     e( 47 - 47) =      8.14853  eV     1   --> A              
     e( 48 - 48) =      8.19258  eV     1   --> A              
     e( 49 - 49) =      8.62776  eV     1   --> A              
     e( 50 - 50) =      8.71378  eV     1   --> A              
     e( 51 - 51) =      9.04299  eV     1   --> A              
     e( 52 - 52) =      9.23618  eV     1   --> A              
     e( 53 - 53) =      9.34576  eV     1   --> A              
     e( 54 - 54) =      9.49740  eV     1   --> A              
     e( 55 - 55) =      9.72410  eV     1   --> A              
     e( 56 - 56) =      9.89816  eV     1   --> A              
     e( 57 - 57) =     10.77597  eV     1   --> A              
     e( 58 - 58) =     10.90593  eV     1   --> A              
     e( 59 - 59) =     13.45840  eV     1   --> A              
     e( 60 - 60) =     13.97022  eV     1   --> A              
     e( 61 - 61) =     14.28627  eV     1   --> A              
     e( 62 - 62) =     14.64950  eV     1   --> A              
     e( 63 - 63) =     14.73177  eV     1   --> A              
     e( 64 - 64) =     15.12451  eV     1   --> A              
     e( 65 - 65) =     18.04048  eV     1   --> A              
     e( 66 - 66) =     18.12803  eV     1   --> A              
     e( 67 - 67) =     18.19447  eV     1   --> A              
     e( 68 - 68) =     18.51660  eV     1   --> A              
     e( 69 - 69) =     19.75857  eV     1   --> A              
     e( 70 - 70) =     20.26055  eV     1   --> A              
     e( 71 - 71) =     21.65777  eV     1   --> A              
     e( 72 - 72) =     22.14675  eV     1   --> A              
     e( 73 - 73) =     22.69786  eV     1   --> A              
     e( 74 - 74) =     22.86890  eV     1   --> A              
     e( 75 - 75) =     23.25234  eV     1   --> A              
     e( 76 - 76) =     23.46633  eV     1   --> A              
     e( 77 - 77) =     24.34396  eV     1   --> A              
     e( 78 - 78) =     24.37092  eV     1   --> A              
     e( 79 - 79) =     24.65158  eV     1   --> A              
     e( 80 - 80) =     25.01851  eV     1   --> A              

 **************************************************************************

 **************************************************************************

                    xk=(   0.20001,   0.40910,   0.00243  )

     Band symmetry, C_1 (1)     point group:

     e(  1 -  1) =    -84.86865  eV     1   --> A              
     e(  2 -  2) =    -68.41483  eV     1   --> A              
     e(  3 -  3) =    -63.95364  eV     1   --> A              
     e(  4 -  4) =    -63.94348  eV     1   --> A              
     e(  5 -  5) =    -48.87383  eV     1   --> A              
     e(  6 -  6) =    -48.28984  eV     1   --> A              
     e(  7 -  7) =    -47.93462  eV     1   --> A              
     e(  8 -  8) =    -37.47597  eV     1   --> A              
     e(  9 -  9) =    -37.46919  eV     1   --> A              
     e( 10 - 10) =    -37.45074  eV     1   --> A              
     e( 11 - 11) =    -28.42663  eV     1   --> A              
     e( 12 - 12) =    -28.36871  eV     1   --> A              
     e( 13 - 13) =    -28.33455  eV     1   --> A              
     e( 14 - 14) =    -28.26176  eV     1   --> A              
     e( 15 - 15) =    -28.26002  eV     1   --> A              
     e( 16 - 16) =    -28.19879  eV     1   --> A              
     e( 17 - 17) =     -7.97176  eV     1   --> A              
     e( 18 - 18) =     -7.41815  eV     1   --> A              
     e( 19 - 19) =     -6.94760  eV     1   --> A              
     e( 20 - 20) =     -6.77686  eV     1   --> A              
     e( 21 - 21) =     -6.73857  eV     1   --> A              
     e( 22 - 22) =     -6.44017  eV     1   --> A              
     e( 23 - 23) =     -6.21318  eV     1   --> A              
     e( 24 - 24) =     -6.08509  eV     1   --> A              
     e( 25 - 25) =      3.35696  eV     1   --> A              
     e( 26 - 26) =      3.48619  eV     1   --> A              
     e( 27 - 27) =      3.55764  eV     1   --> A              
     e( 28 - 28) =      4.04040  eV     1   --> A              
     e( 29 - 29) =      4.16431  eV     1   --> A              
     e( 30 - 30) =      4.40598  eV     1   --> A              
     e( 31 - 31) =      4.56644  eV     1   --> A              
     e( 32 - 32) =      4.71446  eV     1   --> A              
     e( 33 - 33) =      4.88665  eV     1   --> A              
     e( 34 - 34) =      5.35036  eV     1   --> A              
     e( 35 - 35) =      5.57181  eV     1   --> A              
     e( 36 - 36) =      5.80453  eV     1   --> A              
     e( 37 - 37) =      6.06256  eV     1   --> A              
     e( 38 - 38) =      6.09101  eV     1   --> A              
     e( 39 - 39) =      6.39751  eV     1   --> A              
     e( 40 - 40) =      6.76345  eV     1   --> A              
     e( 41 - 41) =      7.02855  eV     1   --> A              
     e( 42 - 42) =      7.19393  eV     1   --> A              
     e( 43 - 43) =      7.43318  eV     1   --> A              
     e( 44 - 44) =      7.65284  eV     1   --> A              
     e( 45 - 45) =      7.80878  eV     1   --> A              
     e( 46 - 46) =      7.95650  eV     1   --> A              
     e( 47 - 47) =      8.11660  eV     1   --> A              
     e( 48 - 48) =      8.16188  eV     1   --> A              
     e( 49 - 49) =      8.62192  eV     1   --> A              
     e( 50 - 50) =      8.70652  eV     1   --> A              
     e( 51 - 51) =      9.01718  eV     1   --> A              
     e( 52 - 52) =      9.20938  eV     1   --> A              
     e( 53 - 53) =      9.36277  eV     1   --> A              
     e( 54 - 54) =      9.48945  eV     1   --> A              
     e( 55 - 55) =      9.72989  eV     1   --> A              
     e( 56 - 56) =      9.90435  eV     1   --> A              
     e( 57 - 57) =     10.78517  eV     1   --> A              
     e( 58 - 58) =     10.86397  eV     1   --> A              
     e( 59 - 59) =     13.47762  eV     1   --> A              
     e( 60 - 60) =     13.96866  eV     1   --> A              
     e( 61 - 61) =     14.26637  eV     1   --> A              
     e( 62 - 62) =     14.67259  eV     1   --> A              
     e( 63 - 63) =     14.72548  eV     1   --> A              
     e( 64 - 64) =     15.11402  eV     1   --> A              
     e( 65 - 65) =     18.06484  eV     1   --> A              
     e( 66 - 66) =     18.09316  eV     1   --> A              
     e( 67 - 67) =     18.20311  eV     1   --> A              
     e( 68 - 68) =     18.60609  eV     1   --> A              
     e( 69 - 69) =     19.82190  eV     1   --> A              
     e( 70 - 70) =     20.26886  eV     1   --> A              
     e( 71 - 71) =     21.57146  eV     1   --> A              
     e( 72 - 72) =     22.04873  eV     1   --> A              
     e( 73 - 73) =     22.68858  eV     1   --> A              
     e( 74 - 74) =     22.85636  eV     1   --> A              
     e( 75 - 75) =     23.26343  eV     1   --> A              
     e( 76 - 76) =     23.45765  eV     1   --> A              
     e( 77 - 77) =     24.39328  eV     1   --> A              
     e( 78 - 78) =     24.42355  eV     1   --> A              
     e( 79 - 79) =     24.63095  eV     1   --> A              
     e( 80 - 80) =     25.09234  eV     1   --> A              

 **************************************************************************

 **************************************************************************

                    xk=(   0.22501,   0.40910,   0.00274  )

     Band symmetry, C_1 (1)     point group:

     e(  1 -  1) =    -84.86864  eV     1   --> A              
     e(  2 -  2) =    -68.41483  eV     1   --> A              
     e(  3 -  3) =    -63.95368  eV     1   --> A              
     e(  4 -  4) =    -63.94348  eV     1   --> A              
     e(  5 -  5) =    -48.87383  eV     1   --> A              
     e(  6 -  6) =    -48.28984  eV     1   --> A              
     e(  7 -  7) =    -47.93462  eV     1   --> A              
     e(  8 -  8) =    -37.47597  eV     1   --> A              
     e(  9 -  9) =    -37.46920  eV     1   --> A              
     e( 10 - 10) =    -37.45074  eV     1   --> A              
     e( 11 - 11) =    -28.42664  eV     1   --> A              
     e( 12 - 12) =    -28.36865  eV     1   --> A              
     e( 13 - 13) =    -28.33472  eV     1   --> A              
     e( 14 - 14) =    -28.26174  eV     1   --> A              
     e( 15 - 15) =    -28.26017  eV     1   --> A              
     e( 16 - 16) =    -28.19883  eV     1   --> A              
     e( 17 - 17) =     -7.95716  eV     1   --> A              
     e( 18 - 18) =     -7.41015  eV     1   --> A              
     e( 19 - 19) =     -6.96821  eV     1   --> A              
     e( 20 - 20) =     -6.79034  eV     1   --> A              
     e( 21 - 21) =     -6.73162  eV     1   --> A              
     e( 22 - 22) =     -6.42595  eV     1   --> A              
     e( 23 - 23) =     -6.20718  eV     1   --> A              
     e( 24 - 24) =     -6.10126  eV     1   --> A              
     e( 25 - 25) =      3.33043  eV     1   --> A              
     e( 26 - 26) =      3.47491  eV     1   --> A              
     e( 27 - 27) =      3.55952  eV     1   --> A              
     e( 28 - 28) =      4.04153  eV     1   --> A              
     e( 29 - 29) =      4.11033  eV     1   --> A              
     e( 30 - 30) =      4.41593  eV     1   --> A              
     e( 31 - 31) =      4.57986  eV     1   --> A              
     e( 32 - 32) =      4.71050  eV     1   --> A              
     e( 33 - 33) =      4.92975  eV     1   --> A              
     e( 34 - 34) =      5.39765  eV     1   --> A              
     e( 35 - 35) =      5.59397  eV     1   --> A              
     e( 36 - 36) =      5.77549  eV     1   --> A              
     e( 37 - 37) =      6.08505  eV     1   --> A              
     e( 38 - 38) =      6.14161  eV     1   --> A              
     e( 39 - 39) =      6.36609  eV     1   --> A              
     e( 40 - 40) =      6.72002  eV     1   --> A              
     e( 41 - 41) =      7.02645  eV     1   --> A              
     e( 42 - 42) =      7.23073  eV     1   --> A              
     e( 43 - 43) =      7.51553  eV     1   --> A              
     e( 44 - 44) =      7.66689  eV     1   --> A              
     e( 45 - 45) =      7.78790  eV     1   --> A              
     e( 46 - 46) =      7.97025  eV     1   --> A              
     e( 47 - 47) =      8.06484  eV     1   --> A              
     e( 48 - 48) =      8.14598  eV     1   --> A              
     e( 49 - 49) =      8.60106  eV     1   --> A              
     e( 50 - 50) =      8.70100  eV     1   --> A              
     e( 51 - 51) =      8.99243  eV     1   --> A              
     e( 52 - 52) =      9.18832  eV     1   --> A              
     e( 53 - 53) =      9.38481  eV     1   --> A              
     e( 54 - 54) =      9.48291  eV     1   --> A              
     e( 55 - 55) =      9.72646  eV     1   --> A              
     e( 56 - 56) =      9.91617  eV     1   --> A              
     e( 57 - 57) =     10.78979  eV     1   --> A              
     e( 58 - 58) =     10.81978  eV     1   --> A              
     e( 59 - 59) =     13.49932  eV     1   --> A              
     e( 60 - 60) =     13.96763  eV     1   --> A              
     e( 61 - 61) =     14.24497  eV     1   --> A              
     e( 62 - 62) =     14.65472  eV     1   --> A              
     e( 63 - 63) =     14.76287  eV     1   --> A              
     e( 64 - 64) =     15.09911  eV     1   --> A              
     e( 65 - 65) =     18.00760  eV     1   --> A              
     e( 66 - 66) =     18.11158  eV     1   --> A              
     e( 67 - 67) =     18.24713  eV     1   --> A              
     e( 68 - 68) =     18.70238  eV     1   --> A              
     e( 69 - 69) =     19.88312  eV     1   --> A              
     e( 70 - 70) =     20.27971  eV     1   --> A              
     e( 71 - 71) =     21.48787  eV     1   --> A              
     e( 72 - 72) =     21.94865  eV     1   --> A              
     e( 73 - 73) =     22.67302  eV     1   --> A              
     e( 74 - 74) =     22.84060  eV     1   --> A              
     e( 75 - 75) =     23.27011  eV     1   --> A              
     e( 76 - 76) =     23.45541  eV     1   --> A              
     e( 77 - 77) =     24.43308  eV     1   --> A              
     e( 78 - 78) =     24.46600  eV     1   --> A              
     e( 79 - 79) =     24.59895  eV     1   --> A              
     e( 80 - 80) =     25.17431  eV     1   --> A              

 **************************************************************************

 **************************************************************************

                    xk=(   0.25001,   0.40910,   0.00304  )

     Band symmetry, C_1 (1)     point group:

     e(  1 -  1) =    -84.86864  eV     1   --> A              
     e(  2 -  2) =    -68.41483  eV     1   --> A              
     e(  3 -  3) =    -63.95372  eV     1   --> A              
     e(  4 -  4) =    -63.94348  eV     1   --> A              
     e(  5 -  5) =    -48.87383  eV     1   --> A              
     e(  6 -  6) =    -48.28984  eV     1   --> A              
     e(  7 -  7) =    -47.93461  eV     1   --> A              
     e(  8 -  8) =    -37.47597  eV     1   --> A              
     e(  9 -  9) =    -37.46920  eV     1   --> A              
     e( 10 - 10) =    -37.45075  eV     1   --> A              
     e( 11 - 11) =    -28.42664  eV     1   --> A              
     e( 12 - 12) =    -28.36859  eV     1   --> A              
     e( 13 - 13) =    -28.33490  eV     1   --> A              
     e( 14 - 14) =    -28.26171  eV     1   --> A              
     e( 15 - 15) =    -28.26033  eV     1   --> A              
     e( 16 - 16) =    -28.19887  eV     1   --> A              
     e( 17 - 17) =     -7.94190  eV     1   --> A              
     e( 18 - 18) =     -7.40135  eV     1   --> A              
     e( 19 - 19) =     -6.98932  eV     1   --> A              
     e( 20 - 20) =     -6.80378  eV     1   --> A              
     e( 21 - 21) =     -6.72388  eV     1   --> A              
     e( 22 - 22) =     -6.41244  eV     1   --> A              
     e( 23 - 23) =     -6.20302  eV     1   --> A              
     e( 24 - 24) =     -6.11662  eV     1   --> A              
     e( 25 - 25) =      3.30499  eV     1   --> A              
     e( 26 - 26) =      3.46023  eV     1   --> A              
     e( 27 - 27) =      3.56164  eV     1   --> A              
     e( 28 - 28) =      4.03729  eV     1   --> A              
     e( 29 - 29) =      4.06772  eV     1   --> A              
     e( 30 - 30) =      4.41144  eV     1   --> A              
     e( 31 - 31) =      4.60005  eV     1   --> A              
     e( 32 - 32) =      4.71728  eV     1   --> A              
     e( 33 - 33) =      4.97804  eV     1   --> A              
     e( 34 - 34) =      5.44464  eV     1   --> A              
     e( 35 - 35) =      5.62150  eV     1   --> A              
     e( 36 - 36) =      5.73960  eV     1   --> A              
     e( 37 - 37) =      6.08927  eV     1   --> A              
     e( 38 - 38) =      6.20760  eV     1   --> A              
     e( 39 - 39) =      6.34243  eV     1   --> A              
     e( 40 - 40) =      6.67617  eV     1   --> A              
     e( 41 - 41) =      7.01728  eV     1   --> A              
     e( 42 - 42) =      7.26386  eV     1   --> A              
     e( 43 - 43) =      7.60289  eV     1   --> A              
     e( 44 - 44) =      7.63181  eV     1   --> A              
     e( 45 - 45) =      7.80047  eV     1   --> A              
     e( 46 - 46) =      7.99586  eV     1   --> A              
     e( 47 - 47) =      8.00334  eV     1   --> A              
     e( 48 - 48) =      8.14349  eV     1   --> A              
     e( 49 - 49) =      8.57411  eV     1   --> A              
     e( 50 - 50) =      8.69228  eV     1   --> A              
     e( 51 - 51) =      8.96461  eV     1   --> A              
     e( 52 - 52) =      9.17551  eV     1   --> A              
     e( 53 - 53) =      9.40983  eV     1   --> A              
     e( 54 - 54) =      9.47879  eV     1   --> A              
     e( 55 - 55) =      9.71591  eV     1   --> A              
     e( 56 - 56) =      9.93155  eV     1   --> A              
     e( 57 - 57) =     10.76839  eV     1   --> A              
     e( 58 - 58) =     10.79478  eV     1   --> A              
     e( 59 - 59) =     13.52326  eV     1   --> A              
     e( 60 - 60) =     13.96737  eV     1   --> A              
     e( 61 - 61) =     14.22215  eV     1   --> A              
     e( 62 - 62) =     14.63092  eV     1   --> A              
     e( 63 - 63) =     14.80883  eV     1   --> A              
     e( 64 - 64) =     15.07990  eV     1   --> A              
     e( 65 - 65) =     17.93454  eV     1   --> A              
     e( 66 - 66) =     18.14612  eV     1   --> A              
     e( 67 - 67) =     18.29733  eV     1   --> A              
     e( 68 - 68) =     18.80358  eV     1   --> A              
     e( 69 - 69) =     19.94150  eV     1   --> A              
     e( 70 - 70) =     20.29385  eV     1   --> A              
     e( 71 - 71) =     21.40754  eV     1   --> A              
     e( 72 - 72) =     21.84782  eV     1   --> A              
     e( 73 - 73) =     22.65092  eV     1   --> A              
     e( 74 - 74) =     22.82303  eV     1   --> A              
     e( 75 - 75) =     23.26374  eV     1   --> A              
     e( 76 - 76) =     23.47003  eV     1   --> A              
     e( 77 - 77) =     24.45937  eV     1   --> A              
     e( 78 - 78) =     24.47075  eV     1   --> A              
     e( 79 - 79) =     24.58442  eV     1   --> A              
     e( 80 - 80) =     25.26177  eV     1   --> A              

 **************************************************************************

 **************************************************************************

                    xk=(   0.27501,   0.40910,   0.00335  )

     Band symmetry, C_1 (1)     point group:

     e(  1 -  1) =    -84.86864  eV     1   --> A              
     e(  2 -  2) =    -68.41483  eV     1   --> A              
     e(  3 -  3) =    -63.95376  eV     1   --> A              
     e(  4 -  4) =    -63.94349  eV     1   --> A              
     e(  5 -  5) =    -48.87383  eV     1   --> A              
     e(  6 -  6) =    -48.28984  eV     1   --> A              
     e(  7 -  7) =    -47.93461  eV     1   --> A              
     e(  8 -  8) =    -37.47597  eV     1   --> A              
     e(  9 -  9) =    -37.46920  eV     1   --> A              
     e( 10 - 10) =    -37.45075  eV     1   --> A              
     e( 11 - 11) =    -28.42665  eV     1   --> A              
     e( 12 - 12) =    -28.36852  eV     1   --> A              
     e( 13 - 13) =    -28.33508  eV     1   --> A              
     e( 14 - 14) =    -28.26169  eV     1   --> A              
     e( 15 - 15) =    -28.26049  eV     1   --> A              
     e( 16 - 16) =    -28.19892  eV     1   --> A              
     e( 17 - 17) =     -7.92634  eV     1   --> A              
     e( 18 - 18) =     -7.39182  eV     1   --> A              
     e( 19 - 19) =     -7.01065  eV     1   --> A              
     e( 20 - 20) =     -6.81659  eV     1   --> A              
     e( 21 - 21) =     -6.71593  eV     1   --> A              
     e( 22 - 22) =     -6.39979  eV     1   --> A              
     e( 23 - 23) =     -6.20208  eV     1   --> A              
     e( 24 - 24) =     -6.12954  eV     1   --> A              
     e( 25 - 25) =      3.28114  eV     1   --> A              
     e( 26 - 26) =      3.44320  eV     1   --> A              
     e( 27 - 27) =      3.56236  eV     1   --> A              
     e( 28 - 28) =      4.01124  eV     1   --> A              
     e( 29 - 29) =      4.05473  eV     1   --> A              
     e( 30 - 30) =      4.39632  eV     1   --> A              
     e( 31 - 31) =      4.62470  eV     1   --> A              
     e( 32 - 32) =      4.73291  eV     1   --> A              
     e( 33 - 33) =      5.02915  eV     1   --> A              
     e( 34 - 34) =      5.49013  eV     1   --> A              
     e( 35 - 35) =      5.65663  eV     1   --> A              
     e( 36 - 36) =      5.69772  eV     1   --> A              
     e( 37 - 37) =      6.10036  eV     1   --> A              
     e( 38 - 38) =      6.24147  eV     1   --> A              
     e( 39 - 39) =      6.34619  eV     1   --> A              
     e( 40 - 40) =      6.63603  eV     1   --> A              
     e( 41 - 41) =      7.00288  eV     1   --> A              
     e( 42 - 42) =      7.29292  eV     1   --> A              
     e( 43 - 43) =      7.56023  eV     1   --> A              
     e( 44 - 44) =      7.70569  eV     1   --> A              
     e( 45 - 45) =      7.80399  eV     1   --> A              
     e( 46 - 46) =      7.94331  eV     1   --> A              
     e( 47 - 47) =      8.02785  eV     1   --> A              
     e( 48 - 48) =      8.16429  eV     1   --> A              
     e( 49 - 49) =      8.54530  eV     1   --> A              
     e( 50 - 50) =      8.68044  eV     1   --> A              
     e( 51 - 51) =      8.93113  eV     1   --> A              
     e( 52 - 52) =      9.17038  eV     1   --> A              
     e( 53 - 53) =      9.43510  eV     1   --> A              
     e( 54 - 54) =      9.47867  eV     1   --> A              
     e( 55 - 55) =      9.70028  eV     1   --> A              
     e( 56 - 56) =      9.94849  eV     1   --> A              
     e( 57 - 57) =     10.72077  eV     1   --> A              
     e( 58 - 58) =     10.78958  eV     1   --> A              
     e( 59 - 59) =     13.54907  eV     1   --> A              
     e( 60 - 60) =     13.96802  eV     1   --> A              
     e( 61 - 61) =     14.19806  eV     1   --> A              
     e( 62 - 62) =     14.61004  eV     1   --> A              
     e( 63 - 63) =     14.85443  eV     1   --> A              
     e( 64 - 64) =     15.05662  eV     1   --> A              
     e( 65 - 65) =     17.86386  eV     1   --> A              
     e( 66 - 66) =     18.18132  eV     1   --> A              
     e( 67 - 67) =     18.34995  eV     1   --> A              
     e( 68 - 68) =     18.90764  eV     1   --> A              
     e( 69 - 69) =     19.99651  eV     1   --> A              
     e( 70 - 70) =     20.31224  eV     1   --> A              
     e( 71 - 71) =     21.33093  eV     1   --> A              
     e( 72 - 72) =     21.74674  eV     1   --> A              
     e( 73 - 73) =     22.62276  eV     1   --> A              
     e( 74 - 74) =     22.80538  eV     1   --> A              
     e( 75 - 75) =     23.24066  eV     1   --> A              
     e( 76 - 76) =     23.50626  eV     1   --> A              
     e( 77 - 77) =     24.39616  eV     1   --> A              
     e( 78 - 78) =     24.50539  eV     1   --> A              
     e( 79 - 79) =     24.60206  eV     1   --> A              
     e( 80 - 80) =     25.35091  eV     1   --> A              

 **************************************************************************

 **************************************************************************

                    xk=(   0.30001,   0.40910,   0.00365  )

     Band symmetry, C_1 (1)     point group:

     e(  1 -  1) =    -84.86863  eV     1   --> A              
     e(  2 -  2) =    -68.41483  eV     1   --> A              
     e(  3 -  3) =    -63.95380  eV     1   --> A              
     e(  4 -  4) =    -63.94349  eV     1   --> A              
     e(  5 -  5) =    -48.87383  eV     1   --> A              
     e(  6 -  6) =    -48.28984  eV     1   --> A              
     e(  7 -  7) =    -47.93461  eV     1   --> A              
     e(  8 -  8) =    -37.47598  eV     1   --> A              
     e(  9 -  9) =    -37.46920  eV     1   --> A              
     e( 10 - 10) =    -37.45076  eV     1   --> A              
     e( 11 - 11) =    -28.42665  eV     1   --> A              
     e( 12 - 12) =    -28.36846  eV     1   --> A              
     e( 13 - 13) =    -28.33525  eV     1   --> A              
     e( 14 - 14) =    -28.26166  eV     1   --> A              
     e( 15 - 15) =    -28.26064  eV     1   --> A              
     e( 16 - 16) =    -28.19896  eV     1   --> A              
     e( 17 - 17) =     -7.91085  eV     1   --> A              
     e( 18 - 18) =     -7.38165  eV     1   --> A              
     e( 19 - 19) =     -7.03189  eV     1   --> A              
     e( 20 - 20) =     -6.82850  eV     1   --> A              
     e( 21 - 21) =     -6.70804  eV     1   --> A              
     e( 22 - 22) =     -6.38813  eV     1   --> A              
     e( 23 - 23) =     -6.20590  eV     1   --> A              
     e( 24 - 24) =     -6.13816  eV     1   --> A              
     e( 25 - 25) =      3.25929  eV     1   --> A              
     e( 26 - 26) =      3.42457  eV     1   --> A              
     e( 27 - 27) =      3.56076  eV     1   --> A              
     e( 28 - 28) =      3.98191  eV     1   --> A              
     e( 29 - 29) =      4.05322  eV     1   --> A              
     e( 30 - 30) =      4.37743  eV     1   --> A              
     e( 31 - 31) =      4.64707  eV     1   --> A              
     e( 32 - 32) =      4.75745  eV     1   --> A              
     e( 33 - 33) =      5.08085  eV     1   --> A              
     e( 34 - 34) =      5.53290  eV     1   --> A              
     e( 35 - 35) =      5.64938  eV     1   --> A              
     e( 36 - 36) =      5.70343  eV     1   --> A              
     e( 37 - 37) =      6.11939  eV     1   --> A              
     e( 38 - 38) =      6.22394  eV     1   --> A              
     e( 39 - 39) =      6.39250  eV     1   --> A              
     e( 40 - 40) =      6.60199  eV     1   --> A              
     e( 41 - 41) =      6.98532  eV     1   --> A              
     e( 42 - 42) =      7.31149  eV     1   --> A              
     e( 43 - 43) =      7.49894  eV     1   --> A              
     e( 44 - 44) =      7.76566  eV     1   --> A              
     e( 45 - 45) =      7.79085  eV     1   --> A              
     e( 46 - 46) =      7.90182  eV     1   --> A              
     e( 47 - 47) =      8.06625  eV     1   --> A              
     e( 48 - 48) =      8.21425  eV     1   --> A              
     e( 49 - 49) =      8.51601  eV     1   --> A              
     e( 50 - 50) =      8.66811  eV     1   --> A              
     e( 51 - 51) =      8.89225  eV     1   --> A              
     e( 52 - 52) =      9.16915  eV     1   --> A              
     e( 53 - 53) =      9.45611  eV     1   --> A              
     e( 54 - 54) =      9.48584  eV     1   --> A              
     e( 55 - 55) =      9.68119  eV     1   --> A              
     e( 56 - 56) =      9.96558  eV     1   --> A              
     e( 57 - 57) =     10.67184  eV     1   --> A              
     e( 58 - 58) =     10.78021  eV     1   --> A              
     e( 59 - 59) =     13.57632  eV     1   --> A              
     e( 60 - 60) =     13.96966  eV     1   --> A              
     e( 61 - 61) =     14.17293  eV     1   --> A              
     e( 62 - 62) =     14.59397  eV     1   --> A              
     e( 63 - 63) =     14.89772  eV     1   --> A              
     e( 64 - 64) =     15.02962  eV     1   --> A              
     e( 65 - 65) =     17.79750  eV     1   --> A              
     e( 66 - 66) =     18.21584  eV     1   --> A              
     e( 67 - 67) =     18.40309  eV     1   --> A              
     e( 68 - 68) =     19.01215  eV     1   --> A              
     e( 69 - 69) =     20.04784  eV     1   --> A              
     e( 70 - 70) =     20.33597  eV     1   --> A              
     e( 71 - 71) =     21.25841  eV     1   --> A              
     e( 72 - 72) =     21.64552  eV     1   --> A              
     e( 73 - 73) =     22.58977  eV     1   --> A              
     e( 74 - 74) =     22.78911  eV     1   --> A              
     e( 75 - 75) =     23.20434  eV     1   --> A              
     e( 76 - 76) =     23.56124  eV     1   --> A              
     e( 77 - 77) =     24.31485  eV     1   --> A              
     e( 78 - 78) =     24.53448  eV     1   --> A              
     e( 79 - 79) =     24.62601  eV     1   --> A              
     e( 80 - 80) =     25.43548  eV     1   --> A              

 **************************************************************************

 **************************************************************************

                    xk=(   0.32501,   0.40910,   0.00396  )

     Band symmetry, C_1 (1)     point group:

     e(  1 -  1) =    -84.86863  eV     1   --> A              
     e(  2 -  2) =    -68.41483  eV     1   --> A              
     e(  3 -  3) =    -63.95384  eV     1   --> A              
     e(  4 -  4) =    -63.94350  eV     1   --> A              
     e(  5 -  5) =    -48.87384  eV     1   --> A              
     e(  6 -  6) =    -48.28984  eV     1   --> A              
     e(  7 -  7) =    -47.93461  eV     1   --> A              
     e(  8 -  8) =    -37.47598  eV     1   --> A              
     e(  9 -  9) =    -37.46920  eV     1   --> A              
     e( 10 - 10) =    -37.45076  eV     1   --> A              
     e( 11 - 11) =    -28.42666  eV     1   --> A              
     e( 12 - 12) =    -28.36840  eV     1   --> A              
     e( 13 - 13) =    -28.33541  eV     1   --> A              
     e( 14 - 14) =    -28.26163  eV     1   --> A              
     e( 15 - 15) =    -28.26079  eV     1   --> A              
     e( 16 - 16) =    -28.19900  eV     1   --> A              
     e( 17 - 17) =     -7.89583  eV     1   --> A              
     e( 18 - 18) =     -7.37098  eV     1   --> A              
     e( 19 - 19) =     -7.05275  eV     1   --> A              
     e( 20 - 20) =     -6.83934  eV     1   --> A              
     e( 21 - 21) =     -6.70043  eV     1   --> A              
     e( 22 - 22) =     -6.37753  eV     1   --> A              
     e( 23 - 23) =     -6.21468  eV     1   --> A              
     e( 24 - 24) =     -6.14191  eV     1   --> A              
     e( 25 - 25) =      3.23974  eV     1   --> A              
     e( 26 - 26) =      3.40500  eV     1   --> A              
     e( 27 - 27) =      3.55668  eV     1   --> A              
     e( 28 - 28) =      3.96044  eV     1   --> A              
     e( 29 - 29) =      4.05143  eV     1   --> A              
     e( 30 - 30) =      4.35951  eV     1   --> A              
     e( 31 - 31) =      4.66311  eV     1   --> A              
     e( 32 - 32) =      4.79051  eV     1   --> A              
     e( 33 - 33) =      5.13077  eV     1   --> A              
     e( 34 - 34) =      5.57143  eV     1   --> A              
     e( 35 - 35) =      5.60244  eV     1   --> A              
     e( 36 - 36) =      5.75780  eV     1   --> A              
     e( 37 - 37) =      6.14342  eV     1   --> A              
     e( 38 - 38) =      6.18842  eV     1   --> A              
     e( 39 - 39) =      6.44874  eV     1   --> A              
     e( 40 - 40) =      6.57479  eV     1   --> A              
     e( 41 - 41) =      6.96587  eV     1   --> A              
     e( 42 - 42) =      7.30050  eV     1   --> A              
     e( 43 - 43) =      7.46233  eV     1   --> A              
     e( 44 - 44) =      7.69422  eV     1   --> A              
     e( 45 - 45) =      7.84912  eV     1   --> A              
     e( 46 - 46) =      7.88158  eV     1   --> A              
     e( 47 - 47) =      8.12279  eV     1   --> A              
     e( 48 - 48) =      8.28228  eV     1   --> A              
     e( 49 - 49) =      8.48757  eV     1   --> A              
     e( 50 - 50) =      8.65826  eV     1   --> A              
     e( 51 - 51) =      8.84971  eV     1   --> A              
     e( 52 - 52) =      9.16713  eV     1   --> A              
     e( 53 - 53) =      9.46945  eV     1   --> A              
     e( 54 - 54) =      9.50185  eV     1   --> A              
     e( 55 - 55) =      9.66050  eV     1   --> A              
     e( 56 - 56) =      9.98191  eV     1   --> A              
     e( 57 - 57) =     10.62369  eV     1   --> A              
     e( 58 - 58) =     10.76613  eV     1   --> A              
     e( 59 - 59) =     13.60447  eV     1   --> A              
     e( 60 - 60) =     13.97224  eV     1   --> A              
     e( 61 - 61) =     14.14707  eV     1   --> A              
     e( 62 - 62) =     14.58362  eV     1   --> A              
     e( 63 - 63) =     14.93756  eV     1   --> A              
     e( 64 - 64) =     14.99945  eV     1   --> A              
     e( 65 - 65) =     17.73659  eV     1   --> A              
     e( 66 - 66) =     18.24874  eV     1   --> A              
     e( 67 - 67) =     18.45509  eV     1   --> A              
     e( 68 - 68) =     19.11439  eV     1   --> A              
     e( 69 - 69) =     20.09538  eV     1   --> A              
     e( 70 - 70) =     20.36619  eV     1   --> A              
     e( 71 - 71) =     21.19039  eV     1   --> A              
     e( 72 - 72) =     21.54408  eV     1   --> A              
     e( 73 - 73) =     22.55387  eV     1   --> A              
     e( 74 - 74) =     22.77529  eV     1   --> A              
     e( 75 - 75) =     23.15927  eV     1   --> A              
     e( 76 - 76) =     23.63076  eV     1   --> A              
     e( 77 - 77) =     24.23409  eV     1   --> A              
     e( 78 - 78) =     24.55494  eV     1   --> A              
     e( 79 - 79) =     24.64980  eV     1   --> A              
     e( 80 - 80) =     25.50210  eV     1   --> A              

 **************************************************************************

 **************************************************************************

                    xk=(   0.35001,   0.40910,   0.00426  )

     Band symmetry, C_1 (1)     point group:

     e(  1 -  1) =    -84.86863  eV     1   --> A              
     e(  2 -  2) =    -68.41483  eV     1   --> A              
     e(  3 -  3) =    -63.95387  eV     1   --> A              
     e(  4 -  4) =    -63.94350  eV     1   --> A              
     e(  5 -  5) =    -48.87384  eV     1   --> A              
     e(  6 -  6) =    -48.28984  eV     1   --> A              
     e(  7 -  7) =    -47.93461  eV     1   --> A              
     e(  8 -  8) =    -37.47598  eV     1   --> A              
     e(  9 -  9) =    -37.46920  eV     1   --> A              
     e( 10 - 10) =    -37.45077  eV     1   --> A              
     e( 11 - 11) =    -28.42666  eV     1   --> A              
     e( 12 - 12) =    -28.36835  eV     1   --> A              
     e( 13 - 13) =    -28.33556  eV     1   --> A              
     e( 14 - 14) =    -28.26161  eV     1   --> A              
     e( 15 - 15) =    -28.26093  eV     1   --> A              
     e( 16 - 16) =    -28.19904  eV     1   --> A              
     e( 17 - 17) =     -7.88169  eV     1   --> A              
     e( 18 - 18) =     -7.35998  eV     1   --> A              
     e( 19 - 19) =     -7.07287  eV     1   --> A              
     e( 20 - 20) =     -6.84899  eV     1   --> A              
     e( 21 - 21) =     -6.69331  eV     1   --> A              
     e( 22 - 22) =     -6.36809  eV     1   --> A              
     e( 23 - 23) =     -6.22660  eV     1   --> A              
     e( 24 - 24) =     -6.14221  eV     1   --> A              
     e( 25 - 25) =      3.22275  eV     1   --> A              
     e( 26 - 26) =      3.38517  eV     1   --> A              
     e( 27 - 27) =      3.55069  eV     1   --> A              
     e( 28 - 28) =      3.94715  eV     1   --> A              
     e( 29 - 29) =      4.04772  eV     1   --> A              
     e( 30 - 30) =      4.34500  eV     1   --> A              
     e( 31 - 31) =      4.67305  eV     1   --> A              
     e( 32 - 32) =      4.82968  eV     1   --> A              
     e( 33 - 33) =      5.17579  eV     1   --> A              
     e( 34 - 34) =      5.55385  eV     1   --> A              
     e( 35 - 35) =      5.61071  eV     1   --> A              
     e( 36 - 36) =      5.81891  eV     1   --> A              
     e( 37 - 37) =      6.13211  eV     1   --> A              
     e( 38 - 38) =      6.18958  eV     1   --> A              
     e( 39 - 39) =      6.49920  eV     1   --> A              
     e( 40 - 40) =      6.55546  eV     1   --> A              
     e( 41 - 41) =      6.94443  eV     1   --> A              
     e( 42 - 42) =      7.24858  eV     1   --> A              
     e( 43 - 43) =      7.46308  eV     1   --> A              
     e( 44 - 44) =      7.61286  eV     1   --> A              
     e( 45 - 45) =      7.83543  eV     1   --> A              
     e( 46 - 46) =      7.91428  eV     1   --> A              
     e( 47 - 47) =      8.19639  eV     1   --> A              
     e( 48 - 48) =      8.35479  eV     1   --> A              
     e( 49 - 49) =      8.46379  eV     1   --> A              
     e( 50 - 50) =      8.65379  eV     1   --> A              
     e( 51 - 51) =      8.80535  eV     1   --> A              
     e( 52 - 52) =      9.16050  eV     1   --> A              
     e( 53 - 53) =      9.47945  eV     1   --> A              
     e( 54 - 54) =      9.51890  eV     1   --> A              
     e( 55 - 55) =      9.64125  eV     1   --> A              
     e( 56 - 56) =      9.99689  eV     1   --> A              
     e( 57 - 57) =     10.57767  eV     1   --> A              
     e( 58 - 58) =     10.74812  eV     1   --> A              
     e( 59 - 59) =     13.63291  eV     1   --> A              
     e( 60 - 60) =     13.97558  eV     1   --> A              
     e( 61 - 61) =     14.12088  eV     1   --> A              
     e( 62 - 62) =     14.57946  eV     1   --> A              
     e( 63 - 63) =     14.96446  eV     1   --> A              
     e( 64 - 64) =     14.97545  eV     1   --> A              
     e( 65 - 65) =     17.68200  eV     1   --> A              
     e( 66 - 66) =     18.27918  eV     1   --> A              
     e( 67 - 67) =     18.50436  eV     1   --> A              
     e( 68 - 68) =     19.21124  eV     1   --> A              
     e( 69 - 69) =     20.13929  eV     1   --> A              
     e( 70 - 70) =     20.40390  eV     1   --> A              
     e( 71 - 71) =     21.12734  eV     1   --> A              
     e( 72 - 72) =     21.44231  eV     1   --> A              
     e( 73 - 73) =     22.51725  eV     1   --> A              
     e( 74 - 74) =     22.76474  eV     1   --> A              
     e( 75 - 75) =     23.10880  eV     1   --> A              
     e( 76 - 76) =     23.71146  eV     1   --> A              
     e( 77 - 77) =     24.16214  eV     1   --> A              
     e( 78 - 78) =     24.56491  eV     1   --> A              
     e( 79 - 79) =     24.67378  eV     1   --> A              
     e( 80 - 80) =     25.51994  eV     1   --> A              

 **************************************************************************

 **************************************************************************

                    xk=(   0.37501,   0.40910,   0.00456  )

     Band symmetry, C_1 (1)     point group:

     e(  1 -  1) =    -84.86863  eV     1   --> A              
     e(  2 -  2) =    -68.41483  eV     1   --> A              
     e(  3 -  3) =    -63.95391  eV     1   --> A              
     e(  4 -  4) =    -63.94350  eV     1   --> A              
     e(  5 -  5) =    -48.87384  eV     1   --> A              
     e(  6 -  6) =    -48.28984  eV     1   --> A              
     e(  7 -  7) =    -47.93461  eV     1   --> A              
     e(  8 -  8) =    -37.47598  eV     1   --> A              
     e(  9 -  9) =    -37.46920  eV     1   --> A              
     e( 10 - 10) =    -37.45077  eV     1   --> A              
     e( 11 - 11) =    -28.42667  eV     1   --> A              
     e( 12 - 12) =    -28.36830  eV     1   --> A              
     e( 13 - 13) =    -28.33570  eV     1   --> A              
     e( 14 - 14) =    -28.26158  eV     1   --> A              
     e( 15 - 15) =    -28.26105  eV     1   --> A              
     e( 16 - 16) =    -28.19908  eV     1   --> A              
     e( 17 - 17) =     -7.86885  eV     1   --> A              
     e( 18 - 18) =     -7.34893  eV     1   --> A              
     e( 19 - 19) =     -7.09187  eV     1   --> A              
     e( 20 - 20) =     -6.85733  eV     1   --> A              
     e( 21 - 21) =     -6.68687  eV     1   --> A              
     e( 22 - 22) =     -6.35985  eV     1   --> A              
     e( 23 - 23) =     -6.23944  eV     1   --> A              
     e( 24 - 24) =     -6.14085  eV     1   --> A              
     e( 25 - 25) =      3.20846  eV     1   --> A              
     e( 26 - 26) =      3.36592  eV     1   --> A              
     e( 27 - 27) =      3.54377  eV     1   --> A              
     e( 28 - 28) =      3.94070  eV     1   --> A              
     e( 29 - 29) =      4.04186  eV     1   --> A              
     e( 30 - 30) =      4.33470  eV     1   --> A              
     e( 31 - 31) =      4.67869  eV     1   --> A              
     e( 32 - 32) =      4.87227  eV     1   --> A              
     e( 33 - 33) =      5.21075  eV     1   --> A              
     e( 34 - 34) =      5.51703  eV     1   --> A              
     e( 35 - 35) =      5.64367  eV     1   --> A              
     e( 36 - 36) =      5.87776  eV     1   --> A              
     e( 37 - 37) =      6.09504  eV     1   --> A              
     e( 38 - 38) =      6.22741  eV     1   --> A              
     e( 39 - 39) =      6.52025  eV     1   --> A              
     e( 40 - 40) =      6.56293  eV     1   --> A              
     e( 41 - 41) =      6.91921  eV     1   --> A              
     e( 42 - 42) =      7.17640  eV     1   --> A              
     e( 43 - 43) =      7.48017  eV     1   --> A              
     e( 44 - 44) =      7.53488  eV     1   --> A              
     e( 45 - 45) =      7.81055  eV     1   --> A              
     e( 46 - 46) =      7.94338  eV     1   --> A              
     e( 47 - 47) =      8.27197  eV     1   --> A              
     e( 48 - 48) =      8.41853  eV     1   --> A              
     e( 49 - 49) =      8.45592  eV     1   --> A              
     e( 50 - 50) =      8.65812  eV     1   --> A              
     e( 51 - 51) =      8.76138  eV     1   --> A              
     e( 52 - 52) =      9.14673  eV     1   --> A              
     e( 53 - 53) =      9.48665  eV     1   --> A              
     e( 54 - 54) =      9.53072  eV     1   --> A              
     e( 55 - 55) =      9.62854  eV     1   --> A              
     e( 56 - 56) =     10.01009  eV     1   --> A              
     e( 57 - 57) =     10.53513  eV     1   --> A              
     e( 58 - 58) =     10.72756  eV     1   --> A              
     e( 59 - 59) =     13.66091  eV     1   --> A              
     e( 60 - 60) =     13.97938  eV     1   --> A              
     e( 61 - 61) =     14.09493  eV     1   --> A              
     e( 62 - 62) =     14.58162  eV     1   --> A              
     e( 63 - 63) =     14.93111  eV     1   --> A              
     e( 64 - 64) =     15.00517  eV     1   --> A              
     e( 65 - 65) =     17.63448  eV     1   --> A              
     e( 66 - 66) =     18.30640  eV     1   --> A              
     e( 67 - 67) =     18.54935  eV     1   --> A              
     e( 68 - 68) =     19.29943  eV     1   --> A              
     e( 69 - 69) =     20.17988  eV     1   --> A              
     e( 70 - 70) =     20.44980  eV     1   --> A              
     e( 71 - 71) =     21.06988  eV     1   --> A              
     e( 72 - 72) =     21.34027  eV     1   --> A              
     e( 73 - 73) =     22.48213  eV     1   --> A              
     e( 74 - 74) =     22.75823  eV     1   --> A              
     e( 75 - 75) =     23.05564  eV     1   --> A              
     e( 76 - 76) =     23.79962  eV     1   --> A              
     e( 77 - 77) =     24.10390  eV     1   --> A              
     e( 78 - 78) =     24.56522  eV     1   --> A              
     e( 79 - 79) =     24.69741  eV     1   --> A              
     e( 80 - 80) =     25.45623  eV     1   --> A              

 **************************************************************************

 **************************************************************************

                    xk=(   0.40001,   0.40910,   0.00487  )

     Band symmetry, C_1 (1)     point group:

     e(  1 -  1) =    -84.86863  eV     1   --> A              
     e(  2 -  2) =    -68.41483  eV     1   --> A              
     e(  3 -  3) =    -63.95393  eV     1   --> A              
     e(  4 -  4) =    -63.94350  eV     1   --> A              
     e(  5 -  5) =    -48.87384  eV     1   --> A              
     e(  6 -  6) =    -48.28984  eV     1   --> A              
     e(  7 -  7) =    -47.93461  eV     1   --> A              
     e(  8 -  8) =    -37.47599  eV     1   --> A              
     e(  9 -  9) =    -37.46920  eV     1   --> A              
     e( 10 - 10) =    -37.45078  eV     1   --> A              
     e( 11 - 11) =    -28.42667  eV     1   --> A              
     e( 12 - 12) =    -28.36826  eV     1   --> A              
     e( 13 - 13) =    -28.33581  eV     1   --> A              
     e( 14 - 14) =    -28.26156  eV     1   --> A              
     e( 15 - 15) =    -28.26116  eV     1   --> A              
     e( 16 - 16) =    -28.19910  eV     1   --> A              
     e( 17 - 17) =     -7.85770  eV     1   --> A              
     e( 18 - 18) =     -7.33821  eV     1   --> A              
     e( 19 - 19) =     -7.10924  eV     1   --> A              
     e( 20 - 20) =     -6.86429  eV     1   --> A              
     e( 21 - 21) =     -6.68130  eV     1   --> A              
     e( 22 - 22) =     -6.35288  eV     1   --> A              
     e( 23 - 23) =     -6.25163  eV     1   --> A              
     e( 24 - 24) =     -6.13896  eV     1   --> A              
     e( 25 - 25) =      3.19694  eV     1   --> A              
     e( 26 - 26) =      3.34822  eV     1   --> A              
     e( 27 - 27) =      3.53690  eV     1   --> A              
     e( 28 - 28) =      3.93931  eV     1   --> A              
     e( 29 - 29) =      4.03431  eV     1   --> A              
     e( 30 - 30) =      4.32836  eV     1   --> A              
     e( 31 - 31) =      4.68158  eV     1   --> A              
     e( 32 - 32) =      4.91654  eV     1   --> A              
     e( 33 - 33) =      5.22765  eV     1   --> A              
     e( 34 - 34) =      5.49713  eV     1   --> A              
     e( 35 - 35) =      5.67338  eV     1   --> A              
     e( 36 - 36) =      5.90968  eV     1   --> A              
     e( 37 - 37) =      6.08595  eV     1   --> A              
     e( 38 - 38) =      6.27088  eV     1   --> A              
     e( 39 - 39) =      6.50845  eV     1   --> A              
     e( 40 - 40) =      6.59869  eV     1   --> A              
     e( 41 - 41) =      6.88719  eV     1   --> A              
     e( 42 - 42) =      7.09937  eV     1   --> A              
     e( 43 - 43) =      7.46597  eV     1   --> A              
     e( 44 - 44) =      7.50001  eV     1   --> A              
     e( 45 - 45) =      7.79382  eV     1   --> A              
     e( 46 - 46) =      7.95641  eV     1   --> A              
     e( 47 - 47) =      8.32761  eV     1   --> A              
     e( 48 - 48) =      8.45495  eV     1   --> A              
     e( 49 - 49) =      8.48880  eV     1   --> A              
     e( 50 - 50) =      8.67064  eV     1   --> A              
     e( 51 - 51) =      8.72568  eV     1   --> A              
     e( 52 - 52) =      9.12430  eV     1   --> A              
     e( 53 - 53) =      9.48464  eV     1   --> A              
     e( 54 - 54) =      9.53971  eV     1   --> A              
     e( 55 - 55) =      9.62584  eV     1   --> A              
     e( 56 - 56) =     10.02120  eV     1   --> A              
     e( 57 - 57) =     10.49741  eV     1   --> A              
     e( 58 - 58) =     10.70632  eV     1   --> A              
     e( 59 - 59) =     13.68753  eV     1   --> A              
     e( 60 - 60) =     13.98328  eV     1   --> A              
     e( 61 - 61) =     14.07001  eV     1   --> A              
     e( 62 - 62) =     14.58973  eV     1   --> A              
     e( 63 - 63) =     14.89554  eV     1   --> A              
     e( 64 - 64) =     15.03120  eV     1   --> A              
     e( 65 - 65) =     17.59469  eV     1   --> A              
     e( 66 - 66) =     18.32968  eV     1   --> A              
     e( 67 - 67) =     18.58856  eV     1   --> A              
     e( 68 - 68) =     19.37570  eV     1   --> A              
     e( 69 - 69) =     20.21711  eV     1   --> A              
     e( 70 - 70) =     20.50427  eV     1   --> A              
     e( 71 - 71) =     21.01895  eV     1   --> A              
     e( 72 - 72) =     21.23828  eV     1   --> A              
     e( 73 - 73) =     22.45052  eV     1   --> A              
     e( 74 - 74) =     22.75653  eV     1   --> A              
     e( 75 - 75) =     23.00239  eV     1   --> A              
     e( 76 - 76) =     23.88737  eV     1   --> A              
     e( 77 - 77) =     24.06554  eV     1   --> A              
     e( 78 - 78) =     24.55839  eV     1   --> A              
     e( 79 - 79) =     24.71909  eV     1   --> A              
     e( 80 - 80) =     25.33867  eV     1   --> A              

 **************************************************************************

 **************************************************************************

                    xk=(   0.42501,   0.40910,   0.00517  )

     Band symmetry, C_1 (1)     point group:

     e(  1 -  1) =    -84.86862  eV     1   --> A              
     e(  2 -  2) =    -68.41483  eV     1   --> A              
     e(  3 -  3) =    -63.95396  eV     1   --> A              
     e(  4 -  4) =    -63.94351  eV     1   --> A              
     e(  5 -  5) =    -48.87384  eV     1   --> A              
     e(  6 -  6) =    -48.28984  eV     1   --> A              
     e(  7 -  7) =    -47.93461  eV     1   --> A              
     e(  8 -  8) =    -37.47599  eV     1   --> A              
     e(  9 -  9) =    -37.46920  eV     1   --> A              
     e( 10 - 10) =    -37.45078  eV     1   --> A              
     e( 11 - 11) =    -28.42668  eV     1   --> A              
     e( 12 - 12) =    -28.36823  eV     1   --> A              
     e( 13 - 13) =    -28.33590  eV     1   --> A              
     e( 14 - 14) =    -28.26154  eV     1   --> A              
     e( 15 - 15) =    -28.26125  eV     1   --> A              
     e( 16 - 16) =    -28.19913  eV     1   --> A              
     e( 17 - 17) =     -7.84860  eV     1   --> A              
     e( 18 - 18) =     -7.32839  eV     1   --> A              
     e( 19 - 19) =     -7.12431  eV     1   --> A              
     e( 20 - 20) =     -6.86978  eV     1   --> A              
     e( 21 - 21) =     -6.67676  eV     1   --> A              
     e( 22 - 22) =     -6.34724  eV     1   --> A              
     e( 23 - 23) =     -6.26213  eV     1   --> A              
     e( 24 - 24) =     -6.13715  eV     1   --> A              
     e( 25 - 25) =      3.18818  eV     1   --> A              
     e( 26 - 26) =      3.33308  eV     1   --> A              
     e( 27 - 27) =      3.53091  eV     1   --> A              
     e( 28 - 28) =      3.94117  eV     1   --> A              
     e( 29 - 29) =      4.02600  eV     1   --> A              
     e( 30 - 30) =      4.32508  eV     1   --> A              
     e( 31 - 31) =      4.68279  eV     1   --> A              
     e( 32 - 32) =      4.96150  eV     1   --> A              
     e( 33 - 33) =      5.22049  eV     1   --> A              
     e( 34 - 34) =      5.50029  eV     1   --> A              
     e( 35 - 35) =      5.69886  eV     1   --> A              
     e( 36 - 36) =      5.89296  eV     1   --> A              
     e( 37 - 37) =      6.12693  eV     1   --> A              
     e( 38 - 38) =      6.31581  eV     1   --> A              
     e( 39 - 39) =      6.49304  eV     1   --> A              
     e( 40 - 40) =      6.63311  eV     1   --> A              
     e( 41 - 41) =      6.84598  eV     1   --> A              
     e( 42 - 42) =      7.02513  eV     1   --> A              
     e( 43 - 43) =      7.41530  eV     1   --> A              
     e( 44 - 44) =      7.51189  eV     1   --> A              
     e( 45 - 45) =      7.79118  eV     1   --> A              
     e( 46 - 46) =      7.95226  eV     1   --> A              
     e( 47 - 47) =      8.35605  eV     1   --> A              
     e( 48 - 48) =      8.48951  eV     1   --> A              
     e( 49 - 49) =      8.53370  eV     1   --> A              
     e( 50 - 50) =      8.65565  eV     1   --> A              
     e( 51 - 51) =      8.73872  eV     1   --> A              
     e( 52 - 52) =      9.09248  eV     1   --> A              
     e( 53 - 53) =      9.47111  eV     1   --> A              
     e( 54 - 54) =      9.55159  eV     1   --> A              
     e( 55 - 55) =      9.62966  eV     1   --> A              
     e( 56 - 56) =     10.03000  eV     1   --> A              
     e( 57 - 57) =     10.46590  eV     1   --> A              
     e( 58 - 58) =     10.68659  eV     1   --> A              
     e( 59 - 59) =     13.71155  eV     1   --> A              
     e( 60 - 60) =     13.98694  eV     1   --> A              
     e( 61 - 61) =     14.04722  eV     1   --> A              
     e( 62 - 62) =     14.60273  eV     1   --> A              
     e( 63 - 63) =     14.86072  eV     1   --> A              
     e( 64 - 64) =     15.05183  eV     1   --> A              
     e( 65 - 65) =     17.56315  eV     1   --> A              
     e( 66 - 66) =     18.34845  eV     1   --> A              
     e( 67 - 67) =     18.62066  eV     1   --> A              
     e( 68 - 68) =     19.43728  eV     1   --> A              
     e( 69 - 69) =     20.25010  eV     1   --> A              
     e( 70 - 70) =     20.56720  eV     1   --> A              
     e( 71 - 71) =     20.97590  eV     1   --> A              
     e( 72 - 72) =     21.13729  eV     1   --> A              
     e( 73 - 73) =     22.42411  eV     1   --> A              
     e( 74 - 74) =     22.76034  eV     1   --> A              
     e( 75 - 75) =     22.95165  eV     1   --> A              
     e( 76 - 76) =     23.94700  eV     1   --> A              
     e( 77 - 77) =     24.07029  eV     1   --> A              
     e( 78 - 78) =     24.54701  eV     1   --> A              
     e( 79 - 79) =     24.73730  eV     1   --> A              
     e( 80 - 80) =     25.20948  eV     1   --> A              

 **************************************************************************

 **************************************************************************

                    xk=(   0.45001,   0.40910,   0.00548  )

     Band symmetry, C_1 (1)     point group:

     e(  1 -  1) =    -84.86862  eV     1   --> A              
     e(  2 -  2) =    -68.41483  eV     1   --> A              
     e(  3 -  3) =    -63.95397  eV     1   --> A              
     e(  4 -  4) =    -63.94351  eV     1   --> A              
     e(  5 -  5) =    -48.87384  eV     1   --> A              
     e(  6 -  6) =    -48.28984  eV     1   --> A              
     e(  7 -  7) =    -47.93461  eV     1   --> A              
     e(  8 -  8) =    -37.47599  eV     1   --> A              
     e(  9 -  9) =    -37.46920  eV     1   --> A              
     e( 10 - 10) =    -37.45078  eV     1   --> A              
     e( 11 - 11) =    -28.42668  eV     1   --> A              
     e( 12 - 12) =    -28.36820  eV     1   --> A              
     e( 13 - 13) =    -28.33597  eV     1   --> A              
     e( 14 - 14) =    -28.26151  eV     1   --> A              
     e( 15 - 15) =    -28.26133  eV     1   --> A              
     e( 16 - 16) =    -28.19914  eV     1   --> A              
     e( 17 - 17) =     -7.84186  eV     1   --> A              
     e( 18 - 18) =     -7.32025  eV     1   --> A              
     e( 19 - 19) =     -7.13625  eV     1   --> A              
     e( 20 - 20) =     -6.87375  eV     1   --> A              
     e( 21 - 21) =     -6.67340  eV     1   --> A              
     e( 22 - 22) =     -6.34302  eV     1   --> A              
     e( 23 - 23) =     -6.27022  eV     1   --> A              
     e( 24 - 24) =     -6.13571  eV     1   --> A              
     e( 25 - 25) =      3.18209  eV     1   --> A              
     e( 26 - 26) =      3.32145  eV     1   --> A              
     e( 27 - 27) =      3.52634  eV     1   --> A              
     e( 28 - 28) =      3.94455  eV     1   --> A              
     e( 29 - 29) =      4.01821  eV     1   --> A              
     e( 30 - 30) =      4.32376  eV     1   --> A              
     e( 31 - 31) =      4.68310  eV     1   --> A              
     e( 32 - 32) =      5.00629  eV     1   --> A              
     e( 33 - 33) =      5.19375  eV     1   --> A              
     e( 34 - 34) =      5.52046  eV     1   --> A              
     e( 35 - 35) =      5.71949  eV     1   --> A              
     e( 36 - 36) =      5.85405  eV     1   --> A              
     e( 37 - 37) =      6.18841  eV     1   --> A              
     e( 38 - 38) =      6.35899  eV     1   --> A              
     e( 39 - 39) =      6.47676  eV     1   --> A              
     e( 40 - 40) =      6.66360  eV     1   --> A              
     e( 41 - 41) =      6.79729  eV     1   --> A              
     e( 42 - 42) =      6.96070  eV     1   --> A              
     e( 43 - 43) =      7.38139  eV     1   --> A              
     e( 44 - 44) =      7.51717  eV     1   --> A              
     e( 45 - 45) =      7.80454  eV     1   --> A              
     e( 46 - 46) =      7.93246  eV     1   --> A              
     e( 47 - 47) =      8.37595  eV     1   --> A              
     e( 48 - 48) =      8.51037  eV     1   --> A              
     e( 49 - 49) =      8.57857  eV     1   --> A              
     e( 50 - 50) =      8.62160  eV     1   --> A              
     e( 51 - 51) =      8.79004  eV     1   --> A              
     e( 52 - 52) =      9.05163  eV     1   --> A              
     e( 53 - 53) =      9.45396  eV     1   --> A              
     e( 54 - 54) =      9.56449  eV     1   --> A              
     e( 55 - 55) =      9.63446  eV     1   --> A              
     e( 56 - 56) =     10.03636  eV     1   --> A              
     e( 57 - 57) =     10.44196  eV     1   --> A              
     e( 58 - 58) =     10.67054  eV     1   --> A              
     e( 59 - 59) =     13.73126  eV     1   --> A              
     e( 60 - 60) =     13.99012  eV     1   --> A              
     e( 61 - 61) =     14.02810  eV     1   --> A              
     e( 62 - 62) =     14.61841  eV     1   --> A              
     e( 63 - 63) =     14.82924  eV     1   --> A              
     e( 64 - 64) =     15.06675  eV     1   --> A              
     e( 65 - 65) =     17.54031  eV     1   --> A              
     e( 66 - 66) =     18.36222  eV     1   --> A              
     e( 67 - 67) =     18.64450  eV     1   --> A              
     e( 68 - 68) =     19.48222  eV     1   --> A              
     e( 69 - 69) =     20.27684  eV     1   --> A              
     e( 70 - 70) =     20.63728  eV     1   --> A              
     e( 71 - 71) =     20.94248  eV     1   --> A              
     e( 72 - 72) =     21.03955  eV     1   --> A              
     e( 73 - 73) =     22.40426  eV     1   --> A              
     e( 74 - 74) =     22.76991  eV     1   --> A              
     e( 75 - 75) =     22.90615  eV     1   --> A              
     e( 76 - 76) =     23.95362  eV     1   --> A              
     e( 77 - 77) =     24.13447  eV     1   --> A              
     e( 78 - 78) =     24.53303  eV     1   --> A              
     e( 79 - 79) =     24.75089  eV     1   --> A              
     e( 80 - 80) =     25.09240  eV     1   --> A              

 **************************************************************************

 **************************************************************************

                    xk=(   0.47502,   0.40910,   0.00578  )

     Band symmetry, C_1 (1)     point group:

     e(  1 -  1) =    -84.86862  eV     1   --> A              
     e(  2 -  2) =    -68.41483  eV     1   --> A              
     e(  3 -  3) =    -63.95398  eV     1   --> A              
     e(  4 -  4) =    -63.94351  eV     1   --> A              
     e(  5 -  5) =    -48.87384  eV     1   --> A              
     e(  6 -  6) =    -48.28984  eV     1   --> A              
     e(  7 -  7) =    -47.93461  eV     1   --> A              
     e(  8 -  8) =    -37.47599  eV     1   --> A              
     e(  9 -  9) =    -37.46920  eV     1   --> A              
     e( 10 - 10) =    -37.45078  eV     1   --> A              
     e( 11 - 11) =    -28.42668  eV     1   --> A              
     e( 12 - 12) =    -28.36819  eV     1   --> A              
     e( 13 - 13) =    -28.33601  eV     1   --> A              
     e( 14 - 15) =    -28.26148  eV     2   -->   2 A              
     e( 16 - 16) =    -28.19915  eV     1   --> A              
     e( 17 - 17) =     -7.83771  eV     1   --> A              
     e( 18 - 18) =     -7.31477  eV     1   --> A              
     e( 19 - 19) =     -7.14403  eV     1   --> A              
     e( 20 - 20) =     -6.87615  eV     1   --> A              
     e( 21 - 21) =     -6.67134  eV     1   --> A              
     e( 22 - 22) =     -6.34038  eV     1   --> A              
     e( 23 - 23) =     -6.27535  eV     1   --> A              
     e( 24 - 24) =     -6.13480  eV     1   --> A              
     e( 25 - 25) =      3.17851  eV     1   --> A              
     e( 26 - 26) =      3.31411  eV     1   --> A              
     e( 27 - 27) =      3.52350  eV     1   --> A              
     e( 28 - 28) =      3.94772  eV     1   --> A              
     e( 29 - 29) =      4.01245  eV     1   --> A              
     e( 30 - 30) =      4.32341  eV     1   --> A              
     e( 31 - 31) =      4.68306  eV     1   --> A              
     e( 32 - 32) =      5.04861  eV     1   --> A              
     e( 33 - 33) =      5.15850  eV     1   --> A              
     e( 34 - 34) =      5.54319  eV     1   --> A              
     e( 35 - 35) =      5.73501  eV     1   --> A              
     e( 36 - 36) =      5.81734  eV     1   --> A              
     e( 37 - 37) =      6.24029  eV     1   --> A              
     e( 38 - 38) =      6.39655  eV     1   --> A              
     e( 39 - 39) =      6.45933  eV     1   --> A              
     e( 40 - 40) =      6.69015  eV     1   --> A              
     e( 41 - 41) =      6.75022  eV     1   --> A              
     e( 42 - 42) =      6.91444  eV     1   --> A              
     e( 43 - 43) =      7.36283  eV     1   --> A              
     e( 44 - 44) =      7.51796  eV     1   --> A              
     e( 45 - 45) =      7.83097  eV     1   --> A              
     e( 46 - 46) =      7.90179  eV     1   --> A              
     e( 47 - 47) =      8.39368  eV     1   --> A              
     e( 48 - 48) =      8.51864  eV     1   --> A              
     e( 49 - 49) =      8.58586  eV     1   --> A              
     e( 50 - 50) =      8.61904  eV     1   --> A              
     e( 51 - 51) =      8.84733  eV     1   --> A              
     e( 52 - 52) =      9.00538  eV     1   --> A              
     e( 53 - 53) =      9.44078  eV     1   --> A              
     e( 54 - 54) =      9.57437  eV     1   --> A              
     e( 55 - 55) =      9.63753  eV     1   --> A              
     e( 56 - 56) =     10.04021  eV     1   --> A              
     e( 57 - 57) =     10.42693  eV     1   --> A              
     e( 58 - 58) =     10.66006  eV     1   --> A              
     e( 59 - 59) =     13.74453  eV     1   --> A              
     e( 60 - 60) =     13.99270  eV     1   --> A              
     e( 61 - 61) =     14.01462  eV     1   --> A              
     e( 62 - 62) =     14.63254  eV     1   --> A              
     e( 63 - 63) =     14.80556  eV     1   --> A              
     e( 64 - 64) =     15.07578  eV     1   --> A              
     e( 65 - 65) =     17.52647  eV     1   --> A              
     e( 66 - 66) =     18.37062  eV     1   --> A              
     e( 67 - 67) =     18.65917  eV     1   --> A              
     e( 68 - 68) =     19.50945  eV     1   --> A              
     e( 69 - 69) =     20.29457  eV     1   --> A              
     e( 70 - 70) =     20.70878  eV     1   --> A              
     e( 71 - 71) =     20.91986  eV     1   --> A              
     e( 72 - 72) =     20.95248  eV     1   --> A              
     e( 73 - 73) =     22.39195  eV     1   --> A              
     e( 74 - 74) =     22.78383  eV     1   --> A              
     e( 75 - 75) =     22.86967  eV     1   --> A              
     e( 76 - 76) =     23.94686  eV     1   --> A              
     e( 77 - 77) =     24.20259  eV     1   --> A              
     e( 78 - 78) =     24.51892  eV     1   --> A              
     e( 79 - 79) =     24.75914  eV     1   --> A              
     e( 80 - 80) =     25.00742  eV     1   --> A              

 **************************************************************************

 **************************************************************************

                    xk=(   0.50002,   0.40910,   0.00609  )

     point group C_2  (2)   
     there are  2 classes
     the character table:

       E     C2   
A      1.00  1.00
B      1.00 -1.00

     the symmetry operations in each class and the name of the first element:

     E        1
                                                                 
     C2       2
                                                                 

     Band symmetry, C_2  (2)    point group:

     e(  1 -  1) =    -84.86862  eV     1   --> B              
     e(  2 -  2) =    -68.41483  eV     1   --> B              
     e(  3 -  3) =    -63.95399  eV     1   --> A              
     e(  4 -  4) =    -63.94351  eV     1   --> A              
     e(  5 -  5) =    -48.87384  eV     1   --> A              
     e(  6 -  6) =    -48.28984  eV     1   --> B              
     e(  7 -  7) =    -47.93461  eV     1   --> A              
     e(  8 -  8) =    -37.47599  eV     1   --> A              
     e(  9 -  9) =    -37.46920  eV     1   --> B              
     e( 10 - 10) =    -37.45079  eV     1   --> A              
     e( 11 - 11) =    -28.42668  eV     1   --> B              
     e( 12 - 12) =    -28.36818  eV     1   --> A              
     e( 13 - 13) =    -28.33602  eV     1   --> B              
     e( 14 - 15) =    -28.26146  eV     2   --> A              
     e( 14 - 15) =    -28.26146  eV     2   --> B              
     e( 16 - 16) =    -28.19916  eV     1   --> B              
     e( 17 - 17) =     -7.83631  eV     1   --> A              
     e( 18 - 18) =     -7.31281  eV     1   --> B              
     e( 19 - 19) =     -7.14675  eV     1   --> A              
     e( 20 - 20) =     -6.87695  eV     1   --> B              
     e( 21 - 21) =     -6.67064  eV     1   --> A              
     e( 22 - 22) =     -6.33947  eV     1   --> A              
     e( 23 - 23) =     -6.27711  eV     1   --> B              
     e( 24 - 24) =     -6.13449  eV     1   --> B              
     e( 25 - 25) =      3.17734  eV     1   --> A              
     e( 26 - 26) =      3.31161  eV     1   --> B              
     e( 27 - 27) =      3.52253  eV     1   --> B              
     e( 28 - 28) =      3.94903  eV     1   --> B              
     e( 29 - 29) =      4.01028  eV     1   --> A              
     e( 30 - 30) =      4.32337  eV     1   --> B              
     e( 31 - 31) =      4.68301  eV     1   --> A              
     e( 32 - 32) =      5.07347  eV     1   --> A              
     e( 33 - 33) =      5.13542  eV     1   --> B              
     e( 34 - 34) =      5.55331  eV     1   --> A              
     e( 35 - 35) =      5.74232  eV     1   --> A              
     e( 36 - 36) =      5.80063  eV     1   --> B              
     e( 37 - 37) =      6.26100  eV     1   --> A              
     e( 38 - 38) =      6.41749  eV     1   --> A              
     e( 39 - 39) =      6.44622  eV     1   --> B              
     e( 40 - 40) =      6.71095  eV     1   --> A              
     e( 41 - 41) =      6.72022  eV     1   --> B              
     e( 42 - 42) =      6.89686  eV     1   --> B              
     e( 43 - 43) =      7.35702  eV     1   --> A              
     e( 44 - 44) =      7.51774  eV     1   --> B              
     e( 45 - 45) =      7.86013  eV     1   --> A              
     e( 46 - 46) =      7.87118  eV     1   --> B              
     e( 47 - 47) =      8.40170  eV     1   --> B              
     e( 48 - 48) =      8.52081  eV     1   --> B              
     e( 49 - 49) =      8.57518  eV     1   --> A              
     e( 50 - 50) =      8.62998  eV     1   --> A              
     e( 51 - 51) =      8.88110  eV     1   --> B              
     e( 52 - 52) =      8.97592  eV     1   --> A              
     e( 53 - 53) =      9.43591  eV     1   --> B              
     e( 54 - 54) =      9.57810  eV     1   --> B              
     e( 55 - 55) =      9.63849  eV     1   --> A              
     e( 56 - 56) =     10.04149  eV     1   --> B              
     e( 57 - 57) =     10.42179  eV     1   --> A              
     e( 58 - 58) =     10.65642  eV     1   --> B              
     e( 59 - 59) =     13.74926  eV     1   --> A              
     e( 60 - 60) =     13.99401  eV     1   --> A              
     e( 61 - 61) =     14.00939  eV     1   --> B              
     e( 62 - 62) =     14.63859  eV     1   --> A              
     e( 63 - 63) =     14.79632  eV     1   --> B              
     e( 64 - 64) =     15.07881  eV     1   --> A              
     e( 65 - 65) =     17.52184  eV     1   --> B              
     e( 66 - 66) =     18.37345  eV     1   --> A              
     e( 67 - 67) =     18.66413  eV     1   --> B              
     e( 68 - 68) =     19.51855  eV     1   --> A              
     e( 69 - 69) =     20.30082  eV     1   --> A              
     e( 70 - 70) =     20.75069  eV     1   --> B              
     e( 71 - 71) =     20.89851  eV     1   --> A              
     e( 72 - 72) =     20.91889  eV     1   --> B              
     e( 73 - 73) =     22.38778  eV     1   --> B              
     e( 74 - 74) =     22.79298  eV     1   --> A              
     e( 75 - 75) =     22.85282  eV     1   --> B              
     e( 76 - 76) =     23.94382  eV     1   --> A              
     e( 77 - 77) =     24.23175  eV     1   --> A              
     e( 78 - 78) =     24.51189  eV     1   --> B              
     e( 79 - 79) =     24.76185  eV     1   --> B              
     e( 80 - 80) =     24.97557  eV     1   --> B              

 **************************************************************************

 **************************************************************************

                    xk=(   0.47502,   0.38864,   0.00578  )

     point group C_1 (1)    
     there are  1 classes
     the character table:

       E    
A      1.00

     the symmetry operations in each class and the name of the first element:

     E        1
                                                                 

     Band symmetry, C_1 (1)     point group:

     e(  1 -  1) =    -84.86862  eV     1   --> A              
     e(  2 -  2) =    -68.41483  eV     1   --> A              
     e(  3 -  3) =    -63.95398  eV     1   --> A              
     e(  4 -  4) =    -63.94351  eV     1   --> A              
     e(  5 -  5) =    -48.87384  eV     1   --> A              
     e(  6 -  6) =    -48.28984  eV     1   --> A              
     e(  7 -  7) =    -47.93461  eV     1   --> A              
     e(  8 -  8) =    -37.47599  eV     1   --> A              
     e(  9 -  9) =    -37.46920  eV     1   --> A              
     e( 10 - 10) =    -37.45078  eV     1   --> A              
     e( 11 - 11) =    -28.42669  eV     1   --> A              
     e( 12 - 12) =    -28.36822  eV     1   --> A              
     e( 13 - 13) =    -28.33601  eV     1   --> A              
     e( 14 - 15) =    -28.26146  eV     2   -->   2 A              
     e( 16 - 16) =    -28.19915  eV     1   --> A              
     e( 17 - 17) =     -7.83850  eV     1   --> A              
     e( 18 - 18) =     -7.31389  eV     1   --> A              
     e( 19 - 19) =     -7.14344  eV     1   --> A              
     e( 20 - 20) =     -6.87576  eV     1   --> A              
     e( 21 - 21) =     -6.67097  eV     1   --> A              
     e( 22 - 22) =     -6.34047  eV     1   --> A              
     e( 23 - 23) =     -6.27669  eV     1   --> A              
     e( 24 - 24) =     -6.13506  eV     1   --> A              
     e( 25 - 25) =      3.17973  eV     1   --> A              
     e( 26 - 26) =      3.31566  eV     1   --> A              
     e( 27 - 27) =      3.52409  eV     1   --> A              
     e( 28 - 28) =      3.94754  eV     1   --> A              
     e( 29 - 29) =      4.01233  eV     1   --> A              
     e( 30 - 30) =      4.32508  eV     1   --> A              
     e( 31 - 31) =      4.68268  eV     1   --> A              
     e( 32 - 32) =      5.04493  eV     1   --> A              
     e( 33 - 33) =      5.15655  eV     1   --> A              
     e( 34 - 34) =      5.53430  eV     1   --> A              
     e( 35 - 35) =      5.74220  eV     1   --> A              
     e( 36 - 36) =      5.81713  eV     1   --> A              
     e( 37 - 37) =      6.23500  eV     1   --> A              
     e( 38 - 38) =      6.39864  eV     1   --> A              
     e( 39 - 39) =      6.45645  eV     1   --> A              
     e( 40 - 40) =      6.69635  eV     1   --> A              
     e( 41 - 41) =      6.74886  eV     1   --> A              
     e( 42 - 42) =      6.92045  eV     1   --> A              
     e( 43 - 43) =      7.35891  eV     1   --> A              
     e( 44 - 44) =      7.51894  eV     1   --> A              
     e( 45 - 45) =      7.83228  eV     1   --> A              
     e( 46 - 46) =      7.90299  eV     1   --> A              
     e( 47 - 47) =      8.37960  eV     1   --> A              
     e( 48 - 48) =      8.52657  eV     1   --> A              
     e( 49 - 49) =      8.56355  eV     1   --> A              
     e( 50 - 50) =      8.62817  eV     1   --> A              
     e( 51 - 51) =      8.85617  eV     1   --> A              
     e( 52 - 52) =      9.01815  eV     1   --> A              
     e( 53 - 53) =      9.43765  eV     1   --> A              
     e( 54 - 54) =      9.57618  eV     1   --> A              
     e( 55 - 55) =      9.63735  eV     1   --> A              
     e( 56 - 56) =     10.04023  eV     1   --> A              
     e( 57 - 57) =     10.42937  eV     1   --> A              
     e( 58 - 58) =     10.66158  eV     1   --> A              
     e( 59 - 59) =     13.74450  eV     1   --> A              
     e( 60 - 60) =     13.99197  eV     1   --> A              
     e( 61 - 61) =     14.01421  eV     1   --> A              
     e( 62 - 62) =     14.62920  eV     1   --> A              
     e( 63 - 63) =     14.80475  eV     1   --> A              
     e( 64 - 64) =     15.07749  eV     1   --> A              
     e( 65 - 65) =     17.53075  eV     1   --> A              
     e( 66 - 66) =     18.36651  eV     1   --> A              
     e( 67 - 67) =     18.65955  eV     1   --> A              
     e( 68 - 68) =     19.50494  eV     1   --> A              
     e( 69 - 69) =     20.28100  eV     1   --> A              
     e( 70 - 70) =     20.70452  eV     1   --> A              
     e( 71 - 71) =     20.90981  eV     1   --> A              
     e( 72 - 72) =     20.98106  eV     1   --> A              
     e( 73 - 73) =     22.38640  eV     1   --> A              
     e( 74 - 74) =     22.78255  eV     1   --> A              
     e( 75 - 75) =     22.87046  eV     1   --> A              
     e( 76 - 76) =     23.94089  eV     1   --> A              
     e( 77 - 77) =     24.21359  eV     1   --> A              
     e( 78 - 78) =     24.50003  eV     1   --> A              
     e( 79 - 79) =     24.75908  eV     1   --> A              
     e( 80 - 80) =     25.01121  eV     1   --> A              

 **************************************************************************

 **************************************************************************

                    xk=(   0.45001,   0.36819,   0.00548  )

     Band symmetry, C_1 (1)     point group:

     e(  1 -  1) =    -84.86862  eV     1   --> A              
     e(  2 -  2) =    -68.41483  eV     1   --> A              
     e(  3 -  3) =    -63.95396  eV     1   --> A              
     e(  4 -  4) =    -63.94351  eV     1   --> A              
     e(  5 -  5) =    -48.87384  eV     1   --> A              
     e(  6 -  6) =    -48.28984  eV     1   --> A              
     e(  7 -  7) =    -47.93461  eV     1   --> A              
     e(  8 -  8) =    -37.47599  eV     1   --> A              
     e(  9 -  9) =    -37.46920  eV     1   --> A              
     e( 10 - 10) =    -37.45078  eV     1   --> A              
     e( 11 - 11) =    -28.42673  eV     1   --> A              
     e( 12 - 12) =    -28.36832  eV     1   --> A              
     e( 13 - 13) =    -28.33597  eV     1   --> A              
     e( 14 - 14) =    -28.26144  eV     1   --> A              
     e( 15 - 15) =    -28.26128  eV     1   --> A              
     e( 16 - 16) =    -28.19912  eV     1   --> A              
     e( 17 - 17) =     -7.84528  eV     1   --> A              
     e( 18 - 18) =     -7.31626  eV     1   --> A              
     e( 19 - 19) =     -7.13417  eV     1   --> A              
     e( 20 - 20) =     -6.87220  eV     1   --> A              
     e( 21 - 21) =     -6.67192  eV     1   --> A              
     e( 22 - 22) =     -6.34346  eV     1   --> A              
     e( 23 - 23) =     -6.27546  eV     1   --> A              
     e( 24 - 24) =     -6.13669  eV     1   --> A              
     e( 25 - 25) =      3.18594  eV     1   --> A              
     e( 26 - 26) =      3.32821  eV     1   --> A              
     e( 27 - 27) =      3.52863  eV     1   --> A              
     e( 28 - 28) =      3.94387  eV     1   --> A              
     e( 29 - 29) =      4.01804  eV     1   --> A              
     e( 30 - 30) =      4.32987  eV     1   --> A              
     e( 31 - 31) =      4.68067  eV     1   --> A              
     e( 32 - 32) =      4.99417  eV     1   --> A              
     e( 33 - 33) =      5.18629  eV     1   --> A              
     e( 34 - 34) =      5.49123  eV     1   --> A              
     e( 35 - 35) =      5.73690  eV     1   --> A              
     e( 36 - 36) =      5.85347  eV     1   --> A              
     e( 37 - 37) =      6.17512  eV     1   --> A              
     e( 38 - 38) =      6.36699  eV     1   --> A              
     e( 39 - 39) =      6.46679  eV     1   --> A              
     e( 40 - 40) =      6.68798  eV     1   --> A              
     e( 41 - 41) =      6.78732  eV     1   --> A              
     e( 42 - 42) =      6.98099  eV     1   --> A              
     e( 43 - 43) =      7.36764  eV     1   --> A              
     e( 44 - 44) =      7.52530  eV     1   --> A              
     e( 45 - 45) =      7.80773  eV     1   --> A              
     e( 46 - 46) =      7.93540  eV     1   --> A              
     e( 47 - 47) =      8.32911  eV     1   --> A              
     e( 48 - 48) =      8.49167  eV     1   --> A              
     e( 49 - 49) =      8.54640  eV     1   --> A              
     e( 50 - 50) =      8.65100  eV     1   --> A              
     e( 51 - 51) =      8.83322  eV     1   --> A              
     e( 52 - 52) =      9.08715  eV     1   --> A              
     e( 53 - 53) =      9.44208  eV     1   --> A              
     e( 54 - 54) =      9.56917  eV     1   --> A              
     e( 55 - 55) =      9.63596  eV     1   --> A              
     e( 56 - 56) =     10.03630  eV     1   --> A              
     e( 57 - 57) =     10.44938  eV     1   --> A              
     e( 58 - 58) =     10.67771  eV     1   --> A              
     e( 59 - 59) =     13.73163  eV     1   --> A              
     e( 60 - 60) =     13.98658  eV     1   --> A              
     e( 61 - 61) =     14.02635  eV     1   --> A              
     e( 62 - 62) =     14.60711  eV     1   --> A              
     e( 63 - 63) =     14.82430  eV     1   --> A              
     e( 64 - 64) =     15.07389  eV     1   --> A              
     e( 65 - 65) =     17.55694  eV     1   --> A              
     e( 66 - 66) =     18.34550  eV     1   --> A              
     e( 67 - 67) =     18.64656  eV     1   --> A              
     e( 68 - 68) =     19.46364  eV     1   --> A              
     e( 69 - 69) =     20.22668  eV     1   --> A              
     e( 70 - 70) =     20.65460  eV     1   --> A              
     e( 71 - 71) =     20.90738  eV     1   --> A              
     e( 72 - 72) =     21.11058  eV     1   --> A              
     e( 73 - 73) =     22.38370  eV     1   --> A              
     e( 74 - 74) =     22.76858  eV     1   --> A              
     e( 75 - 75) =     22.90332  eV     1   --> A              
     e( 76 - 76) =     23.92600  eV     1   --> A              
     e( 77 - 77) =     24.18375  eV     1   --> A              
     e( 78 - 78) =     24.46649  eV     1   --> A              
     e( 79 - 79) =     24.74969  eV     1   --> A              
     e( 80 - 80) =     25.10202  eV     1   --> A              

 **************************************************************************

 **************************************************************************

                    xk=(   0.42501,   0.34773,   0.00517  )

     Band symmetry, C_1 (1)     point group:

     e(  1 -  1) =    -84.86863  eV     1   --> A              
     e(  2 -  2) =    -68.41483  eV     1   --> A              
     e(  3 -  3) =    -63.95393  eV     1   --> A              
     e(  4 -  4) =    -63.94351  eV     1   --> A              
     e(  5 -  5) =    -48.87384  eV     1   --> A              
     e(  6 -  6) =    -48.28984  eV     1   --> A              
     e(  7 -  7) =    -47.93461  eV     1   --> A              
     e(  8 -  8) =    -37.47599  eV     1   --> A              
     e(  9 -  9) =    -37.46920  eV     1   --> A              
     e( 10 - 10) =    -37.45078  eV     1   --> A              
     e( 11 - 11) =    -28.42679  eV     1   --> A              
     e( 12 - 12) =    -28.36848  eV     1   --> A              
     e( 13 - 13) =    -28.33591  eV     1   --> A              
     e( 14 - 14) =    -28.26137  eV     1   --> A              
     e( 15 - 15) =    -28.26115  eV     1   --> A              
     e( 16 - 16) =    -28.19906  eV     1   --> A              
     e( 17 - 17) =     -7.85721  eV     1   --> A              
     e( 18 - 18) =     -7.31786  eV     1   --> A              
     e( 19 - 19) =     -7.12046  eV     1   --> A              
     e( 20 - 20) =     -6.86635  eV     1   --> A              
     e( 21 - 21) =     -6.67343  eV     1   --> A              
     e( 22 - 22) =     -6.34839  eV     1   --> A              
     e( 23 - 23) =     -6.27341  eV     1   --> A              
     e( 24 - 24) =     -6.13915  eV     1   --> A              
     e( 25 - 25) =      3.19371  eV     1   --> A              
     e( 26 - 26) =      3.34976  eV     1   --> A              
     e( 27 - 27) =      3.53578  eV     1   --> A              
     e( 28 - 28) =      3.94004  eV     1   --> A              
     e( 29 - 29) =      4.02649  eV     1   --> A              
     e( 30 - 30) =      4.33654  eV     1   --> A              
     e( 31 - 31) =      4.67404  eV     1   --> A              
     e( 32 - 32) =      4.94089  eV     1   --> A              
     e( 33 - 33) =      5.20739  eV     1   --> A              
     e( 34 - 34) =      5.44244  eV     1   --> A              
     e( 35 - 35) =      5.72358  eV     1   --> A              
     e( 36 - 36) =      5.88145  eV     1   --> A              
     e( 37 - 37) =      6.11944  eV     1   --> A              
     e( 38 - 38) =      6.33290  eV     1   --> A              
     e( 39 - 39) =      6.47258  eV     1   --> A              
     e( 40 - 40) =      6.68327  eV     1   --> A              
     e( 41 - 41) =      6.82493  eV     1   --> A              
     e( 42 - 42) =      7.05167  eV     1   --> A              
     e( 43 - 43) =      7.39436  eV     1   --> A              
     e( 44 - 44) =      7.54061  eV     1   --> A              
     e( 45 - 45) =      7.79137  eV     1   --> A              
     e( 46 - 46) =      7.95217  eV     1   --> A              
     e( 47 - 47) =      8.26376  eV     1   --> A              
     e( 48 - 48) =      8.40804  eV     1   --> A              
     e( 49 - 49) =      8.55892  eV     1   --> A              
     e( 50 - 50) =      8.68403  eV     1   --> A              
     e( 51 - 51) =      8.82767  eV     1   --> A              
     e( 52 - 52) =      9.15289  eV     1   --> A              
     e( 53 - 53) =      9.44753  eV     1   --> A              
     e( 54 - 54) =      9.55612  eV     1   --> A              
     e( 55 - 55) =      9.63740  eV     1   --> A              
     e( 56 - 56) =     10.02939  eV     1   --> A              
     e( 57 - 57) =     10.47514  eV     1   --> A              
     e( 58 - 58) =     10.70602  eV     1   --> A              
     e( 59 - 59) =     13.71381  eV     1   --> A              
     e( 60 - 60) =     13.97807  eV     1   --> A              
     e( 61 - 61) =     14.04190  eV     1   --> A              
     e( 62 - 62) =     14.58201  eV     1   --> A              
     e( 63 - 63) =     14.84634  eV     1   --> A              
     e( 64 - 64) =     15.06899  eV     1   --> A              
     e( 65 - 65) =     17.59866  eV     1   --> A              
     e( 66 - 66) =     18.31027  eV     1   --> A              
     e( 67 - 67) =     18.62675  eV     1   --> A              
     e( 68 - 68) =     19.39475  eV     1   --> A              
     e( 69 - 69) =     20.15457  eV     1   --> A              
     e( 70 - 70) =     20.63360  eV     1   --> A              
     e( 71 - 71) =     20.90204  eV     1   --> A              
     e( 72 - 72) =     21.24731  eV     1   --> A              
     e( 73 - 73) =     22.38350  eV     1   --> A              
     e( 74 - 74) =     22.76143  eV     1   --> A              
     e( 75 - 75) =     22.93413  eV     1   --> A              
     e( 76 - 76) =     23.89296  eV     1   --> A              
     e( 77 - 77) =     24.17473  eV     1   --> A              
     e( 78 - 78) =     24.42419  eV     1   --> A              
     e( 79 - 79) =     24.73493  eV     1   --> A              
     e( 80 - 80) =     25.21107  eV     1   --> A              

 **************************************************************************

 **************************************************************************

                    xk=(   0.40001,   0.32728,   0.00487  )

     Band symmetry, C_1 (1)     point group:

     e(  1 -  1) =    -84.86863  eV     1   --> A              
     e(  2 -  2) =    -68.41483  eV     1   --> A              
     e(  3 -  3) =    -63.95388  eV     1   --> A              
     e(  4 -  4) =    -63.94351  eV     1   --> A              
     e(  5 -  5) =    -48.87384  eV     1   --> A              
     e(  6 -  6) =    -48.28984  eV     1   --> A              
     e(  7 -  7) =    -47.93461  eV     1   --> A              
     e(  8 -  8) =    -37.47598  eV     1   --> A              
     e(  9 -  9) =    -37.46920  eV     1   --> A              
     e( 10 - 10) =    -37.45078  eV     1   --> A              
     e( 11 - 11) =    -28.42687  eV     1   --> A              
     e( 12 - 12) =    -28.36869  eV     1   --> A              
     e( 13 - 13) =    -28.33583  eV     1   --> A              
     e( 14 - 14) =    -28.26127  eV     1   --> A              
     e( 15 - 15) =    -28.26098  eV     1   --> A              
     e( 16 - 16) =    -28.19899  eV     1   --> A              
     e( 17 - 17) =     -7.87494  eV     1   --> A              
     e( 18 - 18) =     -7.31648  eV     1   --> A              
     e( 19 - 19) =     -7.10398  eV     1   --> A              
     e( 20 - 20) =     -6.85833  eV     1   --> A              
     e( 21 - 21) =     -6.67540  eV     1   --> A              
     e( 22 - 22) =     -6.35530  eV     1   --> A              
     e( 23 - 23) =     -6.27040  eV     1   --> A              
     e( 24 - 24) =     -6.14214  eV     1   --> A              
     e( 25 - 25) =      3.20089  eV     1   --> A              
     e( 26 - 26) =      3.37938  eV     1   --> A              
     e( 27 - 27) =      3.54482  eV     1   --> A              
     e( 28 - 28) =      3.93896  eV     1   --> A              
     e( 29 - 29) =      4.03685  eV     1   --> A              
     e( 30 - 30) =      4.34215  eV     1   --> A              
     e( 31 - 31) =      4.65936  eV     1   --> A              
     e( 32 - 32) =      4.89437  eV     1   --> A              
     e( 33 - 33) =      5.20960  eV     1   --> A              
     e( 34 - 34) =      5.40147  eV     1   --> A              
     e( 35 - 35) =      5.70072  eV     1   --> A              
     e( 36 - 36) =      5.87870  eV     1   --> A              
     e( 37 - 37) =      6.10026  eV     1   --> A              
     e( 38 - 38) =      6.29839  eV     1   --> A              
     e( 39 - 39) =      6.47585  eV     1   --> A              
     e( 40 - 40) =      6.68045  eV     1   --> A              
     e( 41 - 41) =      6.85559  eV     1   --> A              
     e( 42 - 42) =      7.11316  eV     1   --> A              
     e( 43 - 43) =      7.44996  eV     1   --> A              
     e( 44 - 44) =      7.56411  eV     1   --> A              
     e( 45 - 45) =      7.78003  eV     1   --> A              
     e( 46 - 46) =      7.93919  eV     1   --> A              
     e( 47 - 47) =      8.19280  eV     1   --> A              
     e( 48 - 48) =      8.34179  eV     1   --> A              
     e( 49 - 49) =      8.57410  eV     1   --> A              
     e( 50 - 50) =      8.70946  eV     1   --> A              
     e( 51 - 51) =      8.83500  eV     1   --> A              
     e( 52 - 52) =      9.21001  eV     1   --> A              
     e( 53 - 53) =      9.45229  eV     1   --> A              
     e( 54 - 54) =      9.54030  eV     1   --> A              
     e( 55 - 55) =      9.64139  eV     1   --> A              
     e( 56 - 56) =     10.01916  eV     1   --> A              
     e( 57 - 57) =     10.49974  eV     1   --> A              
     e( 58 - 58) =     10.74599  eV     1   --> A              
     e( 59 - 59) =     13.69444  eV     1   --> A              
     e( 60 - 60) =     13.96630  eV     1   --> A              
     e( 61 - 61) =     14.05691  eV     1   --> A              
     e( 62 - 62) =     14.56047  eV     1   --> A              
     e( 63 - 63) =     14.86598  eV     1   --> A              
     e( 64 - 64) =     15.06413  eV     1   --> A              
     e( 65 - 65) =     17.65265  eV     1   --> A              
     e( 66 - 66) =     18.26182  eV     1   --> A              
     e( 67 - 67) =     18.60115  eV     1   --> A              
     e( 68 - 68) =     19.30242  eV     1   --> A              
     e( 69 - 69) =     20.08259  eV     1   --> A              
     e( 70 - 70) =     20.63464  eV     1   --> A              
     e( 71 - 71) =     20.89438  eV     1   --> A              
     e( 72 - 72) =     21.37643  eV     1   --> A              
     e( 73 - 73) =     22.39068  eV     1   --> A              
     e( 74 - 74) =     22.76138  eV     1   --> A              
     e( 75 - 75) =     22.95518  eV     1   --> A              
     e( 76 - 76) =     23.85424  eV     1   --> A              
     e( 77 - 77) =     24.17477  eV     1   --> A              
     e( 78 - 78) =     24.40301  eV     1   --> A              
     e( 79 - 79) =     24.71781  eV     1   --> A              
     e( 80 - 80) =     25.29441  eV     1   --> A              

 **************************************************************************

 **************************************************************************

                    xk=(   0.37501,   0.30682,   0.00456  )

     Band symmetry, C_1 (1)     point group:

     e(  1 -  1) =    -84.86863  eV     1   --> A              
     e(  2 -  2) =    -68.41483  eV     1   --> A              
     e(  3 -  3) =    -63.95383  eV     1   --> A              
     e(  4 -  4) =    -63.94351  eV     1   --> A              
     e(  5 -  5) =    -48.87384  eV     1   --> A              
     e(  6 -  6) =    -48.28984  eV     1   --> A              
     e(  7 -  7) =    -47.93461  eV     1   --> A              
     e(  8 -  8) =    -37.47598  eV     1   --> A              
     e(  9 -  9) =    -37.46919  eV     1   --> A              
     e( 10 - 10) =    -37.45077  eV     1   --> A              
     e( 11 - 11) =    -28.42696  eV     1   --> A              
     e( 12 - 12) =    -28.36896  eV     1   --> A              
     e( 13 - 13) =    -28.33572  eV     1   --> A              
     e( 14 - 14) =    -28.26114  eV     1   --> A              
     e( 15 - 15) =    -28.26078  eV     1   --> A              
     e( 16 - 16) =    -28.19891  eV     1   --> A              
     e( 17 - 17) =     -7.89888  eV     1   --> A              
     e( 18 - 18) =     -7.31040  eV     1   --> A              
     e( 19 - 19) =     -7.08613  eV     1   --> A              
     e( 20 - 20) =     -6.84832  eV     1   --> A              
     e( 21 - 21) =     -6.67768  eV     1   --> A              
     e( 22 - 22) =     -6.36429  eV     1   --> A              
     e( 23 - 23) =     -6.26615  eV     1   --> A              
     e( 24 - 24) =     -6.14526  eV     1   --> A              
     e( 25 - 25) =      3.20639  eV     1   --> A              
     e( 26 - 26) =      3.41380  eV     1   --> A              
     e( 27 - 27) =      3.55438  eV     1   --> A              
     e( 28 - 28) =      3.94453  eV     1   --> A              
     e( 29 - 29) =      4.04838  eV     1   --> A              
     e( 30 - 30) =      4.34081  eV     1   --> A              
     e( 31 - 31) =      4.63771  eV     1   --> A              
     e( 32 - 32) =      4.86053  eV     1   --> A              
     e( 33 - 33) =      5.17927  eV     1   --> A              
     e( 34 - 34) =      5.38255  eV     1   --> A              
     e( 35 - 35) =      5.66885  eV     1   --> A              
     e( 36 - 36) =      5.85638  eV     1   --> A              
     e( 37 - 37) =      6.11086  eV     1   --> A              
     e( 38 - 38) =      6.26523  eV     1   --> A              
     e( 39 - 39) =      6.47920  eV     1   --> A              
     e( 40 - 40) =      6.67950  eV     1   --> A              
     e( 41 - 41) =      6.87251  eV     1   --> A              
     e( 42 - 42) =      7.17077  eV     1   --> A              
     e( 43 - 43) =      7.52024  eV     1   --> A              
     e( 44 - 44) =      7.59263  eV     1   --> A              
     e( 45 - 45) =      7.76373  eV     1   --> A              
     e( 46 - 46) =      7.89921  eV     1   --> A              
     e( 47 - 47) =      8.13944  eV     1   --> A              
     e( 48 - 48) =      8.30386  eV     1   --> A              
     e( 49 - 49) =      8.59000  eV     1   --> A              
     e( 50 - 50) =      8.71999  eV     1   --> A              
     e( 51 - 51) =      8.85133  eV     1   --> A              
     e( 52 - 52) =      9.25671  eV     1   --> A              
     e( 53 - 53) =      9.45471  eV     1   --> A              
     e( 54 - 54) =      9.52812  eV     1   --> A              
     e( 55 - 55) =      9.64566  eV     1   --> A              
     e( 56 - 56) =     10.00553  eV     1   --> A              
     e( 57 - 57) =     10.51970  eV     1   --> A              
     e( 58 - 58) =     10.79336  eV     1   --> A              
     e( 59 - 59) =     13.67649  eV     1   --> A              
     e( 60 - 60) =     13.95120  eV     1   --> A              
     e( 61 - 61) =     14.06802  eV     1   --> A              
     e( 62 - 62) =     14.54616  eV     1   --> A              
     e( 63 - 63) =     14.88160  eV     1   --> A              
     e( 64 - 64) =     15.06052  eV     1   --> A              
     e( 65 - 65) =     17.71339  eV     1   --> A              
     e( 66 - 66) =     18.20293  eV     1   --> A              
     e( 67 - 67) =     18.56923  eV     1   --> A              
     e( 68 - 68) =     19.19723  eV     1   --> A              
     e( 69 - 69) =     20.01889  eV     1   --> A              
     e( 70 - 70) =     20.65019  eV     1   --> A              
     e( 71 - 71) =     20.88503  eV     1   --> A              
     e( 72 - 72) =     21.48922  eV     1   --> A              
     e( 73 - 73) =     22.40941  eV     1   --> A              
     e( 74 - 74) =     22.76619  eV     1   --> A              
     e( 75 - 75) =     22.96568  eV     1   --> A              
     e( 76 - 76) =     23.82401  eV     1   --> A              
     e( 77 - 77) =     24.15020  eV     1   --> A              
     e( 78 - 78) =     24.43597  eV     1   --> A              
     e( 79 - 79) =     24.70262  eV     1   --> A              
     e( 80 - 80) =     25.30836  eV     1   --> A              

 **************************************************************************

 **************************************************************************

                    xk=(   0.35001,   0.28637,   0.00426  )

     Band symmetry, C_1 (1)     point group:

     e(  1 -  1) =    -84.86863  eV     1   --> A              
     e(  2 -  2) =    -68.41484  eV     1   --> A              
     e(  3 -  3) =    -63.95378  eV     1   --> A              
     e(  4 -  4) =    -63.94351  eV     1   --> A              
     e(  5 -  5) =    -48.87384  eV     1   --> A              
     e(  6 -  6) =    -48.28984  eV     1   --> A              
     e(  7 -  7) =    -47.93461  eV     1   --> A              
     e(  8 -  8) =    -37.47598  eV     1   --> A              
     e(  9 -  9) =    -37.46919  eV     1   --> A              
     e( 10 - 10) =    -37.45077  eV     1   --> A              
     e( 11 - 11) =    -28.42706  eV     1   --> A              
     e( 12 - 12) =    -28.36926  eV     1   --> A              
     e( 13 - 13) =    -28.33559  eV     1   --> A              
     e( 14 - 14) =    -28.26097  eV     1   --> A              
     e( 15 - 15) =    -28.26056  eV     1   --> A              
     e( 16 - 16) =    -28.19880  eV     1   --> A              
     e( 17 - 17) =     -7.92897  eV     1   --> A              
     e( 18 - 18) =     -7.29875  eV     1   --> A              
     e( 19 - 19) =     -7.06801  eV     1   --> A              
     e( 20 - 20) =     -6.83659  eV     1   --> A              
     e( 21 - 21) =     -6.68011  eV     1   --> A              
     e( 22 - 22) =     -6.37537  eV     1   --> A              
     e( 23 - 23) =     -6.26040  eV     1   --> A              
     e( 24 - 24) =     -6.14808  eV     1   --> A              
     e( 25 - 25) =      3.21007  eV     1   --> A              
     e( 26 - 26) =      3.44809  eV     1   --> A              
     e( 27 - 27) =      3.56216  eV     1   --> A              
     e( 28 - 28) =      3.96125  eV     1   --> A              
     e( 29 - 29) =      4.06043  eV     1   --> A              
     e( 30 - 30) =      4.32391  eV     1   --> A              
     e( 31 - 31) =      4.61858  eV     1   --> A              
     e( 32 - 32) =      4.83827  eV     1   --> A              
     e( 33 - 33) =      5.11913  eV     1   --> A              
     e( 34 - 34) =      5.38503  eV     1   --> A              
     e( 35 - 35) =      5.63408  eV     1   --> A              
     e( 36 - 36) =      5.83684  eV     1   --> A              
     e( 37 - 37) =      6.12232  eV     1   --> A              
     e( 38 - 38) =      6.23777  eV     1   --> A              
     e( 39 - 39) =      6.48507  eV     1   --> A              
     e( 40 - 40) =      6.68052  eV     1   --> A              
     e( 41 - 41) =      6.87560  eV     1   --> A              
     e( 42 - 42) =      7.23400  eV     1   --> A              
     e( 43 - 43) =      7.54554  eV     1   --> A              
     e( 44 - 44) =      7.62852  eV     1   --> A              
     e( 45 - 45) =      7.74321  eV     1   --> A              
     e( 46 - 46) =      7.88376  eV     1   --> A              
     e( 47 - 47) =      8.11010  eV     1   --> A              
     e( 48 - 48) =      8.28705  eV     1   --> A              
     e( 49 - 49) =      8.60498  eV     1   --> A              
     e( 50 - 50) =      8.71631  eV     1   --> A              
     e( 51 - 51) =      8.87082  eV     1   --> A              
     e( 52 - 52) =      9.29061  eV     1   --> A              
     e( 53 - 53) =      9.45407  eV     1   --> A              
     e( 54 - 54) =      9.52505  eV     1   --> A              
     e( 55 - 55) =      9.64836  eV     1   --> A              
     e( 56 - 56) =      9.98893  eV     1   --> A              
     e( 57 - 57) =     10.53501  eV     1   --> A              
     e( 58 - 58) =     10.84123  eV     1   --> A              
     e( 59 - 59) =     13.66247  eV     1   --> A              
     e( 60 - 60) =     13.93278  eV     1   --> A              
     e( 61 - 61) =     14.07323  eV     1   --> A              
     e( 62 - 62) =     14.54019  eV     1   --> A              
     e( 63 - 63) =     14.89415  eV     1   --> A              
     e( 64 - 64) =     15.05856  eV     1   --> A              
     e( 65 - 65) =     17.77148  eV     1   --> A              
     e( 66 - 66) =     18.13796  eV     1   --> A              
     e( 67 - 67) =     18.53011  eV     1   --> A              
     e( 68 - 68) =     19.09505  eV     1   --> A              
     e( 69 - 69) =     19.96373  eV     1   --> A              
     e( 70 - 70) =     20.67567  eV     1   --> A              
     e( 71 - 71) =     20.87537  eV     1   --> A              
     e( 72 - 72) =     21.57996  eV     1   --> A              
     e( 73 - 73) =     22.44104  eV     1   --> A              
     e( 74 - 74) =     22.77281  eV     1   --> A              
     e( 75 - 75) =     22.97319  eV     1   --> A              
     e( 76 - 76) =     23.79983  eV     1   --> A              
     e( 77 - 77) =     24.10987  eV     1   --> A              
     e( 78 - 78) =     24.51003  eV     1   --> A              
     e( 79 - 79) =     24.69983  eV     1   --> A              
     e( 80 - 80) =     25.24747  eV     1   --> A              

 **************************************************************************

 **************************************************************************

                    xk=(   0.32501,   0.26591,   0.00396  )

     Band symmetry, C_1 (1)     point group:

     e(  1 -  1) =    -84.86864  eV     1   --> A              
     e(  2 -  2) =    -68.41484  eV     1   --> A              
     e(  3 -  3) =    -63.95372  eV     1   --> A              
     e(  4 -  4) =    -63.94351  eV     1   --> A              
     e(  5 -  5) =    -48.87383  eV     1   --> A              
     e(  6 -  6) =    -48.28984  eV     1   --> A              
     e(  7 -  7) =    -47.93461  eV     1   --> A              
     e(  8 -  8) =    -37.47598  eV     1   --> A              
     e(  9 -  9) =    -37.46919  eV     1   --> A              
     e( 10 - 10) =    -37.45076  eV     1   --> A              
     e( 11 - 11) =    -28.42717  eV     1   --> A              
     e( 12 - 12) =    -28.36959  eV     1   --> A              
     e( 13 - 13) =    -28.33544  eV     1   --> A              
     e( 14 - 14) =    -28.26078  eV     1   --> A              
     e( 15 - 15) =    -28.26031  eV     1   --> A              
     e( 16 - 16) =    -28.19869  eV     1   --> A              
     e( 17 - 17) =     -7.96456  eV     1   --> A              
     e( 18 - 18) =     -7.28151  eV     1   --> A              
     e( 19 - 19) =     -7.05036  eV     1   --> A              
     e( 20 - 20) =     -6.82359  eV     1   --> A              
     e( 21 - 21) =     -6.68247  eV     1   --> A              
     e( 22 - 22) =     -6.38833  eV     1   --> A              
     e( 23 - 23) =     -6.25314  eV     1   --> A              
     e( 24 - 24) =     -6.15007  eV     1   --> A              
     e( 25 - 25) =      3.21208  eV     1   --> A              
     e( 26 - 26) =      3.47763  eV     1   --> A              
     e( 27 - 27) =      3.56515  eV     1   --> A              
     e( 28 - 28) =      3.99218  eV     1   --> A              
     e( 29 - 29) =      4.07246  eV     1   --> A              
     e( 30 - 30) =      4.28673  eV     1   --> A              
     e( 31 - 31) =      4.60944  eV     1   --> A              
     e( 32 - 32) =      4.82306  eV     1   --> A              
     e( 33 - 33) =      5.04880  eV     1   --> A              
     e( 34 - 34) =      5.39527  eV     1   --> A              
     e( 35 - 35) =      5.60442  eV     1   --> A              
     e( 36 - 36) =      5.82537  eV     1   --> A              
     e( 37 - 37) =      6.11356  eV     1   --> A              
     e( 38 - 38) =      6.22674  eV     1   --> A              
     e( 39 - 39) =      6.49470  eV     1   --> A              
     e( 40 - 40) =      6.68368  eV     1   --> A              
     e( 41 - 41) =      6.87053  eV     1   --> A              
     e( 42 - 42) =      7.29133  eV     1   --> A              
     e( 43 - 43) =      7.48867  eV     1   --> A              
     e( 44 - 44) =      7.65956  eV     1   --> A              
     e( 45 - 45) =      7.76689  eV     1   --> A              
     e( 46 - 46) =      7.91487  eV     1   --> A              
     e( 47 - 47) =      8.09786  eV     1   --> A              
     e( 48 - 48) =      8.28341  eV     1   --> A              
     e( 49 - 49) =      8.61580  eV     1   --> A              
     e( 50 - 50) =      8.70380  eV     1   --> A              
     e( 51 - 51) =      8.88887  eV     1   --> A              
     e( 52 - 52) =      9.30890  eV     1   --> A              
     e( 53 - 53) =      9.45316  eV     1   --> A              
     e( 54 - 54) =      9.53076  eV     1   --> A              
     e( 55 - 55) =      9.64867  eV     1   --> A              
     e( 56 - 56) =      9.97037  eV     1   --> A              
     e( 57 - 57) =     10.54698  eV     1   --> A              
     e( 58 - 58) =     10.88286  eV     1   --> A              
     e( 59 - 59) =     13.65451  eV     1   --> A              
     e( 60 - 60) =     13.91120  eV     1   --> A              
     e( 61 - 61) =     14.07222  eV     1   --> A              
     e( 62 - 62) =     14.54091  eV     1   --> A              
     e( 63 - 63) =     14.90654  eV     1   --> A              
     e( 64 - 64) =     15.05776  eV     1   --> A              
     e( 65 - 65) =     17.81080  eV     1   --> A              
     e( 66 - 66) =     18.07218  eV     1   --> A              
     e( 67 - 67) =     18.48759  eV     1   --> A              
     e( 68 - 68) =     19.01244  eV     1   --> A              
     e( 69 - 69) =     19.91462  eV     1   --> A              
     e( 70 - 70) =     20.70765  eV     1   --> A              
     e( 71 - 71) =     20.86798  eV     1   --> A              
     e( 72 - 72) =     21.64682  eV     1   --> A              
     e( 73 - 73) =     22.48170  eV     1   --> A              
     e( 74 - 74) =     22.77851  eV     1   --> A              
     e( 75 - 75) =     22.99082  eV     1   --> A              
     e( 76 - 76) =     23.76504  eV     1   --> A              
     e( 77 - 77) =     24.08389  eV     1   --> A              
     e( 78 - 78) =     24.57516  eV     1   --> A              
     e( 79 - 79) =     24.74085  eV     1   --> A              
     e( 80 - 80) =     25.14358  eV     1   --> A              

 **************************************************************************

 **************************************************************************

                    xk=(   0.30001,   0.24546,   0.00365  )

     Band symmetry, C_1 (1)     point group:

     e(  1 -  1) =    -84.86864  eV     1   --> A              
     e(  2 -  2) =    -68.41484  eV     1   --> A              
     e(  3 -  3) =    -63.95367  eV     1   --> A              
     e(  4 -  4) =    -63.94352  eV     1   --> A              
     e(  5 -  5) =    -48.87383  eV     1   --> A              
     e(  6 -  6) =    -48.28984  eV     1   --> A              
     e(  7 -  7) =    -47.93461  eV     1   --> A              
     e(  8 -  8) =    -37.47597  eV     1   --> A              
     e(  9 -  9) =    -37.46919  eV     1   --> A              
     e( 10 - 10) =    -37.45075  eV     1   --> A              
     e( 11 - 11) =    -28.42727  eV     1   --> A              
     e( 12 - 12) =    -28.36993  eV     1   --> A              
     e( 13 - 13) =    -28.33527  eV     1   --> A              
     e( 14 - 14) =    -28.26057  eV     1   --> A              
     e( 15 - 15) =    -28.26004  eV     1   --> A              
     e( 16 - 16) =    -28.19857  eV     1   --> A              
     e( 17 - 17) =     -8.00458  eV     1   --> A              
     e( 18 - 18) =     -7.25939  eV     1   --> A              
     e( 19 - 19) =     -7.03358  eV     1   --> A              
     e( 20 - 20) =     -6.81000  eV     1   --> A              
     e( 21 - 21) =     -6.68457  eV     1   --> A              
     e( 22 - 22) =     -6.40268  eV     1   --> A              
     e( 23 - 23) =     -6.24482  eV     1   --> A              
     e( 24 - 24) =     -6.15047  eV     1   --> A              
     e( 25 - 25) =      3.21260  eV     1   --> A              
     e( 26 - 26) =      3.49944  eV     1   --> A              
     e( 27 - 27) =      3.56141  eV     1   --> A              
     e( 28 - 28) =      4.03289  eV     1   --> A              
     e( 29 - 29) =      4.08570  eV     1   --> A              
     e( 30 - 30) =      4.23640  eV     1   --> A              
     e( 31 - 31) =      4.60036  eV     1   --> A              
     e( 32 - 32) =      4.81599  eV     1   --> A              
     e( 33 - 33) =      4.98752  eV     1   --> A              
     e( 34 - 34) =      5.40371  eV     1   --> A              
     e( 35 - 35) =      5.58428  eV     1   --> A              
     e( 36 - 36) =      5.81966  eV     1   --> A              
     e( 37 - 37) =      6.08158  eV     1   --> A              
     e( 38 - 38) =      6.23645  eV     1   --> A              
     e( 39 - 39) =      6.50753  eV     1   --> A              
     e( 40 - 40) =      6.68921  eV     1   --> A              
     e( 41 - 41) =      6.86167  eV     1   --> A              
     e( 42 - 42) =      7.27786  eV     1   --> A              
     e( 43 - 43) =      7.46423  eV     1   --> A              
     e( 44 - 44) =      7.68945  eV     1   --> A              
     e( 45 - 45) =      7.79733  eV     1   --> A              
     e( 46 - 46) =      7.97458  eV     1   --> A              
     e( 47 - 47) =      8.10201  eV     1   --> A              
     e( 48 - 48) =      8.28820  eV     1   --> A              
     e( 49 - 49) =      8.61449  eV     1   --> A              
     e( 50 - 50) =      8.69250  eV     1   --> A              
     e( 51 - 51) =      8.90448  eV     1   --> A              
     e( 52 - 52) =      9.31170  eV     1   --> A              
     e( 53 - 53) =      9.45421  eV     1   --> A              
     e( 54 - 54) =      9.54045  eV     1   --> A              
     e( 55 - 55) =      9.64641  eV     1   --> A              
     e( 56 - 56) =      9.95132  eV     1   --> A              
     e( 57 - 57) =     10.55675  eV     1   --> A              
     e( 58 - 58) =     10.91345  eV     1   --> A              
     e( 59 - 59) =     13.65425  eV     1   --> A              
     e( 60 - 60) =     13.88686  eV     1   --> A              
     e( 61 - 61) =     14.06614  eV     1   --> A              
     e( 62 - 62) =     14.54458  eV     1   --> A              
     e( 63 - 63) =     14.92236  eV     1   --> A              
     e( 64 - 64) =     15.05725  eV     1   --> A              
     e( 65 - 65) =     17.80791  eV     1   --> A              
     e( 66 - 66) =     18.01089  eV     1   --> A              
     e( 67 - 67) =     18.45640  eV     1   --> A              
     e( 68 - 68) =     18.96043  eV     1   --> A              
     e( 69 - 69) =     19.86915  eV     1   --> A              
     e( 70 - 70) =     20.74182  eV     1   --> A              
     e( 71 - 71) =     20.86752  eV     1   --> A              
     e( 72 - 72) =     21.69240  eV     1   --> A              
     e( 73 - 73) =     22.52238  eV     1   --> A              
     e( 74 - 74) =     22.78308  eV     1   --> A              
     e( 75 - 75) =     23.02970  eV     1   --> A              
     e( 76 - 76) =     23.70620  eV     1   --> A              
     e( 77 - 77) =     24.08822  eV     1   --> A              
     e( 78 - 78) =     24.59903  eV     1   --> A              
     e( 79 - 79) =     24.84610  eV     1   --> A              
     e( 80 - 80) =     25.02307  eV     1   --> A              

 **************************************************************************

 **************************************************************************

                    xk=(   0.27501,   0.22500,   0.00335  )

     Band symmetry, C_1 (1)     point group:

     e(  1 -  1) =    -84.86865  eV     1   --> A              
     e(  2 -  2) =    -68.41484  eV     1   --> A              
     e(  3 -  3) =    -63.95362  eV     1   --> A              
     e(  4 -  4) =    -63.94353  eV     1   --> A              
     e(  5 -  5) =    -48.87383  eV     1   --> A              
     e(  6 -  6) =    -48.28984  eV     1   --> A              
     e(  7 -  7) =    -47.93461  eV     1   --> A              
     e(  8 -  8) =    -37.47597  eV     1   --> A              
     e(  9 -  9) =    -37.46919  eV     1   --> A              
     e( 10 - 10) =    -37.45075  eV     1   --> A              
     e( 11 - 11) =    -28.42737  eV     1   --> A              
     e( 12 - 12) =    -28.37028  eV     1   --> A              
     e( 13 - 13) =    -28.33509  eV     1   --> A              
     e( 14 - 14) =    -28.26035  eV     1   --> A              
     e( 15 - 15) =    -28.25977  eV     1   --> A              
     e( 16 - 16) =    -28.19844  eV     1   --> A              
     e( 17 - 17) =     -8.04767  eV     1   --> A              
     e( 18 - 18) =     -7.23364  eV     1   --> A              
     e( 19 - 19) =     -7.01765  eV     1   --> A              
     e( 20 - 20) =     -6.79673  eV     1   --> A              
     e( 21 - 21) =     -6.68620  eV     1   --> A              
     e( 22 - 22) =     -6.41768  eV     1   --> A              
     e( 23 - 23) =     -6.23647  eV     1   --> A              
     e( 24 - 24) =     -6.14818  eV     1   --> A              
     e( 25 - 25) =      3.21174  eV     1   --> A              
     e( 26 - 26) =      3.51031  eV     1   --> A              
     e( 27 - 27) =      3.55324  eV     1   --> A              
     e( 28 - 28) =      4.05313  eV     1   --> A              
     e( 29 - 29) =      4.11338  eV     1   --> A              
     e( 30 - 30) =      4.19365  eV     1   --> A              
     e( 31 - 31) =      4.57068  eV     1   --> A              
     e( 32 - 32) =      4.82546  eV     1   --> A              
     e( 33 - 33) =      4.94969  eV     1   --> A              
     e( 34 - 34) =      5.40623  eV     1   --> A              
     e( 35 - 35) =      5.57355  eV     1   --> A              
     e( 36 - 36) =      5.81456  eV     1   --> A              
     e( 37 - 37) =      6.04222  eV     1   --> A              
     e( 38 - 38) =      6.25918  eV     1   --> A              
     e( 39 - 39) =      6.52190  eV     1   --> A              
     e( 40 - 40) =      6.69683  eV     1   --> A              
     e( 41 - 41) =      6.85036  eV     1   --> A              
     e( 42 - 42) =      7.18723  eV     1   --> A              
     e( 43 - 43) =      7.51057  eV     1   --> A              
     e( 44 - 44) =      7.72646  eV     1   --> A              
     e( 45 - 45) =      7.81397  eV     1   --> A              
     e( 46 - 46) =      8.03699  eV     1   --> A              
     e( 47 - 47) =      8.12355  eV     1   --> A              
     e( 48 - 48) =      8.30018  eV     1   --> A              
     e( 49 - 49) =      8.59393  eV     1   --> A              
     e( 50 - 50) =      8.69160  eV     1   --> A              
     e( 51 - 51) =      8.91877  eV     1   --> A              
     e( 52 - 52) =      9.30347  eV     1   --> A              
     e( 53 - 53) =      9.45529  eV     1   --> A              
     e( 54 - 54) =      9.54960  eV     1   --> A              
     e( 55 - 55) =      9.64147  eV     1   --> A              
     e( 56 - 56) =      9.93322  eV     1   --> A              
     e( 57 - 57) =     10.56460  eV     1   --> A              
     e( 58 - 58) =     10.93078  eV     1   --> A              
     e( 59 - 59) =     13.66257  eV     1   --> A              
     e( 60 - 60) =     13.86055  eV     1   --> A              
     e( 61 - 61) =     14.05677  eV     1   --> A              
     e( 62 - 62) =     14.54703  eV     1   --> A              
     e( 63 - 63) =     14.94385  eV     1   --> A              
     e( 64 - 64) =     15.05682  eV     1   --> A              
     e( 65 - 65) =     17.74626  eV     1   --> A              
     e( 66 - 66) =     17.95674  eV     1   --> A              
     e( 67 - 67) =     18.45324  eV     1   --> A              
     e( 68 - 68) =     18.94149  eV     1   --> A              
     e( 69 - 69) =     19.82566  eV     1   --> A              
     e( 70 - 70) =     20.77156  eV     1   --> A              
     e( 71 - 71) =     20.88168  eV     1   --> A              
     e( 72 - 72) =     21.72236  eV     1   --> A              
     e( 73 - 73) =     22.55378  eV     1   --> A              
     e( 74 - 74) =     22.78832  eV     1   --> A              
     e( 75 - 75) =     23.09223  eV     1   --> A              
     e( 76 - 76) =     23.62810  eV     1   --> A              
     e( 77 - 77) =     24.11857  eV     1   --> A              
     e( 78 - 78) =     24.61022  eV     1   --> A              
     e( 79 - 79) =     24.88769  eV     1   --> A              
     e( 80 - 80) =     24.98919  eV     1   --> A              

 **************************************************************************

 **************************************************************************

                    xk=(   0.25001,   0.20455,   0.00304  )

     Band symmetry, C_1 (1)     point group:

     e(  1 -  1) =    -84.86865  eV     1   --> A              
     e(  2 -  2) =    -68.41484  eV     1   --> A              
     e(  3 -  3) =    -63.95357  eV     1   --> A              
     e(  4 -  4) =    -63.94355  eV     1   --> A              
     e(  5 -  5) =    -48.87383  eV     1   --> A              
     e(  6 -  6) =    -48.28984  eV     1   --> A              
     e(  7 -  7) =    -47.93461  eV     1   --> A              
     e(  8 -  8) =    -37.47597  eV     1   --> A              
     e(  9 -  9) =    -37.46919  eV     1   --> A              
     e( 10 - 10) =    -37.45074  eV     1   --> A              
     e( 11 - 11) =    -28.42747  eV     1   --> A              
     e( 12 - 12) =    -28.37063  eV     1   --> A              
     e( 13 - 13) =    -28.33491  eV     1   --> A              
     e( 14 - 14) =    -28.26011  eV     1   --> A              
     e( 15 - 15) =    -28.25949  eV     1   --> A              
     e( 16 - 16) =    -28.19832  eV     1   --> A              
     e( 17 - 17) =     -8.09236  eV     1   --> A              
     e( 18 - 18) =     -7.20593  eV     1   --> A              
     e( 19 - 19) =     -7.00210  eV     1   --> A              
     e( 20 - 20) =     -6.78484  eV     1   --> A              
     e( 21 - 21) =     -6.68720  eV     1   --> A              
     e( 22 - 22) =     -6.43248  eV     1   --> A              
     e( 23 - 23) =     -6.22959  eV     1   --> A              
     e( 24 - 24) =     -6.14186  eV     1   --> A              
     e( 25 - 25) =      3.20954  eV     1   --> A              
     e( 26 - 26) =      3.50319  eV     1   --> A              
     e( 27 - 27) =      3.54936  eV     1   --> A              
     e( 28 - 28) =      4.02713  eV     1   --> A              
     e( 29 - 29) =      4.13321  eV     1   --> A              
     e( 30 - 30) =      4.20506  eV     1   --> A              
     e( 31 - 31) =      4.51709  eV     1   --> A              
     e( 32 - 32) =      4.84418  eV     1   --> A              
     e( 33 - 33) =      4.94787  eV     1   --> A              
     e( 34 - 34) =      5.40241  eV     1   --> A              
     e( 35 - 35) =      5.56822  eV     1   --> A              
     e( 36 - 36) =      5.80154  eV     1   --> A              
     e( 37 - 37) =      6.01330  eV     1   --> A              
     e( 38 - 38) =      6.29042  eV     1   --> A              
     e( 39 - 39) =      6.53618  eV     1   --> A              
     e( 40 - 40) =      6.70474  eV     1   --> A              
     e( 41 - 41) =      6.83688  eV     1   --> A              
     e( 42 - 42) =      7.09740  eV     1   --> A              
     e( 43 - 43) =      7.55771  eV     1   --> A              
     e( 44 - 44) =      7.77036  eV     1   --> A              
     e( 45 - 45) =      7.82350  eV     1   --> A              
     e( 46 - 46) =      8.08638  eV     1   --> A              
     e( 47 - 47) =      8.15704  eV     1   --> A              
     e( 48 - 48) =      8.32027  eV     1   --> A              
     e( 49 - 49) =      8.56272  eV     1   --> A              
     e( 50 - 50) =      8.69497  eV     1   --> A              
     e( 51 - 51) =      8.93343  eV     1   --> A              
     e( 52 - 52) =      9.28897  eV     1   --> A              
     e( 53 - 53) =      9.45488  eV     1   --> A              
     e( 54 - 54) =      9.55541  eV     1   --> A              
     e( 55 - 55) =      9.63394  eV     1   --> A              
     e( 56 - 56) =      9.91673  eV     1   --> A              
     e( 57 - 57) =     10.56946  eV     1   --> A              
     e( 58 - 58) =     10.93549  eV     1   --> A              
     e( 59 - 59) =     13.67903  eV     1   --> A              
     e( 60 - 60) =     13.83391  eV     1   --> A              
     e( 61 - 61) =     14.04583  eV     1   --> A              
     e( 62 - 62) =     14.54520  eV     1   --> A              
     e( 63 - 63) =     14.96950  eV     1   --> A              
     e( 64 - 64) =     15.05844  eV     1   --> A              
     e( 65 - 65) =     17.63368  eV     1   --> A              
     e( 66 - 66) =     17.91033  eV     1   --> A              
     e( 67 - 67) =     18.47595  eV     1   --> A              
     e( 68 - 68) =     18.95270  eV     1   --> A              
     e( 69 - 69) =     19.78302  eV     1   --> A              
     e( 70 - 70) =     20.79311  eV     1   --> A              
     e( 71 - 71) =     20.91584  eV     1   --> A              
     e( 72 - 72) =     21.74313  eV     1   --> A              
     e( 73 - 73) =     22.57149  eV     1   --> A              
     e( 74 - 74) =     22.79459  eV     1   --> A              
     e( 75 - 75) =     23.16884  eV     1   --> A              
     e( 76 - 76) =     23.54678  eV     1   --> A              
     e( 77 - 77) =     24.16429  eV     1   --> A              
     e( 78 - 78) =     24.62566  eV     1   --> A              
     e( 79 - 79) =     24.76914  eV     1   --> A              
     e( 80 - 80) =     25.10926  eV     1   --> A              

 **************************************************************************

 **************************************************************************

                    xk=(   0.22501,   0.18409,   0.00274  )

     Band symmetry, C_1 (1)     point group:

     e(  1 -  1) =    -84.86865  eV     1   --> A              
     e(  2 -  2) =    -68.41484  eV     1   --> A              
     e(  3 -  3) =    -63.95353  eV     1   --> A              
     e(  4 -  4) =    -63.94357  eV     1   --> A              
     e(  5 -  5) =    -48.87383  eV     1   --> A              
     e(  6 -  6) =    -48.28984  eV     1   --> A              
     e(  7 -  7) =    -47.93461  eV     1   --> A              
     e(  8 -  8) =    -37.47596  eV     1   --> A              
     e(  9 -  9) =    -37.46919  eV     1   --> A              
     e( 10 - 10) =    -37.45073  eV     1   --> A              
     e( 11 - 11) =    -28.42755  eV     1   --> A              
     e( 12 - 12) =    -28.37096  eV     1   --> A              
     e( 13 - 13) =    -28.33471  eV     1   --> A              
     e( 14 - 14) =    -28.25988  eV     1   --> A              
     e( 15 - 15) =    -28.25921  eV     1   --> A              
     e( 16 - 16) =    -28.19819  eV     1   --> A              
     e( 17 - 17) =     -8.13723  eV     1   --> A              
     e( 18 - 18) =     -7.17825  eV     1   --> A              
     e( 19 - 19) =     -6.98603  eV     1   --> A              
     e( 20 - 20) =     -6.77533  eV     1   --> A              
     e( 21 - 21) =     -6.68755  eV     1   --> A              
     e( 22 - 22) =     -6.44623  eV     1   --> A              
     e( 23 - 23) =     -6.22535  eV     1   --> A              
     e( 24 - 24) =     -6.13066  eV     1   --> A              
     e( 25 - 25) =      3.20606  eV     1   --> A              
     e( 26 - 26) =      3.47958  eV     1   --> A              
     e( 27 - 27) =      3.55061  eV     1   --> A              
     e( 28 - 28) =      3.97508  eV     1   --> A              
     e( 29 - 29) =      4.13263  eV     1   --> A              
     e( 30 - 30) =      4.25682  eV     1   --> A              
     e( 31 - 31) =      4.45662  eV     1   --> A              
     e( 32 - 32) =      4.84930  eV     1   --> A              
     e( 33 - 33) =      4.99183  eV     1   --> A              
     e( 34 - 34) =      5.39288  eV     1   --> A              
     e( 35 - 35) =      5.56198  eV     1   --> A              
     e( 36 - 36) =      5.77565  eV     1   --> A              
     e( 37 - 37) =      6.00858  eV     1   --> A              
     e( 38 - 38) =      6.32749  eV     1   --> A              
     e( 39 - 39) =      6.54967  eV     1   --> A              
     e( 40 - 40) =      6.70863  eV     1   --> A              
     e( 41 - 41) =      6.82404  eV     1   --> A              
     e( 42 - 42) =      7.03272  eV     1   --> A              
     e( 43 - 43) =      7.58764  eV     1   --> A              
     e( 44 - 44) =      7.79779  eV     1   --> A              
     e( 45 - 45) =      7.84716  eV     1   --> A              
     e( 46 - 46) =      8.12440  eV     1   --> A              
     e( 47 - 47) =      8.18907  eV     1   --> A              
     e( 48 - 48) =      8.34837  eV     1   --> A              
     e( 49 - 49) =      8.53329  eV     1   --> A              
     e( 50 - 50) =      8.69366  eV     1   --> A              
     e( 51 - 51) =      8.94990  eV     1   --> A              
     e( 52 - 52) =      9.27063  eV     1   --> A              
     e( 53 - 53) =      9.45478  eV     1   --> A              
     e( 54 - 54) =      9.55553  eV     1   --> A              
     e( 55 - 55) =      9.62577  eV     1   --> A              
     e( 56 - 56) =      9.90150  eV     1   --> A              
     e( 57 - 57) =     10.56847  eV     1   --> A              
     e( 58 - 58) =     10.93119  eV     1   --> A              
     e( 59 - 59) =     13.70016  eV     1   --> A              
     e( 60 - 60) =     13.81103  eV     1   --> A              
     e( 61 - 61) =     14.03465  eV     1   --> A              
     e( 62 - 62) =     14.53773  eV     1   --> A              
     e( 63 - 63) =     14.99099  eV     1   --> A              
     e( 64 - 64) =     15.06920  eV     1   --> A              
     e( 65 - 65) =     17.49006  eV     1   --> A              
     e( 66 - 66) =     17.87364  eV     1   --> A              
     e( 67 - 67) =     18.51010  eV     1   --> A              
     e( 68 - 68) =     18.98819  eV     1   --> A              
     e( 69 - 69) =     19.74029  eV     1   --> A              
     e( 70 - 70) =     20.81295  eV     1   --> A              
     e( 71 - 71) =     20.96547  eV     1   --> A              
     e( 72 - 72) =     21.76032  eV     1   --> A              
     e( 73 - 73) =     22.57453  eV     1   --> A              
     e( 74 - 74) =     22.80062  eV     1   --> A              
     e( 75 - 75) =     23.23182  eV     1   --> A              
     e( 76 - 76) =     23.48963  eV     1   --> A              
     e( 77 - 77) =     24.21833  eV     1   --> A              
     e( 78 - 78) =     24.64542  eV     1   --> A              
     e( 79 - 79) =     24.66196  eV     1   --> A              
     e( 80 - 80) =     25.15457  eV     1   --> A              

 **************************************************************************

 **************************************************************************

                    xk=(   0.20001,   0.16364,   0.00243  )

     Band symmetry, C_1 (1)     point group:

     e(  1 -  1) =    -84.86866  eV     1   --> A              
     e(  2 -  2) =    -68.41484  eV     1   --> A              
     e(  3 -  3) =    -63.95350  eV     1   --> A              
     e(  4 -  4) =    -63.94360  eV     1   --> A              
     e(  5 -  5) =    -48.87382  eV     1   --> A              
     e(  6 -  6) =    -48.28984  eV     1   --> A              
     e(  7 -  7) =    -47.93461  eV     1   --> A              
     e(  8 -  8) =    -37.47596  eV     1   --> A              
     e(  9 -  9) =    -37.46920  eV     1   --> A              
     e( 10 - 10) =    -37.45073  eV     1   --> A              
     e( 11 - 11) =    -28.42762  eV     1   --> A              
     e( 12 - 12) =    -28.37127  eV     1   --> A              
     e( 13 - 13) =    -28.33452  eV     1   --> A              
     e( 14 - 14) =    -28.25964  eV     1   --> A              
     e( 15 - 15) =    -28.25894  eV     1   --> A              
     e( 16 - 16) =    -28.19806  eV     1   --> A              
     e( 17 - 17) =     -8.18095  eV     1   --> A              
     e( 18 - 18) =     -7.15273  eV     1   --> A              
     e( 19 - 19) =     -6.96824  eV     1   --> A              
     e( 20 - 20) =     -6.76878  eV     1   --> A              
     e( 21 - 21) =     -6.68750  eV     1   --> A              
     e( 22 - 22) =     -6.45830  eV     1   --> A              
     e( 23 - 23) =     -6.22382  eV     1   --> A              
     e( 24 - 24) =     -6.11499  eV     1   --> A              
     e( 25 - 25) =      3.20139  eV     1   --> A              
     e( 26 - 26) =      3.44777  eV     1   --> A              
     e( 27 - 27) =      3.55081  eV     1   --> A              
     e( 28 - 28) =      3.91797  eV     1   --> A              
     e( 29 - 29) =      4.12787  eV     1   --> A              
     e( 30 - 30) =      4.29806  eV     1   --> A              
     e( 31 - 31) =      4.41291  eV     1   --> A              
     e( 32 - 32) =      4.84525  eV     1   --> A              
     e( 33 - 33) =      5.06257  eV     1   --> A              
     e( 34 - 34) =      5.37697  eV     1   --> A              
     e( 35 - 35) =      5.54880  eV     1   --> A              
     e( 36 - 36) =      5.74728  eV     1   --> A              
     e( 37 - 37) =      6.02907  eV     1   --> A              
     e( 38 - 38) =      6.36660  eV     1   --> A              
     e( 39 - 39) =      6.56208  eV     1   --> A              
     e( 40 - 40) =      6.70481  eV     1   --> A              
     e( 41 - 41) =      6.81975  eV     1   --> A              
     e( 42 - 42) =      6.99746  eV     1   --> A              
     e( 43 - 43) =      7.59943  eV     1   --> A              
     e( 44 - 44) =      7.79735  eV     1   --> A              
     e( 45 - 45) =      7.88672  eV     1   --> A              
     e( 46 - 46) =      8.15346  eV     1   --> A              
     e( 47 - 47) =      8.21258  eV     1   --> A              
     e( 48 - 48) =      8.38135  eV     1   --> A              
     e( 49 - 49) =      8.51540  eV     1   --> A              
     e( 50 - 50) =      8.68374  eV     1   --> A              
     e( 51 - 51) =      8.96909  eV     1   --> A              
     e( 52 - 52) =      9.24890  eV     1   --> A              
     e( 53 - 53) =      9.45850  eV     1   --> A              
     e( 54 - 54) =      9.54625  eV     1   --> A              
     e( 55 - 55) =      9.62179  eV     1   --> A              
     e( 56 - 56) =      9.88677  eV     1   --> A              
     e( 57 - 57) =     10.55716  eV     1   --> A              
     e( 58 - 58) =     10.92393  eV     1   --> A              
     e( 59 - 59) =     13.71388  eV     1   --> A              
     e( 60 - 60) =     13.80412  eV     1   --> A              
     e( 61 - 61) =     14.02422  eV     1   --> A              
     e( 62 - 62) =     14.52439  eV     1   --> A              
     e( 63 - 63) =     14.99802  eV     1   --> A              
     e( 64 - 64) =     15.09717  eV     1   --> A              
     e( 65 - 65) =     17.33253  eV     1   --> A              
     e( 66 - 66) =     17.84754  eV     1   --> A              
     e( 67 - 67) =     18.54674  eV     1   --> A              
     e( 68 - 68) =     19.03932  eV     1   --> A              
     e( 69 - 69) =     19.69636  eV     1   --> A              
     e( 70 - 70) =     20.83985  eV     1   --> A              
     e( 71 - 71) =     21.02389  eV     1   --> A              
     e( 72 - 72) =     21.77801  eV     1   --> A              
     e( 73 - 73) =     22.56041  eV     1   --> A              
     e( 74 - 74) =     22.80609  eV     1   --> A              
     e( 75 - 75) =     23.23503  eV     1   --> A              
     e( 76 - 76) =     23.49771  eV     1   --> A              
     e( 77 - 77) =     24.27780  eV     1   --> A              
     e( 78 - 78) =     24.56271  eV     1   --> A              
     e( 79 - 79) =     24.68291  eV     1   --> A              
     e( 80 - 80) =     25.09104  eV     1   --> A              

 **************************************************************************

 **************************************************************************

                    xk=(   0.17501,   0.14318,   0.00213  )

     Band symmetry, C_1 (1)     point group:

     e(  1 -  1) =    -84.86866  eV     1   --> A              
     e(  2 -  2) =    -68.41484  eV     1   --> A              
     e(  3 -  3) =    -63.95347  eV     1   --> A              
     e(  4 -  4) =    -63.94362  eV     1   --> A              
     e(  5 -  5) =    -48.87382  eV     1   --> A              
     e(  6 -  6) =    -48.28984  eV     1   --> A              
     e(  7 -  7) =    -47.93461  eV     1   --> A              
     e(  8 -  8) =    -37.47595  eV     1   --> A              
     e(  9 -  9) =    -37.46920  eV     1   --> A              
     e( 10 - 10) =    -37.45072  eV     1   --> A              
     e( 11 - 11) =    -28.42767  eV     1   --> A              
     e( 12 - 12) =    -28.37155  eV     1   --> A              
     e( 13 - 13) =    -28.33434  eV     1   --> A              
     e( 14 - 14) =    -28.25942  eV     1   --> A              
     e( 15 - 15) =    -28.25868  eV     1   --> A              
     e( 16 - 16) =    -28.19795  eV     1   --> A              
     e( 17 - 17) =     -8.22231  eV     1   --> A              
     e( 18 - 18) =     -7.13126  eV     1   --> A              
     e( 19 - 19) =     -6.94771  eV     1   --> A              
     e( 20 - 20) =     -6.76523  eV     1   --> A              
     e( 21 - 21) =     -6.68754  eV     1   --> A              
     e( 22 - 22) =     -6.46835  eV     1   --> A              
     e( 23 - 23) =     -6.22419  eV     1   --> A              
     e( 24 - 24) =     -6.09630  eV     1   --> A              
     e( 25 - 25) =      3.19579  eV     1   --> A              
     e( 26 - 26) =      3.41175  eV     1   --> A              
     e( 27 - 27) =      3.54806  eV     1   --> A              
     e( 28 - 28) =      3.86438  eV     1   --> A              
     e( 29 - 29) =      4.11467  eV     1   --> A              
     e( 30 - 30) =      4.30201  eV     1   --> A              
     e( 31 - 31) =      4.41465  eV     1   --> A              
     e( 32 - 32) =      4.83985  eV     1   --> A              
     e( 33 - 33) =      5.13552  eV     1   --> A              
     e( 34 - 34) =      5.35626  eV     1   --> A              
     e( 35 - 35) =      5.52913  eV     1   --> A              
     e( 36 - 36) =      5.73014  eV     1   --> A              
     e( 37 - 37) =      6.06937  eV     1   --> A              
     e( 38 - 38) =      6.40304  eV     1   --> A              
     e( 39 - 39) =      6.57023  eV     1   --> A              
     e( 40 - 40) =      6.70261  eV     1   --> A              
     e( 41 - 41) =      6.82826  eV     1   --> A              
     e( 42 - 42) =      6.98553  eV     1   --> A              
     e( 43 - 43) =      7.59331  eV     1   --> A              
     e( 44 - 44) =      7.78792  eV     1   --> A              
     e( 45 - 45) =      7.91700  eV     1   --> A              
     e( 46 - 46) =      8.17034  eV     1   --> A              
     e( 47 - 47) =      8.22633  eV     1   --> A              
     e( 48 - 48) =      8.41432  eV     1   --> A              
     e( 49 - 49) =      8.51647  eV     1   --> A              
     e( 50 - 50) =      8.66751  eV     1   --> A              
     e( 51 - 51) =      8.99079  eV     1   --> A              
     e( 52 - 52) =      9.22500  eV     1   --> A              
     e( 53 - 53) =      9.46684  eV     1   --> A              
     e( 54 - 54) =      9.52553  eV     1   --> A              
     e( 55 - 55) =      9.62603  eV     1   --> A              
     e( 56 - 56) =      9.87242  eV     1   --> A              
     e( 57 - 57) =     10.53132  eV     1   --> A              
     e( 58 - 58) =     10.92009  eV     1   --> A              
     e( 59 - 59) =     13.70546  eV     1   --> A              
     e( 60 - 60) =     13.82756  eV     1   --> A              
     e( 61 - 61) =     14.01528  eV     1   --> A              
     e( 62 - 62) =     14.50536  eV     1   --> A              
     e( 63 - 63) =     14.99386  eV     1   --> A              
     e( 64 - 64) =     15.13667  eV     1   --> A              
     e( 65 - 65) =     17.17299  eV     1   --> A              
     e( 66 - 66) =     17.83115  eV     1   --> A              
     e( 67 - 67) =     18.58469  eV     1   --> A              
     e( 68 - 68) =     19.09615  eV     1   --> A              
     e( 69 - 69) =     19.64998  eV     1   --> A              
     e( 70 - 70) =     20.87912  eV     1   --> A              
     e( 71 - 71) =     21.08731  eV     1   --> A              
     e( 72 - 72) =     21.79860  eV     1   --> A              
     e( 73 - 73) =     22.52502  eV     1   --> A              
     e( 74 - 74) =     22.81208  eV     1   --> A              
     e( 75 - 75) =     23.19111  eV     1   --> A              
     e( 76 - 76) =     23.54933  eV     1   --> A              
     e( 77 - 77) =     24.34240  eV     1   --> A              
     e( 78 - 78) =     24.49460  eV     1   --> A              
     e( 79 - 79) =     24.72160  eV     1   --> A              
     e( 80 - 80) =     24.99195  eV     1   --> A              

 **************************************************************************

 **************************************************************************

                    xk=(   0.15000,   0.12273,   0.00183  )

     Band symmetry, C_1 (1)     point group:

     e(  1 -  1) =    -84.86866  eV     1   --> A              
     e(  2 -  2) =    -68.41484  eV     1   --> A              
     e(  3 -  3) =    -63.95345  eV     1   --> A              
     e(  4 -  4) =    -63.94365  eV     1   --> A              
     e(  5 -  5) =    -48.87382  eV     1   --> A              
     e(  6 -  6) =    -48.28984  eV     1   --> A              
     e(  7 -  7) =    -47.93460  eV     1   --> A              
     e(  8 -  8) =    -37.47595  eV     1   --> A              
     e(  9 -  9) =    -37.46920  eV     1   --> A              
     e( 10 - 10) =    -37.45071  eV     1   --> A              
     e( 11 - 11) =    -28.42771  eV     1   --> A              
     e( 12 - 12) =    -28.37180  eV     1   --> A              
     e( 13 - 13) =    -28.33416  eV     1   --> A              
     e( 14 - 14) =    -28.25922  eV     1   --> A              
     e( 15 - 15) =    -28.25844  eV     1   --> A              
     e( 16 - 16) =    -28.19784  eV     1   --> A              
     e( 17 - 17) =     -8.26027  eV     1   --> A              
     e( 18 - 18) =     -7.11489  eV     1   --> A              
     e( 19 - 19) =     -6.92415  eV     1   --> A              
     e( 20 - 20) =     -6.76417  eV     1   --> A              
     e( 21 - 21) =     -6.68823  eV     1   --> A              
     e( 22 - 22) =     -6.47644  eV     1   --> A              
     e( 23 - 23) =     -6.22551  eV     1   --> A              
     e( 24 - 24) =     -6.07628  eV     1   --> A              
     e( 25 - 25) =      3.18967  eV     1   --> A              
     e( 26 - 26) =      3.37379  eV     1   --> A              
     e( 27 - 27) =      3.54241  eV     1   --> A              
     e( 28 - 28) =      3.81726  eV     1   --> A              
     e( 29 - 29) =      4.09148  eV     1   --> A              
     e( 30 - 30) =      4.28930  eV     1   --> A              
     e( 31 - 31) =      4.44440  eV     1   --> A              
     e( 32 - 32) =      4.83428  eV     1   --> A              
     e( 33 - 33) =      5.17414  eV     1   --> A              
     e( 34 - 34) =      5.35458  eV     1   --> A              
     e( 35 - 35) =      5.51181  eV     1   --> A              
     e( 36 - 36) =      5.72514  eV     1   --> A              
     e( 37 - 37) =      6.12537  eV     1   --> A              
     e( 38 - 38) =      6.43377  eV     1   --> A              
     e( 39 - 39) =      6.56809  eV     1   --> A              
     e( 40 - 40) =      6.72024  eV     1   --> A              
     e( 41 - 41) =      6.84605  eV     1   --> A              
     e( 42 - 42) =      6.98853  eV     1   --> A              
     e( 43 - 43) =      7.56822  eV     1   --> A              
     e( 44 - 44) =      7.77447  eV     1   --> A              
     e( 45 - 45) =      7.93362  eV     1   --> A              
     e( 46 - 46) =      8.17279  eV     1   --> A              
     e( 47 - 47) =      8.23015  eV     1   --> A              
     e( 48 - 48) =      8.43974  eV     1   --> A              
     e( 49 - 49) =      8.53084  eV     1   --> A              
     e( 50 - 50) =      8.66144  eV     1   --> A              
     e( 51 - 51) =      9.01200  eV     1   --> A              
     e( 52 - 52) =      9.20404  eV     1   --> A              
     e( 53 - 53) =      9.47350  eV     1   --> A              
     e( 54 - 54) =      9.49664  eV     1   --> A              
     e( 55 - 55) =      9.63912  eV     1   --> A              
     e( 56 - 56) =      9.85937  eV     1   --> A              
     e( 57 - 57) =     10.49009  eV     1   --> A              
     e( 58 - 58) =     10.92330  eV     1   --> A              
     e( 59 - 59) =     13.68488  eV     1   --> A              
     e( 60 - 60) =     13.87049  eV     1   --> A              
     e( 61 - 61) =     14.00861  eV     1   --> A              
     e( 62 - 62) =     14.48082  eV     1   --> A              
     e( 63 - 63) =     14.98507  eV     1   --> A              
     e( 64 - 64) =     15.17901  eV     1   --> A              
     e( 65 - 65) =     17.01979  eV     1   --> A              
     e( 66 - 66) =     17.82261  eV     1   --> A              
     e( 67 - 67) =     18.62595  eV     1   --> A              
     e( 68 - 68) =     19.15028  eV     1   --> A              
     e( 69 - 69) =     19.59999  eV     1   --> A              
     e( 70 - 70) =     20.93282  eV     1   --> A              
     e( 71 - 71) =     21.15366  eV     1   --> A              
     e( 72 - 72) =     21.82271  eV     1   --> A              
     e( 73 - 73) =     22.46724  eV     1   --> A              
     e( 74 - 74) =     22.81859  eV     1   --> A              
     e( 75 - 75) =     23.14202  eV     1   --> A              
     e( 76 - 76) =     23.59114  eV     1   --> A              
     e( 77 - 77) =     24.40607  eV     1   --> A              
     e( 78 - 78) =     24.46666  eV     1   --> A              
     e( 79 - 79) =     24.76314  eV     1   --> A              
     e( 80 - 80) =     24.89184  eV     1   --> A              

 **************************************************************************

 **************************************************************************

                    xk=(   0.12500,   0.10227,   0.00152  )

     Band symmetry, C_1 (1)     point group:

     e(  1 -  1) =    -84.86866  eV     1   --> A              
     e(  2 -  2) =    -68.41484  eV     1   --> A              
     e(  3 -  3) =    -63.95343  eV     1   --> A              
     e(  4 -  4) =    -63.94368  eV     1   --> A              
     e(  5 -  5) =    -48.87382  eV     1   --> A              
     e(  6 -  6) =    -48.28984  eV     1   --> A              
     e(  7 -  7) =    -47.93460  eV     1   --> A              
     e(  8 -  8) =    -37.47595  eV     1   --> A              
     e(  9 -  9) =    -37.46920  eV     1   --> A              
     e( 10 - 10) =    -37.45071  eV     1   --> A              
     e( 11 - 11) =    -28.42774  eV     1   --> A              
     e( 12 - 12) =    -28.37201  eV     1   --> A              
     e( 13 - 13) =    -28.33400  eV     1   --> A              
     e( 14 - 14) =    -28.25903  eV     1   --> A              
     e( 15 - 15) =    -28.25823  eV     1   --> A              
     e( 16 - 16) =    -28.19775  eV     1   --> A              
     e( 17 - 17) =     -8.29390  eV     1   --> A              
     e( 18 - 18) =     -7.10352  eV     1   --> A              
     e( 19 - 19) =     -6.89840  eV     1   --> A              
     e( 20 - 20) =     -6.76489  eV     1   --> A              
     e( 21 - 21) =     -6.69000  eV     1   --> A              
     e( 22 - 22) =     -6.48293  eV     1   --> A              
     e( 23 - 23) =     -6.22707  eV     1   --> A              
     e( 24 - 24) =     -6.05650  eV     1   --> A              
     e( 25 - 25) =      3.18372  eV     1   --> A              
     e( 26 - 26) =      3.33580  eV     1   --> A              
     e( 27 - 27) =      3.53469  eV     1   --> A              
     e( 28 - 28) =      3.77747  eV     1   --> A              
     e( 29 - 29) =      4.06307  eV     1   --> A              
     e( 30 - 30) =      4.28317  eV     1   --> A              
     e( 31 - 31) =      4.47686  eV     1   --> A              
     e( 32 - 32) =      4.82739  eV     1   --> A              
     e( 33 - 33) =      5.14693  eV     1   --> A              
     e( 34 - 34) =      5.40141  eV     1   --> A              
     e( 35 - 35) =      5.50259  eV     1   --> A              
     e( 36 - 36) =      5.72660  eV     1   --> A              
     e( 37 - 37) =      6.19197  eV     1   --> A              
     e( 38 - 38) =      6.45667  eV     1   --> A              
     e( 39 - 39) =      6.56362  eV     1   --> A              
     e( 40 - 40) =      6.75793  eV     1   --> A              
     e( 41 - 41) =      6.87017  eV     1   --> A              
     e( 42 - 42) =      7.00014  eV     1   --> A              
     e( 43 - 43) =      7.52390  eV     1   --> A              
     e( 44 - 44) =      7.76013  eV     1   --> A              
     e( 45 - 45) =      7.93560  eV     1   --> A              
     e( 46 - 46) =      8.16184  eV     1   --> A              
     e( 47 - 47) =      8.22994  eV     1   --> A              
     e( 48 - 48) =      8.45715  eV     1   --> A              
     e( 49 - 49) =      8.52191  eV     1   --> A              
     e( 50 - 50) =      8.69965  eV     1   --> A              
     e( 51 - 51) =      9.02595  eV     1   --> A              
     e( 52 - 52) =      9.19498  eV     1   --> A              
     e( 53 - 53) =      9.45366  eV     1   --> A              
     e( 54 - 54) =      9.47852  eV     1   --> A              
     e( 55 - 55) =      9.66117  eV     1   --> A              
     e( 56 - 56) =      9.84899  eV     1   --> A              
     e( 57 - 57) =     10.43718  eV     1   --> A              
     e( 58 - 58) =     10.93309  eV     1   --> A              
     e( 59 - 59) =     13.66280  eV     1   --> A              
     e( 60 - 60) =     13.91999  eV     1   --> A              
     e( 61 - 61) =     14.00595  eV     1   --> A              
     e( 62 - 62) =     14.45087  eV     1   --> A              
     e( 63 - 63) =     14.97473  eV     1   --> A              
     e( 64 - 64) =     15.21942  eV     1   --> A              
     e( 65 - 65) =     16.87933  eV     1   --> A              
     e( 66 - 66) =     17.81962  eV     1   --> A              
     e( 67 - 67) =     18.67235  eV     1   --> A              
     e( 68 - 68) =     19.19644  eV     1   --> A              
     e( 69 - 69) =     19.54581  eV     1   --> A              
     e( 70 - 70) =     20.99973  eV     1   --> A              
     e( 71 - 71) =     21.22161  eV     1   --> A              
     e( 72 - 72) =     21.84922  eV     1   --> A              
     e( 73 - 73) =     22.39174  eV     1   --> A              
     e( 74 - 74) =     22.82274  eV     1   --> A              
     e( 75 - 75) =     23.10154  eV     1   --> A              
     e( 76 - 76) =     23.60320  eV     1   --> A              
     e( 77 - 77) =     24.42703  eV     1   --> A              
     e( 78 - 78) =     24.52080  eV     1   --> A              
     e( 79 - 79) =     24.77421  eV     1   --> A              
     e( 80 - 80) =     24.83281  eV     1   --> A              

 **************************************************************************

 **************************************************************************

                    xk=(   0.10000,   0.08182,   0.00122  )

     Band symmetry, C_1 (1)     point group:

     e(  1 -  1) =    -84.86866  eV     1   --> A              
     e(  2 -  2) =    -68.41484  eV     1   --> A              
     e(  3 -  3) =    -63.95342  eV     1   --> A              
     e(  4 -  4) =    -63.94371  eV     1   --> A              
     e(  5 -  5) =    -48.87382  eV     1   --> A              
     e(  6 -  6) =    -48.28984  eV     1   --> A              
     e(  7 -  7) =    -47.93460  eV     1   --> A              
     e(  8 -  8) =    -37.47595  eV     1   --> A              
     e(  9 -  9) =    -37.46920  eV     1   --> A              
     e( 10 - 10) =    -37.45070  eV     1   --> A              
     e( 11 - 11) =    -28.42776  eV     1   --> A              
     e( 12 - 12) =    -28.37219  eV     1   --> A              
     e( 13 - 13) =    -28.33386  eV     1   --> A              
     e( 14 - 14) =    -28.25888  eV     1   --> A              
     e( 15 - 15) =    -28.25805  eV     1   --> A              
     e( 16 - 16) =    -28.19767  eV     1   --> A              
     e( 17 - 17) =     -8.32244  eV     1   --> A              
     e( 18 - 18) =     -7.09627  eV     1   --> A              
     e( 19 - 19) =     -6.87210  eV     1   --> A              
     e( 20 - 20) =     -6.76665  eV     1   --> A              
     e( 21 - 21) =     -6.69295  eV     1   --> A              
     e( 22 - 22) =     -6.48824  eV     1   --> A              
     e( 23 - 23) =     -6.22843  eV     1   --> A              
     e( 24 - 24) =     -6.03833  eV     1   --> A              
     e( 25 - 25) =      3.17885  eV     1   --> A              
     e( 26 - 26) =      3.29962  eV     1   --> A              
     e( 27 - 27) =      3.52611  eV     1   --> A              
     e( 28 - 28) =      3.74502  eV     1   --> A              
     e( 29 - 29) =      4.03595  eV     1   --> A              
     e( 30 - 30) =      4.28353  eV     1   --> A              
     e( 31 - 31) =      4.50817  eV     1   --> A              
     e( 32 - 32) =      4.81686  eV     1   --> A              
     e( 33 - 33) =      5.08986  eV     1   --> A              
     e( 34 - 34) =      5.46115  eV     1   --> A              
     e( 35 - 35) =      5.50441  eV     1   --> A              
     e( 36 - 36) =      5.73126  eV     1   --> A              
     e( 37 - 37) =      6.25962  eV     1   --> A              
     e( 38 - 38) =      6.46250  eV     1   --> A              
     e( 39 - 39) =      6.58292  eV     1   --> A              
     e( 40 - 40) =      6.80114  eV     1   --> A              
     e( 41 - 41) =      6.90016  eV     1   --> A              
     e( 42 - 42) =      7.01616  eV     1   --> A              
     e( 43 - 43) =      7.46261  eV     1   --> A              
     e( 44 - 44) =      7.74803  eV     1   --> A              
     e( 45 - 45) =      7.91924  eV     1   --> A              
     e( 46 - 46) =      8.14604  eV     1   --> A              
     e( 47 - 47) =      8.22949  eV     1   --> A              
     e( 48 - 48) =      8.46223  eV     1   --> A              
     e( 49 - 49) =      8.49770  eV     1   --> A              
     e( 50 - 50) =      8.77410  eV     1   --> A              
     e( 51 - 51) =      9.02806  eV     1   --> A              
     e( 52 - 52) =      9.20338  eV     1   --> A              
     e( 53 - 53) =      9.41286  eV     1   --> A              
     e( 54 - 54) =      9.46224  eV     1   --> A              
     e( 55 - 55) =      9.69050  eV     1   --> A              
     e( 56 - 56) =      9.84192  eV     1   --> A              
     e( 57 - 57) =     10.37915  eV     1   --> A              
     e( 58 - 58) =     10.94664  eV     1   --> A              
     e( 59 - 59) =     13.64299  eV     1   --> A              
     e( 60 - 60) =     13.96266  eV     1   --> A              
     e( 61 - 61) =     14.01611  eV     1   --> A              
     e( 62 - 62) =     14.41562  eV     1   --> A              
     e( 63 - 63) =     14.96437  eV     1   --> A              
     e( 64 - 64) =     15.25517  eV     1   --> A              
     e( 65 - 65) =     16.75689  eV     1   --> A              
     e( 66 - 66) =     17.81999  eV     1   --> A              
     e( 67 - 67) =     18.72412  eV     1   --> A              
     e( 68 - 68) =     19.23219  eV     1   --> A              
     e( 69 - 69) =     19.48826  eV     1   --> A              
     e( 70 - 70) =     21.07504  eV     1   --> A              
     e( 71 - 71) =     21.29014  eV     1   --> A              
     e( 72 - 72) =     21.87524  eV     1   --> A              
     e( 73 - 73) =     22.30704  eV     1   --> A              
     e( 74 - 74) =     22.82016  eV     1   --> A              
     e( 75 - 75) =     23.07270  eV     1   --> A              
     e( 76 - 76) =     23.58864  eV     1   --> A              
     e( 77 - 77) =     24.43886  eV     1   --> A              
     e( 78 - 78) =     24.60770  eV     1   --> A              
     e( 79 - 79) =     24.70405  eV     1   --> A              
     e( 80 - 80) =     24.87161  eV     1   --> A              

 **************************************************************************

 **************************************************************************

                    xk=(   0.07500,   0.06136,   0.00091  )

     Band symmetry, C_1 (1)     point group:

     e(  1 -  1) =    -84.86866  eV     1   --> A              
     e(  2 -  2) =    -68.41484  eV     1   --> A              
     e(  3 -  3) =    -63.95341  eV     1   --> A              
     e(  4 -  4) =    -63.94373  eV     1   --> A              
     e(  5 -  5) =    -48.87381  eV     1   --> A              
     e(  6 -  6) =    -48.28984  eV     1   --> A              
     e(  7 -  7) =    -47.93460  eV     1   --> A              
     e(  8 -  8) =    -37.47594  eV     1   --> A              
     e(  9 -  9) =    -37.46920  eV     1   --> A              
     e( 10 - 10) =    -37.45070  eV     1   --> A              
     e( 11 - 11) =    -28.42778  eV     1   --> A              
     e( 12 - 12) =    -28.37232  eV     1   --> A              
     e( 13 - 13) =    -28.33375  eV     1   --> A              
     e( 14 - 14) =    -28.25875  eV     1   --> A              
     e( 15 - 15) =    -28.25791  eV     1   --> A              
     e( 16 - 16) =    -28.19760  eV     1   --> A              
     e( 17 - 17) =     -8.34529  eV     1   --> A              
     e( 18 - 18) =     -7.09198  eV     1   --> A              
     e( 19 - 19) =     -6.84731  eV     1   --> A              
     e( 20 - 20) =     -6.76885  eV     1   --> A              
     e( 21 - 21) =     -6.69693  eV     1   --> A              
     e( 22 - 22) =     -6.49264  eV     1   --> A              
     e( 23 - 23) =     -6.22940  eV     1   --> A              
     e( 24 - 24) =     -6.02293  eV     1   --> A              
     e( 25 - 25) =      3.17611  eV     1   --> A              
     e( 26 - 26) =      3.26693  eV     1   --> A              
     e( 27 - 27) =      3.51794  eV     1   --> A              
     e( 28 - 28) =      3.71974  eV     1   --> A              
     e( 29 - 29) =      4.01397  eV     1   --> A              
     e( 30 - 30) =      4.28692  eV     1   --> A              
     e( 31 - 31) =      4.53939  eV     1   --> A              
     e( 32 - 32) =      4.79950  eV     1   --> A              
     e( 33 - 33) =      5.03352  eV     1   --> A              
     e( 34 - 34) =      5.48637  eV     1   --> A              
     e( 35 - 35) =      5.53630  eV     1   --> A              
     e( 36 - 36) =      5.73916  eV     1   --> A              
     e( 37 - 37) =      6.31627  eV     1   --> A              
     e( 38 - 38) =      6.44962  eV     1   --> A              
     e( 39 - 39) =      6.64034  eV     1   --> A              
     e( 40 - 40) =      6.83772  eV     1   --> A              
     e( 41 - 41) =      6.93411  eV     1   --> A              
     e( 42 - 42) =      7.03390  eV     1   --> A              
     e( 43 - 43) =      7.38925  eV     1   --> A              
     e( 44 - 44) =      7.74055  eV     1   --> A              
     e( 45 - 45) =      7.88420  eV     1   --> A              
     e( 46 - 46) =      8.13644  eV     1   --> A              
     e( 47 - 47) =      8.22486  eV     1   --> A              
     e( 48 - 48) =      8.43142  eV     1   --> A              
     e( 49 - 49) =      8.50658  eV     1   --> A              
     e( 50 - 50) =      8.85662  eV     1   --> A              
     e( 51 - 51) =      9.02594  eV     1   --> A              
     e( 52 - 52) =      9.22309  eV     1   --> A              
     e( 53 - 53) =      9.36798  eV     1   --> A              
     e( 54 - 54) =      9.43366  eV     1   --> A              
     e( 55 - 55) =      9.72283  eV     1   --> A              
     e( 56 - 56) =      9.83731  eV     1   --> A              
     e( 57 - 57) =     10.32334  eV     1   --> A              
     e( 58 - 58) =     10.96075  eV     1   --> A              
     e( 59 - 59) =     13.62693  eV     1   --> A              
     e( 60 - 60) =     13.97794  eV     1   --> A              
     e( 61 - 61) =     14.05707  eV     1   --> A              
     e( 62 - 62) =     14.37527  eV     1   --> A              
     e( 63 - 63) =     14.95501  eV     1   --> A              
     e( 64 - 64) =     15.28447  eV     1   --> A              
     e( 65 - 65) =     16.65686  eV     1   --> A              
     e( 66 - 66) =     17.82188  eV     1   --> A              
     e( 67 - 67) =     18.77927  eV     1   --> A              
     e( 68 - 68) =     19.25662  eV     1   --> A              
     e( 69 - 69) =     19.43049  eV     1   --> A              
     e( 70 - 70) =     21.15034  eV     1   --> A              
     e( 71 - 71) =     21.35823  eV     1   --> A              
     e( 72 - 72) =     21.89598  eV     1   --> A              
     e( 73 - 73) =     22.22334  eV     1   --> A              
     e( 74 - 74) =     22.80868  eV     1   --> A              
     e( 75 - 75) =     23.05567  eV     1   --> A              
     e( 76 - 76) =     23.56060  eV     1   --> A              
     e( 77 - 77) =     24.45569  eV     1   --> A              
     e( 78 - 78) =     24.63659  eV     1   --> A              
     e( 79 - 79) =     24.69093  eV     1   --> A              
     e( 80 - 80) =     24.92640  eV     1   --> A              

 **************************************************************************

 **************************************************************************

                    xk=(   0.05000,   0.04091,   0.00061  )

     Band symmetry, C_1 (1)     point group:

     e(  1 -  1) =    -84.86867  eV     1   --> A              
     e(  2 -  2) =    -68.41484  eV     1   --> A              
     e(  3 -  3) =    -63.95341  eV     1   --> A              
     e(  4 -  4) =    -63.94375  eV     1   --> A              
     e(  5 -  5) =    -48.87381  eV     1   --> A              
     e(  6 -  6) =    -48.28984  eV     1   --> A              
     e(  7 -  7) =    -47.93460  eV     1   --> A              
     e(  8 -  8) =    -37.47594  eV     1   --> A              
     e(  9 -  9) =    -37.46920  eV     1   --> A              
     e( 10 - 10) =    -37.45070  eV     1   --> A              
     e( 11 - 11) =    -28.42778  eV     1   --> A              
     e( 12 - 12) =    -28.37242  eV     1   --> A              
     e( 13 - 13) =    -28.33366  eV     1   --> A              
     e( 14 - 14) =    -28.25866  eV     1   --> A              
     e( 15 - 15) =    -28.25780  eV     1   --> A              
     e( 16 - 16) =    -28.19756  eV     1   --> A              
     e( 17 - 17) =     -8.36194  eV     1   --> A              
     e( 18 - 18) =     -7.08965  eV     1   --> A              
     e( 19 - 19) =     -6.82621  eV     1   --> A              
     e( 20 - 20) =     -6.77104  eV     1   --> A              
     e( 21 - 21) =     -6.70142  eV     1   --> A              
     e( 22 - 22) =     -6.49611  eV     1   --> A              
     e( 23 - 23) =     -6.22999  eV     1   --> A              
     e( 24 - 24) =     -6.01123  eV     1   --> A              
     e( 25 - 25) =      3.17647  eV     1   --> A              
     e( 26 - 26) =      3.23926  eV     1   --> A              
     e( 27 - 27) =      3.51128  eV     1   --> A              
     e( 28 - 28) =      3.70158  eV     1   --> A              
     e( 29 - 29) =      3.99841  eV     1   --> A              
     e( 30 - 30) =      4.29084  eV     1   --> A              
     e( 31 - 31) =      4.57143  eV     1   --> A              
     e( 32 - 32) =      4.77319  eV     1   --> A              
     e( 33 - 33) =      4.99133  eV     1   --> A              
     e( 34 - 34) =      5.49069  eV     1   --> A              
     e( 35 - 35) =      5.57320  eV     1   --> A              
     e( 36 - 36) =      5.75062  eV     1   --> A              
     e( 37 - 37) =      6.35575  eV     1   --> A              
     e( 38 - 38) =      6.43092  eV     1   --> A              
     e( 39 - 39) =      6.72257  eV     1   --> A              
     e( 40 - 40) =      6.86452  eV     1   --> A              
     e( 41 - 41) =      6.96254  eV     1   --> A              
     e( 42 - 42) =      7.05149  eV     1   --> A              
     e( 43 - 43) =      7.31160  eV     1   --> A              
     e( 44 - 44) =      7.73937  eV     1   --> A              
     e( 45 - 45) =      7.83963  eV     1   --> A              
     e( 46 - 46) =      8.13635  eV     1   --> A              
     e( 47 - 47) =      8.21060  eV     1   --> A              
     e( 48 - 48) =      8.40073  eV     1   --> A              
     e( 49 - 49) =      8.52507  eV     1   --> A              
     e( 50 - 50) =      8.92149  eV     1   --> A              
     e( 51 - 51) =      9.04191  eV     1   --> A              
     e( 52 - 52) =      9.24178  eV     1   --> A              
     e( 53 - 53) =      9.32066  eV     1   --> A              
     e( 54 - 54) =      9.39952  eV     1   --> A              
     e( 55 - 55) =      9.75341  eV     1   --> A              
     e( 56 - 56) =      9.83313  eV     1   --> A              
     e( 57 - 57) =     10.27679  eV     1   --> A              
     e( 58 - 58) =     10.97276  eV     1   --> A              
     e( 59 - 59) =     13.61524  eV     1   --> A              
     e( 60 - 60) =     13.98029  eV     1   --> A              
     e( 61 - 61) =     14.11234  eV     1   --> A              
     e( 62 - 62) =     14.33020  eV     1   --> A              
     e( 63 - 63) =     14.94752  eV     1   --> A              
     e( 64 - 64) =     15.30615  eV     1   --> A              
     e( 65 - 65) =     16.58278  eV     1   --> A              
     e( 66 - 66) =     17.82400  eV     1   --> A              
     e( 67 - 67) =     18.83271  eV     1   --> A              
     e( 68 - 68) =     19.26835  eV     1   --> A              
     e( 69 - 69) =     19.37989  eV     1   --> A              
     e( 70 - 70) =     21.21466  eV     1   --> A              
     e( 71 - 71) =     21.42308  eV     1   --> A              
     e( 72 - 72) =     21.90505  eV     1   --> A              
     e( 73 - 73) =     22.15295  eV     1   --> A              
     e( 74 - 74) =     22.79165  eV     1   --> A              
     e( 75 - 75) =     23.04795  eV     1   --> A              
     e( 76 - 76) =     23.53197  eV     1   --> A              
     e( 77 - 77) =     24.47059  eV     1   --> A              
     e( 78 - 78) =     24.59180  eV     1   --> A              
     e( 79 - 79) =     24.74609  eV     1   --> A              
     e( 80 - 80) =     24.98624  eV     1   --> A              

 **************************************************************************

 **************************************************************************

                    xk=(   0.02500,   0.02045,   0.00030  )

     Band symmetry, C_1 (1)     point group:

     e(  1 -  1) =    -84.86867  eV     1   --> A              
     e(  2 -  2) =    -68.41484  eV     1   --> A              
     e(  3 -  3) =    -63.95341  eV     1   --> A              
     e(  4 -  4) =    -63.94376  eV     1   --> A              
     e(  5 -  5) =    -48.87381  eV     1   --> A              
     e(  6 -  6) =    -48.28984  eV     1   --> A              
     e(  7 -  7) =    -47.93460  eV     1   --> A              
     e(  8 -  8) =    -37.47594  eV     1   --> A              
     e(  9 -  9) =    -37.46920  eV     1   --> A              
     e( 10 - 10) =    -37.45070  eV     1   --> A              
     e( 11 - 11) =    -28.42779  eV     1   --> A              
     e( 12 - 12) =    -28.37248  eV     1   --> A              
     e( 13 - 13) =    -28.33361  eV     1   --> A              
     e( 14 - 14) =    -28.25860  eV     1   --> A              
     e( 15 - 15) =    -28.25773  eV     1   --> A              
     e( 16 - 16) =    -28.19753  eV     1   --> A              
     e( 17 - 17) =     -8.37207  eV     1   --> A              
     e( 18 - 18) =     -7.08854  eV     1   --> A              
     e( 19 - 19) =     -6.81136  eV     1   --> A              
     e( 20 - 20) =     -6.77288  eV     1   --> A              
     e( 21 - 21) =     -6.70528  eV     1   --> A              
     e( 22 - 22) =     -6.49840  eV     1   --> A              
     e( 23 - 23) =     -6.23027  eV     1   --> A              
     e( 24 - 24) =     -6.00393  eV     1   --> A              
     e( 25 - 25) =      3.18012  eV     1   --> A              
     e( 26 - 26) =      3.21837  eV     1   --> A              
     e( 27 - 27) =      3.50695  eV     1   --> A              
     e( 28 - 28) =      3.69062  eV     1   --> A              
     e( 29 - 29) =      3.98927  eV     1   --> A              
     e( 30 - 30) =      4.29373  eV     1   --> A              
     e( 31 - 31) =      4.60179  eV     1   --> A              
     e( 32 - 32) =      4.74262  eV     1   --> A              
     e( 33 - 33) =      4.96746  eV     1   --> A              
     e( 34 - 34) =      5.49261  eV     1   --> A              
     e( 35 - 35) =      5.59404  eV     1   --> A              
     e( 36 - 36) =      5.76210  eV     1   --> A              
     e( 37 - 37) =      6.38033  eV     1   --> A              
     e( 38 - 38) =      6.41403  eV     1   --> A              
     e( 39 - 39) =      6.80289  eV     1   --> A              
     e( 40 - 40) =      6.88732  eV     1   --> A              
     e( 41 - 41) =      6.97031  eV     1   --> A              
     e( 42 - 42) =      7.06623  eV     1   --> A              
     e( 43 - 43) =      7.24469  eV     1   --> A              
     e( 44 - 44) =      7.74584  eV     1   --> A              
     e( 45 - 45) =      7.79857  eV     1   --> A              
     e( 46 - 46) =      8.14463  eV     1   --> A              
     e( 47 - 47) =      8.18809  eV     1   --> A              
     e( 48 - 48) =      8.38406  eV     1   --> A              
     e( 49 - 49) =      8.54009  eV     1   --> A              
     e( 50 - 50) =      8.94469  eV     1   --> A              
     e( 51 - 51) =      9.09899  eV     1   --> A              
     e( 52 - 52) =      9.23374  eV     1   --> A              
     e( 53 - 53) =      9.28520  eV     1   --> A              
     e( 54 - 54) =      9.37208  eV     1   --> A              
     e( 55 - 55) =      9.77774  eV     1   --> A              
     e( 56 - 56) =      9.82770  eV     1   --> A              
     e( 57 - 57) =     10.24573  eV     1   --> A              
     e( 58 - 58) =     10.98074  eV     1   --> A              
     e( 59 - 59) =     13.60819  eV     1   --> A              
     e( 60 - 60) =     13.98060  eV     1   --> A              
     e( 61 - 61) =     14.16903  eV     1   --> A              
     e( 62 - 62) =     14.28122  eV     1   --> A              
     e( 63 - 63) =     14.94265  eV     1   --> A              
     e( 64 - 64) =     15.31943  eV     1   --> A              
     e( 65 - 65) =     16.53727  eV     1   --> A              
     e( 66 - 66) =     17.82554  eV     1   --> A              
     e( 67 - 67) =     18.87477  eV     1   --> A              
     e( 68 - 68) =     19.26579  eV     1   --> A              
     e( 69 - 69) =     19.34869  eV     1   --> A              
     e( 70 - 70) =     21.25753  eV     1   --> A              
     e( 71 - 71) =     21.47549  eV     1   --> A              
     e( 72 - 72) =     21.89972  eV     1   --> A              
     e( 73 - 73) =     22.10890  eV     1   --> A              
     e( 74 - 74) =     22.77665  eV     1   --> A              
     e( 75 - 75) =     23.04543  eV     1   --> A              
     e( 76 - 76) =     23.51162  eV     1   --> A              
     e( 77 - 77) =     24.47850  eV     1   --> A              
     e( 78 - 78) =     24.56675  eV     1   --> A              
     e( 79 - 79) =     24.77595  eV     1   --> A              
     e( 80 - 80) =     25.03560  eV     1   --> A              

 **************************************************************************

 **************************************************************************

                    xk=(   0.00000,   0.00000,   0.00000  )

     point group C_2  (2)   
     there are  2 classes
     the character table:

       E     C2   
A      1.00  1.00
B      1.00 -1.00

     the symmetry operations in each class and the name of the first element:

     E        1
                                                                 
     C2       2
                                                                 

     Band symmetry, C_2  (2)    point group:

     e(  1 -  1) =    -84.86867  eV     1   --> A              
     e(  2 -  2) =    -68.41484  eV     1   --> A              
     e(  3 -  3) =    -63.95341  eV     1   --> A              
     e(  4 -  4) =    -63.94376  eV     1   --> A              
     e(  5 -  5) =    -48.87381  eV     1   --> B              
     e(  6 -  6) =    -48.28984  eV     1   --> A              
     e(  7 -  7) =    -47.93460  eV     1   --> B              
     e(  8 -  8) =    -37.47594  eV     1   --> B              
     e(  9 -  9) =    -37.46920  eV     1   --> A              
     e( 10 - 10) =    -37.45070  eV     1   --> B              
     e( 11 - 11) =    -28.42779  eV     1   --> B              
     e( 12 - 12) =    -28.37250  eV     1   --> A              
     e( 13 - 13) =    -28.33359  eV     1   --> B              
     e( 14 - 14) =    -28.25859  eV     1   --> B              
     e( 15 - 15) =    -28.25771  eV     1   --> A              
     e( 16 - 16) =    -28.19752  eV     1   --> B              
     e( 17 - 17) =     -8.37547  eV     1   --> A              
     e( 18 - 18) =     -7.08822  eV     1   --> A              
     e( 19 - 19) =     -6.80579  eV     1   --> A              
     e( 20 - 20) =     -6.77370  eV     1   --> B              
     e( 21 - 21) =     -6.70687  eV     1   --> B              
     e( 22 - 22) =     -6.49920  eV     1   --> A              
     e( 23 - 23) =     -6.23036  eV     1   --> B              
     e( 24 - 24) =     -6.00145  eV     1   --> B              
     e( 25 - 25) =      3.18351  eV     1   --> B              
     e( 26 - 26) =      3.20910  eV     1   --> A              
     e( 27 - 27) =      3.50545  eV     1   --> A              
     e( 28 - 28) =      3.68696  eV     1   --> A              
     e( 29 - 29) =      3.98628  eV     1   --> A              
     e( 30 - 30) =      4.29478  eV     1   --> B              
     e( 31 - 31) =      4.61716  eV     1   --> A              
     e( 32 - 32) =      4.72627  eV     1   --> B              
     e( 33 - 33) =      4.96006  eV     1   --> A              
     e( 34 - 34) =      5.49327  eV     1   --> A              
     e( 35 - 35) =      5.60036  eV     1   --> B              
     e( 36 - 36) =      5.76702  eV     1   --> A              
     e( 37 - 37) =      6.39232  eV     1   --> B              
     e( 38 - 38) =      6.40377  eV     1   --> A              
     e( 39 - 39) =      6.83637  eV     1   --> A              
     e( 40 - 40) =      6.90977  eV     1   --> B              
     e( 41 - 41) =      6.95853  eV     1   --> A              
     e( 42 - 42) =      7.07247  eV     1   --> B              
     e( 43 - 43) =      7.21618  eV     1   --> B              
     e( 44 - 44) =      7.75593  eV     1   --> A              
     e( 45 - 45) =      7.77569  eV     1   --> B              
     e( 46 - 46) =      8.15550  eV     1   --> A              
     e( 47 - 47) =      8.17091  eV     1   --> B              
     e( 48 - 48) =      8.37929  eV     1   --> A              
     e( 49 - 49) =      8.54588  eV     1   --> A              
     e( 50 - 50) =      8.94761  eV     1   --> B              
     e( 51 - 51) =      9.16625  eV     1   --> A              
     e( 52 - 52) =      9.17968  eV     1   --> B              
     e( 53 - 53) =      9.28213  eV     1   --> A              
     e( 54 - 54) =      9.36173  eV     1   --> B              
     e( 55 - 55) =      9.78850  eV     1   --> B              
     e( 56 - 56) =      9.82382  eV     1   --> B              
     e( 57 - 57) =     10.23478  eV     1   --> A              
     e( 58 - 58) =     10.98352  eV     1   --> B              
     e( 59 - 59) =     13.60584  eV     1   --> A              
     e( 60 - 60) =     13.98061  eV     1   --> B              
     e( 61 - 61) =     14.21412  eV     1   --> A              
     e( 62 - 62) =     14.23887  eV     1   --> A              
     e( 63 - 63) =     14.94096  eV     1   --> A              
     e( 64 - 64) =     15.32391  eV     1   --> B              
     e( 65 - 65) =     16.52193  eV     1   --> A              
     e( 66 - 66) =     17.82610  eV     1   --> A              
     e( 67 - 67) =     18.89150  eV     1   --> B              
     e( 68 - 68) =     19.26029  eV     1   --> A              
     e( 69 - 69) =     19.34015  eV     1   --> B              
     e( 70 - 70) =     21.27248  eV     1   --> B              
     e( 71 - 71) =     21.49701  eV     1   --> A              
     e( 72 - 72) =     21.89335  eV     1   --> B              
     e( 73 - 73) =     22.09509  eV     1   --> A              
     e( 74 - 74) =     22.77072  eV     1   --> A              
     e( 75 - 75) =     23.04495  eV     1   --> A              
     e( 76 - 76) =     23.50434  eV     1   --> A              
     e( 77 - 77) =     24.48022  eV     1   --> A              
     e( 78 - 78) =     24.55955  eV     1   --> B              
     e( 79 - 79) =     24.78501  eV     1   --> B              
     e( 80 - 80) =     25.05488  eV     1   --> A              

 **************************************************************************

 **************************************************************************

                    xk=(   0.00006,   0.00000,   0.02325  )

     point group C_1 (1)    
     there are  1 classes
     the character table:

       E    
A      1.00

     the symmetry operations in each class and the name of the first element:

     E        1
                                                                 

     Band symmetry, C_1 (1)     point group:

     e(  1 -  1) =    -84.86867  eV     1   --> A              
     e(  2 -  2) =    -68.41484  eV     1   --> A              
     e(  3 -  3) =    -63.95339  eV     1   --> A              
     e(  4 -  4) =    -63.94377  eV     1   --> A              
     e(  5 -  5) =    -48.87381  eV     1   --> A              
     e(  6 -  6) =    -48.28984  eV     1   --> A              
     e(  7 -  7) =    -47.93460  eV     1   --> A              
     e(  8 -  8) =    -37.47594  eV     1   --> A              
     e(  9 -  9) =    -37.46920  eV     1   --> A              
     e( 10 - 10) =    -37.45070  eV     1   --> A              
     e( 11 - 11) =    -28.42778  eV     1   --> A              
     e( 12 - 12) =    -28.37265  eV     1   --> A              
     e( 13 - 13) =    -28.33349  eV     1   --> A              
     e( 14 - 14) =    -28.26034  eV     1   --> A              
     e( 15 - 15) =    -28.25598  eV     1   --> A              
     e( 16 - 16) =    -28.19748  eV     1   --> A              
     e( 17 - 17) =     -8.37314  eV     1   --> A              
     e( 18 - 18) =     -7.08829  eV     1   --> A              
     e( 19 - 19) =     -6.81372  eV     1   --> A              
     e( 20 - 20) =     -6.77432  eV     1   --> A              
     e( 21 - 21) =     -6.70089  eV     1   --> A              
     e( 22 - 22) =     -6.49761  eV     1   --> A              
     e( 23 - 23) =     -6.23130  eV     1   --> A              
     e( 24 - 24) =     -6.00227  eV     1   --> A              
     e( 25 - 25) =      3.18309  eV     1   --> A              
     e( 26 - 26) =      3.21128  eV     1   --> A              
     e( 27 - 27) =      3.50541  eV     1   --> A              
     e( 28 - 28) =      3.69085  eV     1   --> A              
     e( 29 - 29) =      3.98707  eV     1   --> A              
     e( 30 - 30) =      4.28475  eV     1   --> A              
     e( 31 - 31) =      4.61652  eV     1   --> A              
     e( 32 - 32) =      4.73287  eV     1   --> A              
     e( 33 - 33) =      4.96530  eV     1   --> A              
     e( 34 - 34) =      5.48311  eV     1   --> A              
     e( 35 - 35) =      5.59986  eV     1   --> A              
     e( 36 - 36) =      5.76953  eV     1   --> A              
     e( 37 - 37) =      6.31951  eV     1   --> A              
     e( 38 - 38) =      6.48470  eV     1   --> A              
     e( 39 - 39) =      6.83019  eV     1   --> A              
     e( 40 - 40) =      6.90041  eV     1   --> A              
     e( 41 - 41) =      6.97252  eV     1   --> A              
     e( 42 - 42) =      7.07218  eV     1   --> A              
     e( 43 - 43) =      7.21316  eV     1   --> A              
     e( 44 - 44) =      7.76177  eV     1   --> A              
     e( 45 - 45) =      7.76819  eV     1   --> A              
     e( 46 - 46) =      8.13361  eV     1   --> A              
     e( 47 - 47) =      8.18354  eV     1   --> A              
     e( 48 - 48) =      8.39462  eV     1   --> A              
     e( 49 - 49) =      8.54353  eV     1   --> A              
     e( 50 - 50) =      8.94399  eV     1   --> A              
     e( 51 - 51) =      9.13434  eV     1   --> A              
     e( 52 - 52) =      9.20966  eV     1   --> A              
     e( 53 - 53) =      9.27522  eV     1   --> A              
     e( 54 - 54) =      9.36755  eV     1   --> A              
     e( 55 - 55) =      9.77801  eV     1   --> A              
     e( 56 - 56) =      9.82447  eV     1   --> A              
     e( 57 - 57) =     10.24800  eV     1   --> A              
     e( 58 - 58) =     10.98410  eV     1   --> A              
     e( 59 - 59) =     13.60838  eV     1   --> A              
     e( 60 - 60) =     13.97590  eV     1   --> A              
     e( 61 - 61) =     14.21278  eV     1   --> A              
     e( 62 - 62) =     14.23954  eV     1   --> A              
     e( 63 - 63) =     14.94032  eV     1   --> A              
     e( 64 - 64) =     15.31932  eV     1   --> A              
     e( 65 - 65) =     16.53146  eV     1   --> A              
     e( 66 - 66) =     17.82574  eV     1   --> A              
     e( 67 - 67) =     18.86879  eV     1   --> A              
     e( 68 - 68) =     19.28377  eV     1   --> A              
     e( 69 - 69) =     19.34136  eV     1   --> A              
     e( 70 - 70) =     21.27505  eV     1   --> A              
     e( 71 - 71) =     21.49377  eV     1   --> A              
     e( 72 - 72) =     21.88096  eV     1   --> A              
     e( 73 - 73) =     22.09400  eV     1   --> A              
     e( 74 - 74) =     22.77154  eV     1   --> A              
     e( 75 - 75) =     23.05794  eV     1   --> A              
     e( 76 - 76) =     23.50344  eV     1   --> A              
     e( 77 - 77) =     24.46030  eV     1   --> A              
     e( 78 - 78) =     24.55957  eV     1   --> A              
     e( 79 - 79) =     24.80717  eV     1   --> A              
     e( 80 - 80) =     25.05034  eV     1   --> A              

 **************************************************************************

 **************************************************************************

                    xk=(   0.00011,   0.00000,   0.04650  )

     Band symmetry, C_1 (1)     point group:

     e(  1 -  1) =    -84.86867  eV     1   --> A              
     e(  2 -  2) =    -68.41484  eV     1   --> A              
     e(  3 -  3) =    -63.95335  eV     1   --> A              
     e(  4 -  4) =    -63.94382  eV     1   --> A              
     e(  5 -  5) =    -48.87381  eV     1   --> A              
     e(  6 -  6) =    -48.28984  eV     1   --> A              
     e(  7 -  7) =    -47.93460  eV     1   --> A              
     e(  8 -  8) =    -37.47594  eV     1   --> A              
     e(  9 -  9) =    -37.46920  eV     1   --> A              
     e( 10 - 10) =    -37.45070  eV     1   --> A              
     e( 11 - 11) =    -28.42775  eV     1   --> A              
     e( 12 - 12) =    -28.37312  eV     1   --> A              
     e( 13 - 13) =    -28.33317  eV     1   --> A              
     e( 14 - 14) =    -28.26248  eV     1   --> A              
     e( 15 - 15) =    -28.25391  eV     1   --> A              
     e( 16 - 16) =    -28.19735  eV     1   --> A              
     e( 17 - 17) =     -8.36617  eV     1   --> A              
     e( 18 - 18) =     -7.08853  eV     1   --> A              
     e( 19 - 19) =     -6.83140  eV     1   --> A              
     e( 20 - 20) =     -6.77978  eV     1   --> A              
     e( 21 - 21) =     -6.68522  eV     1   --> A              
     e( 22 - 22) =     -6.49318  eV     1   --> A              
     e( 23 - 23) =     -6.23399  eV     1   --> A              
     e( 24 - 24) =     -6.00471  eV     1   --> A              
     e( 25 - 25) =      3.18212  eV     1   --> A              
     e( 26 - 26) =      3.21752  eV     1   --> A              
     e( 27 - 27) =      3.50515  eV     1   --> A              
     e( 28 - 28) =      3.70253  eV     1   --> A              
     e( 29 - 29) =      3.98940  eV     1   --> A              
     e( 30 - 30) =      4.25726  eV     1   --> A              
     e( 31 - 31) =      4.61515  eV     1   --> A              
     e( 32 - 32) =      4.74996  eV     1   --> A              
     e( 33 - 33) =      4.98046  eV     1   --> A              
     e( 34 - 34) =      5.45318  eV     1   --> A              
     e( 35 - 35) =      5.59875  eV     1   --> A              
     e( 36 - 36) =      5.77603  eV     1   --> A              
     e( 37 - 37) =      6.25798  eV     1   --> A              
     e( 38 - 38) =      6.56529  eV     1   --> A              
     e( 39 - 39) =      6.81287  eV     1   --> A              
     e( 40 - 40) =      6.89346  eV     1   --> A              
     e( 41 - 41) =      6.99775  eV     1   --> A              
     e( 42 - 42) =      7.07091  eV     1   --> A              
     e( 43 - 43) =      7.20488  eV     1   --> A              
     e( 44 - 44) =      7.74115  eV     1   --> A              
     e( 45 - 45) =      7.78416  eV     1   --> A              
     e( 46 - 46) =      8.10256  eV     1   --> A              
     e( 47 - 47) =      8.19251  eV     1   --> A              
     e( 48 - 48) =      8.43379  eV     1   --> A              
     e( 49 - 49) =      8.53647  eV     1   --> A              
     e( 50 - 50) =      8.93350  eV     1   --> A              
     e( 51 - 51) =      9.09527  eV     1   --> A              
     e( 52 - 52) =      9.24058  eV     1   --> A              
     e( 53 - 53) =      9.26144  eV     1   --> A              
     e( 54 - 54) =      9.38052  eV     1   --> A              
     e( 55 - 55) =      9.75048  eV     1   --> A              
     e( 56 - 56) =      9.82646  eV     1   --> A              
     e( 57 - 57) =     10.28368  eV     1   --> A              
     e( 58 - 58) =     10.98587  eV     1   --> A              
     e( 59 - 59) =     13.61596  eV     1   --> A              
     e( 60 - 60) =     13.96256  eV     1   --> A              
     e( 61 - 61) =     14.20870  eV     1   --> A              
     e( 62 - 62) =     14.24112  eV     1   --> A              
     e( 63 - 63) =     14.93831  eV     1   --> A              
     e( 64 - 64) =     15.30564  eV     1   --> A              
     e( 65 - 65) =     16.55979  eV     1   --> A              
     e( 66 - 66) =     17.82470  eV     1   --> A              
     e( 67 - 67) =     18.81336  eV     1   --> A              
     e( 68 - 68) =     19.33631  eV     1   --> A              
     e( 69 - 69) =     19.35003  eV     1   --> A              
     e( 70 - 70) =     21.28243  eV     1   --> A              
     e( 71 - 71) =     21.48315  eV     1   --> A              
     e( 72 - 72) =     21.84724  eV     1   --> A              
     e( 73 - 73) =     22.09052  eV     1   --> A              
     e( 74 - 74) =     22.77395  eV     1   --> A              
     e( 75 - 75) =     23.09485  eV     1   --> A              
     e( 76 - 76) =     23.50148  eV     1   --> A              
     e( 77 - 77) =     24.41257  eV     1   --> A              
     e( 78 - 78) =     24.55764  eV     1   --> A              
     e( 79 - 79) =     24.86179  eV     1   --> A              
     e( 80 - 80) =     25.03862  eV     1   --> A              

 **************************************************************************

 **************************************************************************

                    xk=(   0.00017,   0.00000,   0.06975  )

     Band symmetry, C_1 (1)     point group:

     e(  1 -  1) =    -84.86867  eV     1   --> A              
     e(  2 -  2) =    -68.41485  eV     1   --> A              
     e(  3 -  3) =    -63.95327  eV     1   --> A              
     e(  4 -  4) =    -63.94389  eV     1   --> A              
     e(  5 -  5) =    -48.87381  eV     1   --> A              
     e(  6 -  6) =    -48.28984  eV     1   --> A              
     e(  7 -  7) =    -47.93460  eV     1   --> A              
     e(  8 -  8) =    -37.47594  eV     1   --> A              
     e(  9 -  9) =    -37.46920  eV     1   --> A              
     e( 10 - 10) =    -37.45069  eV     1   --> A              
     e( 11 - 11) =    -28.42769  eV     1   --> A              
     e( 12 - 12) =    -28.37387  eV     1   --> A              
     e( 13 - 13) =    -28.33265  eV     1   --> A              
     e( 14 - 14) =    -28.26466  eV     1   --> A              
     e( 15 - 15) =    -28.25184  eV     1   --> A              
     e( 16 - 16) =    -28.19714  eV     1   --> A              
     e( 17 - 17) =     -8.35458  eV     1   --> A              
     e( 18 - 18) =     -7.08899  eV     1   --> A              
     e( 19 - 19) =     -6.85259  eV     1   --> A              
     e( 20 - 20) =     -6.79143  eV     1   --> A              
     e( 21 - 21) =     -6.66417  eV     1   --> A              
     e( 22 - 22) =     -6.48685  eV     1   --> A              
     e( 23 - 23) =     -6.23797  eV     1   --> A              
     e( 24 - 24) =     -6.00873  eV     1   --> A              
     e( 25 - 25) =      3.18103  eV     1   --> A              
     e( 26 - 26) =      3.22729  eV     1   --> A              
     e( 27 - 27) =      3.50431  eV     1   --> A              
     e( 28 - 28) =      3.72182  eV     1   --> A              
     e( 29 - 29) =      3.99319  eV     1   --> A              
     e( 30 - 30) =      4.21811  eV     1   --> A              
     e( 31 - 31) =      4.61387  eV     1   --> A              
     e( 32 - 32) =      4.77240  eV     1   --> A              
     e( 33 - 33) =      5.00373  eV     1   --> A              
     e( 34 - 34) =      5.40515  eV     1   --> A              
     e( 35 - 35) =      5.59805  eV     1   --> A              
     e( 36 - 36) =      5.78450  eV     1   --> A              
     e( 37 - 37) =      6.21810  eV     1   --> A              
     e( 38 - 38) =      6.61810  eV     1   --> A              
     e( 39 - 39) =      6.78746  eV     1   --> A              
     e( 40 - 40) =      6.91437  eV     1   --> A              
     e( 41 - 41) =      7.02068  eV     1   --> A              
     e( 42 - 42) =      7.06961  eV     1   --> A              
     e( 43 - 43) =      7.19343  eV     1   --> A              
     e( 44 - 44) =      7.70336  eV     1   --> A              
     e( 45 - 45) =      7.81537  eV     1   --> A              
     e( 46 - 46) =      8.07329  eV     1   --> A              
     e( 47 - 47) =      8.19596  eV     1   --> A              
     e( 48 - 48) =      8.48295  eV     1   --> A              
     e( 49 - 49) =      8.52625  eV     1   --> A              
     e( 50 - 50) =      8.91730  eV     1   --> A              
     e( 51 - 51) =      9.05518  eV     1   --> A              
     e( 52 - 52) =      9.23374  eV     1   --> A              
     e( 53 - 53) =      9.27923  eV     1   --> A              
     e( 54 - 54) =      9.39505  eV     1   --> A              
     e( 55 - 55) =      9.71407  eV     1   --> A              
     e( 56 - 56) =      9.82958  eV     1   --> A              
     e( 57 - 57) =     10.33387  eV     1   --> A              
     e( 58 - 58) =     10.98889  eV     1   --> A              
     e( 59 - 59) =     13.62844  eV     1   --> A              
     e( 60 - 60) =     13.94266  eV     1   --> A              
     e( 61 - 61) =     14.20188  eV     1   --> A              
     e( 62 - 62) =     14.24253  eV     1   --> A              
     e( 63 - 63) =     14.93470  eV     1   --> A              
     e( 64 - 64) =     15.28313  eV     1   --> A              
     e( 65 - 65) =     16.60618  eV     1   --> A              
     e( 66 - 66) =     17.82305  eV     1   --> A              
     e( 67 - 67) =     18.74352  eV     1   --> A              
     e( 68 - 68) =     19.34746  eV     1   --> A              
     e( 69 - 69) =     19.41783  eV     1   --> A              
     e( 70 - 70) =     21.29331  eV     1   --> A              
     e( 71 - 71) =     21.46242  eV     1   --> A              
     e( 72 - 72) =     21.80086  eV     1   --> A              
     e( 73 - 73) =     22.08505  eV     1   --> A              
     e( 74 - 74) =     22.77795  eV     1   --> A              
     e( 75 - 75) =     23.14995  eV     1   --> A              
     e( 76 - 76) =     23.50101  eV     1   --> A              
     e( 77 - 77) =     24.35241  eV     1   --> A              
     e( 78 - 78) =     24.55063  eV     1   --> A              
     e( 79 - 79) =     24.92951  eV     1   --> A              
     e( 80 - 80) =     25.02671  eV     1   --> A              

 **************************************************************************

 **************************************************************************

                    xk=(   0.00023,   0.00000,   0.09300  )

     Band symmetry, C_1 (1)     point group:

     e(  1 -  1) =    -84.86867  eV     1   --> A              
     e(  2 -  2) =    -68.41485  eV     1   --> A              
     e(  3 -  3) =    -63.95317  eV     1   --> A              
     e(  4 -  4) =    -63.94399  eV     1   --> A              
     e(  5 -  5) =    -48.87381  eV     1   --> A              
     e(  6 -  6) =    -48.28984  eV     1   --> A              
     e(  7 -  7) =    -47.93460  eV     1   --> A              
     e(  8 -  8) =    -37.47594  eV     1   --> A              
     e(  9 -  9) =    -37.46920  eV     1   --> A              
     e( 10 - 10) =    -37.45069  eV     1   --> A              
     e( 11 - 11) =    -28.42761  eV     1   --> A              
     e( 12 - 12) =    -28.37489  eV     1   --> A              
     e( 13 - 13) =    -28.33194  eV     1   --> A              
     e( 14 - 14) =    -28.26686  eV     1   --> A              
     e( 15 - 15) =    -28.24980  eV     1   --> A              
     e( 16 - 16) =    -28.19686  eV     1   --> A              
     e( 17 - 17) =     -8.33843  eV     1   --> A              
     e( 18 - 18) =     -7.08972  eV     1   --> A              
     e( 19 - 19) =     -6.87493  eV     1   --> A              
     e( 20 - 20) =     -6.80803  eV     1   --> A              
     e( 21 - 21) =     -6.64074  eV     1   --> A              
     e( 22 - 22) =     -6.47988  eV     1   --> A              
     e( 23 - 23) =     -6.24253  eV     1   --> A              
     e( 24 - 24) =     -6.01422  eV     1   --> A              
     e( 25 - 25) =      3.18007  eV     1   --> A              
     e( 26 - 26) =      3.24020  eV     1   --> A              
     e( 27 - 27) =      3.50252  eV     1   --> A              
     e( 28 - 28) =      3.74809  eV     1   --> A              
     e( 29 - 29) =      3.99821  eV     1   --> A              
     e( 30 - 30) =      4.17347  eV     1   --> A              
     e( 31 - 31) =      4.61315  eV     1   --> A              
     e( 32 - 32) =      4.79631  eV     1   --> A              
     e( 33 - 33) =      5.03209  eV     1   --> A              
     e( 34 - 34) =      5.34207  eV     1   --> A              
     e( 35 - 35) =      5.59908  eV     1   --> A              
     e( 36 - 36) =      5.79361  eV     1   --> A              
     e( 37 - 37) =      6.20070  eV     1   --> A              
     e( 38 - 38) =      6.62800  eV     1   --> A              
     e( 39 - 39) =      6.75764  eV     1   --> A              
     e( 40 - 40) =      6.97050  eV     1   --> A              
     e( 41 - 41) =      7.02943  eV     1   --> A              
     e( 42 - 42) =      7.07917  eV     1   --> A              
     e( 43 - 43) =      7.18178  eV     1   --> A              
     e( 44 - 44) =      7.65776  eV     1   --> A              
     e( 45 - 45) =      7.85402  eV     1   --> A              
     e( 46 - 46) =      8.04794  eV     1   --> A              
     e( 47 - 47) =      8.19676  eV     1   --> A              
     e( 48 - 48) =      8.49722  eV     1   --> A              
     e( 49 - 49) =      8.54847  eV     1   --> A              
     e( 50 - 50) =      8.89752  eV     1   --> A              
     e( 51 - 51) =      9.01479  eV     1   --> A              
     e( 52 - 52) =      9.21165  eV     1   --> A              
     e( 53 - 53) =      9.30809  eV     1   --> A              
     e( 54 - 54) =      9.40868  eV     1   --> A              
     e( 55 - 55) =      9.67600  eV     1   --> A              
     e( 56 - 56) =      9.83338  eV     1   --> A              
     e( 57 - 57) =     10.39179  eV     1   --> A              
     e( 58 - 58) =     10.99323  eV     1   --> A              
     e( 59 - 59) =     13.64558  eV     1   --> A              
     e( 60 - 60) =     13.91868  eV     1   --> A              
     e( 61 - 61) =     14.19246  eV     1   --> A              
     e( 62 - 62) =     14.24258  eV     1   --> A              
     e( 63 - 63) =     14.92917  eV     1   --> A              
     e( 64 - 64) =     15.25217  eV     1   --> A              
     e( 65 - 65) =     16.66946  eV     1   --> A              
     e( 66 - 66) =     17.82091  eV     1   --> A              
     e( 67 - 67) =     18.66933  eV     1   --> A              
     e( 68 - 68) =     19.35423  eV     1   --> A              
     e( 69 - 69) =     19.49703  eV     1   --> A              
     e( 70 - 70) =     21.30380  eV     1   --> A              
     e( 71 - 71) =     21.42874  eV     1   --> A              
     e( 72 - 72) =     21.75269  eV     1   --> A              
     e( 73 - 73) =     22.07967  eV     1   --> A              
     e( 74 - 74) =     22.78360  eV     1   --> A              
     e( 75 - 75) =     23.21408  eV     1   --> A              
     e( 76 - 76) =     23.50758  eV     1   --> A              
     e( 77 - 77) =     24.28688  eV     1   --> A              
     e( 78 - 78) =     24.53472  eV     1   --> A              
     e( 79 - 79) =     24.97703  eV     1   --> A              
     e( 80 - 80) =     25.04408  eV     1   --> A              

 **************************************************************************

 **************************************************************************

                    xk=(   0.00028,   0.00000,   0.11624  )

     Band symmetry, C_1 (1)     point group:

     e(  1 -  1) =    -84.86868  eV     1   --> A              
     e(  2 -  2) =    -68.41485  eV     1   --> A              
     e(  3 -  3) =    -63.95303  eV     1   --> A              
     e(  4 -  4) =    -63.94411  eV     1   --> A              
     e(  5 -  5) =    -48.87381  eV     1   --> A              
     e(  6 -  6) =    -48.28984  eV     1   --> A              
     e(  7 -  7) =    -47.93460  eV     1   --> A              
     e(  8 -  8) =    -37.47594  eV     1   --> A              
     e(  9 -  9) =    -37.46920  eV     1   --> A              
     e( 10 - 10) =    -37.45069  eV     1   --> A              
     e( 11 - 11) =    -28.42749  eV     1   --> A              
     e( 12 - 12) =    -28.37615  eV     1   --> A              
     e( 13 - 13) =    -28.33107  eV     1   --> A              
     e( 14 - 14) =    -28.26908  eV     1   --> A              
     e( 15 - 15) =    -28.24780  eV     1   --> A              
     e( 16 - 16) =    -28.19652  eV     1   --> A              
     e( 17 - 17) =     -8.31779  eV     1   --> A              
     e( 18 - 18) =     -7.09082  eV     1   --> A              
     e( 19 - 19) =     -6.89757  eV     1   --> A              
     e( 20 - 20) =     -6.82842  eV     1   --> A              
     e( 21 - 21) =     -6.61645  eV     1   --> A              
     e( 22 - 22) =     -6.47355  eV     1   --> A              
     e( 23 - 23) =     -6.24672  eV     1   --> A              
     e( 24 - 24) =     -6.02107  eV     1   --> A              
     e( 25 - 25) =      3.17936  eV     1   --> A              
     e( 26 - 26) =      3.25588  eV     1   --> A              
     e( 27 - 27) =      3.49950  eV     1   --> A              
     e( 28 - 28) =      3.77973  eV     1   --> A              
     e( 29 - 29) =      4.00382  eV     1   --> A              
     e( 30 - 30) =      4.12922  eV     1   --> A              
     e( 31 - 31) =      4.61326  eV     1   --> A              
     e( 32 - 32) =      4.81979  eV     1   --> A              
     e( 33 - 33) =      5.06191  eV     1   --> A              
     e( 34 - 34) =      5.26843  eV     1   --> A              
     e( 35 - 35) =      5.60310  eV     1   --> A              
     e( 36 - 36) =      5.80324  eV     1   --> A              
     e( 37 - 37) =      6.20255  eV     1   --> A              
     e( 38 - 38) =      6.60636  eV     1   --> A              
     e( 39 - 39) =      6.72675  eV     1   --> A              
     e( 40 - 40) =      7.00042  eV     1   --> A              
     e( 41 - 41) =      7.04635  eV     1   --> A              
     e( 42 - 42) =      7.11860  eV     1   --> A              
     e( 43 - 43) =      7.17419  eV     1   --> A              
     e( 44 - 44) =      7.60966  eV     1   --> A              
     e( 45 - 45) =      7.89591  eV     1   --> A              
     e( 46 - 46) =      8.02634  eV     1   --> A              
     e( 47 - 47) =      8.19721  eV     1   --> A              
     e( 48 - 48) =      8.47344  eV     1   --> A              
     e( 49 - 49) =      8.60049  eV     1   --> A              
     e( 50 - 50) =      8.87709  eV     1   --> A              
     e( 51 - 51) =      8.97479  eV     1   --> A              
     e( 52 - 52) =      9.18824  eV     1   --> A              
     e( 53 - 53) =      9.33446  eV     1   --> A              
     e( 54 - 54) =      9.42031  eV     1   --> A              
     e( 55 - 55) =      9.64141  eV     1   --> A              
     e( 56 - 56) =      9.83727  eV     1   --> A              
     e( 57 - 57) =     10.45299  eV     1   --> A              
     e( 58 - 58) =     10.99893  eV     1   --> A              
     e( 59 - 59) =     13.66710  eV     1   --> A              
     e( 60 - 60) =     13.89303  eV     1   --> A              
     e( 61 - 61) =     14.18072  eV     1   --> A              
     e( 62 - 62) =     14.24040  eV     1   --> A              
     e( 63 - 63) =     14.92133  eV     1   --> A              
     e( 64 - 64) =     15.21334  eV     1   --> A              
     e( 65 - 65) =     16.74815  eV     1   --> A              
     e( 66 - 66) =     17.81844  eV     1   --> A              
     e( 67 - 67) =     18.59548  eV     1   --> A              
     e( 68 - 68) =     19.36230  eV     1   --> A              
     e( 69 - 69) =     19.57642  eV     1   --> A              
     e( 70 - 70) =     21.29857  eV     1   --> A              
     e( 71 - 71) =     21.39020  eV     1   --> A              
     e( 72 - 72) =     21.71215  eV     1   --> A              
     e( 73 - 73) =     22.07823  eV     1   --> A              
     e( 74 - 74) =     22.79104  eV     1   --> A              
     e( 75 - 75) =     23.27335  eV     1   --> A              
     e( 76 - 76) =     23.53209  eV     1   --> A              
     e( 77 - 77) =     24.21861  eV     1   --> A              
     e( 78 - 78) =     24.50599  eV     1   --> A              
     e( 79 - 79) =     24.98116  eV     1   --> A              
     e( 80 - 80) =     25.11373  eV     1   --> A              

 **************************************************************************

 **************************************************************************

                    xk=(   0.00034,   0.00000,   0.13949  )

     Band symmetry, C_1 (1)     point group:

     e(  1 -  1) =    -84.86868  eV     1   --> A              
     e(  2 -  2) =    -68.41486  eV     1   --> A              
     e(  3 -  3) =    -63.95287  eV     1   --> A              
     e(  4 -  4) =    -63.94426  eV     1   --> A              
     e(  5 -  5) =    -48.87381  eV     1   --> A              
     e(  6 -  6) =    -48.28984  eV     1   --> A              
     e(  7 -  7) =    -47.93459  eV     1   --> A              
     e(  8 -  8) =    -37.47594  eV     1   --> A              
     e(  9 -  9) =    -37.46921  eV     1   --> A              
     e( 10 - 10) =    -37.45069  eV     1   --> A              
     e( 11 - 11) =    -28.42733  eV     1   --> A              
     e( 12 - 12) =    -28.37763  eV     1   --> A              
     e( 13 - 13) =    -28.33004  eV     1   --> A              
     e( 14 - 14) =    -28.27131  eV     1   --> A              
     e( 15 - 15) =    -28.24585  eV     1   --> A              
     e( 16 - 16) =    -28.19612  eV     1   --> A              
     e( 17 - 17) =     -8.29276  eV     1   --> A              
     e( 18 - 18) =     -7.09240  eV     1   --> A              
     e( 19 - 19) =     -6.92030  eV     1   --> A              
     e( 20 - 20) =     -6.85170  eV     1   --> A              
     e( 21 - 21) =     -6.59216  eV     1   --> A              
     e( 22 - 22) =     -6.46894  eV     1   --> A              
     e( 23 - 23) =     -6.24956  eV     1   --> A              
     e( 24 - 24) =     -6.02908  eV     1   --> A              
     e( 25 - 25) =      3.17899  eV     1   --> A              
     e( 26 - 26) =      3.27392  eV     1   --> A              
     e( 27 - 27) =      3.49512  eV     1   --> A              
     e( 28 - 28) =      3.81329  eV     1   --> A              
     e( 29 - 29) =      4.00738  eV     1   --> A              
     e( 30 - 30) =      4.09347  eV     1   --> A              
     e( 31 - 31) =      4.61442  eV     1   --> A              
     e( 32 - 32) =      4.84180  eV     1   --> A              
     e( 33 - 33) =      5.08988  eV     1   --> A              
     e( 34 - 34) =      5.18965  eV     1   --> A              
     e( 35 - 35) =      5.61095  eV     1   --> A              
     e( 36 - 36) =      5.81396  eV     1   --> A              
     e( 37 - 37) =      6.21799  eV     1   --> A              
     e( 38 - 38) =      6.56864  eV     1   --> A              
     e( 39 - 39) =      6.69730  eV     1   --> A              
     e( 40 - 40) =      6.97596  eV     1   --> A              
     e( 41 - 41) =      7.06764  eV     1   --> A              
     e( 42 - 42) =      7.15816  eV     1   --> A              
     e( 43 - 43) =      7.21383  eV     1   --> A              
     e( 44 - 44) =      7.56358  eV     1   --> A              
     e( 45 - 45) =      7.93623  eV     1   --> A              
     e( 46 - 46) =      8.00767  eV     1   --> A              
     e( 47 - 47) =      8.19989  eV     1   --> A              
     e( 48 - 48) =      8.44218  eV     1   --> A              
     e( 49 - 49) =      8.64845  eV     1   --> A              
     e( 50 - 50) =      8.85919  eV     1   --> A              
     e( 51 - 51) =      8.93643  eV     1   --> A              
     e( 52 - 52) =      9.16444  eV     1   --> A              
     e( 53 - 53) =      9.35721  eV     1   --> A              
     e( 54 - 54) =      9.42851  eV     1   --> A              
     e( 55 - 55) =      9.61446  eV     1   --> A              
     e( 56 - 56) =      9.84062  eV     1   --> A              
     e( 57 - 57) =     10.51475  eV     1   --> A              
     e( 58 - 58) =     11.00596  eV     1   --> A              
     e( 59 - 59) =     13.69261  eV     1   --> A              
     e( 60 - 60) =     13.86778  eV     1   --> A              
     e( 61 - 61) =     14.16701  eV     1   --> A              
     e( 62 - 62) =     14.23560  eV     1   --> A              
     e( 63 - 63) =     14.91080  eV     1   --> A              
     e( 64 - 64) =     15.16733  eV     1   --> A              
     e( 65 - 65) =     16.84053  eV     1   --> A              
     e( 66 - 66) =     17.81581  eV     1   --> A              
     e( 67 - 67) =     18.52437  eV     1   --> A              
     e( 68 - 68) =     19.37165  eV     1   --> A              
     e( 69 - 69) =     19.65280  eV     1   --> A              
     e( 70 - 70) =     21.24311  eV     1   --> A              
     e( 71 - 71) =     21.37769  eV     1   --> A              
     e( 72 - 72) =     21.68300  eV     1   --> A              
     e( 73 - 73) =     22.08585  eV     1   --> A              
     e( 74 - 74) =     22.80040  eV     1   --> A              
     e( 75 - 75) =     23.31227  eV     1   --> A              
     e( 76 - 76) =     23.58779  eV     1   --> A              
     e( 77 - 77) =     24.14876  eV     1   --> A              
     e( 78 - 78) =     24.46240  eV     1   --> A              
     e( 79 - 79) =     24.98336  eV     1   --> A              
     e( 80 - 80) =     25.19275  eV     1   --> A              

 **************************************************************************

 **************************************************************************

                    xk=(   0.00040,   0.00000,   0.16274  )

     Band symmetry, C_1 (1)     point group:

     e(  1 -  1) =    -84.86868  eV     1   --> A              
     e(  2 -  2) =    -68.41486  eV     1   --> A              
     e(  3 -  3) =    -63.95269  eV     1   --> A              
     e(  4 -  4) =    -63.94444  eV     1   --> A              
     e(  5 -  5) =    -48.87381  eV     1   --> A              
     e(  6 -  6) =    -48.28984  eV     1   --> A              
     e(  7 -  7) =    -47.93459  eV     1   --> A              
     e(  8 -  8) =    -37.47594  eV     1   --> A              
     e(  9 -  9) =    -37.46921  eV     1   --> A              
     e( 10 - 10) =    -37.45069  eV     1   --> A              
     e( 11 - 11) =    -28.42712  eV     1   --> A              
     e( 12 - 12) =    -28.37928  eV     1   --> A              
     e( 13 - 13) =    -28.32888  eV     1   --> A              
     e( 14 - 14) =    -28.27357  eV     1   --> A              
     e( 15 - 15) =    -28.24394  eV     1   --> A              
     e( 16 - 16) =    -28.19568  eV     1   --> A              
     e( 17 - 17) =     -8.26344  eV     1   --> A              
     e( 18 - 18) =     -7.09457  eV     1   --> A              
     e( 19 - 19) =     -6.94342  eV     1   --> A              
     e( 20 - 20) =     -6.87699  eV     1   --> A              
     e( 21 - 21) =     -6.56846  eV     1   --> A              
     e( 22 - 22) =     -6.46672  eV     1   --> A              
     e( 23 - 23) =     -6.25023  eV     1   --> A              
     e( 24 - 24) =     -6.03807  eV     1   --> A              
     e( 25 - 25) =      3.17905  eV     1   --> A              
     e( 26 - 26) =      3.29381  eV     1   --> A              
     e( 27 - 27) =      3.48939  eV     1   --> A              
     e( 28 - 28) =      3.84211  eV     1   --> A              
     e( 29 - 29) =      4.00110  eV     1   --> A              
     e( 30 - 30) =      4.08144  eV     1   --> A              
     e( 31 - 31) =      4.61685  eV     1   --> A              
     e( 32 - 32) =      4.86091  eV     1   --> A              
     e( 33 - 33) =      5.11060  eV     1   --> A              
     e( 34 - 34) =      5.11487  eV     1   --> A              
     e( 35 - 35) =      5.62258  eV     1   --> A              
     e( 36 - 36) =      5.82626  eV     1   --> A              
     e( 37 - 37) =      6.24049  eV     1   --> A              
     e( 38 - 38) =      6.52295  eV     1   --> A              
     e( 39 - 39) =      6.67093  eV     1   --> A              
     e( 40 - 40) =      6.94257  eV     1   --> A              
     e( 41 - 41) =      7.07036  eV     1   --> A              
     e( 42 - 42) =      7.15643  eV     1   --> A              
     e( 43 - 43) =      7.30948  eV     1   --> A              
     e( 44 - 44) =      7.52336  eV     1   --> A              
     e( 45 - 45) =      7.96889  eV     1   --> A              
     e( 46 - 46) =      7.99174  eV     1   --> A              
     e( 47 - 47) =      8.20769  eV     1   --> A              
     e( 48 - 48) =      8.40841  eV     1   --> A              
     e( 49 - 49) =      8.68608  eV     1   --> A              
     e( 50 - 50) =      8.84490  eV     1   --> A              
     e( 51 - 51) =      8.90371  eV     1   --> A              
     e( 52 - 52) =      9.14063  eV     1   --> A              
     e( 53 - 53) =      9.37598  eV     1   --> A              
     e( 54 - 54) =      9.43048  eV     1   --> A              
     e( 55 - 55) =      9.59930  eV     1   --> A              
     e( 56 - 56) =      9.84286  eV     1   --> A              
     e( 57 - 57) =     10.57536  eV     1   --> A              
     e( 58 - 58) =     11.01417  eV     1   --> A              
     e( 59 - 59) =     13.72164  eV     1   --> A              
     e( 60 - 60) =     13.84466  eV     1   --> A              
     e( 61 - 61) =     14.15172  eV     1   --> A              
     e( 62 - 62) =     14.22814  eV     1   --> A              
     e( 63 - 63) =     14.89723  eV     1   --> A              
     e( 64 - 64) =     15.11499  eV     1   --> A              
     e( 65 - 65) =     16.94474  eV     1   --> A              
     e( 66 - 66) =     17.81325  eV     1   --> A              
     e( 67 - 67) =     18.45734  eV     1   --> A              
     e( 68 - 68) =     19.38206  eV     1   --> A              
     e( 69 - 69) =     19.72422  eV     1   --> A              
     e( 70 - 70) =     21.14773  eV     1   --> A              
     e( 71 - 71) =     21.38145  eV     1   --> A              
     e( 72 - 72) =     21.66355  eV     1   --> A              
     e( 73 - 73) =     22.10806  eV     1   --> A              
     e( 74 - 74) =     22.81180  eV     1   --> A              
     e( 75 - 75) =     23.32835  eV     1   --> A              
     e( 76 - 76) =     23.67513  eV     1   --> A              
     e( 77 - 77) =     24.07842  eV     1   --> A              
     e( 78 - 78) =     24.40472  eV     1   --> A              
     e( 79 - 79) =     24.99094  eV     1   --> A              
     e( 80 - 80) =     25.26919  eV     1   --> A              

 **************************************************************************

 **************************************************************************

                    xk=(   0.00045,   0.00000,   0.18599  )

     Band symmetry, C_1 (1)     point group:

     e(  1 -  1) =    -84.86869  eV     1   --> A              
     e(  2 -  2) =    -68.41487  eV     1   --> A              
     e(  3 -  3) =    -63.95247  eV     1   --> A              
     e(  4 -  4) =    -63.94465  eV     1   --> A              
     e(  5 -  5) =    -48.87381  eV     1   --> A              
     e(  6 -  6) =    -48.28984  eV     1   --> A              
     e(  7 -  7) =    -47.93459  eV     1   --> A              
     e(  8 -  8) =    -37.47593  eV     1   --> A              
     e(  9 -  9) =    -37.46921  eV     1   --> A              
     e( 10 - 10) =    -37.45069  eV     1   --> A              
     e( 11 - 11) =    -28.42685  eV     1   --> A              
     e( 12 - 12) =    -28.38107  eV     1   --> A              
     e( 13 - 13) =    -28.32760  eV     1   --> A              
     e( 14 - 14) =    -28.27583  eV     1   --> A              
     e( 15 - 15) =    -28.24209  eV     1   --> A              
     e( 16 - 16) =    -28.19522  eV     1   --> A              
     e( 17 - 17) =     -8.22998  eV     1   --> A              
     e( 18 - 18) =     -7.09746  eV     1   --> A              
     e( 19 - 19) =     -6.96783  eV     1   --> A              
     e( 20 - 20) =     -6.90310  eV     1   --> A              
     e( 21 - 21) =     -6.54581  eV     1   --> A              
     e( 22 - 22) =     -6.46694  eV     1   --> A              
     e( 23 - 23) =     -6.24832  eV     1   --> A              
     e( 24 - 24) =     -6.04778  eV     1   --> A              
     e( 25 - 25) =      3.17964  eV     1   --> A              
     e( 26 - 26) =      3.31486  eV     1   --> A              
     e( 27 - 27) =      3.48243  eV     1   --> A              
     e( 28 - 28) =      3.85636  eV     1   --> A              
     e( 29 - 29) =      3.98636  eV     1   --> A              
     e( 30 - 30) =      4.10143  eV     1   --> A              
     e( 31 - 31) =      4.62079  eV     1   --> A              
     e( 32 - 32) =      4.87316  eV     1   --> A              
     e( 33 - 33) =      5.04203  eV     1   --> A              
     e( 34 - 34) =      5.13313  eV     1   --> A              
     e( 35 - 35) =      5.63689  eV     1   --> A              
     e( 36 - 36) =      5.84035  eV     1   --> A              
     e( 37 - 37) =      6.26308  eV     1   --> A              
     e( 38 - 38) =      6.47346  eV     1   --> A              
     e( 39 - 39) =      6.64879  eV     1   --> A              
     e( 40 - 40) =      6.90899  eV     1   --> A              
     e( 41 - 41) =      7.06358  eV     1   --> A              
     e( 42 - 42) =      7.14941  eV     1   --> A              
     e( 43 - 43) =      7.39968  eV     1   --> A              
     e( 44 - 44) =      7.49443  eV     1   --> A              
     e( 45 - 45) =      7.97071  eV     1   --> A              
     e( 46 - 46) =      7.99652  eV     1   --> A              
     e( 47 - 47) =      8.22182  eV     1   --> A              
     e( 48 - 48) =      8.37876  eV     1   --> A              
     e( 49 - 49) =      8.70889  eV     1   --> A              
     e( 50 - 50) =      8.82612  eV     1   --> A              
     e( 51 - 51) =      8.88939  eV     1   --> A              
     e( 52 - 52) =      9.11720  eV     1   --> A              
     e( 53 - 53) =      9.39077  eV     1   --> A              
     e( 54 - 54) =      9.42377  eV     1   --> A              
     e( 55 - 55) =      9.59861  eV     1   --> A              
     e( 56 - 56) =      9.84350  eV     1   --> A              
     e( 57 - 57) =     10.63371  eV     1   --> A              
     e( 58 - 58) =     11.02334  eV     1   --> A              
     e( 59 - 59) =     13.75357  eV     1   --> A              
     e( 60 - 60) =     13.82516  eV     1   --> A              
     e( 61 - 61) =     14.13529  eV     1   --> A              
     e( 62 - 62) =     14.21824  eV     1   --> A              
     e( 63 - 63) =     14.88027  eV     1   --> A              
     e( 64 - 64) =     15.05736  eV     1   --> A              
     e( 65 - 65) =     17.05884  eV     1   --> A              
     e( 66 - 66) =     17.81097  eV     1   --> A              
     e( 67 - 67) =     18.39531  eV     1   --> A              
     e( 68 - 68) =     19.39324  eV     1   --> A              
     e( 69 - 69) =     19.78942  eV     1   --> A              
     e( 70 - 70) =     21.03355  eV     1   --> A              
     e( 71 - 71) =     21.38259  eV     1   --> A              
     e( 72 - 72) =     21.65066  eV     1   --> A              
     e( 73 - 73) =     22.14940  eV     1   --> A              
     e( 74 - 74) =     22.82533  eV     1   --> A              
     e( 75 - 75) =     23.33103  eV     1   --> A              
     e( 76 - 76) =     23.78067  eV     1   --> A              
     e( 77 - 77) =     24.01094  eV     1   --> A              
     e( 78 - 78) =     24.33576  eV     1   --> A              
     e( 79 - 79) =     25.00020  eV     1   --> A              
     e( 80 - 80) =     25.33952  eV     1   --> A              

 **************************************************************************

 **************************************************************************

                    xk=(   0.00051,   0.00000,   0.20924  )

     Band symmetry, C_1 (1)     point group:

     e(  1 -  1) =    -84.86869  eV     1   --> A              
     e(  2 -  2) =    -68.41487  eV     1   --> A              
     e(  3 -  3) =    -63.95223  eV     1   --> A              
     e(  4 -  4) =    -63.94487  eV     1   --> A              
     e(  5 -  5) =    -48.87381  eV     1   --> A              
     e(  6 -  6) =    -48.28984  eV     1   --> A              
     e(  7 -  7) =    -47.93459  eV     1   --> A              
     e(  8 -  8) =    -37.47593  eV     1   --> A              
     e(  9 -  9) =    -37.46921  eV     1   --> A              
     e( 10 - 10) =    -37.45069  eV     1   --> A              
     e( 11 - 11) =    -28.42652  eV     1   --> A              
     e( 12 - 12) =    -28.38298  eV     1   --> A              
     e( 13 - 13) =    -28.32620  eV     1   --> A              
     e( 14 - 14) =    -28.27811  eV     1   --> A              
     e( 15 - 15) =    -28.24032  eV     1   --> A              
     e( 16 - 16) =    -28.19474  eV     1   --> A              
     e( 17 - 17) =     -8.19254  eV     1   --> A              
     e( 18 - 18) =     -7.10123  eV     1   --> A              
     e( 19 - 19) =     -6.99512  eV     1   --> A              
     e( 20 - 20) =     -6.92825  eV     1   --> A              
     e( 21 - 21) =     -6.52469  eV     1   --> A              
     e( 22 - 22) =     -6.46902  eV     1   --> A              
     e( 23 - 23) =     -6.24395  eV     1   --> A              
     e( 24 - 24) =     -6.05792  eV     1   --> A              
     e( 25 - 25) =      3.18083  eV     1   --> A              
     e( 26 - 26) =      3.33628  eV     1   --> A              
     e( 27 - 27) =      3.47445  eV     1   --> A              
     e( 28 - 28) =      3.85113  eV     1   --> A              
     e( 29 - 29) =      3.97528  eV     1   --> A              
     e( 30 - 30) =      4.14536  eV     1   --> A              
     e( 31 - 31) =      4.62656  eV     1   --> A              
     e( 32 - 32) =      4.86758  eV     1   --> A              
     e( 33 - 33) =      4.99489  eV     1   --> A              
     e( 34 - 34) =      5.14804  eV     1   --> A              
     e( 35 - 35) =      5.65183  eV     1   --> A              
     e( 36 - 36) =      5.85628  eV     1   --> A              
     e( 37 - 37) =      6.27825  eV     1   --> A              
     e( 38 - 38) =      6.42304  eV     1   --> A              
     e( 39 - 39) =      6.63167  eV     1   --> A              
     e( 40 - 40) =      6.88192  eV     1   --> A              
     e( 41 - 41) =      7.05197  eV     1   --> A              
     e( 42 - 42) =      7.13420  eV     1   --> A              
     e( 43 - 43) =      7.44348  eV     1   --> A              
     e( 44 - 44) =      7.50868  eV     1   --> A              
     e( 45 - 45) =      7.95346  eV     1   --> A              
     e( 46 - 46) =      8.00880  eV     1   --> A              
     e( 47 - 47) =      8.23837  eV     1   --> A              
     e( 48 - 48) =      8.36298  eV     1   --> A              
     e( 49 - 49) =      8.71647  eV     1   --> A              
     e( 50 - 50) =      8.79712  eV     1   --> A              
     e( 51 - 51) =      8.89997  eV     1   --> A              
     e( 52 - 52) =      9.09454  eV     1   --> A              
     e( 53 - 53) =      9.39768  eV     1   --> A              
     e( 54 - 54) =      9.41387  eV     1   --> A              
     e( 55 - 55) =      9.61065  eV     1   --> A              
     e( 56 - 56) =      9.84223  eV     1   --> A              
     e( 57 - 57) =     10.68902  eV     1   --> A              
     e( 58 - 58) =     11.03320  eV     1   --> A              
     e( 59 - 59) =     13.78658  eV     1   --> A              
     e( 60 - 60) =     13.81160  eV     1   --> A              
     e( 61 - 61) =     14.11825  eV     1   --> A              
     e( 62 - 62) =     14.20628  eV     1   --> A              
     e( 63 - 63) =     14.85949  eV     1   --> A              
     e( 64 - 64) =     14.99572  eV     1   --> A              
     e( 65 - 65) =     17.18075  eV     1   --> A              
     e( 66 - 66) =     17.80926  eV     1   --> A              
     e( 67 - 67) =     18.33899  eV     1   --> A              
     e( 68 - 68) =     19.40480  eV     1   --> A              
     e( 69 - 69) =     19.84754  eV     1   --> A              
     e( 70 - 70) =     20.90875  eV     1   --> A              
     e( 71 - 71) =     21.37626  eV     1   --> A              
     e( 72 - 72) =     21.64179  eV     1   --> A              
     e( 73 - 73) =     22.21213  eV     1   --> A              
     e( 74 - 74) =     22.84107  eV     1   --> A              
     e( 75 - 75) =     23.32807  eV     1   --> A              
     e( 76 - 76) =     23.86574  eV     1   --> A              
     e( 77 - 77) =     23.97629  eV     1   --> A              
     e( 78 - 78) =     24.25935  eV     1   --> A              
     e( 79 - 79) =     25.00462  eV     1   --> A              
     e( 80 - 80) =     25.40215  eV     1   --> A              

 **************************************************************************

 **************************************************************************

                    xk=(   0.00057,   0.00000,   0.23249  )

     Band symmetry, C_1 (1)     point group:

     e(  1 -  1) =    -84.86870  eV     1   --> A              
     e(  2 -  2) =    -68.41488  eV     1   --> A              
     e(  3 -  3) =    -63.95197  eV     1   --> A              
     e(  4 -  4) =    -63.94512  eV     1   --> A              
     e(  5 -  5) =    -48.87382  eV     1   --> A              
     e(  6 -  6) =    -48.28985  eV     1   --> A              
     e(  7 -  7) =    -47.93458  eV     1   --> A              
     e(  8 -  8) =    -37.47593  eV     1   --> A              
     e(  9 -  9) =    -37.46921  eV     1   --> A              
     e( 10 - 10) =    -37.45069  eV     1   --> A              
     e( 11 - 11) =    -28.42612  eV     1   --> A              
     e( 12 - 12) =    -28.38497  eV     1   --> A              
     e( 13 - 13) =    -28.32472  eV     1   --> A              
     e( 14 - 14) =    -28.28039  eV     1   --> A              
     e( 15 - 15) =    -28.23864  eV     1   --> A              
     e( 16 - 16) =    -28.19427  eV     1   --> A              
     e( 17 - 17) =     -8.15130  eV     1   --> A              
     e( 18 - 18) =     -7.10626  eV     1   --> A              
     e( 19 - 19) =     -7.02679  eV     1   --> A              
     e( 20 - 20) =     -6.95057  eV     1   --> A              
     e( 21 - 21) =     -6.50573  eV     1   --> A              
     e( 22 - 22) =     -6.47180  eV     1   --> A              
     e( 23 - 23) =     -6.23768  eV     1   --> A              
     e( 24 - 24) =     -6.06816  eV     1   --> A              
     e( 25 - 25) =      3.18271  eV     1   --> A              
     e( 26 - 26) =      3.35705  eV     1   --> A              
     e( 27 - 27) =      3.46584  eV     1   --> A              
     e( 28 - 28) =      3.83379  eV     1   --> A              
     e( 29 - 29) =      3.96659  eV     1   --> A              
     e( 30 - 30) =      4.20567  eV     1   --> A              
     e( 31 - 31) =      4.63463  eV     1   --> A              
     e( 32 - 32) =      4.83502  eV     1   --> A              
     e( 33 - 33) =      4.98127  eV     1   --> A              
     e( 34 - 34) =      5.15999  eV     1   --> A              
     e( 35 - 35) =      5.66465  eV     1   --> A              
     e( 36 - 36) =      5.87415  eV     1   --> A              
     e( 37 - 37) =      6.27854  eV     1   --> A              
     e( 38 - 38) =      6.37445  eV     1   --> A              
     e( 39 - 39) =      6.62010  eV     1   --> A              
     e( 40 - 40) =      6.86712  eV     1   --> A              
     e( 41 - 41) =      7.03848  eV     1   --> A              
     e( 42 - 42) =      7.10820  eV     1   --> A              
     e( 43 - 43) =      7.43616  eV     1   --> A              
     e( 44 - 44) =      7.56441  eV     1   --> A              
     e( 45 - 45) =      7.93369  eV     1   --> A              
     e( 46 - 46) =      8.01453  eV     1   --> A              
     e( 47 - 47) =      8.25165  eV     1   --> A              
     e( 48 - 48) =      8.36933  eV     1   --> A              
     e( 49 - 49) =      8.71000  eV     1   --> A              
     e( 50 - 50) =      8.77033  eV     1   --> A              
     e( 51 - 51) =      8.92250  eV     1   --> A              
     e( 52 - 52) =      9.07297  eV     1   --> A              
     e( 53 - 53) =      9.38214  eV     1   --> A              
     e( 54 - 54) =      9.41978  eV     1   --> A              
     e( 55 - 55) =      9.63074  eV     1   --> A              
     e( 56 - 56) =      9.83883  eV     1   --> A              
     e( 57 - 57) =     10.74066  eV     1   --> A              
     e( 58 - 58) =     11.04345  eV     1   --> A              
     e( 59 - 59) =     13.79665  eV     1   --> A              
     e( 60 - 60) =     13.82810  eV     1   --> A              
     e( 61 - 61) =     14.10112  eV     1   --> A              
     e( 62 - 62) =     14.19273  eV     1   --> A              
     e( 63 - 63) =     14.83408  eV     1   --> A              
     e( 64 - 64) =     14.93195  eV     1   --> A              
     e( 65 - 65) =     17.30811  eV     1   --> A              
     e( 66 - 66) =     17.80846  eV     1   --> A              
     e( 67 - 67) =     18.28920  eV     1   --> A              
     e( 68 - 68) =     19.41610  eV     1   --> A              
     e( 69 - 69) =     19.89792  eV     1   --> A              
     e( 70 - 70) =     20.77774  eV     1   --> A              
     e( 71 - 71) =     21.36302  eV     1   --> A              
     e( 72 - 72) =     21.63497  eV     1   --> A              
     e( 73 - 73) =     22.29577  eV     1   --> A              
     e( 74 - 74) =     22.85918  eV     1   --> A              
     e( 75 - 75) =     23.32349  eV     1   --> A              
     e( 76 - 76) =     23.83270  eV     1   --> A              
     e( 77 - 77) =     24.06228  eV     1   --> A              
     e( 78 - 78) =     24.18421  eV     1   --> A              
     e( 79 - 79) =     24.99679  eV     1   --> A              
     e( 80 - 80) =     25.45673  eV     1   --> A              

 **************************************************************************

 **************************************************************************

                    xk=(   0.00063,   0.00000,   0.25574  )

     Band symmetry, C_1 (1)     point group:

     e(  1 -  1) =    -84.86870  eV     1   --> A              
     e(  2 -  2) =    -68.41488  eV     1   --> A              
     e(  3 -  3) =    -63.95169  eV     1   --> A              
     e(  4 -  4) =    -63.94539  eV     1   --> A              
     e(  5 -  5) =    -48.87382  eV     1   --> A              
     e(  6 -  6) =    -48.28985  eV     1   --> A              
     e(  7 -  7) =    -47.93458  eV     1   --> A              
     e(  8 -  8) =    -37.47593  eV     1   --> A              
     e(  9 -  9) =    -37.46921  eV     1   --> A              
     e( 10 - 10) =    -37.45069  eV     1   --> A              
     e( 11 - 11) =    -28.42565  eV     1   --> A              
     e( 12 - 12) =    -28.38700  eV     1   --> A              
     e( 13 - 13) =    -28.32315  eV     1   --> A              
     e( 14 - 14) =    -28.28267  eV     1   --> A              
     e( 15 - 15) =    -28.23706  eV     1   --> A              
     e( 16 - 16) =    -28.19380  eV     1   --> A              
     e( 17 - 17) =     -8.10645  eV     1   --> A              
     e( 18 - 18) =     -7.11394  eV     1   --> A              
     e( 19 - 19) =     -7.06224  eV     1   --> A              
     e( 20 - 20) =     -6.96919  eV     1   --> A              
     e( 21 - 21) =     -6.49055  eV     1   --> A              
     e( 22 - 22) =     -6.47302  eV     1   --> A              
     e( 23 - 23) =     -6.23022  eV     1   --> A              
     e( 24 - 24) =     -6.07813  eV     1   --> A              
     e( 25 - 25) =      3.18533  eV     1   --> A              
     e( 26 - 26) =      3.37593  eV     1   --> A              
     e( 27 - 27) =      3.45721  eV     1   --> A              
     e( 28 - 28) =      3.81372  eV     1   --> A              
     e( 29 - 29) =      3.95531  eV     1   --> A              
     e( 30 - 30) =      4.27598  eV     1   --> A              
     e( 31 - 31) =      4.64583  eV     1   --> A              
     e( 32 - 32) =      4.79148  eV     1   --> A              
     e( 33 - 33) =      4.98647  eV     1   --> A              
     e( 34 - 34) =      5.17055  eV     1   --> A              
     e( 35 - 35) =      5.67229  eV     1   --> A              
     e( 36 - 36) =      5.89428  eV     1   --> A              
     e( 37 - 37) =      6.25950  eV     1   --> A              
     e( 38 - 38) =      6.33006  eV     1   --> A              
     e( 39 - 39) =      6.61409  eV     1   --> A              
     e( 40 - 40) =      6.86662  eV     1   --> A              
     e( 41 - 41) =      7.02438  eV     1   --> A              
     e( 42 - 42) =      7.07277  eV     1   --> A              
     e( 43 - 43) =      7.42861  eV     1   --> A              
     e( 44 - 44) =      7.60572  eV     1   --> A              
     e( 45 - 45) =      7.91249  eV     1   --> A              
     e( 46 - 46) =      8.01597  eV     1   --> A              
     e( 47 - 47) =      8.26485  eV     1   --> A              
     e( 48 - 48) =      8.39438  eV     1   --> A              
     e( 49 - 49) =      8.68686  eV     1   --> A              
     e( 50 - 50) =      8.75870  eV     1   --> A              
     e( 51 - 51) =      8.94781  eV     1   --> A              
     e( 52 - 52) =      9.05264  eV     1   --> A              
     e( 53 - 53) =      9.35977  eV     1   --> A              
     e( 54 - 54) =      9.42991  eV     1   --> A              
     e( 55 - 55) =      9.65465  eV     1   --> A              
     e( 56 - 56) =      9.83324  eV     1   --> A              
     e( 57 - 57) =     10.78812  eV     1   --> A              
     e( 58 - 58) =     11.05384  eV     1   --> A              
     e( 59 - 59) =     13.79334  eV     1   --> A              
     e( 60 - 60) =     13.86483  eV     1   --> A              
     e( 61 - 61) =     14.08454  eV     1   --> A              
     e( 62 - 62) =     14.17812  eV     1   --> A              
     e( 63 - 63) =     14.80173  eV     1   --> A              
     e( 64 - 64) =     14.86965  eV     1   --> A              
     e( 65 - 65) =     17.43782  eV     1   --> A              
     e( 66 - 66) =     17.80917  eV     1   --> A              
     e( 67 - 67) =     18.24726  eV     1   --> A              
     e( 68 - 68) =     19.42619  eV     1   --> A              
     e( 69 - 69) =     19.93994  eV     1   --> A              
     e( 70 - 70) =     20.64394  eV     1   --> A              
     e( 71 - 71) =     21.34598  eV     1   --> A              
     e( 72 - 72) =     21.62849  eV     1   --> A              
     e( 73 - 73) =     22.39783  eV     1   --> A              
     e( 74 - 74) =     22.87988  eV     1   --> A              
     e( 75 - 75) =     23.31938  eV     1   --> A              
     e( 76 - 76) =     23.76404  eV     1   --> A              
     e( 77 - 77) =     24.07399  eV     1   --> A              
     e( 78 - 78) =     24.22319  eV     1   --> A              
     e( 79 - 79) =     24.97019  eV     1   --> A              
     e( 80 - 80) =     25.50391  eV     1   --> A              

 **************************************************************************

 **************************************************************************

                    xk=(   0.00068,   0.00000,   0.27899  )

     Band symmetry, C_1 (1)     point group:

     e(  1 -  1) =    -84.86871  eV     1   --> A              
     e(  2 -  2) =    -68.41489  eV     1   --> A              
     e(  3 -  3) =    -63.95139  eV     1   --> A              
     e(  4 -  4) =    -63.94568  eV     1   --> A              
     e(  5 -  5) =    -48.87382  eV     1   --> A              
     e(  6 -  6) =    -48.28985  eV     1   --> A              
     e(  7 -  7) =    -47.93458  eV     1   --> A              
     e(  8 -  8) =    -37.47593  eV     1   --> A              
     e(  9 -  9) =    -37.46921  eV     1   --> A              
     e( 10 - 10) =    -37.45069  eV     1   --> A              
     e( 11 - 11) =    -28.42512  eV     1   --> A              
     e( 12 - 12) =    -28.38904  eV     1   --> A              
     e( 13 - 13) =    -28.32150  eV     1   --> A              
     e( 14 - 14) =    -28.28494  eV     1   --> A              
     e( 15 - 15) =    -28.23559  eV     1   --> A              
     e( 16 - 16) =    -28.19335  eV     1   --> A              
     e( 17 - 17) =     -8.05823  eV     1   --> A              
     e( 18 - 18) =     -7.13172  eV     1   --> A              
     e( 19 - 19) =     -7.09352  eV     1   --> A              
     e( 20 - 20) =     -6.98438  eV     1   --> A              
     e( 21 - 21) =     -6.48418  eV     1   --> A              
     e( 22 - 22) =     -6.46714  eV     1   --> A              
     e( 23 - 23) =     -6.22232  eV     1   --> A              
     e( 24 - 24) =     -6.08746  eV     1   --> A              
     e( 25 - 25) =      3.18868  eV     1   --> A              
     e( 26 - 26) =      3.39116  eV     1   --> A              
     e( 27 - 27) =      3.44985  eV     1   --> A              
     e( 28 - 28) =      3.79557  eV     1   --> A              
     e( 29 - 29) =      3.93971  eV     1   --> A              
     e( 30 - 30) =      4.35060  eV     1   --> A              
     e( 31 - 31) =      4.66169  eV     1   --> A              
     e( 32 - 32) =      4.75169  eV     1   --> A              
     e( 33 - 33) =      4.99637  eV     1   --> A              
     e( 34 - 34) =      5.18096  eV     1   --> A              
     e( 35 - 35) =      5.67187  eV     1   --> A              
     e( 36 - 36) =      5.91723  eV     1   --> A              
     e( 37 - 37) =      6.22486  eV     1   --> A              
     e( 38 - 38) =      6.28873  eV     1   --> A              
     e( 39 - 39) =      6.61294  eV     1   --> A              
     e( 40 - 40) =      6.87506  eV     1   --> A              
     e( 41 - 41) =      7.00218  eV     1   --> A              
     e( 42 - 42) =      7.04207  eV     1   --> A              
     e( 43 - 43) =      7.42486  eV     1   --> A              
     e( 44 - 44) =      7.62767  eV     1   --> A              
     e( 45 - 45) =      7.89125  eV     1   --> A              
     e( 46 - 46) =      8.01372  eV     1   --> A              
     e( 47 - 47) =      8.28313  eV     1   --> A              
     e( 48 - 48) =      8.42937  eV     1   --> A              
     e( 49 - 49) =      8.65325  eV     1   --> A              
     e( 50 - 50) =      8.76131  eV     1   --> A              
     e( 51 - 51) =      8.97189  eV     1   --> A              
     e( 52 - 52) =      9.03341  eV     1   --> A              
     e( 53 - 53) =      9.33759  eV     1   --> A              
     e( 54 - 54) =      9.44028  eV     1   --> A              
     e( 55 - 55) =      9.67947  eV     1   --> A              
     e( 56 - 56) =      9.82553  eV     1   --> A              
     e( 57 - 57) =     10.83092  eV     1   --> A              
     e( 58 - 58) =     11.06422  eV     1   --> A              
     e( 59 - 59) =     13.79509  eV     1   --> A              
     e( 60 - 60) =     13.90257  eV     1   --> A              
     e( 61 - 61) =     14.06926  eV     1   --> A              
     e( 62 - 62) =     14.16303  eV     1   --> A              
     e( 63 - 63) =     14.75689  eV     1   --> A              
     e( 64 - 64) =     14.81593  eV     1   --> A              
     e( 65 - 65) =     17.56484  eV     1   --> A              
     e( 66 - 66) =     17.81265  eV     1   --> A              
     e( 67 - 67) =     18.21578  eV     1   --> A              
     e( 68 - 68) =     19.43350  eV     1   --> A              
     e( 69 - 69) =     19.97282  eV     1   --> A              
     e( 70 - 70) =     20.51080  eV     1   --> A              
     e( 71 - 71) =     21.32907  eV     1   --> A              
     e( 72 - 72) =     21.62090  eV     1   --> A              
     e( 73 - 73) =     22.51468  eV     1   --> A              
     e( 74 - 74) =     22.90365  eV     1   --> A              
     e( 75 - 75) =     23.31709  eV     1   --> A              
     e( 76 - 76) =     23.69157  eV     1   --> A              
     e( 77 - 77) =     23.99340  eV     1   --> A              
     e( 78 - 78) =     24.36305  eV     1   --> A              
     e( 79 - 79) =     24.92134  eV     1   --> A              
     e( 80 - 80) =     25.54483  eV     1   --> A              

 **************************************************************************

 **************************************************************************

                    xk=(   0.00074,   0.00000,   0.30224  )

     Band symmetry, C_1 (1)     point group:

     e(  1 -  1) =    -84.86871  eV     1   --> A              
     e(  2 -  2) =    -68.41489  eV     1   --> A              
     e(  3 -  3) =    -63.95107  eV     1   --> A              
     e(  4 -  4) =    -63.94599  eV     1   --> A              
     e(  5 -  5) =    -48.87382  eV     1   --> A              
     e(  6 -  6) =    -48.28985  eV     1   --> A              
     e(  7 -  7) =    -47.93458  eV     1   --> A              
     e(  8 -  8) =    -37.47593  eV     1   --> A              
     e(  9 -  9) =    -37.46921  eV     1   --> A              
     e( 10 - 10) =    -37.45069  eV     1   --> A              
     e( 11 - 11) =    -28.42451  eV     1   --> A              
     e( 12 - 12) =    -28.39104  eV     1   --> A              
     e( 13 - 13) =    -28.31980  eV     1   --> A              
     e( 14 - 14) =    -28.28719  eV     1   --> A              
     e( 15 - 15) =    -28.23425  eV     1   --> A              
     e( 16 - 16) =    -28.19294  eV     1   --> A              
     e( 17 - 17) =     -8.00690  eV     1   --> A              
     e( 18 - 18) =     -7.17072  eV     1   --> A              
     e( 19 - 19) =     -7.10855  eV     1   --> A              
     e( 20 - 20) =     -6.99679  eV     1   --> A              
     e( 21 - 21) =     -6.48362  eV     1   --> A              
     e( 22 - 22) =     -6.45687  eV     1   --> A              
     e( 23 - 23) =     -6.21461  eV     1   --> A              
     e( 24 - 24) =     -6.09579  eV     1   --> A              
     e( 25 - 25) =      3.19275  eV     1   --> A              
     e( 26 - 26) =      3.39997  eV     1   --> A              
     e( 27 - 27) =      3.44636  eV     1   --> A              
     e( 28 - 28) =      3.78045  eV     1   --> A              
     e( 29 - 29) =      3.92062  eV     1   --> A              
     e( 30 - 30) =      4.42344  eV     1   --> A              
     e( 31 - 31) =      4.68462  eV     1   --> A              
     e( 32 - 32) =      4.72073  eV     1   --> A              
     e( 33 - 33) =      5.00656  eV     1   --> A              
     e( 34 - 34) =      5.19178  eV     1   --> A              
     e( 35 - 35) =      5.66115  eV     1   --> A              
     e( 36 - 36) =      5.94334  eV     1   --> A              
     e( 37 - 37) =      6.18422  eV     1   --> A              
     e( 38 - 38) =      6.24718  eV     1   --> A              
     e( 39 - 39) =      6.61531  eV     1   --> A              
     e( 40 - 40) =      6.87520  eV     1   --> A              
     e( 41 - 41) =      6.96421  eV     1   --> A              
     e( 42 - 42) =      7.03958  eV     1   --> A              
     e( 43 - 43) =      7.42331  eV     1   --> A              
     e( 44 - 44) =      7.63601  eV     1   --> A              
     e( 45 - 45) =      7.87119  eV     1   --> A              
     e( 46 - 46) =      8.00738  eV     1   --> A              
     e( 47 - 47) =      8.30314  eV     1   --> A              
     e( 48 - 48) =      8.47001  eV     1   --> A              
     e( 49 - 49) =      8.61839  eV     1   --> A              
     e( 50 - 50) =      8.77227  eV     1   --> A              
     e( 51 - 51) =      8.99286  eV     1   --> A              
     e( 52 - 52) =      9.01480  eV     1   --> A              
     e( 53 - 53) =      9.31821  eV     1   --> A              
     e( 54 - 54) =      9.45067  eV     1   --> A              
     e( 55 - 55) =      9.70302  eV     1   --> A              
     e( 56 - 56) =      9.81607  eV     1   --> A              
     e( 57 - 57) =     10.86862  eV     1   --> A              
     e( 58 - 58) =     11.07446  eV     1   --> A              
     e( 59 - 59) =     13.80267  eV     1   --> A              
     e( 60 - 60) =     13.93891  eV     1   --> A              
     e( 61 - 61) =     14.05641  eV     1   --> A              
     e( 62 - 62) =     14.14809  eV     1   --> A              
     e( 63 - 63) =     14.69848  eV     1   --> A              
     e( 64 - 64) =     14.77374  eV     1   --> A              
     e( 65 - 65) =     17.67834  eV     1   --> A              
     e( 66 - 66) =     17.82286  eV     1   --> A              
     e( 67 - 67) =     18.20052  eV     1   --> A              
     e( 68 - 68) =     19.43540  eV     1   --> A              
     e( 69 - 69) =     19.99545  eV     1   --> A              
     e( 70 - 70) =     20.38276  eV     1   --> A              
     e( 71 - 71) =     21.31596  eV     1   --> A              
     e( 72 - 72) =     21.61100  eV     1   --> A              
     e( 73 - 73) =     22.64174  eV     1   --> A              
     e( 74 - 74) =     22.93152  eV     1   --> A              
     e( 75 - 75) =     23.31783  eV     1   --> A              
     e( 76 - 76) =     23.61898  eV     1   --> A              
     e( 77 - 77) =     23.90967  eV     1   --> A              
     e( 78 - 78) =     24.50926  eV     1   --> A              
     e( 79 - 79) =     24.85273  eV     1   --> A              
     e( 80 - 80) =     25.58060  eV     1   --> A              

 **************************************************************************

 **************************************************************************

                    xk=(   0.00080,   0.00000,   0.32548  )

     Band symmetry, C_1 (1)     point group:

     e(  1 -  1) =    -84.86872  eV     1   --> A              
     e(  2 -  2) =    -68.41490  eV     1   --> A              
     e(  3 -  3) =    -63.95073  eV     1   --> A              
     e(  4 -  4) =    -63.94632  eV     1   --> A              
     e(  5 -  5) =    -48.87382  eV     1   --> A              
     e(  6 -  6) =    -48.28985  eV     1   --> A              
     e(  7 -  7) =    -47.93458  eV     1   --> A              
     e(  8 -  8) =    -37.47593  eV     1   --> A              
     e(  9 -  9) =    -37.46921  eV     1   --> A              
     e( 10 - 10) =    -37.45069  eV     1   --> A              
     e( 11 - 11) =    -28.42386  eV     1   --> A              
     e( 12 - 12) =    -28.39297  eV     1   --> A              
     e( 13 - 13) =    -28.31805  eV     1   --> A              
     e( 14 - 14) =    -28.28942  eV     1   --> A              
     e( 15 - 15) =    -28.23306  eV     1   --> A              
     e( 16 - 16) =    -28.19257  eV     1   --> A              
     e( 17 - 17) =     -7.95272  eV     1   --> A              
     e( 18 - 18) =     -7.22113  eV     1   --> A              
     e( 19 - 19) =     -7.11614  eV     1   --> A              
     e( 20 - 20) =     -7.00693  eV     1   --> A              
     e( 21 - 21) =     -6.48289  eV     1   --> A              
     e( 22 - 22) =     -6.44809  eV     1   --> A              
     e( 23 - 23) =     -6.20758  eV     1   --> A              
     e( 24 - 24) =     -6.10279  eV     1   --> A              
     e( 25 - 25) =      3.19743  eV     1   --> A              
     e( 26 - 26) =      3.40021  eV     1   --> A              
     e( 27 - 27) =      3.44914  eV     1   --> A              
     e( 28 - 28) =      3.76729  eV     1   --> A              
     e( 29 - 29) =      3.90059  eV     1   --> A              
     e( 30 - 30) =      4.48711  eV     1   --> A              
     e( 31 - 31) =      4.69403  eV     1   --> A              
     e( 32 - 32) =      4.72409  eV     1   --> A              
     e( 33 - 33) =      5.01659  eV     1   --> A              
     e( 34 - 34) =      5.20270  eV     1   --> A              
     e( 35 - 35) =      5.63898  eV     1   --> A              
     e( 36 - 36) =      5.97212  eV     1   --> A              
     e( 37 - 37) =      6.14530  eV     1   --> A              
     e( 38 - 38) =      6.20534  eV     1   --> A              
     e( 39 - 39) =      6.61920  eV     1   --> A              
     e( 40 - 40) =      6.83851  eV     1   --> A              
     e( 41 - 41) =      6.94472  eV     1   --> A              
     e( 42 - 42) =      7.05758  eV     1   --> A              
     e( 43 - 43) =      7.42198  eV     1   --> A              
     e( 44 - 44) =      7.63893  eV     1   --> A              
     e( 45 - 45) =      7.85310  eV     1   --> A              
     e( 46 - 46) =      7.99676  eV     1   --> A              
     e( 47 - 47) =      8.31759  eV     1   --> A              
     e( 48 - 48) =      8.51217  eV     1   --> A              
     e( 49 - 49) =      8.59001  eV     1   --> A              
     e( 50 - 50) =      8.78857  eV     1   --> A              
     e( 51 - 51) =      8.99537  eV     1   --> A              
     e( 52 - 52) =      9.01024  eV     1   --> A              
     e( 53 - 53) =      9.30371  eV     1   --> A              
     e( 54 - 54) =      9.46108  eV     1   --> A              
     e( 55 - 55) =      9.72317  eV     1   --> A              
     e( 56 - 56) =      9.80591  eV     1   --> A              
     e( 57 - 57) =     10.90085  eV     1   --> A              
     e( 58 - 58) =     11.08449  eV     1   --> A              
     e( 59 - 59) =     13.81594  eV     1   --> A              
     e( 60 - 60) =     13.97055  eV     1   --> A              
     e( 61 - 61) =     14.04822  eV     1   --> A              
     e( 62 - 62) =     14.13407  eV     1   --> A              
     e( 63 - 63) =     14.63524  eV     1   --> A              
     e( 64 - 64) =     14.73670  eV     1   --> A              
     e( 65 - 65) =     17.75379  eV     1   --> A              
     e( 66 - 66) =     17.85116  eV     1   --> A              
     e( 67 - 67) =     18.21358  eV     1   --> A              
     e( 68 - 68) =     19.42766  eV     1   --> A              
     e( 69 - 69) =     20.00594  eV     1   --> A              
     e( 70 - 70) =     20.26659  eV     1   --> A              
     e( 71 - 71) =     21.30954  eV     1   --> A              
     e( 72 - 72) =     21.59785  eV     1   --> A              
     e( 73 - 73) =     22.77205  eV     1   --> A              
     e( 74 - 74) =     22.96646  eV     1   --> A              
     e( 75 - 75) =     23.32318  eV     1   --> A              
     e( 76 - 76) =     23.54760  eV     1   --> A              
     e( 77 - 77) =     23.82914  eV     1   --> A              
     e( 78 - 78) =     24.62920  eV     1   --> A              
     e( 79 - 79) =     24.79311  eV     1   --> A              
     e( 80 - 80) =     25.61194  eV     1   --> A              

 **************************************************************************

 **************************************************************************

                    xk=(   0.00085,   0.00000,   0.34873  )

     Band symmetry, C_1 (1)     point group:

     e(  1 -  1) =    -84.86872  eV     1   --> A              
     e(  2 -  2) =    -68.41490  eV     1   --> A              
     e(  3 -  3) =    -63.95038  eV     1   --> A              
     e(  4 -  4) =    -63.94666  eV     1   --> A              
     e(  5 -  5) =    -48.87382  eV     1   --> A              
     e(  6 -  6) =    -48.28985  eV     1   --> A              
     e(  7 -  7) =    -47.93457  eV     1   --> A              
     e(  8 -  8) =    -37.47593  eV     1   --> A              
     e(  9 -  9) =    -37.46921  eV     1   --> A              
     e( 10 - 10) =    -37.45069  eV     1   --> A              
     e( 11 - 11) =    -28.42319  eV     1   --> A              
     e( 12 - 12) =    -28.39478  eV     1   --> A              
     e( 13 - 13) =    -28.31628  eV     1   --> A              
     e( 14 - 14) =    -28.29159  eV     1   --> A              
     e( 15 - 15) =    -28.23202  eV     1   --> A              
     e( 16 - 16) =    -28.19224  eV     1   --> A              
     e( 17 - 17) =     -7.89600  eV     1   --> A              
     e( 18 - 18) =     -7.27660  eV     1   --> A              
     e( 19 - 19) =     -7.12172  eV     1   --> A              
     e( 20 - 20) =     -7.01514  eV     1   --> A              
     e( 21 - 21) =     -6.48085  eV     1   --> A              
     e( 22 - 22) =     -6.44198  eV     1   --> A              
     e( 23 - 23) =     -6.20158  eV     1   --> A              
     e( 24 - 24) =     -6.10829  eV     1   --> A              
     e( 25 - 25) =      3.20252  eV     1   --> A              
     e( 26 - 26) =      3.39452  eV     1   --> A              
     e( 27 - 27) =      3.45624  eV     1   --> A              
     e( 28 - 28) =      3.75366  eV     1   --> A              
     e( 29 - 29) =      3.88315  eV     1   --> A              
     e( 30 - 30) =      4.53536  eV     1   --> A              
     e( 31 - 31) =      4.67905  eV     1   --> A              
     e( 32 - 32) =      4.77433  eV     1   --> A              
     e( 33 - 33) =      5.02797  eV     1   --> A              
     e( 34 - 34) =      5.21281  eV     1   --> A              
     e( 35 - 35) =      5.60522  eV     1   --> A              
     e( 36 - 36) =      6.00079  eV     1   --> A              
     e( 37 - 37) =      6.11467  eV     1   --> A              
     e( 38 - 38) =      6.16538  eV     1   --> A              
     e( 39 - 39) =      6.62176  eV     1   --> A              
     e( 40 - 40) =      6.77398  eV     1   --> A              
     e( 41 - 41) =      6.94323  eV     1   --> A              
     e( 42 - 42) =      7.08691  eV     1   --> A              
     e( 43 - 43) =      7.41930  eV     1   --> A              
     e( 44 - 44) =      7.64328  eV     1   --> A              
     e( 45 - 45) =      7.83780  eV     1   --> A              
     e( 46 - 46) =      7.98196  eV     1   --> A              
     e( 47 - 47) =      8.32183  eV     1   --> A              
     e( 48 - 48) =      8.53192  eV     1   --> A              
     e( 49 - 49) =      8.59317  eV     1   --> A              
     e( 50 - 50) =      8.80801  eV     1   --> A              
     e( 51 - 51) =      8.97526  eV     1   --> A              
     e( 52 - 52) =      9.02221  eV     1   --> A              
     e( 53 - 53) =      9.29550  eV     1   --> A              
     e( 54 - 54) =      9.47147  eV     1   --> A              
     e( 55 - 55) =      9.73665  eV     1   --> A              
     e( 56 - 56) =      9.79787  eV     1   --> A              
     e( 57 - 57) =     10.92740  eV     1   --> A              
     e( 58 - 58) =     11.09417  eV     1   --> A              
     e( 59 - 59) =     13.83430  eV     1   --> A              
     e( 60 - 60) =     13.99114  eV     1   --> A              
     e( 61 - 61) =     14.04913  eV     1   --> A              
     e( 62 - 62) =     14.12214  eV     1   --> A              
     e( 63 - 63) =     14.57386  eV     1   --> A              
     e( 64 - 64) =     14.70117  eV     1   --> A              
     e( 65 - 65) =     17.78247  eV     1   --> A              
     e( 66 - 66) =     17.88966  eV     1   --> A              
     e( 67 - 67) =     18.27053  eV     1   --> A              
     e( 68 - 68) =     19.40397  eV     1   --> A              
     e( 69 - 69) =     20.00071  eV     1   --> A              
     e( 70 - 70) =     20.17292  eV     1   --> A              
     e( 71 - 71) =     21.31159  eV     1   --> A              
     e( 72 - 72) =     21.58076  eV     1   --> A              
     e( 73 - 73) =     22.88984  eV     1   --> A              
     e( 74 - 74) =     23.01860  eV     1   --> A              
     e( 75 - 75) =     23.33607  eV     1   --> A              
     e( 76 - 76) =     23.47854  eV     1   --> A              
     e( 77 - 77) =     23.75480  eV     1   --> A              
     e( 78 - 78) =     24.59369  eV     1   --> A              
     e( 79 - 79) =     24.87303  eV     1   --> A              
     e( 80 - 80) =     25.63888  eV     1   --> A              

 **************************************************************************

 **************************************************************************

                    xk=(   0.00091,   0.00000,   0.37198  )

     Band symmetry, C_1 (1)     point group:

     e(  1 -  1) =    -84.86873  eV     1   --> A              
     e(  2 -  2) =    -68.41491  eV     1   --> A              
     e(  3 -  3) =    -63.95002  eV     1   --> A              
     e(  4 -  4) =    -63.94701  eV     1   --> A              
     e(  5 -  5) =    -48.87382  eV     1   --> A              
     e(  6 -  6) =    -48.28985  eV     1   --> A              
     e(  7 -  7) =    -47.93457  eV     1   --> A              
     e(  8 -  8) =    -37.47593  eV     1   --> A              
     e(  9 -  9) =    -37.46921  eV     1   --> A              
     e( 10 - 10) =    -37.45069  eV     1   --> A              
     e( 11 - 11) =    -28.42252  eV     1   --> A              
     e( 12 - 12) =    -28.39641  eV     1   --> A              
     e( 13 - 13) =    -28.31453  eV     1   --> A              
     e( 14 - 14) =    -28.29367  eV     1   --> A              
     e( 15 - 15) =    -28.23115  eV     1   --> A              
     e( 16 - 16) =    -28.19197  eV     1   --> A              
     e( 17 - 17) =     -7.83707  eV     1   --> A              
     e( 18 - 18) =     -7.33531  eV     1   --> A              
     e( 19 - 19) =     -7.12624  eV     1   --> A              
     e( 20 - 20) =     -7.02165  eV     1   --> A              
     e( 21 - 21) =     -6.47747  eV     1   --> A              
     e( 22 - 22) =     -6.43867  eV     1   --> A              
     e( 23 - 23) =     -6.19676  eV     1   --> A              
     e( 24 - 24) =     -6.11225  eV     1   --> A              
     e( 25 - 25) =      3.20775  eV     1   --> A              
     e( 26 - 26) =      3.38680  eV     1   --> A              
     e( 27 - 27) =      3.46469  eV     1   --> A              
     e( 28 - 28) =      3.73750  eV     1   --> A              
     e( 29 - 29) =      3.87129  eV     1   --> A              
     e( 30 - 30) =      4.56815  eV     1   --> A              
     e( 31 - 31) =      4.66808  eV     1   --> A              
     e( 32 - 32) =      4.83620  eV     1   --> A              
     e( 33 - 33) =      5.04397  eV     1   --> A              
     e( 34 - 34) =      5.22119  eV     1   --> A              
     e( 35 - 35) =      5.56058  eV     1   --> A              
     e( 36 - 36) =      6.01978  eV     1   --> A              
     e( 37 - 37) =      6.10244  eV     1   --> A              
     e( 38 - 38) =      6.13090  eV     1   --> A              
     e( 39 - 39) =      6.61675  eV     1   --> A              
     e( 40 - 40) =      6.70711  eV     1   --> A              
     e( 41 - 41) =      6.94667  eV     1   --> A              
     e( 42 - 42) =      7.11905  eV     1   --> A              
     e( 43 - 43) =      7.41449  eV     1   --> A              
     e( 44 - 44) =      7.65269  eV     1   --> A              
     e( 45 - 45) =      7.82649  eV     1   --> A              
     e( 46 - 46) =      7.96316  eV     1   --> A              
     e( 47 - 47) =      8.31561  eV     1   --> A              
     e( 48 - 48) =      8.52052  eV     1   --> A              
     e( 49 - 49) =      8.63539  eV     1   --> A              
     e( 50 - 50) =      8.82838  eV     1   --> A              
     e( 51 - 51) =      8.95329  eV     1   --> A              
     e( 52 - 52) =      9.02911  eV     1   --> A              
     e( 53 - 53) =      9.29379  eV     1   --> A              
     e( 54 - 54) =      9.48169  eV     1   --> A              
     e( 55 - 55) =      9.73892  eV     1   --> A              
     e( 56 - 56) =      9.79660  eV     1   --> A              
     e( 57 - 57) =     10.94831  eV     1   --> A              
     e( 58 - 58) =     11.10324  eV     1   --> A              
     e( 59 - 59) =     13.85662  eV     1   --> A              
     e( 60 - 60) =     13.99776  eV     1   --> A              
     e( 61 - 61) =     14.05844  eV     1   --> A              
     e( 62 - 62) =     14.11462  eV     1   --> A              
     e( 63 - 63) =     14.51867  eV     1   --> A              
     e( 64 - 64) =     14.66686  eV     1   --> A              
     e( 65 - 65) =     17.79405  eV     1   --> A              
     e( 66 - 66) =     17.90798  eV     1   --> A              
     e( 67 - 67) =     18.37099  eV     1   --> A              
     e( 68 - 68) =     19.35694  eV     1   --> A              
     e( 69 - 69) =     19.97715  eV     1   --> A              
     e( 70 - 70) =     20.11296  eV     1   --> A              
     e( 71 - 71) =     21.32271  eV     1   --> A              
     e( 72 - 72) =     21.55932  eV     1   --> A              
     e( 73 - 73) =     22.96912  eV     1   --> A              
     e( 74 - 74) =     23.10323  eV     1   --> A              
     e( 75 - 75) =     23.36194  eV     1   --> A              
     e( 76 - 76) =     23.41474  eV     1   --> A              
     e( 77 - 77) =     23.68988  eV     1   --> A              
     e( 78 - 78) =     24.47413  eV     1   --> A              
     e( 79 - 79) =     25.02273  eV     1   --> A              
     e( 80 - 80) =     25.66033  eV     1   --> A              

 **************************************************************************

 **************************************************************************

                    xk=(   0.00097,   0.00000,   0.39523  )

     Band symmetry, C_1 (1)     point group:

     e(  1 -  1) =    -84.86873  eV     1   --> A              
     e(  2 -  2) =    -68.41491  eV     1   --> A              
     e(  3 -  3) =    -63.94966  eV     1   --> A              
     e(  4 -  4) =    -63.94737  eV     1   --> A              
     e(  5 -  5) =    -48.87382  eV     1   --> A              
     e(  6 -  6) =    -48.28985  eV     1   --> A              
     e(  7 -  7) =    -47.93457  eV     1   --> A              
     e(  8 -  8) =    -37.47592  eV     1   --> A              
     e(  9 -  9) =    -37.46921  eV     1   --> A              
     e( 10 - 10) =    -37.45069  eV     1   --> A              
     e( 11 - 11) =    -28.42190  eV     1   --> A              
     e( 12 - 12) =    -28.39779  eV     1   --> A              
     e( 13 - 13) =    -28.31285  eV     1   --> A              
     e( 14 - 14) =    -28.29561  eV     1   --> A              
     e( 15 - 15) =    -28.23047  eV     1   --> A              
     e( 16 - 16) =    -28.19175  eV     1   --> A              
     e( 17 - 17) =     -7.77629  eV     1   --> A              
     e( 18 - 18) =     -7.39633  eV     1   --> A              
     e( 19 - 19) =     -7.12982  eV     1   --> A              
     e( 20 - 20) =     -7.02660  eV     1   --> A              
     e( 21 - 21) =     -6.47306  eV     1   --> A              
     e( 22 - 22) =     -6.43791  eV     1   --> A              
     e( 23 - 23) =     -6.19317  eV     1   --> A              
     e( 24 - 24) =     -6.11485  eV     1   --> A              
     e( 25 - 25) =      3.21270  eV     1   --> A              
     e( 26 - 26) =      3.37917  eV     1   --> A              
     e( 27 - 27) =      3.47314  eV     1   --> A              
     e( 28 - 28) =      3.71924  eV     1   --> A              
     e( 29 - 29) =      3.86543  eV     1   --> A              
     e( 30 - 30) =      4.59028  eV     1   --> A              
     e( 31 - 31) =      4.65993  eV     1   --> A              
     e( 32 - 32) =      4.89588  eV     1   --> A              
     e( 33 - 33) =      5.07033  eV     1   --> A              
     e( 34 - 34) =      5.22763  eV     1   --> A              
     e( 35 - 35) =      5.50653  eV     1   --> A              
     e( 36 - 36) =      6.02002  eV     1   --> A              
     e( 37 - 37) =      6.09068  eV     1   --> A              
     e( 38 - 38) =      6.13115  eV     1   --> A              
     e( 39 - 39) =      6.58446  eV     1   --> A              
     e( 40 - 40) =      6.66559  eV     1   --> A              
     e( 41 - 41) =      6.95221  eV     1   --> A              
     e( 42 - 42) =      7.14797  eV     1   --> A              
     e( 43 - 43) =      7.40795  eV     1   --> A              
     e( 44 - 44) =      7.66698  eV     1   --> A              
     e( 45 - 45) =      7.82100  eV     1   --> A              
     e( 46 - 46) =      7.94064  eV     1   --> A              
     e( 47 - 47) =      8.30229  eV     1   --> A              
     e( 48 - 48) =      8.50901  eV     1   --> A              
     e( 49 - 49) =      8.68274  eV     1   --> A              
     e( 50 - 50) =      8.84671  eV     1   --> A              
     e( 51 - 51) =      8.93044  eV     1   --> A              
     e( 52 - 52) =      9.03127  eV     1   --> A              
     e( 53 - 53) =      9.29711  eV     1   --> A              
     e( 54 - 54) =      9.49141  eV     1   --> A              
     e( 55 - 55) =      9.73099  eV     1   --> A              
     e( 56 - 56) =      9.80194  eV     1   --> A              
     e( 57 - 57) =     10.96382  eV     1   --> A              
     e( 58 - 58) =     11.11121  eV     1   --> A              
     e( 59 - 59) =     13.88078  eV     1   --> A              
     e( 60 - 60) =     13.99917  eV     1   --> A              
     e( 61 - 61) =     14.06287  eV     1   --> A              
     e( 62 - 62) =     14.11425  eV     1   --> A              
     e( 63 - 63) =     14.47370  eV     1   --> A              
     e( 64 - 64) =     14.63499  eV     1   --> A              
     e( 65 - 65) =     17.80158  eV     1   --> A              
     e( 66 - 66) =     17.90919  eV     1   --> A              
     e( 67 - 67) =     18.49761  eV     1   --> A              
     e( 68 - 68) =     19.28193  eV     1   --> A              
     e( 69 - 69) =     19.94652  eV     1   --> A              
     e( 70 - 70) =     20.08185  eV     1   --> A              
     e( 71 - 71) =     21.34231  eV     1   --> A              
     e( 72 - 72) =     21.53350  eV     1   --> A              
     e( 73 - 73) =     23.02013  eV     1   --> A              
     e( 74 - 74) =     23.18882  eV     1   --> A              
     e( 75 - 75) =     23.34533  eV     1   --> A              
     e( 76 - 76) =     23.42700  eV     1   --> A              
     e( 77 - 77) =     23.64081  eV     1   --> A              
     e( 78 - 78) =     24.33496  eV     1   --> A              
     e( 79 - 79) =     25.17833  eV     1   --> A              
     e( 80 - 80) =     25.67318  eV     1   --> A              

 **************************************************************************

 **************************************************************************

                    xk=(   0.00102,   0.00000,   0.41848  )

     Band symmetry, C_1 (1)     point group:

     e(  1 -  1) =    -84.86873  eV     1   --> A              
     e(  2 -  2) =    -68.41491  eV     1   --> A              
     e(  3 -  3) =    -63.94929  eV     1   --> A              
     e(  4 -  4) =    -63.94773  eV     1   --> A              
     e(  5 -  5) =    -48.87382  eV     1   --> A              
     e(  6 -  6) =    -48.28985  eV     1   --> A              
     e(  7 -  7) =    -47.93457  eV     1   --> A              
     e(  8 -  8) =    -37.47592  eV     1   --> A              
     e(  9 -  9) =    -37.46921  eV     1   --> A              
     e( 10 - 10) =    -37.45069  eV     1   --> A              
     e( 11 - 11) =    -28.42139  eV     1   --> A              
     e( 12 - 12) =    -28.39885  eV     1   --> A              
     e( 13 - 13) =    -28.31135  eV     1   --> A              
     e( 14 - 14) =    -28.29729  eV     1   --> A              
     e( 15 - 15) =    -28.22997  eV     1   --> A              
     e( 16 - 16) =    -28.19159  eV     1   --> A              
     e( 17 - 17) =     -7.71407  eV     1   --> A              
     e( 18 - 18) =     -7.45893  eV     1   --> A              
     e( 19 - 19) =     -7.13244  eV     1   --> A              
     e( 20 - 20) =     -7.03009  eV     1   --> A              
     e( 21 - 21) =     -6.46820  eV     1   --> A              
     e( 22 - 22) =     -6.43911  eV     1   --> A              
     e( 23 - 23) =     -6.19072  eV     1   --> A              
     e( 24 - 24) =     -6.11636  eV     1   --> A              
     e( 25 - 25) =      3.21685  eV     1   --> A              
     e( 26 - 26) =      3.37285  eV     1   --> A              
     e( 27 - 27) =      3.48072  eV     1   --> A              
     e( 28 - 28) =      3.70190  eV     1   --> A              
     e( 29 - 29) =      3.86368  eV     1   --> A              
     e( 30 - 30) =      4.60603  eV     1   --> A              
     e( 31 - 31) =      4.65306  eV     1   --> A              
     e( 32 - 32) =      4.93898  eV     1   --> A              
     e( 33 - 33) =      5.11210  eV     1   --> A              
     e( 34 - 34) =      5.23379  eV     1   --> A              
     e( 35 - 35) =      5.44556  eV     1   --> A              
     e( 36 - 36) =      6.01471  eV     1   --> A              
     e( 37 - 37) =      6.06550  eV     1   --> A              
     e( 38 - 38) =      6.16626  eV     1   --> A              
     e( 39 - 39) =      6.52604  eV     1   --> A              
     e( 40 - 40) =      6.65470  eV     1   --> A              
     e( 41 - 41) =      6.95826  eV     1   --> A              
     e( 42 - 42) =      7.17027  eV     1   --> A              
     e( 43 - 43) =      7.40112  eV     1   --> A              
     e( 44 - 44) =      7.68247  eV     1   --> A              
     e( 45 - 45) =      7.82386  eV     1   --> A              
     e( 46 - 46) =      7.91490  eV     1   --> A              
     e( 47 - 47) =      8.28723  eV     1   --> A              
     e( 48 - 48) =      8.50201  eV     1   --> A              
     e( 49 - 49) =      8.72691  eV     1   --> A              
     e( 50 - 50) =      8.85644  eV     1   --> A              
     e( 51 - 51) =      8.91154  eV     1   --> A              
     e( 52 - 52) =      9.03003  eV     1   --> A              
     e( 53 - 53) =      9.30271  eV     1   --> A              
     e( 54 - 54) =      9.49992  eV     1   --> A              
     e( 55 - 55) =      9.71980  eV     1   --> A              
     e( 56 - 56) =      9.80855  eV     1   --> A              
     e( 57 - 57) =     10.97439  eV     1   --> A              
     e( 58 - 58) =     11.11751  eV     1   --> A              
     e( 59 - 59) =     13.90311  eV     1   --> A              
     e( 60 - 60) =     14.00311  eV     1   --> A              
     e( 61 - 61) =     14.05727  eV     1   --> A              
     e( 62 - 62) =     14.11746  eV     1   --> A              
     e( 63 - 63) =     14.44237  eV     1   --> A              
     e( 64 - 64) =     14.60790  eV     1   --> A              
     e( 65 - 65) =     17.80754  eV     1   --> A              
     e( 66 - 66) =     17.90381  eV     1   --> A              
     e( 67 - 67) =     18.63568  eV     1   --> A              
     e( 68 - 68) =     19.18085  eV     1   --> A              
     e( 69 - 69) =     19.92461  eV     1   --> A              
     e( 70 - 70) =     20.06430  eV     1   --> A              
     e( 71 - 71) =     21.36884  eV     1   --> A              
     e( 72 - 72) =     21.50378  eV     1   --> A              
     e( 73 - 73) =     23.06410  eV     1   --> A              
     e( 74 - 74) =     23.23540  eV     1   --> A              
     e( 75 - 75) =     23.29431  eV     1   --> A              
     e( 76 - 76) =     23.49732  eV     1   --> A              
     e( 77 - 77) =     23.63631  eV     1   --> A              
     e( 78 - 78) =     24.18602  eV     1   --> A              
     e( 79 - 79) =     25.32849  eV     1   --> A              
     e( 80 - 80) =     25.67070  eV     1   --> A              

 **************************************************************************

 **************************************************************************

                    xk=(   0.00108,   0.00000,   0.44173  )

     Band symmetry, C_1 (1)     point group:

     e(  1 -  1) =    -84.86873  eV     1   --> A              
     e(  2 -  2) =    -68.41491  eV     1   --> A              
     e(  3 -  3) =    -63.94893  eV     1   --> A              
     e(  4 -  4) =    -63.94809  eV     1   --> A              
     e(  5 -  5) =    -48.87382  eV     1   --> A              
     e(  6 -  6) =    -48.28985  eV     1   --> A              
     e(  7 -  7) =    -47.93457  eV     1   --> A              
     e(  8 -  8) =    -37.47592  eV     1   --> A              
     e(  9 -  9) =    -37.46921  eV     1   --> A              
     e( 10 - 10) =    -37.45069  eV     1   --> A              
     e( 11 - 11) =    -28.42105  eV     1   --> A              
     e( 12 - 12) =    -28.39953  eV     1   --> A              
     e( 13 - 13) =    -28.31023  eV     1   --> A              
     e( 14 - 14) =    -28.29851  eV     1   --> A              
     e( 15 - 15) =    -28.22967  eV     1   --> A              
     e( 16 - 16) =    -28.19150  eV     1   --> A              
     e( 17 - 17) =     -7.65089  eV     1   --> A              
     e( 18 - 18) =     -7.52241  eV     1   --> A              
     e( 19 - 19) =     -7.13404  eV     1   --> A              
     e( 20 - 20) =     -7.03216  eV     1   --> A              
     e( 21 - 21) =     -6.46393  eV     1   --> A              
     e( 22 - 22) =     -6.44121  eV     1   --> A              
     e( 23 - 23) =     -6.18931  eV     1   --> A              
     e( 24 - 24) =     -6.11711  eV     1   --> A              
     e( 25 - 25) =      3.21965  eV     1   --> A              
     e( 26 - 26) =      3.36867  eV     1   --> A              
     e( 27 - 27) =      3.48624  eV     1   --> A              
     e( 28 - 28) =      3.68933  eV     1   --> A              
     e( 29 - 29) =      3.86369  eV     1   --> A              
     e( 30 - 30) =      4.61715  eV     1   --> A              
     e( 31 - 31) =      4.64697  eV     1   --> A              
     e( 32 - 32) =      4.96140  eV     1   --> A              
     e( 33 - 33) =      5.15832  eV     1   --> A              
     e( 34 - 34) =      5.24610  eV     1   --> A              
     e( 35 - 35) =      5.38347  eV     1   --> A              
     e( 36 - 36) =      6.01354  eV     1   --> A              
     e( 37 - 37) =      6.04563  eV     1   --> A              
     e( 38 - 38) =      6.20189  eV     1   --> A              
     e( 39 - 39) =      6.47376  eV     1   --> A              
     e( 40 - 40) =      6.65204  eV     1   --> A              
     e( 41 - 41) =      6.96295  eV     1   --> A              
     e( 42 - 42) =      7.18421  eV     1   --> A              
     e( 43 - 43) =      7.39591  eV     1   --> A              
     e( 44 - 44) =      7.69393  eV     1   --> A              
     e( 45 - 45) =      7.83698  eV     1   --> A              
     e( 46 - 46) =      7.88721  eV     1   --> A              
     e( 47 - 47) =      8.27575  eV     1   --> A              
     e( 48 - 48) =      8.49854  eV     1   --> A              
     e( 49 - 49) =      8.76464  eV     1   --> A              
     e( 50 - 50) =      8.84743  eV     1   --> A              
     e( 51 - 51) =      8.90585  eV     1   --> A              
     e( 52 - 52) =      9.02757  eV     1   --> A              
     e( 53 - 53) =      9.30758  eV     1   --> A              
     e( 54 - 54) =      9.50600  eV     1   --> A              
     e( 55 - 55) =      9.71079  eV     1   --> A              
     e( 56 - 56) =      9.81325  eV     1   --> A              
     e( 57 - 57) =     10.98050  eV     1   --> A              
     e( 58 - 58) =     11.12156  eV     1   --> A              
     e( 59 - 59) =     13.91864  eV     1   --> A              
     e( 60 - 60) =     14.01336  eV     1   --> A              
     e( 61 - 61) =     14.04513  eV     1   --> A              
     e( 62 - 62) =     14.11850  eV     1   --> A              
     e( 63 - 63) =     14.42547  eV     1   --> A              
     e( 64 - 64) =     14.58905  eV     1   --> A              
     e( 65 - 65) =     17.81180  eV     1   --> A              
     e( 66 - 66) =     17.89822  eV     1   --> A              
     e( 67 - 67) =     18.77582  eV     1   --> A              
     e( 68 - 68) =     19.06154  eV     1   --> A              
     e( 69 - 69) =     19.91402  eV     1   --> A              
     e( 70 - 70) =     20.05387  eV     1   --> A              
     e( 71 - 71) =     21.39987  eV     1   --> A              
     e( 72 - 72) =     21.47143  eV     1   --> A              
     e( 73 - 73) =     23.10569  eV     1   --> A              
     e( 74 - 74) =     23.22229  eV     1   --> A              
     e( 75 - 75) =     23.28105  eV     1   --> A              
     e( 76 - 76) =     23.51180  eV     1   --> A              
     e( 77 - 77) =     23.73296  eV     1   --> A              
     e( 78 - 78) =     24.03223  eV     1   --> A              
     e( 79 - 79) =     25.46371  eV     1   --> A              
     e( 80 - 80) =     25.64125  eV     1   --> A              

 **************************************************************************

 **************************************************************************

                    xk=(   0.00114,   0.00000,   0.46498  )

     zone border point and non-symmorphic group 
     symmetry decomposition not available

 **************************************************************************

 **************************************************************************

                    xk=(   0.02614,   0.02045,   0.46528  )

     point group C_1 (1)    
     there are  1 classes
     the character table:

       E    
A      1.00

     the symmetry operations in each class and the name of the first element:

     E        1
                                                                 

     Band symmetry, C_1 (1)     point group:

     e(  1 -  1) =    -84.86873  eV     1   --> A              
     e(  2 -  2) =    -68.41491  eV     1   --> A              
     e(  3 -  3) =    -63.94869  eV     1   --> A              
     e(  4 -  4) =    -63.94833  eV     1   --> A              
     e(  5 -  5) =    -48.87382  eV     1   --> A              
     e(  6 -  6) =    -48.28985  eV     1   --> A              
     e(  7 -  7) =    -47.93457  eV     1   --> A              
     e(  8 -  8) =    -37.47592  eV     1   --> A              
     e(  9 -  9) =    -37.46921  eV     1   --> A              
     e( 10 - 10) =    -37.45069  eV     1   --> A              
     e( 11 - 11) =    -28.42096  eV     1   --> A              
     e( 12 - 12) =    -28.39978  eV     1   --> A              
     e( 13 - 13) =    -28.30981  eV     1   --> A              
     e( 14 - 14) =    -28.29898  eV     1   --> A              
     e( 15 - 15) =    -28.22955  eV     1   --> A              
     e( 16 - 16) =    -28.19145  eV     1   --> A              
     e( 17 - 17) =     -7.59136  eV     1   --> A              
     e( 18 - 18) =     -7.57863  eV     1   --> A              
     e( 19 - 19) =     -7.13361  eV     1   --> A              
     e( 20 - 20) =     -7.03221  eV     1   --> A              
     e( 21 - 21) =     -6.46586  eV     1   --> A              
     e( 22 - 22) =     -6.44284  eV     1   --> A              
     e( 23 - 23) =     -6.19002  eV     1   --> A              
     e( 24 - 24) =     -6.11840  eV     1   --> A              
     e( 25 - 25) =      3.22313  eV     1   --> A              
     e( 26 - 26) =      3.36836  eV     1   --> A              
     e( 27 - 27) =      3.49136  eV     1   --> A              
     e( 28 - 28) =      3.68949  eV     1   --> A              
     e( 29 - 29) =      3.86691  eV     1   --> A              
     e( 30 - 30) =      4.62115  eV     1   --> A              
     e( 31 - 31) =      4.64105  eV     1   --> A              
     e( 32 - 32) =      4.95133  eV     1   --> A              
     e( 33 - 33) =      5.17910  eV     1   --> A              
     e( 34 - 34) =      5.26895  eV     1   --> A              
     e( 35 - 35) =      5.36328  eV     1   --> A              
     e( 36 - 36) =      5.98454  eV     1   --> A              
     e( 37 - 37) =      6.06391  eV     1   --> A              
     e( 38 - 38) =      6.21199  eV     1   --> A              
     e( 39 - 39) =      6.44568  eV     1   --> A              
     e( 40 - 40) =      6.64823  eV     1   --> A              
     e( 41 - 41) =      6.96522  eV     1   --> A              
     e( 42 - 42) =      7.18360  eV     1   --> A              
     e( 43 - 43) =      7.39697  eV     1   --> A              
     e( 44 - 44) =      7.69800  eV     1   --> A              
     e( 45 - 45) =      7.84737  eV     1   --> A              
     e( 46 - 46) =      7.87428  eV     1   --> A              
     e( 47 - 47) =      8.25999  eV     1   --> A              
     e( 48 - 48) =      8.49457  eV     1   --> A              
     e( 49 - 49) =      8.76407  eV     1   --> A              
     e( 50 - 50) =      8.81569  eV     1   --> A              
     e( 51 - 51) =      8.94424  eV     1   --> A              
     e( 52 - 52) =      9.04936  eV     1   --> A              
     e( 53 - 53) =      9.30946  eV     1   --> A              
     e( 54 - 54) =      9.50380  eV     1   --> A              
     e( 55 - 55) =      9.70810  eV     1   --> A              
     e( 56 - 56) =      9.81416  eV     1   --> A              
     e( 57 - 57) =     10.97910  eV     1   --> A              
     e( 58 - 58) =     11.12474  eV     1   --> A              
     e( 59 - 59) =     13.91791  eV     1   --> A              
     e( 60 - 60) =     14.00282  eV     1   --> A              
     e( 61 - 61) =     14.04708  eV     1   --> A              
     e( 62 - 62) =     14.13963  eV     1   --> A              
     e( 63 - 63) =     14.41993  eV     1   --> A              
     e( 64 - 64) =     14.58195  eV     1   --> A              
     e( 65 - 65) =     17.80595  eV     1   --> A              
     e( 66 - 66) =     17.89971  eV     1   --> A              
     e( 67 - 67) =     18.88837  eV     1   --> A              
     e( 68 - 68) =     18.96674  eV     1   --> A              
     e( 69 - 69) =     19.89958  eV     1   --> A              
     e( 70 - 70) =     20.06014  eV     1   --> A              
     e( 71 - 71) =     21.38109  eV     1   --> A              
     e( 72 - 72) =     21.47036  eV     1   --> A              
     e( 73 - 73) =     23.08606  eV     1   --> A              
     e( 74 - 74) =     23.20352  eV     1   --> A              
     e( 75 - 75) =     23.29090  eV     1   --> A              
     e( 76 - 76) =     23.52763  eV     1   --> A              
     e( 77 - 77) =     23.80839  eV     1   --> A              
     e( 78 - 78) =     23.97273  eV     1   --> A              
     e( 79 - 79) =     25.53338  eV     1   --> A              
     e( 80 - 80) =     25.61612  eV     1   --> A              

 **************************************************************************

 **************************************************************************

                    xk=(   0.05114,   0.04091,   0.46559  )

     Band symmetry, C_1 (1)     point group:

     e(  1 -  1) =    -84.86873  eV     1   --> A              
     e(  2 -  2) =    -68.41491  eV     1   --> A              
     e(  3 -  3) =    -63.94870  eV     1   --> A              
     e(  4 -  4) =    -63.94833  eV     1   --> A              
     e(  5 -  5) =    -48.87382  eV     1   --> A              
     e(  6 -  6) =    -48.28985  eV     1   --> A              
     e(  7 -  7) =    -47.93457  eV     1   --> A              
     e(  8 -  8) =    -37.47593  eV     1   --> A              
     e(  9 -  9) =    -37.46921  eV     1   --> A              
     e( 10 - 10) =    -37.45069  eV     1   --> A              
     e( 11 - 11) =    -28.42102  eV     1   --> A              
     e( 12 - 12) =    -28.39984  eV     1   --> A              
     e( 13 - 13) =    -28.30984  eV     1   --> A              
     e( 14 - 14) =    -28.29901  eV     1   --> A              
     e( 15 - 15) =    -28.22951  eV     1   --> A              
     e( 16 - 16) =    -28.19142  eV     1   --> A              
     e( 17 - 17) =     -7.58770  eV     1   --> A              
     e( 18 - 18) =     -7.57217  eV     1   --> A              
     e( 19 - 19) =     -7.13104  eV     1   --> A              
     e( 20 - 20) =     -7.02996  eV     1   --> A              
     e( 21 - 21) =     -6.47684  eV     1   --> A              
     e( 22 - 22) =     -6.44463  eV     1   --> A              
     e( 23 - 23) =     -6.19335  eV     1   --> A              
     e( 24 - 24) =     -6.12155  eV     1   --> A              
     e( 25 - 25) =      3.23019  eV     1   --> A              
     e( 26 - 26) =      3.37205  eV     1   --> A              
     e( 27 - 27) =      3.50000  eV     1   --> A              
     e( 28 - 28) =      3.70358  eV     1   --> A              
     e( 29 - 29) =      3.87623  eV     1   --> A              
     e( 30 - 30) =      4.61253  eV     1   --> A              
     e( 31 - 31) =      4.63910  eV     1   --> A              
     e( 32 - 32) =      4.91344  eV     1   --> A              
     e( 33 - 33) =      5.17708  eV     1   --> A              
     e( 34 - 34) =      5.28015  eV     1   --> A              
     e( 35 - 35) =      5.41178  eV     1   --> A              
     e( 36 - 36) =      5.94014  eV     1   --> A              
     e( 37 - 37) =      6.09742  eV     1   --> A              
     e( 38 - 38) =      6.19783  eV     1   --> A              
     e( 39 - 39) =      6.42009  eV     1   --> A              
     e( 40 - 40) =      6.64837  eV     1   --> A              
     e( 41 - 41) =      6.96436  eV     1   --> A              
     e( 42 - 42) =      7.16747  eV     1   --> A              
     e( 43 - 43) =      7.40553  eV     1   --> A              
     e( 44 - 44) =      7.69575  eV     1   --> A              
     e( 45 - 45) =      7.84021  eV     1   --> A              
     e( 46 - 46) =      7.88975  eV     1   --> A              
     e( 47 - 47) =      8.22952  eV     1   --> A              
     e( 48 - 48) =      8.48575  eV     1   --> A              
     e( 49 - 49) =      8.72181  eV     1   --> A              
     e( 50 - 50) =      8.80678  eV     1   --> A              
     e( 51 - 51) =      8.98138  eV     1   --> A              
     e( 52 - 52) =      9.11650  eV     1   --> A              
     e( 53 - 53) =      9.31130  eV     1   --> A              
     e( 54 - 54) =      9.49456  eV     1   --> A              
     e( 55 - 55) =      9.70573  eV     1   --> A              
     e( 56 - 56) =      9.81658  eV     1   --> A              
     e( 57 - 57) =     10.96915  eV     1   --> A              
     e( 58 - 58) =     11.12900  eV     1   --> A              
     e( 59 - 59) =     13.89526  eV     1   --> A              
     e( 60 - 60) =     13.98055  eV     1   --> A              
     e( 61 - 61) =     14.07021  eV     1   --> A              
     e( 62 - 62) =     14.18185  eV     1   --> A              
     e( 63 - 63) =     14.41851  eV     1   --> A              
     e( 64 - 64) =     14.58147  eV     1   --> A              
     e( 65 - 65) =     17.78913  eV     1   --> A              
     e( 66 - 66) =     17.90649  eV     1   --> A              
     e( 67 - 67) =     18.88876  eV     1   --> A              
     e( 68 - 68) =     18.99800  eV     1   --> A              
     e( 69 - 69) =     19.87363  eV     1   --> A              
     e( 70 - 70) =     20.08223  eV     1   --> A              
     e( 71 - 71) =     21.30990  eV     1   --> A              
     e( 72 - 72) =     21.48554  eV     1   --> A              
     e( 73 - 73) =     23.01009  eV     1   --> A              
     e( 74 - 74) =     23.14122  eV     1   --> A              
     e( 75 - 75) =     23.34198  eV     1   --> A              
     e( 76 - 76) =     23.57104  eV     1   --> A              
     e( 77 - 77) =     23.78721  eV     1   --> A              
     e( 78 - 78) =     24.07164  eV     1   --> A              
     e( 79 - 79) =     25.49896  eV     1   --> A              
     e( 80 - 80) =     25.66303  eV     1   --> A              

 **************************************************************************

 **************************************************************************

                    xk=(   0.07614,   0.06136,   0.46589  )

     Band symmetry, C_1 (1)     point group:

     e(  1 -  1) =    -84.86873  eV     1   --> A              
     e(  2 -  2) =    -68.41492  eV     1   --> A              
     e(  3 -  3) =    -63.94871  eV     1   --> A              
     e(  4 -  4) =    -63.94833  eV     1   --> A              
     e(  5 -  5) =    -48.87382  eV     1   --> A              
     e(  6 -  6) =    -48.28985  eV     1   --> A              
     e(  7 -  7) =    -47.93457  eV     1   --> A              
     e(  8 -  8) =    -37.47593  eV     1   --> A              
     e(  9 -  9) =    -37.46921  eV     1   --> A              
     e( 10 - 10) =    -37.45070  eV     1   --> A              
     e( 11 - 11) =    -28.42112  eV     1   --> A              
     e( 12 - 12) =    -28.39994  eV     1   --> A              
     e( 13 - 13) =    -28.30988  eV     1   --> A              
     e( 14 - 14) =    -28.29904  eV     1   --> A              
     e( 15 - 15) =    -28.22945  eV     1   --> A              
     e( 16 - 16) =    -28.19136  eV     1   --> A              
     e( 17 - 17) =     -7.58146  eV     1   --> A              
     e( 18 - 18) =     -7.56198  eV     1   --> A              
     e( 19 - 19) =     -7.12789  eV     1   --> A              
     e( 20 - 20) =     -7.02517  eV     1   --> A              
     e( 21 - 21) =     -6.49444  eV     1   --> A              
     e( 22 - 22) =     -6.44805  eV     1   --> A              
     e( 23 - 23) =     -6.19838  eV     1   --> A              
     e( 24 - 24) =     -6.12666  eV     1   --> A              
     e( 25 - 25) =      3.24065  eV     1   --> A              
     e( 26 - 26) =      3.37881  eV     1   --> A              
     e( 27 - 27) =      3.51278  eV     1   --> A              
     e( 28 - 28) =      3.72617  eV     1   --> A              
     e( 29 - 29) =      3.89226  eV     1   --> A              
     e( 30 - 30) =      4.58895  eV     1   --> A              
     e( 31 - 31) =      4.64596  eV     1   --> A              
     e( 32 - 32) =      4.87160  eV     1   --> A              
     e( 33 - 33) =      5.16773  eV     1   --> A              
     e( 34 - 34) =      5.29178  eV     1   --> A              
     e( 35 - 35) =      5.47993  eV     1   --> A              
     e( 36 - 36) =      5.88955  eV     1   --> A              
     e( 37 - 37) =      6.12760  eV     1   --> A              
     e( 38 - 38) =      6.18506  eV     1   --> A              
     e( 39 - 39) =      6.37111  eV     1   --> A              
     e( 40 - 40) =      6.66229  eV     1   --> A              
     e( 41 - 41) =      6.95660  eV     1   --> A              
     e( 42 - 42) =      7.14225  eV     1   --> A              
     e( 43 - 43) =      7.41848  eV     1   --> A              
     e( 44 - 44) =      7.68630  eV     1   --> A              
     e( 45 - 45) =      7.84146  eV     1   --> A              
     e( 46 - 46) =      7.90488  eV     1   --> A              
     e( 47 - 47) =      8.19035  eV     1   --> A              
     e( 48 - 48) =      8.47073  eV     1   --> A              
     e( 49 - 49) =      8.68811  eV     1   --> A              
     e( 50 - 50) =      8.80527  eV     1   --> A              
     e( 51 - 51) =      8.99764  eV     1   --> A              
     e( 52 - 52) =      9.19213  eV     1   --> A              
     e( 53 - 53) =      9.31982  eV     1   --> A              
     e( 54 - 54) =      9.49377  eV     1   --> A              
     e( 55 - 55) =      9.69317  eV     1   --> A              
     e( 56 - 56) =      9.83042  eV     1   --> A              
     e( 57 - 57) =     10.95320  eV     1   --> A              
     e( 58 - 58) =     11.13321  eV     1   --> A              
     e( 59 - 59) =     13.85684  eV     1   --> A              
     e( 60 - 60) =     13.97301  eV     1   --> A              
     e( 61 - 61) =     14.10272  eV     1   --> A              
     e( 62 - 62) =     14.22746  eV     1   --> A              
     e( 63 - 63) =     14.41690  eV     1   --> A              
     e( 64 - 64) =     14.58130  eV     1   --> A              
     e( 65 - 65) =     17.77044  eV     1   --> A              
     e( 66 - 66) =     17.91165  eV     1   --> A              
     e( 67 - 67) =     18.87131  eV     1   --> A              
     e( 68 - 68) =     19.06295  eV     1   --> A              
     e( 69 - 69) =     19.84582  eV     1   --> A              
     e( 70 - 70) =     20.10689  eV     1   --> A              
     e( 71 - 71) =     21.22358  eV     1   --> A              
     e( 72 - 72) =     21.48609  eV     1   --> A              
     e( 73 - 73) =     22.92334  eV     1   --> A              
     e( 74 - 74) =     23.03820  eV     1   --> A              
     e( 75 - 75) =     23.40187  eV     1   --> A              
     e( 76 - 76) =     23.62397  eV     1   --> A              
     e( 77 - 77) =     23.82106  eV     1   --> A              
     e( 78 - 78) =     24.15997  eV     1   --> A              
     e( 79 - 79) =     25.46244  eV     1   --> A              
     e( 80 - 80) =     25.70178  eV     1   --> A              

 **************************************************************************

 **************************************************************************

                    xk=(   0.10114,   0.08182,   0.46620  )

     Band symmetry, C_1 (1)     point group:

     e(  1 -  1) =    -84.86874  eV     1   --> A              
     e(  2 -  2) =    -68.41492  eV     1   --> A              
     e(  3 -  3) =    -63.94874  eV     1   --> A              
     e(  4 -  4) =    -63.94834  eV     1   --> A              
     e(  5 -  5) =    -48.87382  eV     1   --> A              
     e(  6 -  6) =    -48.28985  eV     1   --> A              
     e(  7 -  7) =    -47.93457  eV     1   --> A              
     e(  8 -  8) =    -37.47593  eV     1   --> A              
     e(  9 -  9) =    -37.46921  eV     1   --> A              
     e( 10 - 10) =    -37.45070  eV     1   --> A              
     e( 11 - 11) =    -28.42125  eV     1   --> A              
     e( 12 - 12) =    -28.40007  eV     1   --> A              
     e( 13 - 13) =    -28.30993  eV     1   --> A              
     e( 14 - 14) =    -28.29910  eV     1   --> A              
     e( 15 - 15) =    -28.22936  eV     1   --> A              
     e( 16 - 16) =    -28.19129  eV     1   --> A              
     e( 17 - 17) =     -7.57289  eV     1   --> A              
     e( 18 - 18) =     -7.54848  eV     1   --> A              
     e( 19 - 19) =     -7.12562  eV     1   --> A              
     e( 20 - 20) =     -7.01659  eV     1   --> A              
     e( 21 - 21) =     -6.51809  eV     1   --> A              
     e( 22 - 22) =     -6.45310  eV     1   --> A              
     e( 23 - 23) =     -6.20455  eV     1   --> A              
     e( 24 - 24) =     -6.13345  eV     1   --> A              
     e( 25 - 25) =      3.25286  eV     1   --> A              
     e( 26 - 26) =      3.38917  eV     1   --> A              
     e( 27 - 27) =      3.52793  eV     1   --> A              
     e( 28 - 28) =      3.75583  eV     1   --> A              
     e( 29 - 29) =      3.91538  eV     1   --> A              
     e( 30 - 30) =      4.55432  eV     1   --> A              
     e( 31 - 31) =      4.66018  eV     1   --> A              
     e( 32 - 32) =      4.83427  eV     1   --> A              
     e( 33 - 33) =      5.14948  eV     1   --> A              
     e( 34 - 34) =      5.30333  eV     1   --> A              
     e( 35 - 35) =      5.55276  eV     1   --> A              
     e( 36 - 36) =      5.83632  eV     1   --> A              
     e( 37 - 37) =      6.14293  eV     1   --> A              
     e( 38 - 38) =      6.17936  eV     1   --> A              
     e( 39 - 39) =      6.32287  eV     1   --> A              
     e( 40 - 40) =      6.68499  eV     1   --> A              
     e( 41 - 41) =      6.93425  eV     1   --> A              
     e( 42 - 42) =      7.11546  eV     1   --> A              
     e( 43 - 43) =      7.43440  eV     1   --> A              
     e( 44 - 44) =      7.66822  eV     1   --> A              
     e( 45 - 45) =      7.85278  eV     1   --> A              
     e( 46 - 46) =      7.91340  eV     1   --> A              
     e( 47 - 47) =      8.15562  eV     1   --> A              
     e( 48 - 48) =      8.44968  eV     1   --> A              
     e( 49 - 49) =      8.66617  eV     1   --> A              
     e( 50 - 50) =      8.80861  eV     1   --> A              
     e( 51 - 51) =      8.99455  eV     1   --> A              
     e( 52 - 52) =      9.24023  eV     1   --> A              
     e( 53 - 53) =      9.33166  eV     1   --> A              
     e( 54 - 54) =      9.52327  eV     1   --> A              
     e( 55 - 55) =      9.67287  eV     1   --> A              
     e( 56 - 56) =      9.85677  eV     1   --> A              
     e( 57 - 57) =     10.93188  eV     1   --> A              
     e( 58 - 58) =     11.13464  eV     1   --> A              
     e( 59 - 59) =     13.81364  eV     1   --> A              
     e( 60 - 60) =     13.97382  eV     1   --> A              
     e( 61 - 61) =     14.14169  eV     1   --> A              
     e( 62 - 62) =     14.27199  eV     1   --> A              
     e( 63 - 63) =     14.41631  eV     1   --> A              
     e( 64 - 64) =     14.58230  eV     1   --> A              
     e( 65 - 65) =     17.75264  eV     1   --> A              
     e( 66 - 66) =     17.91604  eV     1   --> A              
     e( 67 - 67) =     18.83716  eV     1   --> A              
     e( 68 - 68) =     19.15458  eV     1   --> A              
     e( 69 - 69) =     19.82400  eV     1   --> A              
     e( 70 - 70) =     20.13006  eV     1   --> A              
     e( 71 - 71) =     21.12770  eV     1   --> A              
     e( 72 - 72) =     21.47526  eV     1   --> A              
     e( 73 - 73) =     22.82822  eV     1   --> A              
     e( 74 - 74) =     22.91969  eV     1   --> A              
     e( 75 - 75) =     23.44945  eV     1   --> A              
     e( 76 - 76) =     23.69017  eV     1   --> A              
     e( 77 - 77) =     23.89812  eV     1   --> A              
     e( 78 - 78) =     24.22487  eV     1   --> A              
     e( 79 - 79) =     25.41555  eV     1   --> A              
     e( 80 - 80) =     25.67403  eV     1   --> A              

 **************************************************************************

 **************************************************************************

                    xk=(   0.12614,   0.10227,   0.46650  )

     Band symmetry, C_1 (1)     point group:

     e(  1 -  1) =    -84.86874  eV     1   --> A              
     e(  2 -  2) =    -68.41492  eV     1   --> A              
     e(  3 -  3) =    -63.94876  eV     1   --> A              
     e(  4 -  4) =    -63.94835  eV     1   --> A              
     e(  5 -  5) =    -48.87382  eV     1   --> A              
     e(  6 -  6) =    -48.28985  eV     1   --> A              
     e(  7 -  7) =    -47.93457  eV     1   --> A              
     e(  8 -  8) =    -37.47594  eV     1   --> A              
     e(  9 -  9) =    -37.46920  eV     1   --> A              
     e( 10 - 10) =    -37.45071  eV     1   --> A              
     e( 11 - 11) =    -28.42141  eV     1   --> A              
     e( 12 - 12) =    -28.40023  eV     1   --> A              
     e( 13 - 13) =    -28.30999  eV     1   --> A              
     e( 14 - 14) =    -28.29916  eV     1   --> A              
     e( 15 - 15) =    -28.22926  eV     1   --> A              
     e( 16 - 16) =    -28.19119  eV     1   --> A              
     e( 17 - 17) =     -7.56246  eV     1   --> A              
     e( 18 - 18) =     -7.53205  eV     1   --> A              
     e( 19 - 19) =     -7.12554  eV     1   --> A              
     e( 20 - 20) =     -7.00325  eV     1   --> A              
     e( 21 - 21) =     -6.54694  eV     1   --> A              
     e( 22 - 22) =     -6.45960  eV     1   --> A              
     e( 23 - 23) =     -6.21142  eV     1   --> A              
     e( 24 - 24) =     -6.14145  eV     1   --> A              
     e( 25 - 25) =      3.26508  eV     1   --> A              
     e( 26 - 26) =      3.40335  eV     1   --> A              
     e( 27 - 27) =      3.54375  eV     1   --> A              
     e( 28 - 28) =      3.79052  eV     1   --> A              
     e( 29 - 29) =      3.94538  eV     1   --> A              
     e( 30 - 30) =      4.51321  eV     1   --> A              
     e( 31 - 31) =      4.68070  eV     1   --> A              
     e( 32 - 32) =      4.80388  eV     1   --> A              
     e( 33 - 33) =      5.12088  eV     1   --> A              
     e( 34 - 34) =      5.31423  eV     1   --> A              
     e( 35 - 35) =      5.61293  eV     1   --> A              
     e( 36 - 36) =      5.79208  eV     1   --> A              
     e( 37 - 37) =      6.11889  eV     1   --> A              
     e( 38 - 38) =      6.17923  eV     1   --> A              
     e( 39 - 39) =      6.32079  eV     1   --> A              
     e( 40 - 40) =      6.70736  eV     1   --> A              
     e( 41 - 41) =      6.89000  eV     1   --> A              
     e( 42 - 42) =      7.09897  eV     1   --> A              
     e( 43 - 43) =      7.45077  eV     1   --> A              
     e( 44 - 44) =      7.64747  eV     1   --> A              
     e( 45 - 45) =      7.86710  eV     1   --> A              
     e( 46 - 46) =      7.90848  eV     1   --> A              
     e( 47 - 47) =      8.13884  eV     1   --> A              
     e( 48 - 48) =      8.42396  eV     1   --> A              
     e( 49 - 49) =      8.65162  eV     1   --> A              
     e( 50 - 50) =      8.81575  eV     1   --> A              
     e( 51 - 51) =      8.97265  eV     1   --> A              
     e( 52 - 52) =      9.26055  eV     1   --> A              
     e( 53 - 53) =      9.33407  eV     1   --> A              
     e( 54 - 54) =      9.57621  eV     1   --> A              
     e( 55 - 55) =      9.66121  eV     1   --> A              
     e( 56 - 56) =      9.89152  eV     1   --> A              
     e( 57 - 57) =     10.90596  eV     1   --> A              
     e( 58 - 58) =     11.13136  eV     1   --> A              
     e( 59 - 59) =     13.77293  eV     1   --> A              
     e( 60 - 60) =     13.97770  eV     1   --> A              
     e( 61 - 61) =     14.18218  eV     1   --> A              
     e( 62 - 62) =     14.31493  eV     1   --> A              
     e( 63 - 63) =     14.41835  eV     1   --> A              
     e( 64 - 64) =     14.58549  eV     1   --> A              
     e( 65 - 65) =     17.73443  eV     1   --> A              
     e( 66 - 66) =     17.92403  eV     1   --> A              
     e( 67 - 67) =     18.78945  eV     1   --> A              
     e( 68 - 68) =     19.26499  eV     1   --> A              
     e( 69 - 69) =     19.81262  eV     1   --> A              
     e( 70 - 70) =     20.15060  eV     1   --> A              
     e( 71 - 71) =     21.02824  eV     1   --> A              
     e( 72 - 72) =     21.45609  eV     1   --> A              
     e( 73 - 73) =     22.72531  eV     1   --> A              
     e( 74 - 74) =     22.79973  eV     1   --> A              
     e( 75 - 75) =     23.47923  eV     1   --> A              
     e( 76 - 76) =     23.77241  eV     1   --> A              
     e( 77 - 77) =     24.00069  eV     1   --> A              
     e( 78 - 78) =     24.25647  eV     1   --> A              
     e( 79 - 79) =     25.34509  eV     1   --> A              
     e( 80 - 80) =     25.60912  eV     1   --> A              

 **************************************************************************

 **************************************************************************

                    xk=(   0.15114,   0.12273,   0.46680  )

     Band symmetry, C_1 (1)     point group:

     e(  1 -  1) =    -84.86874  eV     1   --> A              
     e(  2 -  2) =    -68.41492  eV     1   --> A              
     e(  3 -  3) =    -63.94880  eV     1   --> A              
     e(  4 -  4) =    -63.94836  eV     1   --> A              
     e(  5 -  5) =    -48.87382  eV     1   --> A              
     e(  6 -  6) =    -48.28985  eV     1   --> A              
     e(  7 -  7) =    -47.93457  eV     1   --> A              
     e(  8 -  8) =    -37.47594  eV     1   --> A              
     e(  9 -  9) =    -37.46920  eV     1   --> A              
     e( 10 - 10) =    -37.45071  eV     1   --> A              
     e( 11 - 11) =    -28.42160  eV     1   --> A              
     e( 12 - 12) =    -28.40041  eV     1   --> A              
     e( 13 - 13) =    -28.31006  eV     1   --> A              
     e( 14 - 14) =    -28.29922  eV     1   --> A              
     e( 15 - 15) =    -28.22913  eV     1   --> A              
     e( 16 - 16) =    -28.19108  eV     1   --> A              
     e( 17 - 17) =     -7.55080  eV     1   --> A              
     e( 18 - 18) =     -7.51310  eV     1   --> A              
     e( 19 - 19) =     -7.12818  eV     1   --> A              
     e( 20 - 20) =     -6.98529  eV     1   --> A              
     e( 21 - 21) =     -6.57958  eV     1   --> A              
     e( 22 - 22) =     -6.46734  eV     1   --> A              
     e( 23 - 23) =     -6.21873  eV     1   --> A              
     e( 24 - 24) =     -6.15008  eV     1   --> A              
     e( 25 - 25) =      3.27600  eV     1   --> A              
     e( 26 - 26) =      3.42081  eV     1   --> A              
     e( 27 - 27) =      3.55901  eV     1   --> A              
     e( 28 - 28) =      3.82762  eV     1   --> A              
     e( 29 - 29) =      3.98125  eV     1   --> A              
     e( 30 - 30) =      4.47032  eV     1   --> A              
     e( 31 - 31) =      4.70275  eV     1   --> A              
     e( 32 - 32) =      4.78313  eV     1   --> A              
     e( 33 - 33) =      5.08181  eV     1   --> A              
     e( 34 - 34) =      5.32301  eV     1   --> A              
     e( 35 - 35) =      5.62906  eV     1   --> A              
     e( 36 - 36) =      5.78527  eV     1   --> A              
     e( 37 - 37) =      6.06121  eV     1   --> A              
     e( 38 - 38) =      6.19383  eV     1   --> A              
     e( 39 - 39) =      6.36411  eV     1   --> A              
     e( 40 - 40) =      6.72164  eV     1   --> A              
     e( 41 - 41) =      6.82721  eV     1   --> A              
     e( 42 - 42) =      7.09868  eV     1   --> A              
     e( 43 - 43) =      7.46227  eV     1   --> A              
     e( 44 - 44) =      7.63422  eV     1   --> A              
     e( 45 - 45) =      7.85234  eV     1   --> A              
     e( 46 - 46) =      7.91283  eV     1   --> A              
     e( 47 - 47) =      8.14565  eV     1   --> A              
     e( 48 - 48) =      8.39463  eV     1   --> A              
     e( 49 - 49) =      8.63991  eV     1   --> A              
     e( 50 - 50) =      8.82385  eV     1   --> A              
     e( 51 - 51) =      8.93856  eV     1   --> A              
     e( 52 - 52) =      9.26043  eV     1   --> A              
     e( 53 - 53) =      9.33582  eV     1   --> A              
     e( 54 - 54) =      9.58739  eV     1   --> A              
     e( 55 - 55) =      9.70134  eV     1   --> A              
     e( 56 - 56) =      9.92971  eV     1   --> A              
     e( 57 - 57) =     10.87645  eV     1   --> A              
     e( 58 - 58) =     11.12269  eV     1   --> A              
     e( 59 - 59) =     13.73846  eV     1   --> A              
     e( 60 - 60) =     13.98174  eV     1   --> A              
     e( 61 - 61) =     14.21906  eV     1   --> A              
     e( 62 - 62) =     14.35596  eV     1   --> A              
     e( 63 - 63) =     14.42574  eV     1   --> A              
     e( 64 - 64) =     14.59172  eV     1   --> A              
     e( 65 - 65) =     17.71267  eV     1   --> A              
     e( 66 - 66) =     17.93977  eV     1   --> A              
     e( 67 - 67) =     18.73286  eV     1   --> A              
     e( 68 - 68) =     19.38768  eV     1   --> A              
     e( 69 - 69) =     19.81374  eV     1   --> A              
     e( 70 - 70) =     20.16862  eV     1   --> A              
     e( 71 - 71) =     20.93111  eV     1   --> A              
     e( 72 - 72) =     21.43087  eV     1   --> A              
     e( 73 - 73) =     22.61528  eV     1   --> A              
     e( 74 - 74) =     22.68736  eV     1   --> A              
     e( 75 - 75) =     23.49217  eV     1   --> A              
     e( 76 - 76) =     23.86574  eV     1   --> A              
     e( 77 - 77) =     24.11203  eV     1   --> A              
     e( 78 - 78) =     24.25219  eV     1   --> A              
     e( 79 - 79) =     25.24994  eV     1   --> A              
     e( 80 - 80) =     25.58257  eV     1   --> A              

 **************************************************************************

 **************************************************************************

                    xk=(   0.17614,   0.14318,   0.46711  )

     Band symmetry, C_1 (1)     point group:

     e(  1 -  1) =    -84.86875  eV     1   --> A              
     e(  2 -  2) =    -68.41493  eV     1   --> A              
     e(  3 -  3) =    -63.94883  eV     1   --> A              
     e(  4 -  4) =    -63.94838  eV     1   --> A              
     e(  5 -  5) =    -48.87383  eV     1   --> A              
     e(  6 -  6) =    -48.28984  eV     1   --> A              
     e(  7 -  7) =    -47.93457  eV     1   --> A              
     e(  8 -  8) =    -37.47595  eV     1   --> A              
     e(  9 -  9) =    -37.46920  eV     1   --> A              
     e( 10 - 10) =    -37.45072  eV     1   --> A              
     e( 11 - 11) =    -28.42180  eV     1   --> A              
     e( 12 - 12) =    -28.40061  eV     1   --> A              
     e( 13 - 13) =    -28.31014  eV     1   --> A              
     e( 14 - 14) =    -28.29929  eV     1   --> A              
     e( 15 - 15) =    -28.22899  eV     1   --> A              
     e( 16 - 16) =    -28.19096  eV     1   --> A              
     e( 17 - 17) =     -7.53852  eV     1   --> A              
     e( 18 - 18) =     -7.49221  eV     1   --> A              
     e( 19 - 19) =     -7.13319  eV     1   --> A              
     e( 20 - 20) =     -6.96424  eV     1   --> A              
     e( 21 - 21) =     -6.61391  eV     1   --> A              
     e( 22 - 22) =     -6.47602  eV     1   --> A              
     e( 23 - 23) =     -6.22639  eV     1   --> A              
     e( 24 - 24) =     -6.15868  eV     1   --> A              
     e( 25 - 25) =      3.28503  eV     1   --> A              
     e( 26 - 26) =      3.44029  eV     1   --> A              
     e( 27 - 27) =      3.57309  eV     1   --> A              
     e( 28 - 28) =      3.86390  eV     1   --> A              
     e( 29 - 29) =      4.02121  eV     1   --> A              
     e( 30 - 30) =      4.43018  eV     1   --> A              
     e( 31 - 31) =      4.70801  eV     1   --> A              
     e( 32 - 32) =      4.78374  eV     1   --> A              
     e( 33 - 33) =      5.03640  eV     1   --> A              
     e( 34 - 34) =      5.32753  eV     1   --> A              
     e( 35 - 35) =      5.59987  eV     1   --> A              
     e( 36 - 36) =      5.81250  eV     1   --> A              
     e( 37 - 37) =      6.01095  eV     1   --> A              
     e( 38 - 38) =      6.22106  eV     1   --> A              
     e( 39 - 39) =      6.42488  eV     1   --> A              
     e( 40 - 40) =      6.70899  eV     1   --> A              
     e( 41 - 41) =      6.77315  eV     1   --> A              
     e( 42 - 42) =      7.11303  eV     1   --> A              
     e( 43 - 43) =      7.46180  eV     1   --> A              
     e( 44 - 44) =      7.63797  eV     1   --> A              
     e( 45 - 45) =      7.80403  eV     1   --> A              
     e( 46 - 46) =      7.93607  eV     1   --> A              
     e( 47 - 47) =      8.16889  eV     1   --> A              
     e( 48 - 48) =      8.36173  eV     1   --> A              
     e( 49 - 49) =      8.62809  eV     1   --> A              
     e( 50 - 50) =      8.82665  eV     1   --> A              
     e( 51 - 51) =      8.90448  eV     1   --> A              
     e( 52 - 52) =      9.24383  eV     1   --> A              
     e( 53 - 53) =      9.34255  eV     1   --> A              
     e( 54 - 54) =      9.56930  eV     1   --> A              
     e( 55 - 55) =      9.76509  eV     1   --> A              
     e( 56 - 56) =      9.96457  eV     1   --> A              
     e( 57 - 57) =     10.84470  eV     1   --> A              
     e( 58 - 58) =     11.10903  eV     1   --> A              
     e( 59 - 59) =     13.71261  eV     1   --> A              
     e( 60 - 60) =     13.98390  eV     1   --> A              
     e( 61 - 61) =     14.25022  eV     1   --> A              
     e( 62 - 62) =     14.38704  eV     1   --> A              
     e( 63 - 63) =     14.44717  eV     1   --> A              
     e( 64 - 64) =     14.60123  eV     1   --> A              
     e( 65 - 65) =     17.68527  eV     1   --> A              
     e( 66 - 66) =     17.96290  eV     1   --> A              
     e( 67 - 67) =     18.67554  eV     1   --> A              
     e( 68 - 68) =     19.51626  eV     1   --> A              
     e( 69 - 69) =     19.82803  eV     1   --> A              
     e( 70 - 70) =     20.18476  eV     1   --> A              
     e( 71 - 71) =     20.84182  eV     1   --> A              
     e( 72 - 72) =     21.40128  eV     1   --> A              
     e( 73 - 73) =     22.50254  eV     1   --> A              
     e( 74 - 74) =     22.58457  eV     1   --> A              
     e( 75 - 75) =     23.48983  eV     1   --> A              
     e( 76 - 76) =     23.96271  eV     1   --> A              
     e( 77 - 77) =     24.16791  eV     1   --> A              
     e( 78 - 78) =     24.26801  eV     1   --> A              
     e( 79 - 79) =     25.15189  eV     1   --> A              
     e( 80 - 80) =     25.59790  eV     1   --> A              

 **************************************************************************

 **************************************************************************

                    xk=(   0.20114,   0.16364,   0.46741  )

     Band symmetry, C_1 (1)     point group:

     e(  1 -  1) =    -84.86875  eV     1   --> A              
     e(  2 -  2) =    -68.41493  eV     1   --> A              
     e(  3 -  3) =    -63.94888  eV     1   --> A              
     e(  4 -  4) =    -63.94841  eV     1   --> A              
     e(  5 -  5) =    -48.87383  eV     1   --> A              
     e(  6 -  6) =    -48.28984  eV     1   --> A              
     e(  7 -  7) =    -47.93457  eV     1   --> A              
     e(  8 -  8) =    -37.47595  eV     1   --> A              
     e(  9 -  9) =    -37.46919  eV     1   --> A              
     e( 10 - 10) =    -37.45073  eV     1   --> A              
     e( 11 - 11) =    -28.42201  eV     1   --> A              
     e( 12 - 12) =    -28.40083  eV     1   --> A              
     e( 13 - 13) =    -28.31021  eV     1   --> A              
     e( 14 - 14) =    -28.29936  eV     1   --> A              
     e( 15 - 15) =    -28.22884  eV     1   --> A              
     e( 16 - 16) =    -28.19083  eV     1   --> A              
     e( 17 - 17) =     -7.52618  eV     1   --> A              
     e( 18 - 18) =     -7.47020  eV     1   --> A              
     e( 19 - 19) =     -7.13974  eV     1   --> A              
     e( 20 - 20) =     -6.94305  eV     1   --> A              
     e( 21 - 21) =     -6.64672  eV     1   --> A              
     e( 22 - 22) =     -6.48527  eV     1   --> A              
     e( 23 - 23) =     -6.23435  eV     1   --> A              
     e( 24 - 24) =     -6.16667  eV     1   --> A              
     e( 25 - 25) =      3.29204  eV     1   --> A              
     e( 26 - 26) =      3.46002  eV     1   --> A              
     e( 27 - 27) =      3.58596  eV     1   --> A              
     e( 28 - 28) =      3.89576  eV     1   --> A              
     e( 29 - 29) =      4.06258  eV     1   --> A              
     e( 30 - 30) =      4.39728  eV     1   --> A              
     e( 31 - 31) =      4.68813  eV     1   --> A              
     e( 32 - 32) =      4.79776  eV     1   --> A              
     e( 33 - 33) =      4.99809  eV     1   --> A              
     e( 34 - 34) =      5.32593  eV     1   --> A              
     e( 35 - 35) =      5.56408  eV     1   --> A              
     e( 36 - 36) =      5.82644  eV     1   --> A              
     e( 37 - 37) =      5.99549  eV     1   --> A              
     e( 38 - 38) =      6.25851  eV     1   --> A              
     e( 39 - 39) =      6.48457  eV     1   --> A              
     e( 40 - 40) =      6.64963  eV     1   --> A              
     e( 41 - 41) =      6.76427  eV     1   --> A              
     e( 42 - 42) =      7.13950  eV     1   --> A              
     e( 43 - 43) =      7.44737  eV     1   --> A              
     e( 44 - 44) =      7.65936  eV     1   --> A              
     e( 45 - 45) =      7.74830  eV     1   --> A              
     e( 46 - 46) =      7.96263  eV     1   --> A              
     e( 47 - 47) =      8.19833  eV     1   --> A              
     e( 48 - 48) =      8.32610  eV     1   --> A              
     e( 49 - 49) =      8.61443  eV     1   --> A              
     e( 50 - 50) =      8.81437  eV     1   --> A              
     e( 51 - 51) =      8.88551  eV     1   --> A              
     e( 52 - 52) =      9.21834  eV     1   --> A              
     e( 53 - 53) =      9.34852  eV     1   --> A              
     e( 54 - 54) =      9.55059  eV     1   --> A              
     e( 55 - 55) =      9.81988  eV     1   --> A              
     e( 56 - 56) =      9.98700  eV     1   --> A              
     e( 57 - 57) =     10.81219  eV     1   --> A              
     e( 58 - 58) =     11.09129  eV     1   --> A              
     e( 59 - 59) =     13.69690  eV     1   --> A              
     e( 60 - 60) =     13.98286  eV     1   --> A              
     e( 61 - 61) =     14.27781  eV     1   --> A              
     e( 62 - 62) =     14.39905  eV     1   --> A              
     e( 63 - 63) =     14.48905  eV     1   --> A              
     e( 64 - 64) =     14.61337  eV     1   --> A              
     e( 65 - 65) =     17.65234  eV     1   --> A              
     e( 66 - 66) =     17.98618  eV     1   --> A              
     e( 67 - 67) =     18.62991  eV     1   --> A              
     e( 68 - 68) =     19.64204  eV     1   --> A              
     e( 69 - 69) =     19.85754  eV     1   --> A              
     e( 70 - 70) =     20.20005  eV     1   --> A              
     e( 71 - 71) =     20.76532  eV     1   --> A              
     e( 72 - 72) =     21.36870  eV     1   --> A              
     e( 73 - 73) =     22.39305  eV     1   --> A              
     e( 74 - 74) =     22.48935  eV     1   --> A              
     e( 75 - 75) =     23.47220  eV     1   --> A              
     e( 76 - 76) =     24.03885  eV     1   --> A              
     e( 77 - 77) =     24.12248  eV     1   --> A              
     e( 78 - 78) =     24.36844  eV     1   --> A              
     e( 79 - 79) =     25.07068  eV     1   --> A              
     e( 80 - 80) =     25.64145  eV     1   --> A              

 **************************************************************************

 **************************************************************************

                    xk=(   0.22614,   0.18409,   0.46772  )

     Band symmetry, C_1 (1)     point group:

     e(  1 -  1) =    -84.86875  eV     1   --> A              
     e(  2 -  2) =    -68.41493  eV     1   --> A              
     e(  3 -  3) =    -63.94892  eV     1   --> A              
     e(  4 -  4) =    -63.94845  eV     1   --> A              
     e(  5 -  5) =    -48.87383  eV     1   --> A              
     e(  6 -  6) =    -48.28984  eV     1   --> A              
     e(  7 -  7) =    -47.93457  eV     1   --> A              
     e(  8 -  8) =    -37.47596  eV     1   --> A              
     e(  9 -  9) =    -37.46919  eV     1   --> A              
     e( 10 - 10) =    -37.45073  eV     1   --> A              
     e( 11 - 11) =    -28.42223  eV     1   --> A              
     e( 12 - 12) =    -28.40104  eV     1   --> A              
     e( 13 - 13) =    -28.31029  eV     1   --> A              
     e( 14 - 14) =    -28.29942  eV     1   --> A              
     e( 15 - 15) =    -28.22869  eV     1   --> A              
     e( 16 - 16) =    -28.19069  eV     1   --> A              
     e( 17 - 17) =     -7.51423  eV     1   --> A              
     e( 18 - 18) =     -7.44812  eV     1   --> A              
     e( 19 - 19) =     -7.14678  eV     1   --> A              
     e( 20 - 20) =     -6.92642  eV     1   --> A              
     e( 21 - 21) =     -6.67325  eV     1   --> A              
     e( 22 - 22) =     -6.49467  eV     1   --> A              
     e( 23 - 23) =     -6.24247  eV     1   --> A              
     e( 24 - 24) =     -6.17367  eV     1   --> A              
     e( 25 - 25) =      3.29707  eV     1   --> A              
     e( 26 - 26) =      3.47812  eV     1   --> A              
     e( 27 - 27) =      3.59806  eV     1   --> A              
     e( 28 - 28) =      3.92038  eV     1   --> A              
     e( 29 - 29) =      4.10041  eV     1   --> A              
     e( 30 - 30) =      4.37677  eV     1   --> A              
     e( 31 - 31) =      4.65543  eV     1   --> A              
     e( 32 - 32) =      4.78634  eV     1   --> A              
     e( 33 - 33) =      4.98834  eV     1   --> A              
     e( 34 - 34) =      5.31977  eV     1   --> A              
     e( 35 - 35) =      5.54030  eV     1   --> A              
     e( 36 - 36) =      5.81796  eV     1   --> A              
     e( 37 - 37) =      6.01417  eV     1   --> A              
     e( 38 - 38) =      6.30225  eV     1   --> A              
     e( 39 - 39) =      6.51111  eV     1   --> A              
     e( 40 - 40) =      6.60736  eV     1   --> A              
     e( 41 - 41) =      6.77447  eV     1   --> A              
     e( 42 - 42) =      7.17620  eV     1   --> A              
     e( 43 - 43) =      7.42252  eV     1   --> A              
     e( 44 - 44) =      7.67964  eV     1   --> A              
     e( 45 - 45) =      7.70860  eV     1   --> A              
     e( 46 - 46) =      7.98917  eV     1   --> A              
     e( 47 - 47) =      8.22044  eV     1   --> A              
     e( 48 - 48) =      8.29658  eV     1   --> A              
     e( 49 - 49) =      8.59838  eV     1   --> A              
     e( 50 - 50) =      8.79156  eV     1   --> A              
     e( 51 - 51) =      8.88052  eV     1   --> A              
     e( 52 - 52) =      9.18841  eV     1   --> A              
     e( 53 - 53) =      9.34965  eV     1   --> A              
     e( 54 - 54) =      9.53644  eV     1   --> A              
     e( 55 - 55) =      9.86090  eV     1   --> A              
     e( 56 - 56) =      9.98909  eV     1   --> A              
     e( 57 - 57) =     10.77994  eV     1   --> A              
     e( 58 - 58) =     11.06998  eV     1   --> A              
     e( 59 - 59) =     13.69201  eV     1   --> A              
     e( 60 - 60) =     13.97844  eV     1   --> A              
     e( 61 - 61) =     14.30530  eV     1   --> A              
     e( 62 - 62) =     14.40085  eV     1   --> A              
     e( 63 - 63) =     14.53878  eV     1   --> A              
     e( 64 - 64) =     14.62678  eV     1   --> A              
     e( 65 - 65) =     17.61530  eV     1   --> A              
     e( 66 - 66) =     17.99688  eV     1   --> A              
     e( 67 - 67) =     18.61147  eV     1   --> A              
     e( 68 - 68) =     19.74810  eV     1   --> A              
     e( 69 - 69) =     19.91177  eV     1   --> A              
     e( 70 - 70) =     20.21625  eV     1   --> A              
     e( 71 - 71) =     20.70584  eV     1   --> A              
     e( 72 - 72) =     21.33455  eV     1   --> A              
     e( 73 - 73) =     22.29028  eV     1   --> A              
     e( 74 - 74) =     22.40047  eV     1   --> A              
     e( 75 - 75) =     23.43741  eV     1   --> A              
     e( 76 - 76) =     23.98016  eV     1   --> A              
     e( 77 - 77) =     24.17799  eV     1   --> A              
     e( 78 - 78) =     24.46505  eV     1   --> A              
     e( 79 - 79) =     25.01851  eV     1   --> A              
     e( 80 - 80) =     25.69385  eV     1   --> A              

 **************************************************************************

 **************************************************************************

                    xk=(   0.25115,   0.20455,   0.46802  )

     Band symmetry, C_1 (1)     point group:

     e(  1 -  1) =    -84.86876  eV     1   --> A              
     e(  2 -  2) =    -68.41494  eV     1   --> A              
     e(  3 -  3) =    -63.94897  eV     1   --> A              
     e(  4 -  4) =    -63.94850  eV     1   --> A              
     e(  5 -  5) =    -48.87383  eV     1   --> A              
     e(  6 -  6) =    -48.28984  eV     1   --> A              
     e(  7 -  7) =    -47.93457  eV     1   --> A              
     e(  8 -  8) =    -37.47596  eV     1   --> A              
     e(  9 -  9) =    -37.46919  eV     1   --> A              
     e( 10 - 10) =    -37.45074  eV     1   --> A              
     e( 11 - 11) =    -28.42243  eV     1   --> A              
     e( 12 - 12) =    -28.40126  eV     1   --> A              
     e( 13 - 13) =    -28.31035  eV     1   --> A              
     e( 14 - 14) =    -28.29947  eV     1   --> A              
     e( 15 - 15) =    -28.22853  eV     1   --> A              
     e( 16 - 16) =    -28.19056  eV     1   --> A              
     e( 17 - 17) =     -7.50303  eV     1   --> A              
     e( 18 - 18) =     -7.42726  eV     1   --> A              
     e( 19 - 19) =     -7.15311  eV     1   --> A              
     e( 20 - 20) =     -6.92053  eV     1   --> A              
     e( 21 - 21) =     -6.68733  eV     1   --> A              
     e( 22 - 22) =     -6.50376  eV     1   --> A              
     e( 23 - 23) =     -6.25046  eV     1   --> A              
     e( 24 - 24) =     -6.17952  eV     1   --> A              
     e( 25 - 25) =      3.30006  eV     1   --> A              
     e( 26 - 26) =      3.49284  eV     1   --> A              
     e( 27 - 27) =      3.61012  eV     1   --> A              
     e( 28 - 28) =      3.93675  eV     1   --> A              
     e( 29 - 29) =      4.12728  eV     1   --> A              
     e( 30 - 30) =      4.37376  eV     1   --> A              
     e( 31 - 31) =      4.61347  eV     1   --> A              
     e( 32 - 32) =      4.74462  eV     1   --> A              
     e( 33 - 33) =      5.00119  eV     1   --> A              
     e( 34 - 34) =      5.31602  eV     1   --> A              
     e( 35 - 35) =      5.53542  eV     1   --> A              
     e( 36 - 36) =      5.80859  eV     1   --> A              
     e( 37 - 37) =      6.03872  eV     1   --> A              
     e( 38 - 38) =      6.34276  eV     1   --> A              
     e( 39 - 39) =      6.49069  eV     1   --> A              
     e( 40 - 40) =      6.61277  eV     1   --> A              
     e( 41 - 41) =      6.80171  eV     1   --> A              
     e( 42 - 42) =      7.22087  eV     1   --> A              
     e( 43 - 43) =      7.39038  eV     1   --> A              
     e( 44 - 44) =      7.64784  eV     1   --> A              
     e( 45 - 45) =      7.73477  eV     1   --> A              
     e( 46 - 46) =      8.01395  eV     1   --> A              
     e( 47 - 47) =      8.20727  eV     1   --> A              
     e( 48 - 48) =      8.30197  eV     1   --> A              
     e( 49 - 49) =      8.58151  eV     1   --> A              
     e( 50 - 50) =      8.77148  eV     1   --> A              
     e( 51 - 51) =      8.87683  eV     1   --> A              
     e( 52 - 52) =      9.15640  eV     1   --> A              
     e( 53 - 53) =      9.34509  eV     1   --> A              
     e( 54 - 54) =      9.52749  eV     1   --> A              
     e( 55 - 55) =      9.88313  eV     1   --> A              
     e( 56 - 56) =      9.97231  eV     1   --> A              
     e( 57 - 57) =     10.74794  eV     1   --> A              
     e( 58 - 58) =     11.04434  eV     1   --> A              
     e( 59 - 59) =     13.69766  eV     1   --> A              
     e( 60 - 60) =     13.97156  eV     1   --> A              
     e( 61 - 61) =     14.33465  eV     1   --> A              
     e( 62 - 62) =     14.39872  eV     1   --> A              
     e( 63 - 63) =     14.58710  eV     1   --> A              
     e( 64 - 64) =     14.64040  eV     1   --> A              
     e( 65 - 65) =     17.57601  eV     1   --> A              
     e( 66 - 66) =     17.98428  eV     1   --> A              
     e( 67 - 67) =     18.63196  eV     1   --> A              
     e( 68 - 68) =     19.81497  eV     1   --> A              
     e( 69 - 69) =     20.00097  eV     1   --> A              
     e( 70 - 70) =     20.23728  eV     1   --> A              
     e( 71 - 71) =     20.66651  eV     1   --> A              
     e( 72 - 72) =     21.30054  eV     1   --> A              
     e( 73 - 73) =     22.19559  eV     1   --> A              
     e( 74 - 74) =     22.31766  eV     1   --> A              
     e( 75 - 75) =     23.38190  eV     1   --> A              
     e( 76 - 76) =     23.88008  eV     1   --> A              
     e( 77 - 77) =     24.26089  eV     1   --> A              
     e( 78 - 78) =     24.53977  eV     1   --> A              
     e( 79 - 79) =     25.00398  eV     1   --> A              
     e( 80 - 80) =     25.72525  eV     1   --> A              

 **************************************************************************

 **************************************************************************

                    xk=(   0.27615,   0.22500,   0.46833  )

     Band symmetry, C_1 (1)     point group:

     e(  1 -  1) =    -84.86876  eV     1   --> A              
     e(  2 -  2) =    -68.41494  eV     1   --> A              
     e(  3 -  3) =    -63.94903  eV     1   --> A              
     e(  4 -  4) =    -63.94855  eV     1   --> A              
     e(  5 -  5) =    -48.87383  eV     1   --> A              
     e(  6 -  6) =    -48.28984  eV     1   --> A              
     e(  7 -  7) =    -47.93457  eV     1   --> A              
     e(  8 -  8) =    -37.47597  eV     1   --> A              
     e(  9 -  9) =    -37.46918  eV     1   --> A              
     e( 10 - 10) =    -37.45075  eV     1   --> A              
     e( 11 - 11) =    -28.42263  eV     1   --> A              
     e( 12 - 12) =    -28.40146  eV     1   --> A              
     e( 13 - 13) =    -28.31041  eV     1   --> A              
     e( 14 - 14) =    -28.29952  eV     1   --> A              
     e( 15 - 15) =    -28.22837  eV     1   --> A              
     e( 16 - 16) =    -28.19042  eV     1   --> A              
     e( 17 - 17) =     -7.49287  eV     1   --> A              
     e( 18 - 18) =     -7.40901  eV     1   --> A              
     e( 19 - 19) =     -7.15755  eV     1   --> A              
     e( 20 - 20) =     -6.92931  eV     1   --> A              
     e( 21 - 21) =     -6.68513  eV     1   --> A              
     e( 22 - 22) =     -6.51210  eV     1   --> A              
     e( 23 - 23) =     -6.25790  eV     1   --> A              
     e( 24 - 24) =     -6.18425  eV     1   --> A              
     e( 25 - 25) =      3.30083  eV     1   --> A              
     e( 26 - 26) =      3.50277  eV     1   --> A              
     e( 27 - 27) =      3.62289  eV     1   --> A              
     e( 28 - 28) =      3.94554  eV     1   --> A              
     e( 29 - 29) =      4.13853  eV     1   --> A              
     e( 30 - 30) =      4.38713  eV     1   --> A              
     e( 31 - 31) =      4.56564  eV     1   --> A              
     e( 32 - 32) =      4.69281  eV     1   --> A              
     e( 33 - 33) =      5.01139  eV     1   --> A              
     e( 34 - 34) =      5.31925  eV     1   --> A              
     e( 35 - 35) =      5.55200  eV     1   --> A              
     e( 36 - 36) =      5.81063  eV     1   --> A              
     e( 37 - 37) =      6.04674  eV     1   --> A              
     e( 38 - 38) =      6.36636  eV     1   --> A              
     e( 39 - 39) =      6.49450  eV     1   --> A              
     e( 40 - 40) =      6.62152  eV     1   --> A              
     e( 41 - 41) =      6.84313  eV     1   --> A              
     e( 42 - 42) =      7.26916  eV     1   --> A              
     e( 43 - 43) =      7.35410  eV     1   --> A              
     e( 44 - 44) =      7.62045  eV     1   --> A              
     e( 45 - 45) =      7.76515  eV     1   --> A              
     e( 46 - 46) =      8.03368  eV     1   --> A              
     e( 47 - 47) =      8.17531  eV     1   --> A              
     e( 48 - 48) =      8.33317  eV     1   --> A              
     e( 49 - 49) =      8.56790  eV     1   --> A              
     e( 50 - 50) =      8.75714  eV     1   --> A              
     e( 51 - 51) =      8.86938  eV     1   --> A              
     e( 52 - 52) =      9.12433  eV     1   --> A              
     e( 53 - 53) =      9.33595  eV     1   --> A              
     e( 54 - 54) =      9.52198  eV     1   --> A              
     e( 55 - 55) =      9.86367  eV     1   --> A              
     e( 56 - 56) =      9.96251  eV     1   --> A              
     e( 57 - 57) =     10.71522  eV     1   --> A              
     e( 58 - 58) =     11.01209  eV     1   --> A              
     e( 59 - 59) =     13.71242  eV     1   --> A              
     e( 60 - 60) =     13.96381  eV     1   --> A              
     e( 61 - 61) =     14.36563  eV     1   --> A              
     e( 62 - 62) =     14.39575  eV     1   --> A              
     e( 63 - 63) =     14.62701  eV     1   --> A              
     e( 64 - 64) =     14.65615  eV     1   --> A              
     e( 65 - 65) =     17.53658  eV     1   --> A              
     e( 66 - 66) =     17.94862  eV     1   --> A              
     e( 67 - 67) =     18.69058  eV     1   --> A              
     e( 68 - 68) =     19.85170  eV     1   --> A              
     e( 69 - 69) =     20.10117  eV     1   --> A              
     e( 70 - 70) =     20.27341  eV     1   --> A              
     e( 71 - 71) =     20.64882  eV     1   --> A              
     e( 72 - 72) =     21.26871  eV     1   --> A              
     e( 73 - 73) =     22.10949  eV     1   --> A              
     e( 74 - 74) =     22.24084  eV     1   --> A              
     e( 75 - 75) =     23.30288  eV     1   --> A              
     e( 76 - 76) =     23.78566  eV     1   --> A              
     e( 77 - 77) =     24.32931  eV     1   --> A              
     e( 78 - 78) =     24.59468  eV     1   --> A              
     e( 79 - 79) =     25.02630  eV     1   --> A              
     e( 80 - 80) =     25.72303  eV     1   --> A              

 **************************************************************************

 **************************************************************************

                    xk=(   0.30115,   0.24546,   0.46863  )

     Band symmetry, C_1 (1)     point group:

     e(  1 -  1) =    -84.86876  eV     1   --> A              
     e(  2 -  2) =    -68.41494  eV     1   --> A              
     e(  3 -  3) =    -63.94908  eV     1   --> A              
     e(  4 -  4) =    -63.94861  eV     1   --> A              
     e(  5 -  5) =    -48.87384  eV     1   --> A              
     e(  6 -  6) =    -48.28984  eV     1   --> A              
     e(  7 -  7) =    -47.93457  eV     1   --> A              
     e(  8 -  8) =    -37.47598  eV     1   --> A              
     e(  9 -  9) =    -37.46918  eV     1   --> A              
     e( 10 - 10) =    -37.45076  eV     1   --> A              
     e( 11 - 11) =    -28.42282  eV     1   --> A              
     e( 12 - 12) =    -28.40166  eV     1   --> A              
     e( 13 - 13) =    -28.31046  eV     1   --> A              
     e( 14 - 14) =    -28.29956  eV     1   --> A              
     e( 15 - 15) =    -28.22822  eV     1   --> A              
     e( 16 - 16) =    -28.19029  eV     1   --> A              
     e( 17 - 17) =     -7.48402  eV     1   --> A              
     e( 18 - 18) =     -7.39463  eV     1   --> A              
     e( 19 - 19) =     -7.15909  eV     1   --> A              
     e( 20 - 20) =     -6.95025  eV     1   --> A              
     e( 21 - 21) =     -6.66938  eV     1   --> A              
     e( 22 - 22) =     -6.51929  eV     1   --> A              
     e( 23 - 23) =     -6.26437  eV     1   --> A              
     e( 24 - 24) =     -6.18800  eV     1   --> A              
     e( 25 - 25) =      3.29907  eV     1   --> A              
     e( 26 - 26) =      3.50715  eV     1   --> A              
     e( 27 - 27) =      3.63695  eV     1   --> A              
     e( 28 - 28) =      3.94816  eV     1   --> A              
     e( 29 - 29) =      4.13777  eV     1   --> A              
     e( 30 - 30) =      4.40063  eV     1   --> A              
     e( 31 - 31) =      4.52417  eV     1   --> A              
     e( 32 - 32) =      4.64054  eV     1   --> A              
     e( 33 - 33) =      5.01332  eV     1   --> A              
     e( 34 - 34) =      5.32453  eV     1   --> A              
     e( 35 - 35) =      5.58747  eV     1   --> A              
     e( 36 - 36) =      5.82829  eV     1   --> A              
     e( 37 - 37) =      6.02889  eV     1   --> A              
     e( 38 - 38) =      6.38459  eV     1   --> A              
     e( 39 - 39) =      6.52650  eV     1   --> A              
     e( 40 - 40) =      6.63712  eV     1   --> A              
     e( 41 - 41) =      6.88792  eV     1   --> A              
     e( 42 - 42) =      7.30859  eV     1   --> A              
     e( 43 - 43) =      7.32342  eV     1   --> A              
     e( 44 - 44) =      7.60488  eV     1   --> A              
     e( 45 - 45) =      7.78229  eV     1   --> A              
     e( 46 - 46) =      8.04199  eV     1   --> A              
     e( 47 - 47) =      8.15683  eV     1   --> A              
     e( 48 - 48) =      8.37228  eV     1   --> A              
     e( 49 - 49) =      8.56235  eV     1   --> A              
     e( 50 - 50) =      8.74558  eV     1   --> A              
     e( 51 - 51) =      8.85879  eV     1   --> A              
     e( 52 - 52) =      9.09430  eV     1   --> A              
     e( 53 - 53) =      9.32382  eV     1   --> A              
     e( 54 - 54) =      9.51628  eV     1   --> A              
     e( 55 - 55) =      9.79792  eV     1   --> A              
     e( 56 - 56) =      9.97248  eV     1   --> A              
     e( 57 - 57) =     10.68069  eV     1   --> A              
     e( 58 - 58) =     10.97014  eV     1   --> A              
     e( 59 - 59) =     13.73380  eV     1   --> A              
     e( 60 - 60) =     13.95681  eV     1   --> A              
     e( 61 - 61) =     14.38784  eV     1   --> A              
     e( 62 - 62) =     14.40342  eV     1   --> A              
     e( 63 - 63) =     14.64704  eV     1   --> A              
     e( 64 - 64) =     14.68274  eV     1   --> A              
     e( 65 - 65) =     17.49936  eV     1   --> A              
     e( 66 - 66) =     17.89865  eV     1   --> A              
     e( 67 - 67) =     18.77669  eV     1   --> A              
     e( 68 - 68) =     19.87171  eV     1   --> A              
     e( 69 - 69) =     20.17698  eV     1   --> A              
     e( 70 - 70) =     20.34252  eV     1   --> A              
     e( 71 - 71) =     20.65204  eV     1   --> A              
     e( 72 - 72) =     21.24126  eV     1   --> A              
     e( 73 - 73) =     22.03261  eV     1   --> A              
     e( 74 - 74) =     22.16988  eV     1   --> A              
     e( 75 - 75) =     23.20280  eV     1   --> A              
     e( 76 - 76) =     23.70281  eV     1   --> A              
     e( 77 - 77) =     24.37495  eV     1   --> A              
     e( 78 - 78) =     24.64613  eV     1   --> A              
     e( 79 - 79) =     25.06925  eV     1   --> A              
     e( 80 - 80) =     25.70761  eV     1   --> A              

 **************************************************************************

 **************************************************************************

                    xk=(   0.32615,   0.26591,   0.46893  )

     Band symmetry, C_1 (1)     point group:

     e(  1 -  1) =    -84.86876  eV     1   --> A              
     e(  2 -  2) =    -68.41494  eV     1   --> A              
     e(  3 -  3) =    -63.94914  eV     1   --> A              
     e(  4 -  4) =    -63.94867  eV     1   --> A              
     e(  5 -  5) =    -48.87384  eV     1   --> A              
     e(  6 -  6) =    -48.28983  eV     1   --> A              
     e(  7 -  7) =    -47.93457  eV     1   --> A              
     e(  8 -  8) =    -37.47598  eV     1   --> A              
     e(  9 -  9) =    -37.46918  eV     1   --> A              
     e( 10 - 10) =    -37.45077  eV     1   --> A              
     e( 11 - 11) =    -28.42299  eV     1   --> A              
     e( 12 - 12) =    -28.40184  eV     1   --> A              
     e( 13 - 13) =    -28.31051  eV     1   --> A              
     e( 14 - 14) =    -28.29959  eV     1   --> A              
     e( 15 - 15) =    -28.22808  eV     1   --> A              
     e( 16 - 16) =    -28.19016  eV     1   --> A              
     e( 17 - 17) =     -7.47667  eV     1   --> A              
     e( 18 - 18) =     -7.38480  eV     1   --> A              
     e( 19 - 19) =     -7.15736  eV     1   --> A              
     e( 20 - 20) =     -6.97725  eV     1   --> A              
     e( 21 - 21) =     -6.64646  eV     1   --> A              
     e( 22 - 22) =     -6.52498  eV     1   --> A              
     e( 23 - 23) =     -6.26948  eV     1   --> A              
     e( 24 - 24) =     -6.19090  eV     1   --> A              
     e( 25 - 25) =      3.29445  eV     1   --> A              
     e( 26 - 26) =      3.50623  eV     1   --> A              
     e( 27 - 27) =      3.65250  eV     1   --> A              
     e( 28 - 28) =      3.94618  eV     1   --> A              
     e( 29 - 29) =      4.13187  eV     1   --> A              
     e( 30 - 30) =      4.38679  eV     1   --> A              
     e( 31 - 31) =      4.50637  eV     1   --> A              
     e( 32 - 32) =      4.59539  eV     1   --> A              
     e( 33 - 33) =      5.01162  eV     1   --> A              
     e( 34 - 34) =      5.32771  eV     1   --> A              
     e( 35 - 35) =      5.63085  eV     1   --> A              
     e( 36 - 36) =      5.86255  eV     1   --> A              
     e( 37 - 37) =      5.99411  eV     1   --> A              
     e( 38 - 38) =      6.40605  eV     1   --> A              
     e( 39 - 39) =      6.56138  eV     1   --> A              
     e( 40 - 40) =      6.67737  eV     1   --> A              
     e( 41 - 41) =      6.92993  eV     1   --> A              
     e( 42 - 42) =      7.28341  eV     1   --> A              
     e( 43 - 43) =      7.35017  eV     1   --> A              
     e( 44 - 44) =      7.59749  eV     1   --> A              
     e( 45 - 45) =      7.77867  eV     1   --> A              
     e( 46 - 46) =      8.03815  eV     1   --> A              
     e( 47 - 47) =      8.16293  eV     1   --> A              
     e( 48 - 48) =      8.41606  eV     1   --> A              
     e( 49 - 49) =      8.56837  eV     1   --> A              
     e( 50 - 50) =      8.73237  eV     1   --> A              
     e( 51 - 51) =      8.84995  eV     1   --> A              
     e( 52 - 52) =      9.06844  eV     1   --> A              
     e( 53 - 53) =      9.30940  eV     1   --> A              
     e( 54 - 54) =      9.50394  eV     1   --> A              
     e( 55 - 55) =      9.71491  eV     1   --> A              
     e( 56 - 56) =      9.98647  eV     1   --> A              
     e( 57 - 57) =     10.64395  eV     1   --> A              
     e( 58 - 58) =     10.91596  eV     1   --> A              
     e( 59 - 59) =     13.75841  eV     1   --> A              
     e( 60 - 60) =     13.95177  eV     1   --> A              
     e( 61 - 61) =     14.38942  eV     1   --> A              
     e( 62 - 62) =     14.43415  eV     1   --> A              
     e( 63 - 63) =     14.65366  eV     1   --> A              
     e( 64 - 64) =     14.71223  eV     1   --> A              
     e( 65 - 65) =     17.46686  eV     1   --> A              
     e( 66 - 66) =     17.84304  eV     1   --> A              
     e( 67 - 67) =     18.87868  eV     1   --> A              
     e( 68 - 68) =     19.87828  eV     1   --> A              
     e( 69 - 69) =     20.22629  eV     1   --> A              
     e( 70 - 70) =     20.43948  eV     1   --> A              
     e( 71 - 71) =     20.67333  eV     1   --> A              
     e( 72 - 72) =     21.22023  eV     1   --> A              
     e( 73 - 73) =     21.96606  eV     1   --> A              
     e( 74 - 74) =     22.10476  eV     1   --> A              
     e( 75 - 75) =     23.09057  eV     1   --> A              
     e( 76 - 76) =     23.62675  eV     1   --> A              
     e( 77 - 77) =     24.40233  eV     1   --> A              
     e( 78 - 78) =     24.70380  eV     1   --> A              
     e( 79 - 79) =     25.11155  eV     1   --> A              
     e( 80 - 80) =     25.69947  eV     1   --> A              

 **************************************************************************

 **************************************************************************

                    xk=(   0.35115,   0.28637,   0.46924  )

     Band symmetry, C_1 (1)     point group:

     e(  1 -  1) =    -84.86876  eV     1   --> A              
     e(  2 -  2) =    -68.41495  eV     1   --> A              
     e(  3 -  3) =    -63.94919  eV     1   --> A              
     e(  4 -  4) =    -63.94873  eV     1   --> A              
     e(  5 -  5) =    -48.87384  eV     1   --> A              
     e(  6 -  6) =    -48.28983  eV     1   --> A              
     e(  7 -  7) =    -47.93457  eV     1   --> A              
     e(  8 -  8) =    -37.47599  eV     1   --> A              
     e(  9 -  9) =    -37.46918  eV     1   --> A              
     e( 10 - 10) =    -37.45078  eV     1   --> A              
     e( 11 - 11) =    -28.42314  eV     1   --> A              
     e( 12 - 12) =    -28.40200  eV     1   --> A              
     e( 13 - 13) =    -28.31054  eV     1   --> A              
     e( 14 - 14) =    -28.29961  eV     1   --> A              
     e( 15 - 15) =    -28.22795  eV     1   --> A              
     e( 16 - 16) =    -28.19005  eV     1   --> A              
     e( 17 - 17) =     -7.47095  eV     1   --> A              
     e( 18 - 18) =     -7.37934  eV     1   --> A              
     e( 19 - 19) =     -7.15291  eV     1   --> A              
     e( 20 - 20) =     -7.00515  eV     1   --> A              
     e( 21 - 21) =     -6.62180  eV     1   --> A              
     e( 22 - 22) =     -6.52894  eV     1   --> A              
     e( 23 - 23) =     -6.27297  eV     1   --> A              
     e( 24 - 24) =     -6.19307  eV     1   --> A              
     e( 25 - 25) =      3.28680  eV     1   --> A              
     e( 26 - 26) =      3.50120  eV     1   --> A              
     e( 27 - 27) =      3.66927  eV     1   --> A              
     e( 28 - 28) =      3.94118  eV     1   --> A              
     e( 29 - 29) =      4.12535  eV     1   --> A              
     e( 30 - 30) =      4.34892  eV     1   --> A              
     e( 31 - 31) =      4.48563  eV     1   --> A              
     e( 32 - 32) =      4.58054  eV     1   --> A              
     e( 33 - 33) =      5.00722  eV     1   --> A              
     e( 34 - 34) =      5.33066  eV     1   --> A              
     e( 35 - 35) =      5.67156  eV     1   --> A              
     e( 36 - 36) =      5.90317  eV     1   --> A              
     e( 37 - 37) =      5.96374  eV     1   --> A              
     e( 38 - 38) =      6.41699  eV     1   --> A              
     e( 39 - 39) =      6.60738  eV     1   --> A              
     e( 40 - 40) =      6.73753  eV     1   --> A              
     e( 41 - 41) =      6.96874  eV     1   --> A              
     e( 42 - 42) =      7.25816  eV     1   --> A              
     e( 43 - 43) =      7.36678  eV     1   --> A              
     e( 44 - 44) =      7.59404  eV     1   --> A              
     e( 45 - 45) =      7.75390  eV     1   --> A              
     e( 46 - 46) =      8.03221  eV     1   --> A              
     e( 47 - 47) =      8.18634  eV     1   --> A              
     e( 48 - 48) =      8.45686  eV     1   --> A              
     e( 49 - 49) =      8.58646  eV     1   --> A              
     e( 50 - 50) =      8.71812  eV     1   --> A              
     e( 51 - 51) =      8.84947  eV     1   --> A              
     e( 52 - 52) =      9.04915  eV     1   --> A              
     e( 53 - 53) =      9.29124  eV     1   --> A              
     e( 54 - 54) =      9.47260  eV     1   --> A              
     e( 55 - 55) =      9.64060  eV     1   --> A              
     e( 56 - 56) =      9.99994  eV     1   --> A              
     e( 57 - 57) =     10.60550  eV     1   --> A              
     e( 58 - 58) =     10.84871  eV     1   --> A              
     e( 59 - 59) =     13.78271  eV     1   --> A              
     e( 60 - 60) =     13.94911  eV     1   --> A              
     e( 61 - 61) =     14.39316  eV     1   --> A              
     e( 62 - 62) =     14.46555  eV     1   --> A              
     e( 63 - 63) =     14.65497  eV     1   --> A              
     e( 64 - 64) =     14.73608  eV     1   --> A              
     e( 65 - 65) =     17.44140  eV     1   --> A              
     e( 66 - 66) =     17.78713  eV     1   --> A              
     e( 67 - 67) =     18.98781  eV     1   --> A              
     e( 68 - 68) =     19.87174  eV     1   --> A              
     e( 69 - 69) =     20.26939  eV     1   --> A              
     e( 70 - 70) =     20.53905  eV     1   --> A              
     e( 71 - 71) =     20.70821  eV     1   --> A              
     e( 72 - 72) =     21.20668  eV     1   --> A              
     e( 73 - 73) =     21.91144  eV     1   --> A              
     e( 74 - 74) =     22.04596  eV     1   --> A              
     e( 75 - 75) =     22.97808  eV     1   --> A              
     e( 76 - 76) =     23.54896  eV     1   --> A              
     e( 77 - 77) =     24.42557  eV     1   --> A              
     e( 78 - 78) =     24.76146  eV     1   --> A              
     e( 79 - 79) =     25.14050  eV     1   --> A              
     e( 80 - 80) =     25.71096  eV     1   --> A              

 **************************************************************************

 **************************************************************************

                    xk=(   0.37615,   0.30682,   0.46954  )

     Band symmetry, C_1 (1)     point group:

     e(  1 -  1) =    -84.86876  eV     1   --> A              
     e(  2 -  2) =    -68.41495  eV     1   --> A              
     e(  3 -  3) =    -63.94924  eV     1   --> A              
     e(  4 -  4) =    -63.94879  eV     1   --> A              
     e(  5 -  5) =    -48.87384  eV     1   --> A              
     e(  6 -  6) =    -48.28983  eV     1   --> A              
     e(  7 -  7) =    -47.93457  eV     1   --> A              
     e(  8 -  8) =    -37.47599  eV     1   --> A              
     e(  9 -  9) =    -37.46917  eV     1   --> A              
     e( 10 - 10) =    -37.45078  eV     1   --> A              
     e( 11 - 11) =    -28.42326  eV     1   --> A              
     e( 12 - 12) =    -28.40214  eV     1   --> A              
     e( 13 - 13) =    -28.31056  eV     1   --> A              
     e( 14 - 14) =    -28.29962  eV     1   --> A              
     e( 15 - 15) =    -28.22783  eV     1   --> A              
     e( 16 - 16) =    -28.18994  eV     1   --> A              
     e( 17 - 17) =     -7.46691  eV     1   --> A              
     e( 18 - 18) =     -7.37725  eV     1   --> A              
     e( 19 - 19) =     -7.14727  eV     1   --> A              
     e( 20 - 20) =     -7.03045  eV     1   --> A              
     e( 21 - 21) =     -6.59902  eV     1   --> A              
     e( 22 - 22) =     -6.53096  eV     1   --> A              
     e( 23 - 23) =     -6.27482  eV     1   --> A              
     e( 24 - 24) =     -6.19455  eV     1   --> A              
     e( 25 - 25) =      3.27637  eV     1   --> A              
     e( 26 - 26) =      3.49385  eV     1   --> A              
     e( 27 - 27) =      3.68659  eV     1   --> A              
     e( 28 - 28) =      3.93502  eV     1   --> A              
     e( 29 - 29) =      4.11956  eV     1   --> A              
     e( 30 - 30) =      4.30771  eV     1   --> A              
     e( 31 - 31) =      4.44338  eV     1   --> A              
     e( 32 - 32) =      4.59706  eV     1   --> A              
     e( 33 - 33) =      4.99714  eV     1   --> A              
     e( 34 - 34) =      5.33585  eV     1   --> A              
     e( 35 - 35) =      5.70815  eV     1   --> A              
     e( 36 - 36) =      5.90170  eV     1   --> A              
     e( 37 - 37) =      5.98475  eV     1   --> A              
     e( 38 - 38) =      6.41749  eV     1   --> A              
     e( 39 - 39) =      6.66626  eV     1   --> A              
     e( 40 - 40) =      6.80565  eV     1   --> A              
     e( 41 - 41) =      7.00674  eV     1   --> A              
     e( 42 - 42) =      7.24046  eV     1   --> A              
     e( 43 - 43) =      7.36541  eV     1   --> A              
     e( 44 - 44) =      7.59281  eV     1   --> A              
     e( 45 - 45) =      7.71466  eV     1   --> A              
     e( 46 - 46) =      8.02715  eV     1   --> A              
     e( 47 - 47) =      8.21973  eV     1   --> A              
     e( 48 - 48) =      8.48117  eV     1   --> A              
     e( 49 - 49) =      8.60123  eV     1   --> A              
     e( 50 - 50) =      8.72075  eV     1   --> A              
     e( 51 - 51) =      8.86178  eV     1   --> A              
     e( 52 - 52) =      9.04036  eV     1   --> A              
     e( 53 - 53) =      9.26369  eV     1   --> A              
     e( 54 - 54) =      9.41528  eV     1   --> A              
     e( 55 - 55) =      9.59550  eV     1   --> A              
     e( 56 - 56) =     10.01250  eV     1   --> A              
     e( 57 - 57) =     10.56663  eV     1   --> A              
     e( 58 - 58) =     10.76989  eV     1   --> A              
     e( 59 - 59) =     13.80399  eV     1   --> A              
     e( 60 - 60) =     13.94822  eV     1   --> A              
     e( 61 - 61) =     14.40226  eV     1   --> A              
     e( 62 - 62) =     14.49437  eV     1   --> A              
     e( 63 - 63) =     14.65288  eV     1   --> A              
     e( 64 - 64) =     14.75283  eV     1   --> A              
     e( 65 - 65) =     17.42468  eV     1   --> A              
     e( 66 - 66) =     17.73359  eV     1   --> A              
     e( 67 - 67) =     19.09807  eV     1   --> A              
     e( 68 - 68) =     19.85251  eV     1   --> A              
     e( 69 - 69) =     20.31532  eV     1   --> A              
     e( 70 - 70) =     20.62642  eV     1   --> A              
     e( 71 - 71) =     20.75153  eV     1   --> A              
     e( 72 - 72) =     21.19966  eV     1   --> A              
     e( 73 - 73) =     21.86989  eV     1   --> A              
     e( 74 - 74) =     21.99500  eV     1   --> A              
     e( 75 - 75) =     22.87740  eV     1   --> A              
     e( 76 - 76) =     23.46239  eV     1   --> A              
     e( 77 - 77) =     24.45653  eV     1   --> A              
     e( 78 - 78) =     24.80660  eV     1   --> A              
     e( 79 - 79) =     25.15902  eV     1   --> A              
     e( 80 - 80) =     25.73707  eV     1   --> A              

 **************************************************************************

 **************************************************************************

                    xk=(   0.40115,   0.32728,   0.46985  )

     Band symmetry, C_1 (1)     point group:

     e(  1 -  1) =    -84.86876  eV     1   --> A              
     e(  2 -  2) =    -68.41495  eV     1   --> A              
     e(  3 -  3) =    -63.94929  eV     1   --> A              
     e(  4 -  4) =    -63.94884  eV     1   --> A              
     e(  5 -  5) =    -48.87384  eV     1   --> A              
     e(  6 -  6) =    -48.28983  eV     1   --> A              
     e(  7 -  7) =    -47.93457  eV     1   --> A              
     e(  8 -  8) =    -37.47600  eV     1   --> A              
     e(  9 -  9) =    -37.46917  eV     1   --> A              
     e( 10 - 10) =    -37.45079  eV     1   --> A              
     e( 11 - 11) =    -28.42337  eV     1   --> A              
     e( 12 - 12) =    -28.40226  eV     1   --> A              
     e( 13 - 13) =    -28.31058  eV     1   --> A              
     e( 14 - 14) =    -28.29963  eV     1   --> A              
     e( 15 - 15) =    -28.22774  eV     1   --> A              
     e( 16 - 16) =    -28.18986  eV     1   --> A              
     e( 17 - 17) =     -7.46443  eV     1   --> A              
     e( 18 - 18) =     -7.37724  eV     1   --> A              
     e( 19 - 19) =     -7.14248  eV     1   --> A              
     e( 20 - 20) =     -7.05069  eV     1   --> A              
     e( 21 - 21) =     -6.58049  eV     1   --> A              
     e( 22 - 22) =     -6.53082  eV     1   --> A              
     e( 23 - 23) =     -6.27524  eV     1   --> A              
     e( 24 - 24) =     -6.19542  eV     1   --> A              
     e( 25 - 25) =      3.26410  eV     1   --> A              
     e( 26 - 26) =      3.48601  eV     1   --> A              
     e( 27 - 27) =      3.70340  eV     1   --> A              
     e( 28 - 28) =      3.92983  eV     1   --> A              
     e( 29 - 29) =      4.11326  eV     1   --> A              
     e( 30 - 30) =      4.27172  eV     1   --> A              
     e( 31 - 31) =      4.39941  eV     1   --> A              
     e( 32 - 32) =      4.62142  eV     1   --> A              
     e( 33 - 33) =      4.97954  eV     1   --> A              
     e( 34 - 34) =      5.34287  eV     1   --> A              
     e( 35 - 35) =      5.74419  eV     1   --> A              
     e( 36 - 36) =      5.87940  eV     1   --> A              
     e( 37 - 37) =      6.02628  eV     1   --> A              
     e( 38 - 38) =      6.41937  eV     1   --> A              
     e( 39 - 39) =      6.72319  eV     1   --> A              
     e( 40 - 40) =      6.87495  eV     1   --> A              
     e( 41 - 41) =      7.04695  eV     1   --> A              
     e( 42 - 42) =      7.23033  eV     1   --> A              
     e( 43 - 43) =      7.34989  eV     1   --> A              
     e( 44 - 44) =      7.59325  eV     1   --> A              
     e( 45 - 45) =      7.67050  eV     1   --> A              
     e( 46 - 46) =      8.02027  eV     1   --> A              
     e( 47 - 47) =      8.25867  eV     1   --> A              
     e( 48 - 48) =      8.48458  eV     1   --> A              
     e( 49 - 49) =      8.58866  eV     1   --> A              
     e( 50 - 50) =      8.75173  eV     1   --> A              
     e( 51 - 51) =      8.88855  eV     1   --> A              
     e( 52 - 52) =      9.05032  eV     1   --> A              
     e( 53 - 53) =      9.21639  eV     1   --> A              
     e( 54 - 54) =      9.35874  eV     1   --> A              
     e( 55 - 55) =      9.57081  eV     1   --> A              
     e( 56 - 56) =     10.02429  eV     1   --> A              
     e( 57 - 57) =     10.52924  eV     1   --> A              
     e( 58 - 58) =     10.68363  eV     1   --> A              
     e( 59 - 59) =     13.82113  eV     1   --> A              
     e( 60 - 60) =     13.94761  eV     1   --> A              
     e( 61 - 61) =     14.41749  eV     1   --> A              
     e( 62 - 62) =     14.51847  eV     1   --> A              
     e( 63 - 63) =     14.64886  eV     1   --> A              
     e( 64 - 64) =     14.76268  eV     1   --> A              
     e( 65 - 65) =     17.41748  eV     1   --> A              
     e( 66 - 66) =     17.68374  eV     1   --> A              
     e( 67 - 67) =     19.20537  eV     1   --> A              
     e( 68 - 68) =     19.82143  eV     1   --> A              
     e( 69 - 69) =     20.36488  eV     1   --> A              
     e( 70 - 70) =     20.69404  eV     1   --> A              
     e( 71 - 71) =     20.79913  eV     1   --> A              
     e( 72 - 72) =     21.19554  eV     1   --> A              
     e( 73 - 73) =     21.84009  eV     1   --> A              
     e( 74 - 74) =     21.95468  eV     1   --> A              
     e( 75 - 75) =     22.80082  eV     1   --> A              
     e( 76 - 76) =     23.36352  eV     1   --> A              
     e( 77 - 77) =     24.50069  eV     1   --> A              
     e( 78 - 78) =     24.82858  eV     1   --> A              
     e( 79 - 79) =     25.18001  eV     1   --> A              
     e( 80 - 80) =     25.69427  eV     1   --> A              

 **************************************************************************

 **************************************************************************

                    xk=(   0.42615,   0.34773,   0.47015  )

     Band symmetry, C_1 (1)     point group:

     e(  1 -  1) =    -84.86876  eV     1   --> A              
     e(  2 -  2) =    -68.41495  eV     1   --> A              
     e(  3 -  3) =    -63.94932  eV     1   --> A              
     e(  4 -  4) =    -63.94889  eV     1   --> A              
     e(  5 -  5) =    -48.87384  eV     1   --> A              
     e(  6 -  6) =    -48.28983  eV     1   --> A              
     e(  7 -  7) =    -47.93457  eV     1   --> A              
     e(  8 -  8) =    -37.47600  eV     1   --> A              
     e(  9 -  9) =    -37.46917  eV     1   --> A              
     e( 10 - 10) =    -37.45079  eV     1   --> A              
     e( 11 - 11) =    -28.42345  eV     1   --> A              
     e( 12 - 12) =    -28.40235  eV     1   --> A              
     e( 13 - 13) =    -28.31060  eV     1   --> A              
     e( 14 - 14) =    -28.29963  eV     1   --> A              
     e( 15 - 15) =    -28.22766  eV     1   --> A              
     e( 16 - 16) =    -28.18979  eV     1   --> A              
     e( 17 - 17) =     -7.46322  eV     1   --> A              
     e( 18 - 18) =     -7.37817  eV     1   --> A              
     e( 19 - 19) =     -7.14033  eV     1   --> A              
     e( 20 - 20) =     -7.06434  eV     1   --> A              
     e( 21 - 21) =     -6.56755  eV     1   --> A              
     e( 22 - 22) =     -6.52851  eV     1   --> A              
     e( 23 - 23) =     -6.27469  eV     1   --> A              
     e( 24 - 24) =     -6.19575  eV     1   --> A              
     e( 25 - 25) =      3.25155  eV     1   --> A              
     e( 26 - 26) =      3.47905  eV     1   --> A              
     e( 27 - 27) =      3.71829  eV     1   --> A              
     e( 28 - 28) =      3.92757  eV     1   --> A              
     e( 29 - 29) =      4.10372  eV     1   --> A              
     e( 30 - 30) =      4.24522  eV     1   --> A              
     e( 31 - 31) =      4.36193  eV     1   --> A              
     e( 32 - 32) =      4.64587  eV     1   --> A              
     e( 33 - 33) =      4.95630  eV     1   --> A              
     e( 34 - 34) =      5.34942  eV     1   --> A              
     e( 35 - 35) =      5.78145  eV     1   --> A              
     e( 36 - 36) =      5.86249  eV     1   --> A              
     e( 37 - 37) =      6.05315  eV     1   --> A              
     e( 38 - 38) =      6.43035  eV     1   --> A              
     e( 39 - 39) =      6.76695  eV     1   --> A              
     e( 40 - 40) =      6.93621  eV     1   --> A              
     e( 41 - 41) =      7.09038  eV     1   --> A              
     e( 42 - 42) =      7.22874  eV     1   --> A              
     e( 43 - 43) =      7.32861  eV     1   --> A              
     e( 44 - 44) =      7.58280  eV     1   --> A              
     e( 45 - 45) =      7.64065  eV     1   --> A              
     e( 46 - 46) =      8.01040  eV     1   --> A              
     e( 47 - 47) =      8.29831  eV     1   --> A              
     e( 48 - 48) =      8.47099  eV     1   --> A              
     e( 49 - 49) =      8.56279  eV     1   --> A              
     e( 50 - 50) =      8.78039  eV     1   --> A              
     e( 51 - 51) =      8.92138  eV     1   --> A              
     e( 52 - 52) =      9.08847  eV     1   --> A              
     e( 53 - 53) =      9.15528  eV     1   --> A              
     e( 54 - 54) =      9.32385  eV     1   --> A              
     e( 55 - 55) =      9.55049  eV     1   --> A              
     e( 56 - 56) =     10.03518  eV     1   --> A              
     e( 57 - 57) =     10.49566  eV     1   --> A              
     e( 58 - 58) =     10.59706  eV     1   --> A              
     e( 59 - 59) =     13.83438  eV     1   --> A              
     e( 60 - 60) =     13.94591  eV     1   --> A              
     e( 61 - 61) =     14.43823  eV     1   --> A              
     e( 62 - 62) =     14.53477  eV     1   --> A              
     e( 63 - 63) =     14.64521  eV     1   --> A              
     e( 64 - 64) =     14.76661  eV     1   --> A              
     e( 65 - 65) =     17.41936  eV     1   --> A              
     e( 66 - 66) =     17.63849  eV     1   --> A              
     e( 67 - 67) =     19.30689  eV     1   --> A              
     e( 68 - 68) =     19.77973  eV     1   --> A              
     e( 69 - 69) =     20.41509  eV     1   --> A              
     e( 70 - 70) =     20.73830  eV     1   --> A              
     e( 71 - 71) =     20.84832  eV     1   --> A              
     e( 72 - 72) =     21.18962  eV     1   --> A              
     e( 73 - 73) =     21.81778  eV     1   --> A              
     e( 74 - 74) =     21.92724  eV     1   --> A              
     e( 75 - 75) =     22.76057  eV     1   --> A              
     e( 76 - 76) =     23.25270  eV     1   --> A              
     e( 77 - 77) =     24.55798  eV     1   --> A              
     e( 78 - 78) =     24.82660  eV     1   --> A              
     e( 79 - 79) =     25.20803  eV     1   --> A              
     e( 80 - 80) =     25.59724  eV     1   --> A              

 **************************************************************************

 **************************************************************************

                    xk=(   0.45115,   0.36819,   0.47046  )

     Band symmetry, C_1 (1)     point group:

     e(  1 -  1) =    -84.86876  eV     1   --> A              
     e(  2 -  2) =    -68.41495  eV     1   --> A              
     e(  3 -  3) =    -63.94935  eV     1   --> A              
     e(  4 -  4) =    -63.94892  eV     1   --> A              
     e(  5 -  5) =    -48.87384  eV     1   --> A              
     e(  6 -  6) =    -48.28983  eV     1   --> A              
     e(  7 -  7) =    -47.93457  eV     1   --> A              
     e(  8 -  8) =    -37.47600  eV     1   --> A              
     e(  9 -  9) =    -37.46917  eV     1   --> A              
     e( 10 - 10) =    -37.45080  eV     1   --> A              
     e( 11 - 11) =    -28.42351  eV     1   --> A              
     e( 12 - 12) =    -28.40241  eV     1   --> A              
     e( 13 - 13) =    -28.31060  eV     1   --> A              
     e( 14 - 14) =    -28.29963  eV     1   --> A              
     e( 15 - 15) =    -28.22760  eV     1   --> A              
     e( 16 - 16) =    -28.18974  eV     1   --> A              
     e( 17 - 17) =     -7.46284  eV     1   --> A              
     e( 18 - 18) =     -7.37924  eV     1   --> A              
     e( 19 - 19) =     -7.14106  eV     1   --> A              
     e( 20 - 20) =     -7.07149  eV     1   --> A              
     e( 21 - 21) =     -6.56005  eV     1   --> A              
     e( 22 - 22) =     -6.52484  eV     1   --> A              
     e( 23 - 23) =     -6.27375  eV     1   --> A              
     e( 24 - 24) =     -6.19572  eV     1   --> A              
     e( 25 - 25) =      3.24068  eV     1   --> A              
     e( 26 - 26) =      3.47378  eV     1   --> A              
     e( 27 - 27) =      3.72980  eV     1   --> A              
     e( 28 - 28) =      3.92907  eV     1   --> A              
     e( 29 - 29) =      4.08992  eV     1   --> A              
     e( 30 - 30) =      4.23034  eV     1   --> A              
     e( 31 - 31) =      4.33348  eV     1   --> A              
     e( 32 - 32) =      4.66759  eV     1   --> A              
     e( 33 - 33) =      4.93212  eV     1   --> A              
     e( 34 - 34) =      5.35389  eV     1   --> A              
     e( 35 - 35) =      5.81694  eV     1   --> A              
     e( 36 - 36) =      5.85256  eV     1   --> A              
     e( 37 - 37) =      6.06190  eV     1   --> A              
     e( 38 - 38) =      6.44914  eV     1   --> A              
     e( 39 - 39) =      6.79539  eV     1   --> A              
     e( 40 - 40) =      6.97714  eV     1   --> A              
     e( 41 - 41) =      7.13117  eV     1   --> A              
     e( 42 - 42) =      7.23910  eV     1   --> A              
     e( 43 - 43) =      7.31133  eV     1   --> A              
     e( 44 - 44) =      7.54681  eV     1   --> A              
     e( 45 - 45) =      7.64262  eV     1   --> A              
     e( 46 - 46) =      7.99941  eV     1   --> A              
     e( 47 - 47) =      8.33333  eV     1   --> A              
     e( 48 - 48) =      8.44764  eV     1   --> A              
     e( 49 - 49) =      8.53716  eV     1   --> A              
     e( 50 - 50) =      8.79496  eV     1   --> A              
     e( 51 - 51) =      8.94798  eV     1   --> A              
     e( 52 - 52) =      9.07944  eV     1   --> A              
     e( 53 - 53) =      9.17280  eV     1   --> A              
     e( 54 - 54) =      9.30353  eV     1   --> A              
     e( 55 - 55) =      9.52728  eV     1   --> A              
     e( 56 - 56) =     10.04444  eV     1   --> A              
     e( 57 - 57) =     10.46849  eV     1   --> A              
     e( 58 - 58) =     10.52051  eV     1   --> A              
     e( 59 - 59) =     13.84430  eV     1   --> A              
     e( 60 - 60) =     13.94290  eV     1   --> A              
     e( 61 - 61) =     14.46253  eV     1   --> A              
     e( 62 - 62) =     14.53956  eV     1   --> A              
     e( 63 - 63) =     14.64464  eV     1   --> A              
     e( 64 - 64) =     14.76636  eV     1   --> A              
     e( 65 - 65) =     17.42839  eV     1   --> A              
     e( 66 - 66) =     17.59935  eV     1   --> A              
     e( 67 - 67) =     19.40011  eV     1   --> A              
     e( 68 - 68) =     19.72925  eV     1   --> A              
     e( 69 - 69) =     20.46037  eV     1   --> A              
     e( 70 - 70) =     20.76163  eV     1   --> A              
     e( 71 - 71) =     20.89398  eV     1   --> A              
     e( 72 - 72) =     21.17983  eV     1   --> A              
     e( 73 - 73) =     21.80015  eV     1   --> A              
     e( 74 - 74) =     21.91051  eV     1   --> A              
     e( 75 - 75) =     22.76562  eV     1   --> A              
     e( 76 - 76) =     23.13389  eV     1   --> A              
     e( 77 - 77) =     24.62367  eV     1   --> A              
     e( 78 - 78) =     24.80892  eV     1   --> A              
     e( 79 - 79) =     25.23138  eV     1   --> A              
     e( 80 - 80) =     25.51465  eV     1   --> A              

 **************************************************************************

 **************************************************************************

                    xk=(   0.47615,   0.38864,   0.47076  )

     Band symmetry, C_1 (1)     point group:

     e(  1 -  1) =    -84.86876  eV     1   --> A              
     e(  2 -  2) =    -68.41495  eV     1   --> A              
     e(  3 -  3) =    -63.94937  eV     1   --> A              
     e(  4 -  4) =    -63.94894  eV     1   --> A              
     e(  5 -  5) =    -48.87384  eV     1   --> A              
     e(  6 -  6) =    -48.28983  eV     1   --> A              
     e(  7 -  7) =    -47.93457  eV     1   --> A              
     e(  8 -  8) =    -37.47601  eV     1   --> A              
     e(  9 -  9) =    -37.46917  eV     1   --> A              
     e( 10 - 10) =    -37.45080  eV     1   --> A              
     e( 11 - 11) =    -28.42354  eV     1   --> A              
     e( 12 - 12) =    -28.40245  eV     1   --> A              
     e( 13 - 13) =    -28.31061  eV     1   --> A              
     e( 14 - 14) =    -28.29963  eV     1   --> A              
     e( 15 - 15) =    -28.22757  eV     1   --> A              
     e( 16 - 16) =    -28.18971  eV     1   --> A              
     e( 17 - 17) =     -7.46284  eV     1   --> A              
     e( 18 - 18) =     -7.38003  eV     1   --> A              
     e( 19 - 19) =     -7.14292  eV     1   --> A              
     e( 20 - 20) =     -7.07424  eV     1   --> A              
     e( 21 - 21) =     -6.55649  eV     1   --> A              
     e( 22 - 22) =     -6.52165  eV     1   --> A              
     e( 23 - 23) =     -6.27295  eV     1   --> A              
     e( 24 - 24) =     -6.19555  eV     1   --> A              
     e( 25 - 25) =      3.23330  eV     1   --> A              
     e( 26 - 26) =      3.47055  eV     1   --> A              
     e( 27 - 27) =      3.73694  eV     1   --> A              
     e( 28 - 28) =      3.93281  eV     1   --> A              
     e( 29 - 29) =      4.07620  eV     1   --> A              
     e( 30 - 30) =      4.22481  eV     1   --> A              
     e( 31 - 31) =      4.31533  eV     1   --> A              
     e( 32 - 32) =      4.68347  eV     1   --> A              
     e( 33 - 33) =      4.91325  eV     1   --> A              
     e( 34 - 34) =      5.35618  eV     1   --> A              
     e( 35 - 35) =      5.83861  eV     1   --> A              
     e( 36 - 36) =      5.85351  eV     1   --> A              
     e( 37 - 37) =      6.05961  eV     1   --> A              
     e( 38 - 38) =      6.46703  eV     1   --> A              
     e( 39 - 39) =      6.81085  eV     1   --> A              
     e( 40 - 40) =      6.99508  eV     1   --> A              
     e( 41 - 41) =      7.15839  eV     1   --> A              
     e( 42 - 42) =      7.25459  eV     1   --> A              
     e( 43 - 43) =      7.30762  eV     1   --> A              
     e( 44 - 44) =      7.51035  eV     1   --> A              
     e( 45 - 45) =      7.65296  eV     1   --> A              
     e( 46 - 46) =      7.99095  eV     1   --> A              
     e( 47 - 47) =      8.35791  eV     1   --> A              
     e( 48 - 48) =      8.42589  eV     1   --> A              
     e( 49 - 49) =      8.51773  eV     1   --> A              
     e( 50 - 50) =      8.80009  eV     1   --> A              
     e( 51 - 51) =      8.97120  eV     1   --> A              
     e( 52 - 52) =      9.03381  eV     1   --> A              
     e( 53 - 53) =      9.24133  eV     1   --> A              
     e( 54 - 54) =      9.29110  eV     1   --> A              
     e( 55 - 55) =      9.50151  eV     1   --> A              
     e( 56 - 56) =     10.05086  eV     1   --> A              
     e( 57 - 57) =     10.44977  eV     1   --> A              
     e( 58 - 58) =     10.46738  eV     1   --> A              
     e( 59 - 59) =     13.85079  eV     1   --> A              
     e( 60 - 60) =     13.93981  eV     1   --> A              
     e( 61 - 61) =     14.48739  eV     1   --> A              
     e( 62 - 62) =     14.53203  eV     1   --> A              
     e( 63 - 63) =     14.64703  eV     1   --> A              
     e( 64 - 64) =     14.76440  eV     1   --> A              
     e( 65 - 65) =     17.44021  eV     1   --> A              
     e( 66 - 66) =     17.56993  eV     1   --> A              
     e( 67 - 67) =     19.48022  eV     1   --> A              
     e( 68 - 68) =     19.67472  eV     1   --> A              
     e( 69 - 69) =     20.49305  eV     1   --> A              
     e( 70 - 70) =     20.77089  eV     1   --> A              
     e( 71 - 71) =     20.92771  eV     1   --> A              
     e( 72 - 72) =     21.16909  eV     1   --> A              
     e( 73 - 73) =     21.78856  eV     1   --> A              
     e( 74 - 74) =     21.90031  eV     1   --> A              
     e( 75 - 75) =     22.81635  eV     1   --> A              
     e( 76 - 76) =     23.01434  eV     1   --> A              
     e( 77 - 77) =     24.68882  eV     1   --> A              
     e( 78 - 78) =     24.78165  eV     1   --> A              
     e( 79 - 79) =     25.23610  eV     1   --> A              
     e( 80 - 80) =     25.46769  eV     1   --> A              

 **************************************************************************

 **************************************************************************

                    xk=(   0.50115,   0.40910,   0.47106  )

     zone border point and non-symmorphic group 
     symmetry decomposition not available

 **************************************************************************
 
     BANDS        :     50.83s CPU   1m12.29s WALL

 
   This run was terminated on:   9: 3:55  23Mar2026            

=------------------------------------------------------------------------------=
   JOB DONE.
=------------------------------------------------------------------------------=
