
     Program BANDS v.7.4.1 starts on 23Mar2026 at  9: 2:42 
        Git branch: heads/qe-7.4.1
        Last git commit: 500de340b820e1cb8c05f2d8bb8fced102f377c1-dirty
        Last git commit date: Fri Feb 7 14:59:05 2025 +0000
        Last git commit subject: Merge branch 'qe-7.4.1' into 'master'

     This program is part of the open-source Quantum ESPRESSO suite
     for quantum simulation of materials; please cite
         "P. Giannozzi et al., J. Phys.:Condens. Matter 21 395502 (2009);
         "P. Giannozzi et al., J. Phys.:Condens. Matter 29 465901 (2017);
         "P. Giannozzi et al., J. Chem. Phys. 152 154105 (2020);
          URL http://www.quantum-espresso.org", 
     in publications or presentations arising from this work. More details at
     http://www.quantum-espresso.org/quote

     Parallel version (MPI), running on     1 processors

     MPI processes distributed on     1 nodes
     518107 MiB available memory on the printing compute node when the environment starts
 

     Reading xml data from directory:

     ./tmp/MnNiWO4_FM/MnNiWO4_FM.save/

     IMPORTANT: XC functional enforced from input :
     Exchange-correlation= PBESOL
                           (   1   4  10   8   0   0   0)
     Any further DFT definition will be discarded
     Please, verify this is what you really want

 
     G-vector sticks info
     --------------------
     sticks:   dense  smooth     PW     G-vecs:    dense   smooth      PW
     Sum        3571    3571    987               154841   154841   22563
 
     Using Slab Decomposition
 
     Reading collected, re-writing distributed wavefunctions
     high-symmetry point:  0.0000 0.0000 0.0000   x coordinate   0.0000
     high-symmetry point:  0.0000 0.4099 0.0000   x coordinate   0.4099
     high-symmetry point:  0.5000 0.4099 0.0040   x coordinate   0.9099
     high-symmetry point:  0.0000 0.0000 0.0000   x coordinate   1.5565
     high-symmetry point: -0.0009 0.0000 0.4684   x coordinate   2.0249
     high-symmetry point:  0.4991 0.4099 0.4724   x coordinate   2.6714

     Plottable bands (eV) written to file ./tmp/MnNiWO4_FM/MnNiWO4_FM_bands.dat.gnu
     Bands written to file ./tmp/MnNiWO4_FM/MnNiWO4_FM_bands.dat

 **************************************************************************

                    xk=(   0.00000,   0.00000,   0.00000  )

     point group C_2  (2)   
     there are  2 classes
     the character table:

       E     C2   
A      1.00  1.00
B      1.00 -1.00

     the symmetry operations in each class and the name of the first element:

     E        1
                                                                 
     C2       2
                                                                 

     Band symmetry, C_2  (2)    point group:

     e(  1 -  1) =    -93.68824  eV     1   --> A              
     e(  2 -  2) =    -68.87014  eV     1   --> A              
     e(  3 -  3) =    -64.33158  eV     1   --> A              
     e(  4 -  4) =    -64.32241  eV     1   --> A              
     e(  5 -  5) =    -54.29106  eV     1   --> B              
     e(  6 -  6) =    -54.27336  eV     1   --> B              
     e(  7 -  7) =    -54.25012  eV     1   --> A              
     e(  8 -  8) =    -37.92571  eV     1   --> B              
     e(  9 -  9) =    -37.91772  eV     1   --> A              
     e( 10 - 10) =    -37.90156  eV     1   --> B              
     e( 11 - 11) =    -28.77784  eV     1   --> B              
     e( 12 - 12) =    -28.72514  eV     1   --> A              
     e( 13 - 13) =    -28.68820  eV     1   --> B              
     e( 14 - 14) =    -28.61995  eV     1   --> B              
     e( 15 - 15) =    -28.61360  eV     1   --> A              
     e( 16 - 16) =    -28.55466  eV     1   --> B              
     e( 17 - 17) =     -8.61178  eV     1   --> A              
     e( 18 - 18) =     -7.36500  eV     1   --> A              
     e( 19 - 19) =     -7.09582  eV     1   --> A              
     e( 20 - 20) =     -7.04343  eV     1   --> B              
     e( 21 - 21) =     -6.97610  eV     1   --> B              
     e( 22 - 22) =     -6.80467  eV     1   --> A              
     e( 23 - 23) =     -6.51638  eV     1   --> B              
     e( 24 - 24) =     -6.28025  eV     1   --> B              
     e( 25 - 25) =      2.25563  eV     1   --> B              
     e( 26 - 26) =      2.33392  eV     1   --> A              
     e( 27 - 27) =      3.10562  eV     1   --> A              
     e( 28 - 28) =      3.34679  eV     1   --> A              
     e( 29 - 29) =      3.50428  eV     1   --> B              
     e( 30 - 30) =      3.61678  eV     1   --> A              
     e( 31 - 31) =      4.31625  eV     1   --> A              
     e( 32 - 32) =      4.34316  eV     1   --> B              
     e( 33 - 33) =      4.59278  eV     1   --> A              
     e( 34 - 34) =      4.95398  eV     1   --> B              
     e( 35 - 35) =      5.03953  eV     1   --> A              
     e( 36 - 36) =      5.28461  eV     1   --> A              
     e( 37 - 37) =      5.92198  eV     1   --> B              
     e( 38 - 38) =      6.03307  eV     1   --> A              
     e( 39 - 39) =      6.44068  eV     1   --> A              
     e( 40 - 40) =      6.47692  eV     1   --> B              
     e( 41 - 41) =      6.55342  eV     1   --> A              
     e( 42 - 42) =      6.71901  eV     1   --> B              
     e( 43 - 43) =      6.90878  eV     1   --> B              
     e( 44 - 44) =      7.40155  eV     1   --> A              
     e( 45 - 45) =      7.43900  eV     1   --> B              
     e( 46 - 46) =      7.62743  eV     1   --> A              
     e( 47 - 47) =      7.85473  eV     1   --> B              
     e( 48 - 48) =      7.97282  eV     1   --> A              
     e( 49 - 49) =      8.14140  eV     1   --> A              
     e( 50 - 50) =      8.60356  eV     1   --> B              
     e( 51 - 51) =      8.71954  eV     1   --> B              
     e( 52 - 52) =      8.77458  eV     1   --> A              
     e( 53 - 53) =      8.86151  eV     1   --> A              
     e( 54 - 54) =      9.02866  eV     1   --> B              
     e( 55 - 55) =      9.44602  eV     1   --> B              
     e( 56 - 56) =      9.51911  eV     1   --> B              
     e( 57 - 57) =      9.75571  eV     1   --> A              
     e( 58 - 58) =     10.47872  eV     1   --> B              
     e( 59 - 59) =     13.23714  eV     1   --> A              
     e( 60 - 60) =     13.61935  eV     1   --> B              
     e( 61 - 61) =     13.81290  eV     1   --> A              
     e( 62 - 62) =     13.85504  eV     1   --> A              
     e( 63 - 63) =     14.55147  eV     1   --> A              
     e( 64 - 64) =     14.86978  eV     1   --> B              
     e( 65 - 65) =     16.04554  eV     1   --> A              
     e( 66 - 66) =     17.40202  eV     1   --> A              
     e( 67 - 67) =     18.34808  eV     1   --> B              
     e( 68 - 68) =     18.76515  eV     1   --> B              
     e( 69 - 69) =     18.78122  eV     1   --> A              
     e( 70 - 70) =     20.84797  eV     1   --> A              
     e( 71 - 71) =     20.85249  eV     1   --> B              
     e( 72 - 72) =     21.36735  eV     1   --> B              
     e( 73 - 73) =     21.57380  eV     1   --> A              
     e( 74 - 74) =     22.45670  eV     1   --> A              
     e( 75 - 75) =     22.53989  eV     1   --> A              
     e( 76 - 76) =     22.85370  eV     1   --> A              
     e( 77 - 77) =     24.09505  eV     1   --> B              
     e( 78 - 78) =     24.15729  eV     1   --> A              
     e( 79 - 79) =     24.21488  eV     1   --> B              
     e( 80 - 80) =     24.51606  eV     1   --> A              

 **************************************************************************

 **************************************************************************

                    xk=(   0.00000,   0.02050,   0.00000  )

     Band symmetry, C_2  (2)    point group:

     e(  1 -  1) =    -93.68824  eV     1   --> A              
     e(  2 -  2) =    -68.87014  eV     1   --> A              
     e(  3 -  3) =    -64.33158  eV     1   --> A              
     e(  4 -  4) =    -64.32241  eV     1   --> A              
     e(  5 -  5) =    -54.29106  eV     1   --> B              
     e(  6 -  6) =    -54.27336  eV     1   --> B              
     e(  7 -  7) =    -54.25012  eV     1   --> A              
     e(  8 -  8) =    -37.92571  eV     1   --> B              
     e(  9 -  9) =    -37.91772  eV     1   --> A              
     e( 10 - 10) =    -37.90156  eV     1   --> B              
     e( 11 - 11) =    -28.77784  eV     1   --> B              
     e( 12 - 12) =    -28.72512  eV     1   --> A              
     e( 13 - 13) =    -28.68820  eV     1   --> B              
     e( 14 - 14) =    -28.61995  eV     1   --> B              
     e( 15 - 15) =    -28.61363  eV     1   --> A              
     e( 16 - 16) =    -28.55467  eV     1   --> B              
     e( 17 - 17) =     -8.61042  eV     1   --> A              
     e( 18 - 18) =     -7.36532  eV     1   --> A              
     e( 19 - 19) =     -7.09803  eV     1   --> A              
     e( 20 - 20) =     -7.04363  eV     1   --> B              
     e( 21 - 21) =     -6.97582  eV     1   --> B              
     e( 22 - 22) =     -6.80404  eV     1   --> A              
     e( 23 - 23) =     -6.51653  eV     1   --> B              
     e( 24 - 24) =     -6.28028  eV     1   --> B              
     e( 25 - 25) =      2.25684  eV     1   --> B              
     e( 26 - 26) =      2.33437  eV     1   --> A              
     e( 27 - 27) =      3.10666  eV     1   --> A              
     e( 28 - 28) =      3.34779  eV     1   --> A              
     e( 29 - 29) =      3.50421  eV     1   --> B              
     e( 30 - 30) =      3.61932  eV     1   --> A              
     e( 31 - 31) =      4.31672  eV     1   --> A              
     e( 32 - 32) =      4.34352  eV     1   --> B              
     e( 33 - 33) =      4.59464  eV     1   --> A              
     e( 34 - 34) =      4.95179  eV     1   --> B              
     e( 35 - 35) =      5.03870  eV     1   --> A              
     e( 36 - 36) =      5.28374  eV     1   --> A              
     e( 37 - 37) =      5.92072  eV     1   --> B              
     e( 38 - 38) =      6.03284  eV     1   --> A              
     e( 39 - 39) =      6.42755  eV     1   --> A              
     e( 40 - 40) =      6.46555  eV     1   --> B              
     e( 41 - 41) =      6.56008  eV     1   --> A              
     e( 42 - 42) =      6.72288  eV     1   --> B              
     e( 43 - 43) =      6.91730  eV     1   --> B              
     e( 44 - 44) =      7.38845  eV     1   --> A              
     e( 45 - 45) =      7.44251  eV     1   --> B              
     e( 46 - 46) =      7.64092  eV     1   --> A              
     e( 47 - 47) =      7.85528  eV     1   --> B              
     e( 48 - 48) =      7.97415  eV     1   --> A              
     e( 49 - 49) =      8.13676  eV     1   --> A              
     e( 50 - 50) =      8.60223  eV     1   --> B              
     e( 51 - 51) =      8.71806  eV     1   --> B              
     e( 52 - 52) =      8.76971  eV     1   --> A              
     e( 53 - 53) =      8.86618  eV     1   --> A              
     e( 54 - 54) =      9.02912  eV     1   --> B              
     e( 55 - 55) =      9.44418  eV     1   --> B              
     e( 56 - 56) =      9.52016  eV     1   --> B              
     e( 57 - 57) =      9.75892  eV     1   --> A              
     e( 58 - 58) =     10.47921  eV     1   --> B              
     e( 59 - 59) =     13.23799  eV     1   --> A              
     e( 60 - 60) =     13.62084  eV     1   --> B              
     e( 61 - 61) =     13.77462  eV     1   --> A              
     e( 62 - 62) =     13.89227  eV     1   --> A              
     e( 63 - 63) =     14.55061  eV     1   --> A              
     e( 64 - 64) =     14.86833  eV     1   --> B              
     e( 65 - 65) =     16.05256  eV     1   --> A              
     e( 66 - 66) =     17.40291  eV     1   --> A              
     e( 67 - 67) =     18.33724  eV     1   --> B              
     e( 68 - 68) =     18.77151  eV     1   --> B              
     e( 69 - 69) =     18.78041  eV     1   --> A              
     e( 70 - 70) =     20.83659  eV     1   --> A              
     e( 71 - 71) =     20.85234  eV     1   --> B              
     e( 72 - 72) =     21.37600  eV     1   --> B              
     e( 73 - 73) =     21.57791  eV     1   --> A              
     e( 74 - 74) =     22.46126  eV     1   --> A              
     e( 75 - 75) =     22.54047  eV     1   --> A              
     e( 76 - 76) =     22.85294  eV     1   --> A              
     e( 77 - 77) =     24.09105  eV     1   --> B              
     e( 78 - 78) =     24.15504  eV     1   --> A              
     e( 79 - 79) =     24.21160  eV     1   --> B              
     e( 80 - 80) =     24.51974  eV     1   --> A              

 **************************************************************************

 **************************************************************************

                    xk=(   0.00000,   0.04099,   0.00000  )

     Band symmetry, C_2  (2)    point group:

     e(  1 -  1) =    -93.68824  eV     1   --> A              
     e(  2 -  2) =    -68.87014  eV     1   --> A              
     e(  3 -  3) =    -64.33158  eV     1   --> A              
     e(  4 -  4) =    -64.32240  eV     1   --> A              
     e(  5 -  5) =    -54.29106  eV     1   --> B              
     e(  6 -  6) =    -54.27336  eV     1   --> B              
     e(  7 -  7) =    -54.25012  eV     1   --> A              
     e(  8 -  8) =    -37.92571  eV     1   --> B              
     e(  9 -  9) =    -37.91772  eV     1   --> A              
     e( 10 - 10) =    -37.90156  eV     1   --> B              
     e( 11 - 11) =    -28.77782  eV     1   --> B              
     e( 12 - 12) =    -28.72506  eV     1   --> A              
     e( 13 - 13) =    -28.68820  eV     1   --> B              
     e( 14 - 14) =    -28.61997  eV     1   --> B              
     e( 15 - 15) =    -28.61369  eV     1   --> A              
     e( 16 - 16) =    -28.55469  eV     1   --> B              
     e( 17 - 17) =     -8.60633  eV     1   --> A              
     e( 18 - 18) =     -7.36637  eV     1   --> A              
     e( 19 - 19) =     -7.10441  eV     1   --> A              
     e( 20 - 20) =     -7.04420  eV     1   --> B              
     e( 21 - 21) =     -6.97501  eV     1   --> B              
     e( 22 - 22) =     -6.80228  eV     1   --> A              
     e( 23 - 23) =     -6.51696  eV     1   --> B              
     e( 24 - 24) =     -6.28038  eV     1   --> B              
     e( 25 - 25) =      2.26046  eV     1   --> B              
     e( 26 - 26) =      2.33572  eV     1   --> A              
     e( 27 - 27) =      3.10977  eV     1   --> A              
     e( 28 - 28) =      3.35081  eV     1   --> A              
     e( 29 - 29) =      3.50400  eV     1   --> B              
     e( 30 - 30) =      3.62687  eV     1   --> A              
     e( 31 - 31) =      4.31812  eV     1   --> A              
     e( 32 - 32) =      4.34460  eV     1   --> B              
     e( 33 - 33) =      4.60015  eV     1   --> A              
     e( 34 - 34) =      4.94527  eV     1   --> B              
     e( 35 - 35) =      5.03622  eV     1   --> A              
     e( 36 - 36) =      5.28117  eV     1   --> A              
     e( 37 - 37) =      5.91656  eV     1   --> B              
     e( 38 - 38) =      6.03215  eV     1   --> A              
     e( 39 - 39) =      6.39523  eV     1   --> A              
     e( 40 - 40) =      6.43646  eV     1   --> B              
     e( 41 - 41) =      6.57304  eV     1   --> A              
     e( 42 - 42) =      6.73181  eV     1   --> B              
     e( 43 - 43) =      6.94082  eV     1   --> B              
     e( 44 - 44) =      7.35771  eV     1   --> A              
     e( 45 - 45) =      7.45298  eV     1   --> B              
     e( 46 - 46) =      7.67165  eV     1   --> A              
     e( 47 - 47) =      7.85690  eV     1   --> B              
     e( 48 - 48) =      7.97888  eV     1   --> A              
     e( 49 - 49) =      8.12373  eV     1   --> A              
     e( 50 - 50) =      8.59825  eV     1   --> B              
     e( 51 - 51) =      8.71394  eV     1   --> B              
     e( 52 - 52) =      8.75549  eV     1   --> A              
     e( 53 - 53) =      8.87959  eV     1   --> A              
     e( 54 - 54) =      9.03037  eV     1   --> B              
     e( 55 - 55) =      9.43875  eV     1   --> B              
     e( 56 - 56) =      9.52313  eV     1   --> B              
     e( 57 - 57) =      9.76840  eV     1   --> A              
     e( 58 - 58) =     10.48071  eV     1   --> B              
     e( 59 - 59) =     13.24055  eV     1   --> A              
     e( 60 - 60) =     13.62532  eV     1   --> B              
     e( 61 - 61) =     13.72063  eV     1   --> A              
     e( 62 - 62) =     13.94308  eV     1   --> A              
     e( 63 - 63) =     14.54813  eV     1   --> A              
     e( 64 - 64) =     14.86399  eV     1   --> B              
     e( 65 - 65) =     16.07349  eV     1   --> A              
     e( 66 - 66) =     17.40554  eV     1   --> A              
     e( 67 - 67) =     18.30693  eV     1   --> B              
     e( 68 - 68) =     18.77791  eV     1   --> A              
     e( 69 - 69) =     18.78845  eV     1   --> B              
     e( 70 - 70) =     20.80386  eV     1   --> A              
     e( 71 - 71) =     20.85265  eV     1   --> B              
     e( 72 - 72) =     21.40119  eV     1   --> B              
     e( 73 - 73) =     21.58895  eV     1   --> A              
     e( 74 - 74) =     22.47458  eV     1   --> A              
     e( 75 - 75) =     22.54222  eV     1   --> A              
     e( 76 - 76) =     22.85098  eV     1   --> A              
     e( 77 - 77) =     24.07924  eV     1   --> B              
     e( 78 - 78) =     24.14865  eV     1   --> A              
     e( 79 - 79) =     24.20135  eV     1   --> B              
     e( 80 - 80) =     24.53054  eV     1   --> A              

 **************************************************************************

 **************************************************************************

                    xk=(   0.00000,   0.06149,   0.00000  )

     Band symmetry, C_2  (2)    point group:

     e(  1 -  1) =    -93.68824  eV     1   --> A              
     e(  2 -  2) =    -68.87014  eV     1   --> A              
     e(  3 -  3) =    -64.33158  eV     1   --> A              
     e(  4 -  4) =    -64.32239  eV     1   --> A              
     e(  5 -  5) =    -54.29106  eV     1   --> B              
     e(  6 -  6) =    -54.27336  eV     1   --> B              
     e(  7 -  7) =    -54.25012  eV     1   --> A              
     e(  8 -  8) =    -37.92571  eV     1   --> B              
     e(  9 -  9) =    -37.91772  eV     1   --> A              
     e( 10 - 10) =    -37.90156  eV     1   --> B              
     e( 11 - 11) =    -28.77779  eV     1   --> B              
     e( 12 - 12) =    -28.72497  eV     1   --> A              
     e( 13 - 13) =    -28.68820  eV     1   --> B              
     e( 14 - 14) =    -28.61999  eV     1   --> B              
     e( 15 - 15) =    -28.61380  eV     1   --> A              
     e( 16 - 16) =    -28.55471  eV     1   --> B              
     e( 17 - 17) =     -8.59955  eV     1   --> A              
     e( 18 - 18) =     -7.36850  eV     1   --> A              
     e( 19 - 19) =     -7.11418  eV     1   --> A              
     e( 20 - 20) =     -7.04512  eV     1   --> B              
     e( 21 - 21) =     -6.97370  eV     1   --> B              
     e( 22 - 22) =     -6.79975  eV     1   --> A              
     e( 23 - 23) =     -6.51767  eV     1   --> B              
     e( 24 - 24) =     -6.28053  eV     1   --> B              
     e( 25 - 25) =      2.26642  eV     1   --> B              
     e( 26 - 26) =      2.33791  eV     1   --> A              
     e( 27 - 27) =      3.11493  eV     1   --> A              
     e( 28 - 28) =      3.35588  eV     1   --> A              
     e( 29 - 29) =      3.50367  eV     1   --> B              
     e( 30 - 30) =      3.63928  eV     1   --> A              
     e( 31 - 31) =      4.32039  eV     1   --> A              
     e( 32 - 32) =      4.34636  eV     1   --> B              
     e( 33 - 33) =      4.60907  eV     1   --> A              
     e( 34 - 34) =      4.93458  eV     1   --> B              
     e( 35 - 35) =      5.03214  eV     1   --> A              
     e( 36 - 36) =      5.27699  eV     1   --> A              
     e( 37 - 37) =      5.90833  eV     1   --> B              
     e( 38 - 38) =      6.03107  eV     1   --> A              
     e( 39 - 39) =      6.35250  eV     1   --> A              
     e( 40 - 40) =      6.39938  eV     1   --> B              
     e( 41 - 41) =      6.58368  eV     1   --> A              
     e( 42 - 42) =      6.74200  eV     1   --> B              
     e( 43 - 43) =      6.97432  eV     1   --> B              
     e( 44 - 44) =      7.32200  eV     1   --> A              
     e( 45 - 45) =      7.47020  eV     1   --> B              
     e( 46 - 46) =      7.70349  eV     1   --> A              
     e( 47 - 47) =      7.85957  eV     1   --> B              
     e( 48 - 48) =      7.98911  eV     1   --> A              
     e( 49 - 49) =      8.10492  eV     1   --> A              
     e( 50 - 50) =      8.59177  eV     1   --> B              
     e( 51 - 51) =      8.70794  eV     1   --> B              
     e( 52 - 52) =      8.73303  eV     1   --> A              
     e( 53 - 53) =      8.90013  eV     1   --> A              
     e( 54 - 54) =      9.03207  eV     1   --> B              
     e( 55 - 55) =      9.42999  eV     1   --> B              
     e( 56 - 56) =      9.52756  eV     1   --> B              
     e( 57 - 57) =      9.78364  eV     1   --> A              
     e( 58 - 58) =     10.48323  eV     1   --> B              
     e( 59 - 59) =     13.24477  eV     1   --> A              
     e( 60 - 60) =     13.63276  eV     1   --> B              
     e( 61 - 61) =     13.66560  eV     1   --> A              
     e( 62 - 62) =     13.99265  eV     1   --> A              
     e( 63 - 63) =     14.54434  eV     1   --> A              
     e( 64 - 64) =     14.85680  eV     1   --> B              
     e( 65 - 65) =     16.10795  eV     1   --> A              
     e( 66 - 66) =     17.40985  eV     1   --> A              
     e( 67 - 67) =     18.26192  eV     1   --> B              
     e( 68 - 68) =     18.77359  eV     1   --> A              
     e( 69 - 69) =     18.81132  eV     1   --> B              
     e( 70 - 70) =     20.75332  eV     1   --> A              
     e( 71 - 71) =     20.85527  eV     1   --> B              
     e( 72 - 72) =     21.44106  eV     1   --> B              
     e( 73 - 73) =     21.60384  eV     1   --> A              
     e( 74 - 74) =     22.49521  eV     1   --> A              
     e( 75 - 75) =     22.54547  eV     1   --> A              
     e( 76 - 76) =     22.84885  eV     1   --> A              
     e( 77 - 77) =     24.06007  eV     1   --> B              
     e( 78 - 78) =     24.13905  eV     1   --> A              
     e( 79 - 79) =     24.18306  eV     1   --> B              
     e( 80 - 80) =     24.54791  eV     1   --> A              

 **************************************************************************

 **************************************************************************

                    xk=(   0.00000,   0.08198,   0.00000  )

     Band symmetry, C_2  (2)    point group:

     e(  1 -  1) =    -93.68824  eV     1   --> A              
     e(  2 -  2) =    -68.87014  eV     1   --> A              
     e(  3 -  3) =    -64.33158  eV     1   --> A              
     e(  4 -  4) =    -64.32238  eV     1   --> A              
     e(  5 -  5) =    -54.29106  eV     1   --> B              
     e(  6 -  6) =    -54.27336  eV     1   --> B              
     e(  7 -  7) =    -54.25012  eV     1   --> A              
     e(  8 -  8) =    -37.92572  eV     1   --> B              
     e(  9 -  9) =    -37.91772  eV     1   --> A              
     e( 10 - 10) =    -37.90156  eV     1   --> B              
     e( 11 - 11) =    -28.77774  eV     1   --> B              
     e( 12 - 12) =    -28.72484  eV     1   --> A              
     e( 13 - 13) =    -28.68821  eV     1   --> B              
     e( 14 - 14) =    -28.62002  eV     1   --> B              
     e( 15 - 15) =    -28.61395  eV     1   --> A              
     e( 16 - 16) =    -28.55475  eV     1   --> B              
     e( 17 - 17) =     -8.59013  eV     1   --> A              
     e( 18 - 18) =     -7.37227  eV     1   --> A              
     e( 19 - 19) =     -7.12620  eV     1   --> A              
     e( 20 - 20) =     -7.04632  eV     1   --> B              
     e( 21 - 21) =     -6.97197  eV     1   --> B              
     e( 22 - 22) =     -6.79694  eV     1   --> A              
     e( 23 - 23) =     -6.51863  eV     1   --> B              
     e( 24 - 24) =     -6.28073  eV     1   --> B              
     e( 25 - 25) =      2.27462  eV     1   --> B              
     e( 26 - 26) =      2.34088  eV     1   --> A              
     e( 27 - 27) =      3.12211  eV     1   --> A              
     e( 28 - 28) =      3.36301  eV     1   --> A              
     e( 29 - 29) =      3.50324  eV     1   --> B              
     e( 30 - 30) =      3.65631  eV     1   --> A              
     e( 31 - 31) =      4.32342  eV     1   --> A              
     e( 32 - 32) =      4.34878  eV     1   --> B              
     e( 33 - 33) =      4.62096  eV     1   --> A              
     e( 34 - 34) =      4.92000  eV     1   --> B              
     e( 35 - 35) =      5.02649  eV     1   --> A              
     e( 36 - 36) =      5.27141  eV     1   --> A              
     e( 37 - 37) =      5.89425  eV     1   --> B              
     e( 38 - 38) =      6.02966  eV     1   --> A              
     e( 39 - 39) =      6.30368  eV     1   --> A              
     e( 40 - 40) =      6.36274  eV     1   --> B              
     e( 41 - 41) =      6.58817  eV     1   --> A              
     e( 42 - 42) =      6.75193  eV     1   --> B              
     e( 43 - 43) =      7.01243  eV     1   --> B              
     e( 44 - 44) =      7.28854  eV     1   --> A              
     e( 45 - 45) =      7.49362  eV     1   --> B              
     e( 46 - 46) =      7.72417  eV     1   --> A              
     e( 47 - 47) =      7.86323  eV     1   --> B              
     e( 48 - 48) =      8.00630  eV     1   --> A              
     e( 49 - 49) =      8.08515  eV     1   --> A              
     e( 50 - 50) =      8.58309  eV     1   --> B              
     e( 51 - 51) =      8.70110  eV     1   --> B              
     e( 52 - 52) =      8.70408  eV     1   --> A              
     e( 53 - 53) =      8.92579  eV     1   --> A              
     e( 54 - 54) =      9.03375  eV     1   --> B              
     e( 55 - 55) =      9.41826  eV     1   --> B              
     e( 56 - 56) =      9.53281  eV     1   --> B              
     e( 57 - 57) =      9.80397  eV     1   --> A              
     e( 58 - 58) =     10.48681  eV     1   --> B              
     e( 59 - 59) =     13.25050  eV     1   --> A              
     e( 60 - 60) =     13.61115  eV     1   --> A              
     e( 61 - 61) =     13.64314  eV     1   --> B              
     e( 62 - 62) =     14.03915  eV     1   --> A              
     e( 63 - 63) =     14.53983  eV     1   --> A              
     e( 64 - 64) =     14.84677  eV     1   --> B              
     e( 65 - 65) =     16.15535  eV     1   --> A              
     e( 66 - 66) =     17.41571  eV     1   --> A              
     e( 67 - 67) =     18.20689  eV     1   --> B              
     e( 68 - 68) =     18.76719  eV     1   --> A              
     e( 69 - 69) =     18.83577  eV     1   --> B              
     e( 70 - 70) =     20.68917  eV     1   --> A              
     e( 71 - 71) =     20.86247  eV     1   --> B              
     e( 72 - 72) =     21.49325  eV     1   --> B              
     e( 73 - 73) =     21.61917  eV     1   --> A              
     e( 74 - 74) =     22.51773  eV     1   --> A              
     e( 75 - 75) =     22.55360  eV     1   --> A              
     e( 76 - 76) =     22.84836  eV     1   --> A              
     e( 77 - 77) =     24.03381  eV     1   --> B              
     e( 78 - 78) =     24.12746  eV     1   --> A              
     e( 79 - 79) =     24.15565  eV     1   --> B              
     e( 80 - 80) =     24.57108  eV     1   --> A              

 **************************************************************************

 **************************************************************************

                    xk=(   0.00000,   0.10248,   0.00000  )

     Band symmetry, C_2  (2)    point group:

     e(  1 -  1) =    -93.68824  eV     1   --> A              
     e(  2 -  2) =    -68.87014  eV     1   --> A              
     e(  3 -  3) =    -64.33159  eV     1   --> A              
     e(  4 -  4) =    -64.32237  eV     1   --> A              
     e(  5 -  5) =    -54.29106  eV     1   --> B              
     e(  6 -  6) =    -54.27336  eV     1   --> B              
     e(  7 -  7) =    -54.25012  eV     1   --> A              
     e(  8 -  8) =    -37.92572  eV     1   --> B              
     e(  9 -  9) =    -37.91772  eV     1   --> A              
     e( 10 - 10) =    -37.90156  eV     1   --> B              
     e( 11 - 11) =    -28.77769  eV     1   --> B              
     e( 12 - 12) =    -28.72469  eV     1   --> A              
     e( 13 - 13) =    -28.68822  eV     1   --> B              
     e( 14 - 14) =    -28.62005  eV     1   --> B              
     e( 15 - 15) =    -28.61413  eV     1   --> A              
     e( 16 - 16) =    -28.55480  eV     1   --> B              
     e( 17 - 17) =     -8.57814  eV     1   --> A              
     e( 18 - 18) =     -7.37846  eV     1   --> A              
     e( 19 - 19) =     -7.13902  eV     1   --> A              
     e( 20 - 20) =     -7.04775  eV     1   --> B              
     e( 21 - 21) =     -6.96987  eV     1   --> B              
     e( 22 - 22) =     -6.79433  eV     1   --> A              
     e( 23 - 23) =     -6.51984  eV     1   --> B              
     e( 24 - 24) =     -6.28098  eV     1   --> B              
     e( 25 - 25) =      2.28491  eV     1   --> B              
     e( 26 - 26) =      2.34453  eV     1   --> A              
     e( 27 - 27) =      3.13127  eV     1   --> A              
     e( 28 - 28) =      3.37221  eV     1   --> A              
     e( 29 - 29) =      3.50275  eV     1   --> B              
     e( 30 - 30) =      3.67762  eV     1   --> A              
     e( 31 - 31) =      4.32711  eV     1   --> A              
     e( 32 - 32) =      4.35179  eV     1   --> B              
     e( 33 - 33) =      4.63516  eV     1   --> A              
     e( 34 - 34) =      4.90185  eV     1   --> B              
     e( 35 - 35) =      5.01938  eV     1   --> A              
     e( 36 - 36) =      5.26473  eV     1   --> A              
     e( 37 - 37) =      5.87254  eV     1   --> B              
     e( 38 - 38) =      6.02782  eV     1   --> A              
     e( 39 - 39) =      6.25124  eV     1   --> A              
     e( 40 - 40) =      6.33254  eV     1   --> B              
     e( 41 - 41) =      6.58531  eV     1   --> A              
     e( 42 - 42) =      6.76134  eV     1   --> B              
     e( 43 - 43) =      7.05120  eV     1   --> B              
     e( 44 - 44) =      7.26053  eV     1   --> A              
     e( 45 - 45) =      7.52223  eV     1   --> B              
     e( 46 - 46) =      7.72679  eV     1   --> A              
     e( 47 - 47) =      7.86783  eV     1   --> B              
     e( 48 - 48) =      8.02195  eV     1   --> A              
     e( 49 - 49) =      8.07688  eV     1   --> A              
     e( 50 - 50) =      8.57278  eV     1   --> B              
     e( 51 - 51) =      8.67109  eV     1   --> A              
     e( 52 - 52) =      8.69438  eV     1   --> B              
     e( 53 - 53) =      8.95451  eV     1   --> A              
     e( 54 - 54) =      9.03499  eV     1   --> B              
     e( 55 - 55) =      9.40398  eV     1   --> B              
     e( 56 - 56) =      9.53817  eV     1   --> B              
     e( 57 - 57) =      9.82859  eV     1   --> A              
     e( 58 - 58) =     10.49146  eV     1   --> B              
     e( 59 - 59) =     13.25737  eV     1   --> A              
     e( 60 - 60) =     13.55837  eV     1   --> A              
     e( 61 - 61) =     13.65642  eV     1   --> B              
     e( 62 - 62) =     14.08125  eV     1   --> A              
     e( 63 - 63) =     14.53546  eV     1   --> A              
     e( 64 - 64) =     14.83397  eV     1   --> B              
     e( 65 - 65) =     16.21489  eV     1   --> A              
     e( 66 - 66) =     17.42299  eV     1   --> A              
     e( 67 - 67) =     18.14535  eV     1   --> B              
     e( 68 - 68) =     18.75834  eV     1   --> A              
     e( 69 - 69) =     18.85872  eV     1   --> B              
     e( 70 - 70) =     20.61536  eV     1   --> A              
     e( 71 - 71) =     20.87635  eV     1   --> B              
     e( 72 - 72) =     21.55547  eV     1   --> B              
     e( 73 - 73) =     21.63230  eV     1   --> A              
     e( 74 - 74) =     22.52849  eV     1   --> A              
     e( 75 - 75) =     22.57718  eV     1   --> A              
     e( 76 - 76) =     22.85218  eV     1   --> A              
     e( 77 - 77) =     24.00016  eV     1   --> B              
     e( 78 - 78) =     24.11510  eV     1   --> A              
     e( 79 - 79) =     24.11876  eV     1   --> B              
     e( 80 - 80) =     24.59914  eV     1   --> A              

 **************************************************************************

 **************************************************************************

                    xk=(   0.00000,   0.12297,   0.00000  )

     Band symmetry, C_2  (2)    point group:

     e(  1 -  1) =    -93.68824  eV     1   --> A              
     e(  2 -  2) =    -68.87014  eV     1   --> A              
     e(  3 -  3) =    -64.33159  eV     1   --> A              
     e(  4 -  4) =    -64.32235  eV     1   --> A              
     e(  5 -  5) =    -54.29106  eV     1   --> B              
     e(  6 -  6) =    -54.27336  eV     1   --> B              
     e(  7 -  7) =    -54.25012  eV     1   --> A              
     e(  8 -  8) =    -37.92572  eV     1   --> B              
     e(  9 -  9) =    -37.91772  eV     1   --> A              
     e( 10 - 10) =    -37.90156  eV     1   --> B              
     e( 11 - 11) =    -28.77762  eV     1   --> B              
     e( 12 - 12) =    -28.72450  eV     1   --> A              
     e( 13 - 13) =    -28.68822  eV     1   --> B              
     e( 14 - 14) =    -28.62009  eV     1   --> B              
     e( 15 - 15) =    -28.61435  eV     1   --> A              
     e( 16 - 16) =    -28.55485  eV     1   --> B              
     e( 17 - 17) =     -8.56369  eV     1   --> A              
     e( 18 - 18) =     -7.38802  eV     1   --> A              
     e( 19 - 19) =     -7.15107  eV     1   --> A              
     e( 20 - 20) =     -7.04935  eV     1   --> B              
     e( 21 - 21) =     -6.96749  eV     1   --> B              
     e( 22 - 22) =     -6.79232  eV     1   --> A              
     e( 23 - 23) =     -6.52126  eV     1   --> B              
     e( 24 - 24) =     -6.28127  eV     1   --> B              
     e( 25 - 25) =      2.29712  eV     1   --> B              
     e( 26 - 26) =      2.34875  eV     1   --> A              
     e( 27 - 27) =      3.14233  eV     1   --> A              
     e( 28 - 28) =      3.38342  eV     1   --> A              
     e( 29 - 29) =      3.50224  eV     1   --> B              
     e( 30 - 30) =      3.70282  eV     1   --> A              
     e( 31 - 31) =      4.33136  eV     1   --> A              
     e( 32 - 32) =      4.35531  eV     1   --> B              
     e( 33 - 33) =      4.65079  eV     1   --> A              
     e( 34 - 34) =      4.88057  eV     1   --> B              
     e( 35 - 35) =      5.01089  eV     1   --> A              
     e( 36 - 36) =      5.25743  eV     1   --> A              
     e( 37 - 37) =      5.84222  eV     1   --> B              
     e( 38 - 38) =      6.02497  eV     1   --> A              
     e( 39 - 39) =      6.19753  eV     1   --> A              
     e( 40 - 40) =      6.31228  eV     1   --> B              
     e( 41 - 41) =      6.57532  eV     1   --> A              
     e( 42 - 42) =      6.77018  eV     1   --> B              
     e( 43 - 43) =      7.08844  eV     1   --> B              
     e( 44 - 44) =      7.23895  eV     1   --> A              
     e( 45 - 45) =      7.55442  eV     1   --> B              
     e( 46 - 46) =      7.71063  eV     1   --> A              
     e( 47 - 47) =      7.87336  eV     1   --> B              
     e( 48 - 48) =      8.01629  eV     1   --> A              
     e( 49 - 49) =      8.09835  eV     1   --> A              
     e( 50 - 50) =      8.56155  eV     1   --> B              
     e( 51 - 51) =      8.63735  eV     1   --> A              
     e( 52 - 52) =      8.68868  eV     1   --> B              
     e( 53 - 53) =      8.98451  eV     1   --> A              
     e( 54 - 54) =      9.03540  eV     1   --> B              
     e( 55 - 55) =      9.38762  eV     1   --> B              
     e( 56 - 56) =      9.54296  eV     1   --> B              
     e( 57 - 57) =      9.85670  eV     1   --> A              
     e( 58 - 58) =     10.49720  eV     1   --> B              
     e( 59 - 59) =     13.26447  eV     1   --> A              
     e( 60 - 60) =     13.50873  eV     1   --> A              
     e( 61 - 61) =     13.67253  eV     1   --> B              
     e( 62 - 62) =     14.11750  eV     1   --> A              
     e( 63 - 63) =     14.53243  eV     1   --> A              
     e( 64 - 64) =     14.81847  eV     1   --> B              
     e( 65 - 65) =     16.28565  eV     1   --> A              
     e( 66 - 66) =     17.43148  eV     1   --> A              
     e( 67 - 67) =     18.07986  eV     1   --> B              
     e( 68 - 68) =     18.74657  eV     1   --> A              
     e( 69 - 69) =     18.87835  eV     1   --> B              
     e( 70 - 70) =     20.53516  eV     1   --> A              
     e( 71 - 71) =     20.89855  eV     1   --> B              
     e( 72 - 72) =     21.62573  eV     1   --> B              
     e( 73 - 73) =     21.64161  eV     1   --> A              
     e( 74 - 74) =     22.52686  eV     1   --> A              
     e( 75 - 75) =     22.61283  eV     1   --> A              
     e( 76 - 76) =     22.86368  eV     1   --> A              
     e( 77 - 77) =     23.95782  eV     1   --> B              
     e( 78 - 78) =     24.07338  eV     1   --> B              
     e( 79 - 79) =     24.10301  eV     1   --> A              
     e( 80 - 80) =     24.63104  eV     1   --> A              

 **************************************************************************

 **************************************************************************

                    xk=(   0.00000,   0.14347,   0.00000  )

     Band symmetry, C_2  (2)    point group:

     e(  1 -  1) =    -93.68824  eV     1   --> A              
     e(  2 -  2) =    -68.87014  eV     1   --> A              
     e(  3 -  3) =    -64.33159  eV     1   --> A              
     e(  4 -  4) =    -64.32234  eV     1   --> A              
     e(  5 -  5) =    -54.29106  eV     1   --> B              
     e(  6 -  6) =    -54.27336  eV     1   --> B              
     e(  7 -  7) =    -54.25012  eV     1   --> A              
     e(  8 -  8) =    -37.92572  eV     1   --> B              
     e(  9 -  9) =    -37.91771  eV     1   --> A              
     e( 10 - 10) =    -37.90156  eV     1   --> B              
     e( 11 - 11) =    -28.77755  eV     1   --> B              
     e( 12 - 12) =    -28.72429  eV     1   --> A              
     e( 13 - 13) =    -28.68823  eV     1   --> B              
     e( 14 - 14) =    -28.62014  eV     1   --> B              
     e( 15 - 15) =    -28.61459  eV     1   --> A              
     e( 16 - 16) =    -28.55492  eV     1   --> B              
     e( 17 - 17) =     -8.54691  eV     1   --> A              
     e( 18 - 18) =     -7.40182  eV     1   --> A              
     e( 19 - 19) =     -7.16092  eV     1   --> A              
     e( 20 - 20) =     -7.05105  eV     1   --> B              
     e( 21 - 21) =     -6.96491  eV     1   --> B              
     e( 22 - 22) =     -6.79123  eV     1   --> A              
     e( 23 - 23) =     -6.52286  eV     1   --> B              
     e( 24 - 24) =     -6.28159  eV     1   --> B              
     e( 25 - 25) =      2.31101  eV     1   --> B              
     e( 26 - 26) =      2.35340  eV     1   --> A              
     e( 27 - 27) =      3.15520  eV     1   --> A              
     e( 28 - 28) =      3.39655  eV     1   --> A              
     e( 29 - 29) =      3.50176  eV     1   --> B              
     e( 30 - 30) =      3.73148  eV     1   --> A              
     e( 31 - 31) =      4.33608  eV     1   --> A              
     e( 32 - 32) =      4.35925  eV     1   --> B              
     e( 33 - 33) =      4.66667  eV     1   --> A              
     e( 34 - 34) =      4.85665  eV     1   --> B              
     e( 35 - 35) =      5.00114  eV     1   --> A              
     e( 36 - 36) =      5.25020  eV     1   --> A              
     e( 37 - 37) =      5.80387  eV     1   --> B              
     e( 38 - 38) =      6.01869  eV     1   --> A              
     e( 39 - 39) =      6.14654  eV     1   --> A              
     e( 40 - 40) =      6.30303  eV     1   --> B              
     e( 41 - 41) =      6.55930  eV     1   --> A              
     e( 42 - 42) =      6.77828  eV     1   --> B              
     e( 43 - 43) =      7.12319  eV     1   --> B              
     e( 44 - 44) =      7.22331  eV     1   --> A              
     e( 45 - 45) =      7.58820  eV     1   --> B              
     e( 46 - 46) =      7.67882  eV     1   --> A              
     e( 47 - 47) =      7.87988  eV     1   --> B              
     e( 48 - 48) =      8.00124  eV     1   --> A              
     e( 49 - 49) =      8.13151  eV     1   --> A              
     e( 50 - 50) =      8.55006  eV     1   --> B              
     e( 51 - 51) =      8.60744  eV     1   --> A              
     e( 52 - 52) =      8.68483  eV     1   --> B              
     e( 53 - 53) =      9.01432  eV     1   --> A              
     e( 54 - 54) =      9.03475  eV     1   --> B              
     e( 55 - 55) =      9.36974  eV     1   --> B              
     e( 56 - 56) =      9.54653  eV     1   --> B              
     e( 57 - 57) =      9.88754  eV     1   --> A              
     e( 58 - 58) =     10.50397  eV     1   --> B              
     e( 59 - 59) =     13.26975  eV     1   --> A              
     e( 60 - 60) =     13.46474  eV     1   --> A              
     e( 61 - 61) =     13.69138  eV     1   --> B              
     e( 62 - 62) =     14.14628  eV     1   --> A              
     e( 63 - 63) =     14.53218  eV     1   --> A              
     e( 64 - 64) =     14.80038  eV     1   --> B              
     e( 65 - 65) =     16.36657  eV     1   --> A              
     e( 66 - 66) =     17.44099  eV     1   --> A              
     e( 67 - 67) =     18.01229  eV     1   --> B              
     e( 68 - 68) =     18.73127  eV     1   --> A              
     e( 69 - 69) =     18.89367  eV     1   --> B              
     e( 70 - 70) =     20.45131  eV     1   --> A              
     e( 71 - 71) =     20.93012  eV     1   --> B              
     e( 72 - 72) =     21.64645  eV     1   --> A              
     e( 73 - 73) =     21.70237  eV     1   --> B              
     e( 74 - 74) =     22.51827  eV     1   --> A              
     e( 75 - 75) =     22.65091  eV     1   --> A              
     e( 76 - 76) =     22.88630  eV     1   --> A              
     e( 77 - 77) =     23.90430  eV     1   --> B              
     e( 78 - 78) =     24.02221  eV     1   --> B              
     e( 79 - 79) =     24.09197  eV     1   --> A              
     e( 80 - 80) =     24.66535  eV     1   --> A              

 **************************************************************************

 **************************************************************************

                    xk=(   0.00000,   0.16396,   0.00000  )

     Band symmetry, C_2  (2)    point group:

     e(  1 -  1) =    -93.68824  eV     1   --> A              
     e(  2 -  2) =    -68.87014  eV     1   --> A              
     e(  3 -  3) =    -64.33160  eV     1   --> A              
     e(  4 -  4) =    -64.32232  eV     1   --> A              
     e(  5 -  5) =    -54.29106  eV     1   --> B              
     e(  6 -  6) =    -54.27336  eV     1   --> B              
     e(  7 -  7) =    -54.25012  eV     1   --> A              
     e(  8 -  8) =    -37.92572  eV     1   --> B              
     e(  9 -  9) =    -37.91771  eV     1   --> A              
     e( 10 - 10) =    -37.90156  eV     1   --> B              
     e( 11 - 11) =    -28.77747  eV     1   --> B              
     e( 12 - 12) =    -28.72407  eV     1   --> A              
     e( 13 - 13) =    -28.68824  eV     1   --> B              
     e( 14 - 14) =    -28.62019  eV     1   --> B              
     e( 15 - 15) =    -28.61486  eV     1   --> A              
     e( 16 - 16) =    -28.55498  eV     1   --> B              
     e( 17 - 17) =     -8.52795  eV     1   --> A              
     e( 18 - 18) =     -7.42037  eV     1   --> A              
     e( 19 - 19) =     -7.16755  eV     1   --> A              
     e( 20 - 20) =     -7.05279  eV     1   --> B              
     e( 21 - 21) =     -6.96220  eV     1   --> B              
     e( 22 - 22) =     -6.79127  eV     1   --> A              
     e( 23 - 23) =     -6.52459  eV     1   --> B              
     e( 24 - 24) =     -6.28193  eV     1   --> B              
     e( 25 - 25) =      2.32630  eV     1   --> B              
     e( 26 - 26) =      2.35835  eV     1   --> A              
     e( 27 - 27) =      3.16975  eV     1   --> A              
     e( 28 - 28) =      3.41139  eV     1   --> A              
     e( 29 - 29) =      3.50134  eV     1   --> B              
     e( 30 - 30) =      3.76310  eV     1   --> A              
     e( 31 - 31) =      4.34121  eV     1   --> A              
     e( 32 - 32) =      4.36346  eV     1   --> B              
     e( 33 - 33) =      4.68143  eV     1   --> A              
     e( 34 - 34) =      4.83063  eV     1   --> B              
     e( 35 - 35) =      4.99019  eV     1   --> A              
     e( 36 - 36) =      5.24398  eV     1   --> A              
     e( 37 - 37) =      5.75945  eV     1   --> B              
     e( 38 - 38) =      6.00157  eV     1   --> A              
     e( 39 - 39) =      6.10725  eV     1   --> A              
     e( 40 - 40) =      6.30392  eV     1   --> B              
     e( 41 - 41) =      6.53883  eV     1   --> A              
     e( 42 - 42) =      6.78538  eV     1   --> B              
     e( 43 - 43) =      7.15522  eV     1   --> B              
     e( 44 - 44) =      7.21221  eV     1   --> A              
     e( 45 - 45) =      7.62141  eV     1   --> B              
     e( 46 - 46) =      7.63547  eV     1   --> A              
     e( 47 - 47) =      7.88757  eV     1   --> B              
     e( 48 - 48) =      7.98653  eV     1   --> A              
     e( 49 - 49) =      8.15841  eV     1   --> A              
     e( 50 - 50) =      8.53858  eV     1   --> B              
     e( 51 - 51) =      8.58730  eV     1   --> A              
     e( 52 - 52) =      8.68377  eV     1   --> B              
     e( 53 - 53) =      9.03289  eV     1   --> B              
     e( 54 - 54) =      9.04285  eV     1   --> A              
     e( 55 - 55) =      9.35094  eV     1   --> B              
     e( 56 - 56) =      9.54839  eV     1   --> B              
     e( 57 - 57) =      9.92036  eV     1   --> A              
     e( 58 - 58) =     10.51167  eV     1   --> B              
     e( 59 - 59) =     13.26898  eV     1   --> A              
     e( 60 - 60) =     13.43104  eV     1   --> A              
     e( 61 - 61) =     13.71285  eV     1   --> B              
     e( 62 - 62) =     14.16611  eV     1   --> A              
     e( 63 - 63) =     14.53613  eV     1   --> A              
     e( 64 - 64) =     14.77981  eV     1   --> B              
     e( 65 - 65) =     16.45653  eV     1   --> A              
     e( 66 - 66) =     17.45127  eV     1   --> A              
     e( 67 - 67) =     17.94416  eV     1   --> B              
     e( 68 - 68) =     18.71170  eV     1   --> A              
     e( 69 - 69) =     18.90439  eV     1   --> B              
     e( 70 - 70) =     20.36612  eV     1   --> A              
     e( 71 - 71) =     20.97162  eV     1   --> B              
     e( 72 - 72) =     21.64682  eV     1   --> A              
     e( 73 - 73) =     21.78397  eV     1   --> B              
     e( 74 - 74) =     22.50410  eV     1   --> A              
     e( 75 - 75) =     22.68700  eV     1   --> A              
     e( 76 - 76) =     22.92226  eV     1   --> A              
     e( 77 - 77) =     23.83689  eV     1   --> B              
     e( 78 - 78) =     23.96876  eV     1   --> B              
     e( 79 - 79) =     24.08252  eV     1   --> A              
     e( 80 - 80) =     24.70008  eV     1   --> A              

 **************************************************************************

 **************************************************************************

                    xk=(   0.00000,   0.18446,   0.00000  )

     Band symmetry, C_2  (2)    point group:

     e(  1 -  1) =    -93.68824  eV     1   --> A              
     e(  2 -  2) =    -68.87014  eV     1   --> A              
     e(  3 -  3) =    -64.33160  eV     1   --> A              
     e(  4 -  4) =    -64.32230  eV     1   --> A              
     e(  5 -  5) =    -54.29106  eV     1   --> B              
     e(  6 -  6) =    -54.27336  eV     1   --> B              
     e(  7 -  7) =    -54.25012  eV     1   --> A              
     e(  8 -  8) =    -37.92572  eV     1   --> B              
     e(  9 -  9) =    -37.91771  eV     1   --> A              
     e( 10 - 10) =    -37.90157  eV     1   --> B              
     e( 11 - 11) =    -28.77739  eV     1   --> B              
     e( 12 - 12) =    -28.72383  eV     1   --> A              
     e( 13 - 13) =    -28.68825  eV     1   --> B              
     e( 14 - 14) =    -28.62024  eV     1   --> B              
     e( 15 - 15) =    -28.61514  eV     1   --> A              
     e( 16 - 16) =    -28.55505  eV     1   --> B              
     e( 17 - 17) =     -8.50701  eV     1   --> A              
     e( 18 - 18) =     -7.44359  eV     1   --> A              
     e( 19 - 19) =     -7.17058  eV     1   --> A              
     e( 20 - 20) =     -7.05454  eV     1   --> B              
     e( 21 - 21) =     -6.95944  eV     1   --> B              
     e( 22 - 22) =     -6.79252  eV     1   --> A              
     e( 23 - 23) =     -6.52643  eV     1   --> B              
     e( 24 - 24) =     -6.28228  eV     1   --> B              
     e( 25 - 25) =      2.34270  eV     1   --> B              
     e( 26 - 26) =      2.36346  eV     1   --> A              
     e( 27 - 27) =      3.18579  eV     1   --> A              
     e( 28 - 28) =      3.42768  eV     1   --> A              
     e( 29 - 29) =      3.50105  eV     1   --> B              
     e( 30 - 30) =      3.79713  eV     1   --> A              
     e( 31 - 31) =      4.34670  eV     1   --> A              
     e( 32 - 32) =      4.36780  eV     1   --> B              
     e( 33 - 33) =      4.69359  eV     1   --> A              
     e( 34 - 34) =      4.80312  eV     1   --> B              
     e( 35 - 35) =      4.97802  eV     1   --> A              
     e( 36 - 36) =      5.23991  eV     1   --> A              
     e( 37 - 37) =      5.71150  eV     1   --> B              
     e( 38 - 38) =      5.96466  eV     1   --> A              
     e( 39 - 39) =      6.09017  eV     1   --> A              
     e( 40 - 40) =      6.31312  eV     1   --> B              
     e( 41 - 41) =      6.51560  eV     1   --> A              
     e( 42 - 42) =      6.79122  eV     1   --> B              
     e( 43 - 43) =      7.18451  eV     1   --> B              
     e( 44 - 44) =      7.20366  eV     1   --> A              
     e( 45 - 45) =      7.58447  eV     1   --> A              
     e( 46 - 46) =      7.65216  eV     1   --> B              
     e( 47 - 47) =      7.89668  eV     1   --> B              
     e( 48 - 48) =      7.97362  eV     1   --> A              
     e( 49 - 49) =      8.16986  eV     1   --> A              
     e( 50 - 50) =      8.52683  eV     1   --> B              
     e( 51 - 51) =      8.58287  eV     1   --> A              
     e( 52 - 52) =      8.68662  eV     1   --> B              
     e( 53 - 53) =      9.02976  eV     1   --> B              
     e( 54 - 54) =      9.06930  eV     1   --> A              
     e( 55 - 55) =      9.33183  eV     1   --> B              
     e( 56 - 56) =      9.54817  eV     1   --> B              
     e( 57 - 57) =      9.95441  eV     1   --> A              
     e( 58 - 58) =     10.52015  eV     1   --> B              
     e( 59 - 59) =     13.25641  eV     1   --> A              
     e( 60 - 60) =     13.41369  eV     1   --> A              
     e( 61 - 61) =     13.73677  eV     1   --> B              
     e( 62 - 62) =     14.17607  eV     1   --> A              
     e( 63 - 63) =     14.54513  eV     1   --> A              
     e( 64 - 64) =     14.75695  eV     1   --> B              
     e( 65 - 65) =     16.55437  eV     1   --> A              
     e( 66 - 66) =     17.46210  eV     1   --> A              
     e( 67 - 67) =     17.87674  eV     1   --> B              
     e( 68 - 68) =     18.68702  eV     1   --> A              
     e( 69 - 69) =     18.91063  eV     1   --> B              
     e( 70 - 70) =     20.28164  eV     1   --> A              
     e( 71 - 71) =     21.02311  eV     1   --> B              
     e( 72 - 72) =     21.64315  eV     1   --> A              
     e( 73 - 73) =     21.86930  eV     1   --> B              
     e( 74 - 74) =     22.48534  eV     1   --> A              
     e( 75 - 75) =     22.71949  eV     1   --> A              
     e( 76 - 76) =     22.97134  eV     1   --> A              
     e( 77 - 77) =     23.75485  eV     1   --> B              
     e( 78 - 78) =     23.91506  eV     1   --> B              
     e( 79 - 79) =     24.07499  eV     1   --> A              
     e( 80 - 80) =     24.73231  eV     1   --> A              

 **************************************************************************

 **************************************************************************

                    xk=(   0.00000,   0.20495,   0.00000  )

     Band symmetry, C_2  (2)    point group:

     e(  1 -  1) =    -93.68824  eV     1   --> A              
     e(  2 -  2) =    -68.87014  eV     1   --> A              
     e(  3 -  3) =    -64.33161  eV     1   --> A              
     e(  4 -  4) =    -64.32228  eV     1   --> A              
     e(  5 -  5) =    -54.29106  eV     1   --> B              
     e(  6 -  6) =    -54.27336  eV     1   --> B              
     e(  7 -  7) =    -54.25012  eV     1   --> A              
     e(  8 -  8) =    -37.92572  eV     1   --> B              
     e(  9 -  9) =    -37.91771  eV     1   --> A              
     e( 10 - 10) =    -37.90157  eV     1   --> B              
     e( 11 - 11) =    -28.77731  eV     1   --> B              
     e( 12 - 12) =    -28.72358  eV     1   --> A              
     e( 13 - 13) =    -28.68826  eV     1   --> B              
     e( 14 - 14) =    -28.62030  eV     1   --> B              
     e( 15 - 15) =    -28.61543  eV     1   --> A              
     e( 16 - 16) =    -28.55513  eV     1   --> B              
     e( 17 - 17) =     -8.48435  eV     1   --> A              
     e( 18 - 18) =     -7.47087  eV     1   --> A              
     e( 19 - 19) =     -7.17021  eV     1   --> A              
     e( 20 - 20) =     -7.05625  eV     1   --> B              
     e( 21 - 21) =     -6.95668  eV     1   --> B              
     e( 22 - 22) =     -6.79500  eV     1   --> A              
     e( 23 - 23) =     -6.52832  eV     1   --> B              
     e( 24 - 24) =     -6.28263  eV     1   --> B              
     e( 25 - 25) =      2.35983  eV     1   --> B              
     e( 26 - 26) =      2.36858  eV     1   --> A              
     e( 27 - 27) =      3.20310  eV     1   --> A              
     e( 28 - 28) =      3.44507  eV     1   --> A              
     e( 29 - 29) =      3.50092  eV     1   --> B              
     e( 30 - 30) =      3.83296  eV     1   --> A              
     e( 31 - 31) =      4.35257  eV     1   --> A              
     e( 32 - 32) =      4.37207  eV     1   --> B              
     e( 33 - 33) =      4.70179  eV     1   --> A              
     e( 34 - 34) =      4.77480  eV     1   --> B              
     e( 35 - 35) =      4.96449  eV     1   --> A              
     e( 36 - 36) =      5.23923  eV     1   --> A              
     e( 37 - 37) =      5.66243  eV     1   --> B              
     e( 38 - 38) =      5.91351  eV     1   --> A              
     e( 39 - 39) =      6.09133  eV     1   --> A              
     e( 40 - 40) =      6.32869  eV     1   --> B              
     e( 41 - 41) =      6.49114  eV     1   --> A              
     e( 42 - 42) =      6.79555  eV     1   --> B              
     e( 43 - 43) =      7.19527  eV     1   --> A              
     e( 44 - 44) =      7.21096  eV     1   --> B              
     e( 45 - 45) =      7.52938  eV     1   --> A              
     e( 46 - 46) =      7.67922  eV     1   --> B              
     e( 47 - 47) =      7.90743  eV     1   --> B              
     e( 48 - 48) =      7.96241  eV     1   --> A              
     e( 49 - 49) =      8.16261  eV     1   --> A              
     e( 50 - 50) =      8.51411  eV     1   --> B              
     e( 51 - 51) =      8.59642  eV     1   --> A              
     e( 52 - 52) =      8.69441  eV     1   --> B              
     e( 53 - 53) =      9.02545  eV     1   --> B              
     e( 54 - 54) =      9.09315  eV     1   --> A              
     e( 55 - 55) =      9.31302  eV     1   --> B              
     e( 56 - 56) =      9.54569  eV     1   --> B              
     e( 57 - 57) =      9.98896  eV     1   --> A              
     e( 58 - 58) =     10.52918  eV     1   --> B              
     e( 59 - 59) =     13.23096  eV     1   --> A              
     e( 60 - 60) =     13.41397  eV     1   --> A              
     e( 61 - 61) =     13.76290  eV     1   --> B              
     e( 62 - 62) =     14.17633  eV     1   --> A              
     e( 63 - 63) =     14.55907  eV     1   --> A              
     e( 64 - 64) =     14.73200  eV     1   --> B              
     e( 65 - 65) =     16.65891  eV     1   --> A              
     e( 66 - 66) =     17.47323  eV     1   --> A              
     e( 67 - 67) =     17.81116  eV     1   --> B              
     e( 68 - 68) =     18.65629  eV     1   --> A              
     e( 69 - 69) =     18.91283  eV     1   --> B              
     e( 70 - 70) =     20.19973  eV     1   --> A              
     e( 71 - 71) =     21.08427  eV     1   --> B              
     e( 72 - 72) =     21.63610  eV     1   --> A              
     e( 73 - 73) =     21.95721  eV     1   --> B              
     e( 74 - 74) =     22.46326  eV     1   --> A              
     e( 75 - 75) =     22.74865  eV     1   --> A              
     e( 76 - 76) =     23.03119  eV     1   --> A              
     e( 77 - 77) =     23.66001  eV     1   --> B              
     e( 78 - 78) =     23.86099  eV     1   --> B              
     e( 79 - 79) =     24.06955  eV     1   --> A              
     e( 80 - 80) =     24.75810  eV     1   --> A              

 **************************************************************************

 **************************************************************************

                    xk=(   0.00000,   0.22545,   0.00000  )

     Band symmetry, C_2  (2)    point group:

     e(  1 -  1) =    -93.68824  eV     1   --> A              
     e(  2 -  2) =    -68.87014  eV     1   --> A              
     e(  3 -  3) =    -64.33161  eV     1   --> A              
     e(  4 -  4) =    -64.32226  eV     1   --> A              
     e(  5 -  5) =    -54.29107  eV     1   --> B              
     e(  6 -  6) =    -54.27336  eV     1   --> B              
     e(  7 -  7) =    -54.25012  eV     1   --> A              
     e(  8 -  8) =    -37.92572  eV     1   --> B              
     e(  9 -  9) =    -37.91771  eV     1   --> A              
     e( 10 - 10) =    -37.90157  eV     1   --> B              
     e( 11 - 11) =    -28.77722  eV     1   --> B              
     e( 12 - 12) =    -28.72333  eV     1   --> A              
     e( 13 - 13) =    -28.68827  eV     1   --> B              
     e( 14 - 14) =    -28.62035  eV     1   --> B              
     e( 15 - 15) =    -28.61572  eV     1   --> A              
     e( 16 - 16) =    -28.55520  eV     1   --> B              
     e( 17 - 17) =     -8.46027  eV     1   --> A              
     e( 18 - 18) =     -7.50124  eV     1   --> A              
     e( 19 - 19) =     -7.16701  eV     1   --> A              
     e( 20 - 20) =     -7.05788  eV     1   --> B              
     e( 21 - 21) =     -6.95398  eV     1   --> B              
     e( 22 - 22) =     -6.79862  eV     1   --> A              
     e( 23 - 23) =     -6.53022  eV     1   --> B              
     e( 24 - 24) =     -6.28298  eV     1   --> B              
     e( 25 - 25) =      2.37360  eV     1   --> A              
     e( 26 - 26) =      2.37731  eV     1   --> B              
     e( 27 - 27) =      3.22137  eV     1   --> A              
     e( 28 - 28) =      3.46312  eV     1   --> A              
     e( 29 - 29) =      3.50098  eV     1   --> B              
     e( 30 - 30) =      3.86990  eV     1   --> A              
     e( 31 - 31) =      4.35880  eV     1   --> A              
     e( 32 - 32) =      4.37605  eV     1   --> B              
     e( 33 - 33) =      4.70511  eV     1   --> A              
     e( 34 - 34) =      4.74640  eV     1   --> B              
     e( 35 - 35) =      4.94936  eV     1   --> A              
     e( 36 - 36) =      5.24297  eV     1   --> A              
     e( 37 - 37) =      5.61423  eV     1   --> B              
     e( 38 - 38) =      5.85739  eV     1   --> A              
     e( 39 - 39) =      6.10295  eV     1   --> A              
     e( 40 - 40) =      6.34890  eV     1   --> B              
     e( 41 - 41) =      6.46667  eV     1   --> A              
     e( 42 - 42) =      6.79819  eV     1   --> B              
     e( 43 - 43) =      7.18399  eV     1   --> A              
     e( 44 - 44) =      7.23431  eV     1   --> B              
     e( 45 - 45) =      7.47398  eV     1   --> A              
     e( 46 - 46) =      7.70226  eV     1   --> B              
     e( 47 - 47) =      7.91980  eV     1   --> B              
     e( 48 - 48) =      7.95260  eV     1   --> A              
     e( 49 - 49) =      8.13985  eV     1   --> A              
     e( 50 - 50) =      8.49961  eV     1   --> B              
     e( 51 - 51) =      8.62454  eV     1   --> A              
     e( 52 - 52) =      8.70769  eV     1   --> B              
     e( 53 - 53) =      9.02012  eV     1   --> B              
     e( 54 - 54) =      9.11413  eV     1   --> A              
     e( 55 - 55) =      9.29505  eV     1   --> B              
     e( 56 - 56) =      9.54092  eV     1   --> B              
     e( 57 - 57) =     10.02325  eV     1   --> A              
     e( 58 - 58) =     10.53851  eV     1   --> B              
     e( 59 - 59) =     13.19809  eV     1   --> A              
     e( 60 - 60) =     13.42657  eV     1   --> A              
     e( 61 - 61) =     13.79094  eV     1   --> B              
     e( 62 - 62) =     14.16808  eV     1   --> A              
     e( 63 - 63) =     14.57686  eV     1   --> A              
     e( 64 - 64) =     14.70525  eV     1   --> B              
     e( 65 - 65) =     16.76894  eV     1   --> A              
     e( 66 - 66) =     17.48446  eV     1   --> A              
     e( 67 - 67) =     17.74845  eV     1   --> B              
     e( 68 - 68) =     18.61854  eV     1   --> A              
     e( 69 - 69) =     18.91167  eV     1   --> B              
     e( 70 - 70) =     20.12212  eV     1   --> A              
     e( 71 - 71) =     21.15448  eV     1   --> B              
     e( 72 - 72) =     21.62647  eV     1   --> A              
     e( 73 - 73) =     22.04655  eV     1   --> B              
     e( 74 - 74) =     22.43929  eV     1   --> A              
     e( 75 - 75) =     22.77525  eV     1   --> A              
     e( 76 - 76) =     23.09877  eV     1   --> A              
     e( 77 - 77) =     23.55530  eV     1   --> B              
     e( 78 - 78) =     23.80568  eV     1   --> B              
     e( 79 - 79) =     24.06628  eV     1   --> A              
     e( 80 - 80) =     24.77253  eV     1   --> A              

 **************************************************************************

 **************************************************************************

                    xk=(   0.00000,   0.24594,   0.00000  )

     Band symmetry, C_2  (2)    point group:

     e(  1 -  1) =    -93.68823  eV     1   --> A              
     e(  2 -  2) =    -68.87014  eV     1   --> A              
     e(  3 -  3) =    -64.33161  eV     1   --> A              
     e(  4 -  4) =    -64.32224  eV     1   --> A              
     e(  5 -  5) =    -54.29107  eV     1   --> B              
     e(  6 -  6) =    -54.27336  eV     1   --> B              
     e(  7 -  7) =    -54.25012  eV     1   --> A              
     e(  8 -  8) =    -37.92572  eV     1   --> B              
     e(  9 -  9) =    -37.91771  eV     1   --> A              
     e( 10 - 10) =    -37.90157  eV     1   --> B              
     e( 11 - 11) =    -28.77714  eV     1   --> B              
     e( 12 - 12) =    -28.72309  eV     1   --> A              
     e( 13 - 13) =    -28.68827  eV     1   --> B              
     e( 14 - 14) =    -28.62041  eV     1   --> B              
     e( 15 - 15) =    -28.61600  eV     1   --> A              
     e( 16 - 16) =    -28.55527  eV     1   --> B              
     e( 17 - 17) =     -8.43516  eV     1   --> A              
     e( 18 - 18) =     -7.53362  eV     1   --> A              
     e( 19 - 19) =     -7.16166  eV     1   --> A              
     e( 20 - 20) =     -7.05942  eV     1   --> B              
     e( 21 - 21) =     -6.95141  eV     1   --> B              
     e( 22 - 22) =     -6.80325  eV     1   --> A              
     e( 23 - 23) =     -6.53208  eV     1   --> B              
     e( 24 - 24) =     -6.28331  eV     1   --> B              
     e( 25 - 25) =      2.37839  eV     1   --> A              
     e( 26 - 26) =      2.39472  eV     1   --> B              
     e( 27 - 27) =      3.24022  eV     1   --> A              
     e( 28 - 28) =      3.48132  eV     1   --> A              
     e( 29 - 29) =      3.50124  eV     1   --> B              
     e( 30 - 30) =      3.90722  eV     1   --> A              
     e( 31 - 31) =      4.36541  eV     1   --> A              
     e( 32 - 32) =      4.37952  eV     1   --> B              
     e( 33 - 33) =      4.70331  eV     1   --> A              
     e( 34 - 34) =      4.71871  eV     1   --> B              
     e( 35 - 35) =      4.93246  eV     1   --> A              
     e( 36 - 36) =      5.25166  eV     1   --> A              
     e( 37 - 37) =      5.56839  eV     1   --> B              
     e( 38 - 38) =      5.80060  eV     1   --> A              
     e( 39 - 39) =      6.12205  eV     1   --> A              
     e( 40 - 40) =      6.37233  eV     1   --> B              
     e( 41 - 41) =      6.44313  eV     1   --> A              
     e( 42 - 42) =      6.79902  eV     1   --> B              
     e( 43 - 43) =      7.16585  eV     1   --> A              
     e( 44 - 44) =      7.25417  eV     1   --> B              
     e( 45 - 45) =      7.42280  eV     1   --> A              
     e( 46 - 46) =      7.72190  eV     1   --> B              
     e( 47 - 47) =      7.93343  eV     1   --> B              
     e( 48 - 48) =      7.94392  eV     1   --> A              
     e( 49 - 49) =      8.10778  eV     1   --> A              
     e( 50 - 50) =      8.48285  eV     1   --> B              
     e( 51 - 51) =      8.66124  eV     1   --> A              
     e( 52 - 52) =      8.72618  eV     1   --> B              
     e( 53 - 53) =      9.01411  eV     1   --> B              
     e( 54 - 54) =      9.13210  eV     1   --> A              
     e( 55 - 55) =      9.27838  eV     1   --> B              
     e( 56 - 56) =      9.53400  eV     1   --> B              
     e( 57 - 57) =     10.05651  eV     1   --> A              
     e( 58 - 58) =     10.54785  eV     1   --> B              
     e( 59 - 59) =     13.16314  eV     1   --> A              
     e( 60 - 60) =     13.44617  eV     1   --> A              
     e( 61 - 61) =     13.82049  eV     1   --> B              
     e( 62 - 62) =     14.15309  eV     1   --> A              
     e( 63 - 63) =     14.59691  eV     1   --> A              
     e( 64 - 64) =     14.67707  eV     1   --> B              
     e( 65 - 65) =     16.88324  eV     1   --> A              
     e( 66 - 66) =     17.49562  eV     1   --> A              
     e( 67 - 67) =     17.68955  eV     1   --> B              
     e( 68 - 68) =     18.57288  eV     1   --> A              
     e( 69 - 69) =     18.90791  eV     1   --> B              
     e( 70 - 70) =     20.05032  eV     1   --> A              
     e( 71 - 71) =     21.23280  eV     1   --> B              
     e( 72 - 72) =     21.61506  eV     1   --> A              
     e( 73 - 73) =     22.13603  eV     1   --> B              
     e( 74 - 74) =     22.41474  eV     1   --> A              
     e( 75 - 75) =     22.79981  eV     1   --> A              
     e( 76 - 76) =     23.17138  eV     1   --> A              
     e( 77 - 77) =     23.44371  eV     1   --> B              
     e( 78 - 78) =     23.74855  eV     1   --> B              
     e( 79 - 79) =     24.06526  eV     1   --> A              
     e( 80 - 80) =     24.77079  eV     1   --> A              

 **************************************************************************

 **************************************************************************

                    xk=(   0.00000,   0.26644,   0.00000  )

     Band symmetry, C_2  (2)    point group:

     e(  1 -  1) =    -93.68823  eV     1   --> A              
     e(  2 -  2) =    -68.87014  eV     1   --> A              
     e(  3 -  3) =    -64.33162  eV     1   --> A              
     e(  4 -  4) =    -64.32222  eV     1   --> A              
     e(  5 -  5) =    -54.29107  eV     1   --> B              
     e(  6 -  6) =    -54.27336  eV     1   --> B              
     e(  7 -  7) =    -54.25012  eV     1   --> A              
     e(  8 -  8) =    -37.92572  eV     1   --> B              
     e(  9 -  9) =    -37.91771  eV     1   --> A              
     e( 10 - 10) =    -37.90157  eV     1   --> B              
     e( 11 - 11) =    -28.77706  eV     1   --> B              
     e( 12 - 12) =    -28.72286  eV     1   --> A              
     e( 13 - 13) =    -28.68828  eV     1   --> B              
     e( 14 - 14) =    -28.62046  eV     1   --> B              
     e( 15 - 15) =    -28.61627  eV     1   --> A              
     e( 16 - 16) =    -28.55534  eV     1   --> B              
     e( 17 - 17) =     -8.40952  eV     1   --> A              
     e( 18 - 18) =     -7.56688  eV     1   --> A              
     e( 19 - 19) =     -7.15483  eV     1   --> A              
     e( 20 - 20) =     -7.06082  eV     1   --> B              
     e( 21 - 21) =     -6.94901  eV     1   --> B              
     e( 22 - 22) =     -6.80865  eV     1   --> A              
     e( 23 - 23) =     -6.53386  eV     1   --> B              
     e( 24 - 24) =     -6.28361  eV     1   --> B              
     e( 25 - 25) =      2.38285  eV     1   --> A              
     e( 26 - 26) =      2.41160  eV     1   --> B              
     e( 27 - 27) =      3.25918  eV     1   --> A              
     e( 28 - 28) =      3.49910  eV     1   --> A              
     e( 29 - 29) =      3.50170  eV     1   --> B              
     e( 30 - 30) =      3.94407  eV     1   --> A              
     e( 31 - 31) =      4.37241  eV     1   --> A              
     e( 32 - 32) =      4.38222  eV     1   --> B              
     e( 33 - 33) =      4.69256  eV     1   --> B              
     e( 34 - 34) =      4.69684  eV     1   --> A              
     e( 35 - 35) =      4.91388  eV     1   --> A              
     e( 36 - 36) =      5.26518  eV     1   --> A              
     e( 37 - 37) =      5.52607  eV     1   --> B              
     e( 38 - 38) =      5.74508  eV     1   --> A              
     e( 39 - 39) =      6.14769  eV     1   --> A              
     e( 40 - 40) =      6.39773  eV     1   --> B              
     e( 41 - 41) =      6.42119  eV     1   --> A              
     e( 42 - 42) =      6.79800  eV     1   --> B              
     e( 43 - 43) =      7.13641  eV     1   --> A              
     e( 44 - 44) =      7.27016  eV     1   --> B              
     e( 45 - 45) =      7.38090  eV     1   --> A              
     e( 46 - 46) =      7.73939  eV     1   --> B              
     e( 47 - 47) =      7.93618  eV     1   --> A              
     e( 48 - 48) =      7.94762  eV     1   --> B              
     e( 49 - 49) =      8.07197  eV     1   --> A              
     e( 50 - 50) =      8.46388  eV     1   --> B              
     e( 51 - 51) =      8.70122  eV     1   --> A              
     e( 52 - 52) =      8.74874  eV     1   --> B              
     e( 53 - 53) =      9.00785  eV     1   --> B              
     e( 54 - 54) =      9.14710  eV     1   --> A              
     e( 55 - 55) =      9.26332  eV     1   --> B              
     e( 56 - 56) =      9.52524  eV     1   --> B              
     e( 57 - 57) =     10.08799  eV     1   --> A              
     e( 58 - 58) =     10.55690  eV     1   --> B              
     e( 59 - 59) =     13.12913  eV     1   --> A              
     e( 60 - 60) =     13.46967  eV     1   --> A              
     e( 61 - 61) =     13.85101  eV     1   --> B              
     e( 62 - 62) =     14.13325  eV     1   --> A              
     e( 63 - 63) =     14.61762  eV     1   --> A              
     e( 64 - 64) =     14.64794  eV     1   --> B              
     e( 65 - 65) =     17.00050  eV     1   --> A              
     e( 66 - 66) =     17.50665  eV     1   --> A              
     e( 67 - 67) =     17.63536  eV     1   --> B              
     e( 68 - 68) =     18.51860  eV     1   --> A              
     e( 69 - 69) =     18.90235  eV     1   --> B              
     e( 70 - 70) =     19.98566  eV     1   --> A              
     e( 71 - 71) =     21.31805  eV     1   --> B              
     e( 72 - 72) =     21.60270  eV     1   --> A              
     e( 73 - 73) =     22.22414  eV     1   --> B              
     e( 74 - 74) =     22.39078  eV     1   --> A              
     e( 75 - 75) =     22.82239  eV     1   --> A              
     e( 76 - 76) =     23.24672  eV     1   --> A              
     e( 77 - 77) =     23.32828  eV     1   --> B              
     e( 78 - 78) =     23.68951  eV     1   --> B              
     e( 79 - 79) =     24.06659  eV     1   --> A              
     e( 80 - 80) =     24.74997  eV     1   --> A              

 **************************************************************************

 **************************************************************************

                    xk=(   0.00000,   0.28693,   0.00000  )

     Band symmetry, C_2  (2)    point group:

     e(  1 -  1) =    -93.68823  eV     1   --> A              
     e(  2 -  2) =    -68.87014  eV     1   --> A              
     e(  3 -  3) =    -64.33162  eV     1   --> A              
     e(  4 -  4) =    -64.32221  eV     1   --> A              
     e(  5 -  5) =    -54.29107  eV     1   --> B              
     e(  6 -  6) =    -54.27336  eV     1   --> B              
     e(  7 -  7) =    -54.25012  eV     1   --> A              
     e(  8 -  8) =    -37.92572  eV     1   --> B              
     e(  9 -  9) =    -37.91771  eV     1   --> A              
     e( 10 - 10) =    -37.90157  eV     1   --> B              
     e( 11 - 11) =    -28.77699  eV     1   --> B              
     e( 12 - 12) =    -28.72264  eV     1   --> A              
     e( 13 - 13) =    -28.68829  eV     1   --> B              
     e( 14 - 14) =    -28.62050  eV     1   --> B              
     e( 15 - 15) =    -28.61653  eV     1   --> A              
     e( 16 - 16) =    -28.55540  eV     1   --> B              
     e( 17 - 17) =     -8.38396  eV     1   --> A              
     e( 18 - 18) =     -7.59990  eV     1   --> A              
     e( 19 - 19) =     -7.14720  eV     1   --> A              
     e( 20 - 20) =     -7.06208  eV     1   --> B              
     e( 21 - 21) =     -6.94683  eV     1   --> B              
     e( 22 - 22) =     -6.81456  eV     1   --> A              
     e( 23 - 23) =     -6.53551  eV     1   --> B              
     e( 24 - 24) =     -6.28390  eV     1   --> B              
     e( 25 - 25) =      2.38688  eV     1   --> A              
     e( 26 - 26) =      2.42749  eV     1   --> B              
     e( 27 - 27) =      3.27771  eV     1   --> A              
     e( 28 - 28) =      3.50234  eV     1   --> B              
     e( 29 - 29) =      3.51589  eV     1   --> A              
     e( 30 - 30) =      3.97954  eV     1   --> A              
     e( 31 - 31) =      4.37973  eV     1   --> A              
     e( 32 - 32) =      4.38398  eV     1   --> B              
     e( 33 - 33) =      4.66875  eV     1   --> B              
     e( 34 - 34) =      4.68673  eV     1   --> A              
     e( 35 - 35) =      4.89411  eV     1   --> A              
     e( 36 - 36) =      5.28282  eV     1   --> A              
     e( 37 - 37) =      5.48809  eV     1   --> B              
     e( 38 - 38) =      5.69189  eV     1   --> A              
     e( 39 - 39) =      6.17937  eV     1   --> A              
     e( 40 - 40) =      6.40139  eV     1   --> A              
     e( 41 - 41) =      6.42398  eV     1   --> B              
     e( 42 - 42) =      6.79521  eV     1   --> B              
     e( 43 - 43) =      7.09340  eV     1   --> A              
     e( 44 - 44) =      7.28207  eV     1   --> B              
     e( 45 - 45) =      7.35137  eV     1   --> A              
     e( 46 - 46) =      7.75598  eV     1   --> B              
     e( 47 - 47) =      7.92920  eV     1   --> A              
     e( 48 - 48) =      7.96157  eV     1   --> B              
     e( 49 - 49) =      8.03643  eV     1   --> A              
     e( 50 - 50) =      8.44320  eV     1   --> B              
     e( 51 - 51) =      8.74080  eV     1   --> A              
     e( 52 - 52) =      8.77359  eV     1   --> B              
     e( 53 - 53) =      9.00194  eV     1   --> B              
     e( 54 - 54) =      9.15924  eV     1   --> A              
     e( 55 - 55) =      9.25008  eV     1   --> B              
     e( 56 - 56) =      9.51509  eV     1   --> B              
     e( 57 - 57) =     10.11696  eV     1   --> A              
     e( 58 - 58) =     10.56538  eV     1   --> B              
     e( 59 - 59) =     13.09771  eV     1   --> A              
     e( 60 - 60) =     13.49515  eV     1   --> A              
     e( 61 - 61) =     13.88181  eV     1   --> B              
     e( 62 - 62) =     14.11032  eV     1   --> A              
     e( 63 - 63) =     14.61853  eV     1   --> B              
     e( 64 - 64) =     14.63766  eV     1   --> A              
     e( 65 - 65) =     17.11918  eV     1   --> A              
     e( 66 - 66) =     17.51772  eV     1   --> A              
     e( 67 - 67) =     17.58665  eV     1   --> B              
     e( 68 - 68) =     18.45532  eV     1   --> A              
     e( 69 - 69) =     18.89578  eV     1   --> B              
     e( 70 - 70) =     19.92910  eV     1   --> A              
     e( 71 - 71) =     21.40872  eV     1   --> B              
     e( 72 - 72) =     21.59016  eV     1   --> A              
     e( 73 - 73) =     22.30876  eV     1   --> B              
     e( 74 - 74) =     22.36836  eV     1   --> A              
     e( 75 - 75) =     22.84281  eV     1   --> A              
     e( 76 - 76) =     23.21238  eV     1   --> B              
     e( 77 - 77) =     23.32269  eV     1   --> A              
     e( 78 - 78) =     23.62894  eV     1   --> B              
     e( 79 - 79) =     24.07053  eV     1   --> A              
     e( 80 - 80) =     24.71051  eV     1   --> A              

 **************************************************************************

 **************************************************************************

                    xk=(   0.00000,   0.30743,   0.00000  )

     Band symmetry, C_2  (2)    point group:

     e(  1 -  1) =    -93.68823  eV     1   --> A              
     e(  2 -  2) =    -68.87014  eV     1   --> A              
     e(  3 -  3) =    -64.33162  eV     1   --> A              
     e(  4 -  4) =    -64.32219  eV     1   --> A              
     e(  5 -  5) =    -54.29107  eV     1   --> B              
     e(  6 -  6) =    -54.27336  eV     1   --> B              
     e(  7 -  7) =    -54.25012  eV     1   --> A              
     e(  8 -  8) =    -37.92572  eV     1   --> B              
     e(  9 -  9) =    -37.91771  eV     1   --> A              
     e( 10 - 10) =    -37.90157  eV     1   --> B              
     e( 11 - 11) =    -28.77693  eV     1   --> B              
     e( 12 - 12) =    -28.72245  eV     1   --> A              
     e( 13 - 13) =    -28.68830  eV     1   --> B              
     e( 14 - 14) =    -28.62055  eV     1   --> B              
     e( 15 - 15) =    -28.61675  eV     1   --> A              
     e( 16 - 16) =    -28.55545  eV     1   --> B              
     e( 17 - 17) =     -8.35926  eV     1   --> A              
     e( 18 - 18) =     -7.63149  eV     1   --> A              
     e( 19 - 19) =     -7.13935  eV     1   --> A              
     e( 20 - 20) =     -7.06318  eV     1   --> B              
     e( 21 - 21) =     -6.94491  eV     1   --> B              
     e( 22 - 22) =     -6.82062  eV     1   --> A              
     e( 23 - 23) =     -6.53699  eV     1   --> B              
     e( 24 - 24) =     -6.28414  eV     1   --> B              
     e( 25 - 25) =      2.39041  eV     1   --> A              
     e( 26 - 26) =      2.44192  eV     1   --> B              
     e( 27 - 27) =      3.29517  eV     1   --> A              
     e( 28 - 28) =      3.50310  eV     1   --> B              
     e( 29 - 29) =      3.53109  eV     1   --> A              
     e( 30 - 30) =      4.01260  eV     1   --> A              
     e( 31 - 31) =      4.38470  eV     1   --> B              
     e( 32 - 32) =      4.38721  eV     1   --> A              
     e( 33 - 33) =      4.64799  eV     1   --> B              
     e( 34 - 34) =      4.67438  eV     1   --> A              
     e( 35 - 35) =      4.87401  eV     1   --> A              
     e( 36 - 36) =      5.30368  eV     1   --> A              
     e( 37 - 37) =      5.45509  eV     1   --> B              
     e( 38 - 38) =      5.64171  eV     1   --> A              
     e( 39 - 39) =      6.21633  eV     1   --> A              
     e( 40 - 40) =      6.38413  eV     1   --> A              
     e( 41 - 41) =      6.44994  eV     1   --> B              
     e( 42 - 42) =      6.79083  eV     1   --> B              
     e( 43 - 43) =      7.03914  eV     1   --> A              
     e( 44 - 44) =      7.29008  eV     1   --> B              
     e( 45 - 45) =      7.33309  eV     1   --> A              
     e( 46 - 46) =      7.77239  eV     1   --> B              
     e( 47 - 47) =      7.92277  eV     1   --> A              
     e( 48 - 48) =      7.97452  eV     1   --> B              
     e( 49 - 49) =      8.00394  eV     1   --> A              
     e( 50 - 50) =      8.42174  eV     1   --> B              
     e( 51 - 51) =      8.77753  eV     1   --> A              
     e( 52 - 52) =      8.79859  eV     1   --> B              
     e( 53 - 53) =      8.99706  eV     1   --> B              
     e( 54 - 54) =      9.16872  eV     1   --> A              
     e( 55 - 55) =      9.23876  eV     1   --> B              
     e( 56 - 56) =      9.50417  eV     1   --> B              
     e( 57 - 57) =     10.14275  eV     1   --> A              
     e( 58 - 58) =     10.57301  eV     1   --> B              
     e( 59 - 59) =     13.06988  eV     1   --> A              
     e( 60 - 60) =     13.52117  eV     1   --> A              
     e( 61 - 61) =     13.91196  eV     1   --> B              
     e( 62 - 62) =     14.08599  eV     1   --> A              
     e( 63 - 63) =     14.58967  eV     1   --> B              
     e( 64 - 64) =     14.65600  eV     1   --> A              
     e( 65 - 65) =     17.23706  eV     1   --> A              
     e( 66 - 66) =     17.52964  eV     1   --> A              
     e( 67 - 67) =     17.54415  eV     1   --> B              
     e( 68 - 68) =     18.38308  eV     1   --> A              
     e( 69 - 69) =     18.88892  eV     1   --> B              
     e( 70 - 70) =     19.88130  eV     1   --> A              
     e( 71 - 71) =     21.50280  eV     1   --> B              
     e( 72 - 72) =     21.57819  eV     1   --> A              
     e( 73 - 73) =     22.34825  eV     1   --> A              
     e( 74 - 74) =     22.38671  eV     1   --> B              
     e( 75 - 75) =     22.86077  eV     1   --> A              
     e( 76 - 76) =     23.10039  eV     1   --> B              
     e( 77 - 77) =     23.39699  eV     1   --> A              
     e( 78 - 78) =     23.56777  eV     1   --> B              
     e( 79 - 79) =     24.07751  eV     1   --> A              
     e( 80 - 80) =     24.65606  eV     1   --> A              

 **************************************************************************

 **************************************************************************

                    xk=(   0.00000,   0.32792,   0.00000  )

     Band symmetry, C_2  (2)    point group:

     e(  1 -  1) =    -93.68823  eV     1   --> A              
     e(  2 -  2) =    -68.87014  eV     1   --> A              
     e(  3 -  3) =    -64.33163  eV     1   --> A              
     e(  4 -  4) =    -64.32218  eV     1   --> A              
     e(  5 -  5) =    -54.29107  eV     1   --> B              
     e(  6 -  6) =    -54.27336  eV     1   --> B              
     e(  7 -  7) =    -54.25012  eV     1   --> A              
     e(  8 -  8) =    -37.92572  eV     1   --> B              
     e(  9 -  9) =    -37.91771  eV     1   --> A              
     e( 10 - 10) =    -37.90157  eV     1   --> B              
     e( 11 - 11) =    -28.77687  eV     1   --> B              
     e( 12 - 12) =    -28.72229  eV     1   --> A              
     e( 13 - 13) =    -28.68830  eV     1   --> B              
     e( 14 - 14) =    -28.62058  eV     1   --> B              
     e( 15 - 15) =    -28.61695  eV     1   --> A              
     e( 16 - 16) =    -28.55550  eV     1   --> B              
     e( 17 - 17) =     -8.33640  eV     1   --> A              
     e( 18 - 18) =     -7.66036  eV     1   --> A              
     e( 19 - 19) =     -7.13187  eV     1   --> A              
     e( 20 - 20) =     -7.06409  eV     1   --> B              
     e( 21 - 21) =     -6.94328  eV     1   --> B              
     e( 22 - 22) =     -6.82645  eV     1   --> A              
     e( 23 - 23) =     -6.53826  eV     1   --> B              
     e( 24 - 24) =     -6.28435  eV     1   --> B              
     e( 25 - 25) =      2.39337  eV     1   --> A              
     e( 26 - 26) =      2.45446  eV     1   --> B              
     e( 27 - 27) =      3.31088  eV     1   --> A              
     e( 28 - 28) =      3.50391  eV     1   --> B              
     e( 29 - 29) =      3.54419  eV     1   --> A              
     e( 30 - 30) =      4.04214  eV     1   --> A              
     e( 31 - 31) =      4.38444  eV     1   --> B              
     e( 32 - 32) =      4.39453  eV     1   --> A              
     e( 33 - 33) =      4.63083  eV     1   --> B              
     e( 34 - 34) =      4.66129  eV     1   --> A              
     e( 35 - 35) =      4.85474  eV     1   --> A              
     e( 36 - 36) =      5.32690  eV     1   --> A              
     e( 37 - 37) =      5.42753  eV     1   --> B              
     e( 38 - 38) =      5.59494  eV     1   --> A              
     e( 39 - 39) =      6.25712  eV     1   --> A              
     e( 40 - 40) =      6.36982  eV     1   --> A              
     e( 41 - 41) =      6.47442  eV     1   --> B              
     e( 42 - 42) =      6.78527  eV     1   --> B              
     e( 43 - 43) =      6.97900  eV     1   --> A              
     e( 44 - 44) =      7.29474  eV     1   --> B              
     e( 45 - 45) =      7.32255  eV     1   --> A              
     e( 46 - 46) =      7.78860  eV     1   --> B              
     e( 47 - 47) =      7.91659  eV     1   --> A              
     e( 48 - 48) =      7.97654  eV     1   --> A              
     e( 49 - 49) =      7.98582  eV     1   --> B              
     e( 50 - 50) =      8.40075  eV     1   --> B              
     e( 51 - 51) =      8.80968  eV     1   --> A              
     e( 52 - 52) =      8.82151  eV     1   --> B              
     e( 53 - 53) =      8.99384  eV     1   --> B              
     e( 54 - 54) =      9.17581  eV     1   --> A              
     e( 55 - 55) =      9.22938  eV     1   --> B              
     e( 56 - 56) =      9.49324  eV     1   --> B              
     e( 57 - 57) =     10.16474  eV     1   --> A              
     e( 58 - 58) =     10.57957  eV     1   --> B              
     e( 59 - 59) =     13.04631  eV     1   --> A              
     e( 60 - 60) =     13.54631  eV     1   --> A              
     e( 61 - 61) =     13.94028  eV     1   --> B              
     e( 62 - 62) =     14.06190  eV     1   --> A              
     e( 63 - 63) =     14.56251  eV     1   --> B              
     e( 64 - 64) =     14.67186  eV     1   --> A              
     e( 65 - 65) =     17.34957  eV     1   --> A              
     e( 66 - 66) =     17.50848  eV     1   --> B              
     e( 67 - 67) =     17.54541  eV     1   --> A              
     e( 68 - 68) =     18.30252  eV     1   --> A              
     e( 69 - 69) =     18.88241  eV     1   --> B              
     e( 70 - 70) =     19.84251  eV     1   --> A              
     e( 71 - 71) =     21.56743  eV     1   --> A              
     e( 72 - 72) =     21.59745  eV     1   --> B              
     e( 73 - 73) =     22.33106  eV     1   --> A              
     e( 74 - 74) =     22.45259  eV     1   --> B              
     e( 75 - 75) =     22.87596  eV     1   --> A              
     e( 76 - 76) =     22.99895  eV     1   --> B              
     e( 77 - 77) =     23.46680  eV     1   --> A              
     e( 78 - 78) =     23.50766  eV     1   --> B              
     e( 79 - 79) =     24.08820  eV     1   --> A              
     e( 80 - 80) =     24.59211  eV     1   --> A              

 **************************************************************************

 **************************************************************************

                    xk=(   0.00000,   0.34842,   0.00000  )

     Band symmetry, C_2  (2)    point group:

     e(  1 -  1) =    -93.68823  eV     1   --> A              
     e(  2 -  2) =    -68.87014  eV     1   --> A              
     e(  3 -  3) =    -64.33163  eV     1   --> A              
     e(  4 -  4) =    -64.32217  eV     1   --> A              
     e(  5 -  5) =    -54.29107  eV     1   --> B              
     e(  6 -  6) =    -54.27336  eV     1   --> B              
     e(  7 -  7) =    -54.25012  eV     1   --> A              
     e(  8 -  8) =    -37.92573  eV     1   --> B              
     e(  9 -  9) =    -37.91771  eV     1   --> A              
     e( 10 - 10) =    -37.90157  eV     1   --> B              
     e( 11 - 11) =    -28.77683  eV     1   --> B              
     e( 12 - 12) =    -28.72215  eV     1   --> A              
     e( 13 - 13) =    -28.68831  eV     1   --> B              
     e( 14 - 14) =    -28.62061  eV     1   --> B              
     e( 15 - 15) =    -28.61710  eV     1   --> A              
     e( 16 - 16) =    -28.55554  eV     1   --> B              
     e( 17 - 17) =     -8.31653  eV     1   --> A              
     e( 18 - 18) =     -7.68512  eV     1   --> A              
     e( 19 - 19) =     -7.12532  eV     1   --> A              
     e( 20 - 20) =     -7.06481  eV     1   --> B              
     e( 21 - 21) =     -6.94199  eV     1   --> B              
     e( 22 - 22) =     -6.83161  eV     1   --> A              
     e( 23 - 23) =     -6.53928  eV     1   --> B              
     e( 24 - 24) =     -6.28451  eV     1   --> B              
     e( 25 - 25) =      2.39573  eV     1   --> A              
     e( 26 - 26) =      2.46468  eV     1   --> B              
     e( 27 - 27) =      3.32411  eV     1   --> A              
     e( 28 - 28) =      3.50467  eV     1   --> B              
     e( 29 - 29) =      3.55477  eV     1   --> A              
     e( 30 - 30) =      4.06698  eV     1   --> A              
     e( 31 - 31) =      4.38348  eV     1   --> B              
     e( 32 - 32) =      4.40120  eV     1   --> A              
     e( 33 - 33) =      4.61756  eV     1   --> B              
     e( 34 - 34) =      4.64903  eV     1   --> A              
     e( 35 - 35) =      4.83764  eV     1   --> A              
     e( 36 - 36) =      5.35190  eV     1   --> A              
     e( 37 - 37) =      5.40577  eV     1   --> B              
     e( 38 - 38) =      5.55182  eV     1   --> A              
     e( 39 - 39) =      6.29880  eV     1   --> A              
     e( 40 - 40) =      6.35913  eV     1   --> A              
     e( 41 - 41) =      6.49606  eV     1   --> B              
     e( 42 - 42) =      6.77915  eV     1   --> B              
     e( 43 - 43) =      6.91895  eV     1   --> A              
     e( 44 - 44) =      7.29693  eV     1   --> B              
     e( 45 - 45) =      7.31663  eV     1   --> A              
     e( 46 - 46) =      7.80374  eV     1   --> B              
     e( 47 - 47) =      7.91030  eV     1   --> A              
     e( 48 - 48) =      7.95577  eV     1   --> A              
     e( 49 - 49) =      7.99500  eV     1   --> B              
     e( 50 - 50) =      8.38175  eV     1   --> B              
     e( 51 - 51) =      8.83599  eV     1   --> A              
     e( 52 - 52) =      8.84039  eV     1   --> B              
     e( 53 - 53) =      8.99265  eV     1   --> B              
     e( 54 - 54) =      9.18083  eV     1   --> A              
     e( 55 - 55) =      9.22196  eV     1   --> B              
     e( 56 - 56) =      9.48321  eV     1   --> B              
     e( 57 - 57) =     10.18242  eV     1   --> A              
     e( 58 - 58) =     10.58487  eV     1   --> B              
     e( 59 - 59) =     13.02749  eV     1   --> A              
     e( 60 - 60) =     13.56898  eV     1   --> A              
     e( 61 - 61) =     13.96528  eV     1   --> B              
     e( 62 - 62) =     14.03986  eV     1   --> A              
     e( 63 - 63) =     14.53848  eV     1   --> B              
     e( 64 - 64) =     14.68471  eV     1   --> A              
     e( 65 - 65) =     17.44286  eV     1   --> A              
     e( 66 - 66) =     17.48017  eV     1   --> B              
     e( 67 - 67) =     17.57695  eV     1   --> A              
     e( 68 - 68) =     18.21505  eV     1   --> A              
     e( 69 - 69) =     18.87678  eV     1   --> B              
     e( 70 - 70) =     19.81272  eV     1   --> A              
     e( 71 - 71) =     21.55843  eV     1   --> A              
     e( 72 - 72) =     21.68829  eV     1   --> B              
     e( 73 - 73) =     22.31724  eV     1   --> A              
     e( 74 - 74) =     22.49756  eV     1   --> B              
     e( 75 - 75) =     22.88808  eV     1   --> A              
     e( 76 - 76) =     22.91858  eV     1   --> B              
     e( 77 - 77) =     23.45140  eV     1   --> B              
     e( 78 - 78) =     23.52848  eV     1   --> A              
     e( 79 - 79) =     24.10323  eV     1   --> A              
     e( 80 - 80) =     24.52495  eV     1   --> A              

 **************************************************************************

 **************************************************************************

                    xk=(   0.00000,   0.36891,   0.00000  )

     Band symmetry, C_2  (2)    point group:

     e(  1 -  1) =    -93.68823  eV     1   --> A              
     e(  2 -  2) =    -68.87014  eV     1   --> A              
     e(  3 -  3) =    -64.33163  eV     1   --> A              
     e(  4 -  4) =    -64.32216  eV     1   --> A              
     e(  5 -  5) =    -54.29107  eV     1   --> B              
     e(  6 -  6) =    -54.27336  eV     1   --> B              
     e(  7 -  7) =    -54.25012  eV     1   --> A              
     e(  8 -  8) =    -37.92573  eV     1   --> B              
     e(  9 -  9) =    -37.91771  eV     1   --> A              
     e( 10 - 10) =    -37.90157  eV     1   --> B              
     e( 11 - 11) =    -28.77679  eV     1   --> B              
     e( 12 - 12) =    -28.72205  eV     1   --> A              
     e( 13 - 13) =    -28.68831  eV     1   --> B              
     e( 14 - 14) =    -28.62063  eV     1   --> B              
     e( 15 - 15) =    -28.61722  eV     1   --> A              
     e( 16 - 16) =    -28.55557  eV     1   --> B              
     e( 17 - 17) =     -8.30096  eV     1   --> A              
     e( 18 - 18) =     -7.70429  eV     1   --> A              
     e( 19 - 19) =     -7.12019  eV     1   --> A              
     e( 20 - 20) =     -7.06533  eV     1   --> B              
     e( 21 - 21) =     -6.94104  eV     1   --> B              
     e( 22 - 22) =     -6.83569  eV     1   --> A              
     e( 23 - 23) =     -6.54003  eV     1   --> B              
     e( 24 - 24) =     -6.28463  eV     1   --> B              
     e( 25 - 25) =      2.39743  eV     1   --> A              
     e( 26 - 26) =      2.47225  eV     1   --> B              
     e( 27 - 27) =      3.33417  eV     1   --> A              
     e( 28 - 28) =      3.50530  eV     1   --> B              
     e( 29 - 29) =      3.56249  eV     1   --> A              
     e( 30 - 30) =      4.08591  eV     1   --> A              
     e( 31 - 31) =      4.38226  eV     1   --> B              
     e( 32 - 32) =      4.40661  eV     1   --> A              
     e( 33 - 33) =      4.60823  eV     1   --> B              
     e( 34 - 34) =      4.63904  eV     1   --> A              
     e( 35 - 35) =      4.82407  eV     1   --> A              
     e( 36 - 36) =      5.37830  eV     1   --> A              
     e( 37 - 37) =      5.39005  eV     1   --> B              
     e( 38 - 38) =      5.51253  eV     1   --> A              
     e( 39 - 39) =      6.33305  eV     1   --> A              
     e( 40 - 40) =      6.35624  eV     1   --> A              
     e( 41 - 41) =      6.51333  eV     1   --> B              
     e( 42 - 42) =      6.77344  eV     1   --> B              
     e( 43 - 43) =      6.86553  eV     1   --> A              
     e( 44 - 44) =      7.29760  eV     1   --> B              
     e( 45 - 45) =      7.31339  eV     1   --> A              
     e( 46 - 46) =      7.81637  eV     1   --> B              
     e( 47 - 47) =      7.90397  eV     1   --> A              
     e( 48 - 48) =      7.94230  eV     1   --> A              
     e( 49 - 49) =      8.00172  eV     1   --> B              
     e( 50 - 50) =      8.36643  eV     1   --> B              
     e( 51 - 51) =      8.85395  eV     1   --> B              
     e( 52 - 52) =      8.85550  eV     1   --> A              
     e( 53 - 53) =      8.99320  eV     1   --> B              
     e( 54 - 54) =      9.18409  eV     1   --> A              
     e( 55 - 55) =      9.21654  eV     1   --> B              
     e( 56 - 56) =      9.47507  eV     1   --> B              
     e( 57 - 57) =     10.19536  eV     1   --> A              
     e( 58 - 58) =     10.58876  eV     1   --> B              
     e( 59 - 59) =     13.01380  eV     1   --> A              
     e( 60 - 60) =     13.58735  eV     1   --> A              
     e( 61 - 61) =     13.98517  eV     1   --> B              
     e( 62 - 62) =     14.02185  eV     1   --> A              
     e( 63 - 63) =     14.51932  eV     1   --> B              
     e( 64 - 64) =     14.69413  eV     1   --> A              
     e( 65 - 65) =     17.45965  eV     1   --> B              
     e( 66 - 66) =     17.49195  eV     1   --> A              
     e( 67 - 67) =     17.64593  eV     1   --> A              
     e( 68 - 68) =     18.12372  eV     1   --> A              
     e( 69 - 69) =     18.87245  eV     1   --> B              
     e( 70 - 70) =     19.79172  eV     1   --> A              
     e( 71 - 71) =     21.55167  eV     1   --> A              
     e( 72 - 72) =     21.76821  eV     1   --> B              
     e( 73 - 73) =     22.30715  eV     1   --> A              
     e( 74 - 74) =     22.51237  eV     1   --> B              
     e( 75 - 75) =     22.87125  eV     1   --> B              
     e( 76 - 76) =     22.89691  eV     1   --> A              
     e( 77 - 77) =     23.40338  eV     1   --> B              
     e( 78 - 78) =     23.57758  eV     1   --> A              
     e( 79 - 79) =     24.12220  eV     1   --> A              
     e( 80 - 80) =     24.46198  eV     1   --> A              

 **************************************************************************

 **************************************************************************

                    xk=(   0.00000,   0.38941,   0.00000  )

     Band symmetry, C_2  (2)    point group:

     e(  1 -  1) =    -93.68823  eV     1   --> A              
     e(  2 -  2) =    -68.87014  eV     1   --> A              
     e(  3 -  3) =    -64.33163  eV     1   --> A              
     e(  4 -  4) =    -64.32216  eV     1   --> A              
     e(  5 -  5) =    -54.29107  eV     1   --> B              
     e(  6 -  6) =    -54.27336  eV     1   --> B              
     e(  7 -  7) =    -54.25012  eV     1   --> A              
     e(  8 -  8) =    -37.92573  eV     1   --> B              
     e(  9 -  9) =    -37.91771  eV     1   --> A              
     e( 10 - 10) =    -37.90157  eV     1   --> B              
     e( 11 - 11) =    -28.77677  eV     1   --> B              
     e( 12 - 12) =    -28.72199  eV     1   --> A              
     e( 13 - 13) =    -28.68831  eV     1   --> B              
     e( 14 - 14) =    -28.62064  eV     1   --> B              
     e( 15 - 15) =    -28.61729  eV     1   --> A              
     e( 16 - 16) =    -28.55558  eV     1   --> B              
     e( 17 - 17) =     -8.29097  eV     1   --> A              
     e( 18 - 18) =     -7.71649  eV     1   --> A              
     e( 19 - 19) =     -7.11693  eV     1   --> A              
     e( 20 - 20) =     -7.06565  eV     1   --> B              
     e( 21 - 21) =     -6.94047  eV     1   --> B              
     e( 22 - 22) =     -6.83831  eV     1   --> A              
     e( 23 - 23) =     -6.54049  eV     1   --> B              
     e( 24 - 24) =     -6.28470  eV     1   --> B              
     e( 25 - 25) =      2.39847  eV     1   --> A              
     e( 26 - 26) =      2.47691  eV     1   --> B              
     e( 27 - 27) =      3.34048  eV     1   --> A              
     e( 28 - 28) =      3.50572  eV     1   --> B              
     e( 29 - 29) =      3.56719  eV     1   --> A              
     e( 30 - 30) =      4.09781  eV     1   --> A              
     e( 31 - 31) =      4.38126  eV     1   --> B              
     e( 32 - 32) =      4.41016  eV     1   --> A              
     e( 33 - 33) =      4.60274  eV     1   --> B              
     e( 34 - 34) =      4.63253  eV     1   --> A              
     e( 35 - 35) =      4.81530  eV     1   --> A              
     e( 36 - 36) =      5.38056  eV     1   --> B              
     e( 37 - 37) =      5.40536  eV     1   --> A              
     e( 38 - 38) =      5.47773  eV     1   --> A              
     e( 39 - 39) =      6.33965  eV     1   --> A              
     e( 40 - 40) =      6.37449  eV     1   --> A              
     e( 41 - 41) =      6.52460  eV     1   --> B              
     e( 42 - 42) =      6.76928  eV     1   --> B              
     e( 43 - 43) =      6.82699  eV     1   --> A              
     e( 44 - 44) =      7.29762  eV     1   --> B              
     e( 45 - 45) =      7.31178  eV     1   --> A              
     e( 46 - 46) =      7.82485  eV     1   --> B              
     e( 47 - 47) =      7.89892  eV     1   --> A              
     e( 48 - 48) =      7.93529  eV     1   --> A              
     e( 49 - 49) =      8.00579  eV     1   --> B              
     e( 50 - 50) =      8.35641  eV     1   --> B              
     e( 51 - 51) =      8.86187  eV     1   --> B              
     e( 52 - 52) =      8.86751  eV     1   --> A              
     e( 53 - 53) =      8.99443  eV     1   --> B              
     e( 54 - 54) =      9.18589  eV     1   --> A              
     e( 55 - 55) =      9.21322  eV     1   --> B              
     e( 56 - 56) =      9.46972  eV     1   --> B              
     e( 57 - 57) =     10.20324  eV     1   --> A              
     e( 58 - 58) =     10.59114  eV     1   --> B              
     e( 59 - 59) =     13.00548  eV     1   --> A              
     e( 60 - 60) =     13.59947  eV     1   --> A              
     e( 61 - 61) =     13.99812  eV     1   --> B              
     e( 62 - 62) =     14.00991  eV     1   --> A              
     e( 63 - 63) =     14.50682  eV     1   --> B              
     e( 64 - 64) =     14.69989  eV     1   --> A              
     e( 65 - 65) =     17.44721  eV     1   --> B              
     e( 66 - 66) =     17.50828  eV     1   --> A              
     e( 67 - 67) =     17.73216  eV     1   --> A              
     e( 68 - 68) =     18.03721  eV     1   --> A              
     e( 69 - 69) =     18.86974  eV     1   --> B              
     e( 70 - 70) =     19.77925  eV     1   --> A              
     e( 71 - 71) =     21.54748  eV     1   --> A              
     e( 72 - 72) =     21.82592  eV     1   --> B              
     e( 73 - 73) =     22.30100  eV     1   --> A              
     e( 74 - 74) =     22.50329  eV     1   --> B              
     e( 75 - 75) =     22.85572  eV     1   --> B              
     e( 76 - 76) =     22.90227  eV     1   --> A              
     e( 77 - 77) =     23.36990  eV     1   --> B              
     e( 78 - 78) =     23.60947  eV     1   --> A              
     e( 79 - 79) =     24.14114  eV     1   --> A              
     e( 80 - 80) =     24.41356  eV     1   --> A              

 **************************************************************************

 **************************************************************************

                    xk=(   0.00000,   0.40990,   0.00000  )

     Band symmetry, C_2  (2)    point group:

     e(  1 -  1) =    -93.68823  eV     1   --> A              
     e(  2 -  2) =    -68.87014  eV     1   --> A              
     e(  3 -  3) =    -64.33163  eV     1   --> A              
     e(  4 -  4) =    -64.32216  eV     1   --> A              
     e(  5 -  5) =    -54.29107  eV     1   --> B              
     e(  6 -  6) =    -54.27336  eV     1   --> B              
     e(  7 -  7) =    -54.25012  eV     1   --> A              
     e(  8 -  8) =    -37.92573  eV     1   --> B              
     e(  9 -  9) =    -37.91771  eV     1   --> A              
     e( 10 - 10) =    -37.90157  eV     1   --> B              
     e( 11 - 11) =    -28.77677  eV     1   --> B              
     e( 12 - 12) =    -28.72197  eV     1   --> A              
     e( 13 - 13) =    -28.68831  eV     1   --> B              
     e( 14 - 14) =    -28.62065  eV     1   --> B              
     e( 15 - 15) =    -28.61731  eV     1   --> A              
     e( 16 - 16) =    -28.55559  eV     1   --> B              
     e( 17 - 17) =     -8.28751  eV     1   --> A              
     e( 18 - 18) =     -7.72069  eV     1   --> A              
     e( 19 - 19) =     -7.11580  eV     1   --> A              
     e( 20 - 20) =     -7.06575  eV     1   --> B              
     e( 21 - 21) =     -6.94028  eV     1   --> B              
     e( 22 - 22) =     -6.83921  eV     1   --> A              
     e( 23 - 23) =     -6.54065  eV     1   --> B              
     e( 24 - 24) =     -6.28473  eV     1   --> B              
     e( 25 - 25) =      2.39881  eV     1   --> A              
     e( 26 - 26) =      2.47848  eV     1   --> B              
     e( 27 - 27) =      3.34262  eV     1   --> A              
     e( 28 - 28) =      3.50587  eV     1   --> B              
     e( 29 - 29) =      3.56877  eV     1   --> A              
     e( 30 - 30) =      4.10188  eV     1   --> A              
     e( 31 - 31) =      4.38088  eV     1   --> B              
     e( 32 - 32) =      4.41139  eV     1   --> A              
     e( 33 - 33) =      4.60093  eV     1   --> B              
     e( 34 - 34) =      4.63027  eV     1   --> A              
     e( 35 - 35) =      4.81227  eV     1   --> A              
     e( 36 - 36) =      5.37738  eV     1   --> B              
     e( 37 - 37) =      5.42407  eV     1   --> A              
     e( 38 - 38) =      5.45644  eV     1   --> A              
     e( 39 - 39) =      6.33900  eV     1   --> A              
     e( 40 - 40) =      6.38492  eV     1   --> A              
     e( 41 - 41) =      6.52854  eV     1   --> B              
     e( 42 - 42) =      6.76775  eV     1   --> B              
     e( 43 - 43) =      6.81259  eV     1   --> A              
     e( 44 - 44) =      7.29756  eV     1   --> B              
     e( 45 - 45) =      7.31130  eV     1   --> A              
     e( 46 - 46) =      7.82785  eV     1   --> B              
     e( 47 - 47) =      7.89698  eV     1   --> A              
     e( 48 - 48) =      7.93319  eV     1   --> A              
     e( 49 - 49) =      8.00715  eV     1   --> B              
     e( 50 - 50) =      8.35292  eV     1   --> B              
     e( 51 - 51) =      8.86444  eV     1   --> B              
     e( 52 - 52) =      8.87156  eV     1   --> A              
     e( 53 - 53) =      8.99503  eV     1   --> B              
     e( 54 - 54) =      9.18647  eV     1   --> A              
     e( 55 - 55) =      9.21209  eV     1   --> B              
     e( 56 - 56) =      9.46786  eV     1   --> B              
     e( 57 - 57) =     10.20589  eV     1   --> A              
     e( 58 - 58) =     10.59193  eV     1   --> B              
     e( 59 - 59) =     13.00269  eV     1   --> A              
     e( 60 - 60) =     13.60373  eV     1   --> A              
     e( 61 - 61) =     14.00263  eV     1   --> B              
     e( 62 - 62) =     14.00571  eV     1   --> A              
     e( 63 - 63) =     14.50247  eV     1   --> B              
     e( 64 - 64) =     14.70182  eV     1   --> A              
     e( 65 - 65) =     17.44304  eV     1   --> B              
     e( 66 - 66) =     17.51220  eV     1   --> A              
     e( 67 - 67) =     17.77946  eV     1   --> A              
     e( 68 - 68) =     17.99133  eV     1   --> A              
     e( 69 - 69) =     18.86881  eV     1   --> B              
     e( 70 - 70) =     19.77512  eV     1   --> A              
     e( 71 - 71) =     21.54606  eV     1   --> A              
     e( 72 - 72) =     21.84754  eV     1   --> B              
     e( 73 - 73) =     22.29893  eV     1   --> A              
     e( 74 - 74) =     22.49548  eV     1   --> B              
     e( 75 - 75) =     22.85400  eV     1   --> B              
     e( 76 - 76) =     22.90407  eV     1   --> A              
     e( 77 - 77) =     23.35768  eV     1   --> B              
     e( 78 - 78) =     23.62056  eV     1   --> A              
     e( 79 - 79) =     24.14996  eV     1   --> A              
     e( 80 - 80) =     24.39436  eV     1   --> A              

 **************************************************************************

 **************************************************************************

                    xk=(   0.02500,   0.40990,   0.00020  )

     point group C_1 (1)    
     there are  1 classes
     the character table:

       E    
A      1.00

     the symmetry operations in each class and the name of the first element:

     E        1
                                                                 

     Band symmetry, C_1 (1)     point group:

     e(  1 -  1) =    -93.68823  eV     1   --> A              
     e(  2 -  2) =    -68.87014  eV     1   --> A              
     e(  3 -  3) =    -64.33163  eV     1   --> A              
     e(  4 -  4) =    -64.32216  eV     1   --> A              
     e(  5 -  5) =    -54.29107  eV     1   --> A              
     e(  6 -  6) =    -54.27336  eV     1   --> A              
     e(  7 -  7) =    -54.25012  eV     1   --> A              
     e(  8 -  8) =    -37.92573  eV     1   --> A              
     e(  9 -  9) =    -37.91771  eV     1   --> A              
     e( 10 - 10) =    -37.90157  eV     1   --> A              
     e( 11 - 11) =    -28.77677  eV     1   --> A              
     e( 12 - 12) =    -28.72197  eV     1   --> A              
     e( 13 - 13) =    -28.68833  eV     1   --> A              
     e( 14 - 14) =    -28.62066  eV     1   --> A              
     e( 15 - 15) =    -28.61731  eV     1   --> A              
     e( 16 - 16) =    -28.55559  eV     1   --> A              
     e( 17 - 17) =     -8.28653  eV     1   --> A              
     e( 18 - 18) =     -7.72012  eV     1   --> A              
     e( 19 - 19) =     -7.11830  eV     1   --> A              
     e( 20 - 20) =     -7.06431  eV     1   --> A              
     e( 21 - 21) =     -6.94379  eV     1   --> A              
     e( 22 - 22) =     -6.83575  eV     1   --> A              
     e( 23 - 23) =     -6.53995  eV     1   --> A              
     e( 24 - 24) =     -6.28590  eV     1   --> A              
     e( 25 - 25) =      2.39821  eV     1   --> A              
     e( 26 - 26) =      2.47653  eV     1   --> A              
     e( 27 - 27) =      3.34238  eV     1   --> A              
     e( 28 - 28) =      3.50414  eV     1   --> A              
     e( 29 - 29) =      3.57186  eV     1   --> A              
     e( 30 - 30) =      4.10475  eV     1   --> A              
     e( 31 - 31) =      4.35594  eV     1   --> A              
     e( 32 - 32) =      4.42539  eV     1   --> A              
     e( 33 - 33) =      4.57117  eV     1   --> A              
     e( 34 - 34) =      4.66350  eV     1   --> A              
     e( 35 - 35) =      4.81957  eV     1   --> A              
     e( 36 - 36) =      5.37414  eV     1   --> A              
     e( 37 - 37) =      5.43149  eV     1   --> A              
     e( 38 - 38) =      5.45608  eV     1   --> A              
     e( 39 - 39) =      6.32802  eV     1   --> A              
     e( 40 - 40) =      6.38892  eV     1   --> A              
     e( 41 - 41) =      6.53454  eV     1   --> A              
     e( 42 - 42) =      6.76824  eV     1   --> A              
     e( 43 - 43) =      6.82077  eV     1   --> A              
     e( 44 - 44) =      7.26529  eV     1   --> A              
     e( 45 - 45) =      7.34240  eV     1   --> A              
     e( 46 - 46) =      7.80842  eV     1   --> A              
     e( 47 - 47) =      7.90439  eV     1   --> A              
     e( 48 - 48) =      7.93440  eV     1   --> A              
     e( 49 - 49) =      8.01324  eV     1   --> A              
     e( 50 - 50) =      8.35249  eV     1   --> A              
     e( 51 - 51) =      8.83603  eV     1   --> A              
     e( 52 - 52) =      8.89501  eV     1   --> A              
     e( 53 - 53) =      8.99044  eV     1   --> A              
     e( 54 - 54) =      9.17894  eV     1   --> A              
     e( 55 - 55) =      9.22333  eV     1   --> A              
     e( 56 - 56) =      9.46679  eV     1   --> A              
     e( 57 - 57) =     10.20768  eV     1   --> A              
     e( 58 - 58) =     10.58827  eV     1   --> A              
     e( 59 - 59) =     13.00412  eV     1   --> A              
     e( 60 - 60) =     13.60349  eV     1   --> A              
     e( 61 - 61) =     13.98307  eV     1   --> A              
     e( 62 - 62) =     14.02866  eV     1   --> A              
     e( 63 - 63) =     14.49777  eV     1   --> A              
     e( 64 - 64) =     14.70294  eV     1   --> A              
     e( 65 - 65) =     17.44697  eV     1   --> A              
     e( 66 - 66) =     17.51509  eV     1   --> A              
     e( 67 - 67) =     17.78508  eV     1   --> A              
     e( 68 - 68) =     17.97887  eV     1   --> A              
     e( 69 - 69) =     18.88040  eV     1   --> A              
     e( 70 - 70) =     19.77542  eV     1   --> A              
     e( 71 - 71) =     21.53318  eV     1   --> A              
     e( 72 - 72) =     21.84154  eV     1   --> A              
     e( 73 - 73) =     22.30440  eV     1   --> A              
     e( 74 - 74) =     22.49440  eV     1   --> A              
     e( 75 - 75) =     22.82328  eV     1   --> A              
     e( 76 - 76) =     22.92517  eV     1   --> A              
     e( 77 - 77) =     23.37528  eV     1   --> A              
     e( 78 - 78) =     23.62413  eV     1   --> A              
     e( 79 - 79) =     24.15140  eV     1   --> A              
     e( 80 - 80) =     24.39671  eV     1   --> A              

 **************************************************************************

 **************************************************************************

                    xk=(   0.05000,   0.40990,   0.00040  )

     Band symmetry, C_1 (1)     point group:

     e(  1 -  1) =    -93.68823  eV     1   --> A              
     e(  2 -  2) =    -68.87014  eV     1   --> A              
     e(  3 -  3) =    -64.33164  eV     1   --> A              
     e(  4 -  4) =    -64.32216  eV     1   --> A              
     e(  5 -  5) =    -54.29107  eV     1   --> A              
     e(  6 -  6) =    -54.27336  eV     1   --> A              
     e(  7 -  7) =    -54.25012  eV     1   --> A              
     e(  8 -  8) =    -37.92573  eV     1   --> A              
     e(  9 -  9) =    -37.91771  eV     1   --> A              
     e( 10 - 10) =    -37.90157  eV     1   --> A              
     e( 11 - 11) =    -28.77677  eV     1   --> A              
     e( 12 - 12) =    -28.72196  eV     1   --> A              
     e( 13 - 13) =    -28.68836  eV     1   --> A              
     e( 14 - 14) =    -28.62069  eV     1   --> A              
     e( 15 - 15) =    -28.61730  eV     1   --> A              
     e( 16 - 16) =    -28.55560  eV     1   --> A              
     e( 17 - 17) =     -8.28359  eV     1   --> A              
     e( 18 - 18) =     -7.71841  eV     1   --> A              
     e( 19 - 19) =     -7.12516  eV     1   --> A              
     e( 20 - 20) =     -7.06060  eV     1   --> A              
     e( 21 - 21) =     -6.95310  eV     1   --> A              
     e( 22 - 22) =     -6.82657  eV     1   --> A              
     e( 23 - 23) =     -6.53793  eV     1   --> A              
     e( 24 - 24) =     -6.28939  eV     1   --> A              
     e( 25 - 25) =      2.39642  eV     1   --> A              
     e( 26 - 26) =      2.47076  eV     1   --> A              
     e( 27 - 27) =      3.34164  eV     1   --> A              
     e( 28 - 28) =      3.49984  eV     1   --> A              
     e( 29 - 29) =      3.58004  eV     1   --> A              
     e( 30 - 30) =      4.11297  eV     1   --> A              
     e( 31 - 31) =      4.31076  eV     1   --> A              
     e( 32 - 32) =      4.44011  eV     1   --> A              
     e( 33 - 33) =      4.53551  eV     1   --> A              
     e( 34 - 34) =      4.71020  eV     1   --> A              
     e( 35 - 35) =      4.83921  eV     1   --> A              
     e( 36 - 36) =      5.36761  eV     1   --> A              
     e( 37 - 37) =      5.44704  eV     1   --> A              
     e( 38 - 38) =      5.45870  eV     1   --> A              
     e( 39 - 39) =      6.29474  eV     1   --> A              
     e( 40 - 40) =      6.40565  eV     1   --> A              
     e( 41 - 41) =      6.54853  eV     1   --> A              
     e( 42 - 42) =      6.76980  eV     1   --> A              
     e( 43 - 43) =      6.84345  eV     1   --> A              
     e( 44 - 44) =      7.22932  eV     1   --> A              
     e( 45 - 45) =      7.37580  eV     1   --> A              
     e( 46 - 46) =      7.77155  eV     1   --> A              
     e( 47 - 47) =      7.89791  eV     1   --> A              
     e( 48 - 48) =      7.94343  eV     1   --> A              
     e( 49 - 49) =      8.03334  eV     1   --> A              
     e( 50 - 50) =      8.35082  eV     1   --> A              
     e( 51 - 51) =      8.80052  eV     1   --> A              
     e( 52 - 52) =      8.91639  eV     1   --> A              
     e( 53 - 53) =      8.97729  eV     1   --> A              
     e( 54 - 54) =      9.16830  eV     1   --> A              
     e( 55 - 55) =      9.24426  eV     1   --> A              
     e( 56 - 56) =      9.46388  eV     1   --> A              
     e( 57 - 57) =     10.21285  eV     1   --> A              
     e( 58 - 58) =     10.57740  eV     1   --> A              
     e( 59 - 59) =     13.00842  eV     1   --> A              
     e( 60 - 60) =     13.60278  eV     1   --> A              
     e( 61 - 61) =     13.96451  eV     1   --> A              
     e( 62 - 62) =     14.05718  eV     1   --> A              
     e( 63 - 63) =     14.48439  eV     1   --> A              
     e( 64 - 64) =     14.70564  eV     1   --> A              
     e( 65 - 65) =     17.45867  eV     1   --> A              
     e( 66 - 66) =     17.52361  eV     1   --> A              
     e( 67 - 67) =     17.80093  eV     1   --> A              
     e( 68 - 68) =     17.94471  eV     1   --> A              
     e( 69 - 69) =     18.91307  eV     1   --> A              
     e( 70 - 70) =     19.77634  eV     1   --> A              
     e( 71 - 71) =     21.49690  eV     1   --> A              
     e( 72 - 72) =     21.82287  eV     1   --> A              
     e( 73 - 73) =     22.31921  eV     1   --> A              
     e( 74 - 74) =     22.49111  eV     1   --> A              
     e( 75 - 75) =     22.77509  eV     1   --> A              
     e( 76 - 76) =     22.94697  eV     1   --> A              
     e( 77 - 77) =     23.42539  eV     1   --> A              
     e( 78 - 78) =     23.63477  eV     1   --> A              
     e( 79 - 79) =     24.15542  eV     1   --> A              
     e( 80 - 80) =     24.40411  eV     1   --> A              

 **************************************************************************

 **************************************************************************

                    xk=(   0.07500,   0.40990,   0.00059  )

     Band symmetry, C_1 (1)     point group:

     e(  1 -  1) =    -93.68823  eV     1   --> A              
     e(  2 -  2) =    -68.87014  eV     1   --> A              
     e(  3 -  3) =    -64.33165  eV     1   --> A              
     e(  4 -  4) =    -64.32216  eV     1   --> A              
     e(  5 -  5) =    -54.29107  eV     1   --> A              
     e(  6 -  6) =    -54.27336  eV     1   --> A              
     e(  7 -  7) =    -54.25012  eV     1   --> A              
     e(  8 -  8) =    -37.92573  eV     1   --> A              
     e(  9 -  9) =    -37.91771  eV     1   --> A              
     e( 10 - 10) =    -37.90157  eV     1   --> A              
     e( 11 - 11) =    -28.77677  eV     1   --> A              
     e( 12 - 12) =    -28.72194  eV     1   --> A              
     e( 13 - 13) =    -28.68842  eV     1   --> A              
     e( 14 - 14) =    -28.62075  eV     1   --> A              
     e( 15 - 15) =    -28.61729  eV     1   --> A              
     e( 16 - 16) =    -28.55562  eV     1   --> A              
     e( 17 - 17) =     -8.27875  eV     1   --> A              
     e( 18 - 18) =     -7.71557  eV     1   --> A              
     e( 19 - 19) =     -7.13523  eV     1   --> A              
     e( 20 - 20) =     -7.05570  eV     1   --> A              
     e( 21 - 21) =     -6.96591  eV     1   --> A              
     e( 22 - 22) =     -6.81392  eV     1   --> A              
     e( 23 - 23) =     -6.53473  eV     1   --> A              
     e( 24 - 24) =     -6.29508  eV     1   --> A              
     e( 25 - 25) =      2.39348  eV     1   --> A              
     e( 26 - 26) =      2.46144  eV     1   --> A              
     e( 27 - 27) =      3.34039  eV     1   --> A              
     e( 28 - 28) =      3.49441  eV     1   --> A              
     e( 29 - 29) =      3.59129  eV     1   --> A              
     e( 30 - 30) =      4.12480  eV     1   --> A              
     e( 31 - 31) =      4.25835  eV     1   --> A              
     e( 32 - 32) =      4.44536  eV     1   --> A              
     e( 33 - 33) =      4.51001  eV     1   --> A              
     e( 34 - 34) =      4.75877  eV     1   --> A              
     e( 35 - 35) =      4.86636  eV     1   --> A              
     e( 36 - 36) =      5.36084  eV     1   --> A              
     e( 37 - 37) =      5.44898  eV     1   --> A              
     e( 38 - 38) =      5.48349  eV     1   --> A              
     e( 39 - 39) =      6.24616  eV     1   --> A              
     e( 40 - 40) =      6.43311  eV     1   --> A              
     e( 41 - 41) =      6.56570  eV     1   --> A              
     e( 42 - 42) =      6.77254  eV     1   --> A              
     e( 43 - 43) =      6.87600  eV     1   --> A              
     e( 44 - 44) =      7.20017  eV     1   --> A              
     e( 45 - 45) =      7.40404  eV     1   --> A              
     e( 46 - 46) =      7.73148  eV     1   --> A              
     e( 47 - 47) =      7.87705  eV     1   --> A              
     e( 48 - 48) =      7.94717  eV     1   --> A              
     e( 49 - 49) =      8.06638  eV     1   --> A              
     e( 50 - 50) =      8.34674  eV     1   --> A              
     e( 51 - 51) =      8.76292  eV     1   --> A              
     e( 52 - 52) =      8.93215  eV     1   --> A              
     e( 53 - 53) =      8.95796  eV     1   --> A              
     e( 54 - 54) =      9.15961  eV     1   --> A              
     e( 55 - 55) =      9.26759  eV     1   --> A              
     e( 56 - 56) =      9.46000  eV     1   --> A              
     e( 57 - 57) =     10.22086  eV     1   --> A              
     e( 58 - 58) =     10.55964  eV     1   --> A              
     e( 59 - 59) =     13.01557  eV     1   --> A              
     e( 60 - 60) =     13.60165  eV     1   --> A              
     e( 61 - 61) =     13.94744  eV     1   --> A              
     e( 62 - 62) =     14.09023  eV     1   --> A              
     e( 63 - 63) =     14.46406  eV     1   --> A              
     e( 64 - 64) =     14.70847  eV     1   --> A              
     e( 65 - 65) =     17.47785  eV     1   --> A              
     e( 66 - 66) =     17.53738  eV     1   --> A              
     e( 67 - 67) =     17.81863  eV     1   --> A              
     e( 68 - 68) =     17.90237  eV     1   --> A              
     e( 69 - 69) =     18.96182  eV     1   --> A              
     e( 70 - 70) =     19.77793  eV     1   --> A              
     e( 71 - 71) =     21.44261  eV     1   --> A              
     e( 72 - 72) =     21.79078  eV     1   --> A              
     e( 73 - 73) =     22.33908  eV     1   --> A              
     e( 74 - 74) =     22.48544  eV     1   --> A              
     e( 75 - 75) =     22.72958  eV     1   --> A              
     e( 76 - 76) =     22.95594  eV     1   --> A              
     e( 77 - 77) =     23.50060  eV     1   --> A              
     e( 78 - 78) =     23.65233  eV     1   --> A              
     e( 79 - 79) =     24.16109  eV     1   --> A              
     e( 80 - 80) =     24.41760  eV     1   --> A              

 **************************************************************************

 **************************************************************************

                    xk=(   0.10000,   0.40990,   0.00079  )

     Band symmetry, C_1 (1)     point group:

     e(  1 -  1) =    -93.68823  eV     1   --> A              
     e(  2 -  2) =    -68.87014  eV     1   --> A              
     e(  3 -  3) =    -64.33167  eV     1   --> A              
     e(  4 -  4) =    -64.32216  eV     1   --> A              
     e(  5 -  5) =    -54.29107  eV     1   --> A              
     e(  6 -  6) =    -54.27336  eV     1   --> A              
     e(  7 -  7) =    -54.25012  eV     1   --> A              
     e(  8 -  8) =    -37.92573  eV     1   --> A              
     e(  9 -  9) =    -37.91771  eV     1   --> A              
     e( 10 - 10) =    -37.90158  eV     1   --> A              
     e( 11 - 11) =    -28.77677  eV     1   --> A              
     e( 12 - 12) =    -28.72191  eV     1   --> A              
     e( 13 - 13) =    -28.68850  eV     1   --> A              
     e( 14 - 14) =    -28.62082  eV     1   --> A              
     e( 15 - 15) =    -28.61727  eV     1   --> A              
     e( 16 - 16) =    -28.55564  eV     1   --> A              
     e( 17 - 17) =     -8.27209  eV     1   --> A              
     e( 18 - 18) =     -7.71163  eV     1   --> A              
     e( 19 - 19) =     -7.14767  eV     1   --> A              
     e( 20 - 20) =     -7.05035  eV     1   --> A              
     e( 21 - 21) =     -6.98042  eV     1   --> A              
     e( 22 - 22) =     -6.79951  eV     1   --> A              
     e( 23 - 23) =     -6.53062  eV     1   --> A              
     e( 24 - 24) =     -6.30280  eV     1   --> A              
     e( 25 - 25) =      2.38944  eV     1   --> A              
     e( 26 - 26) =      2.44899  eV     1   --> A              
     e( 27 - 27) =      3.33862  eV     1   --> A              
     e( 28 - 28) =      3.48856  eV     1   --> A              
     e( 29 - 29) =      3.60390  eV     1   --> A              
     e( 30 - 30) =      4.13309  eV     1   --> A              
     e( 31 - 31) =      4.20943  eV     1   --> A              
     e( 32 - 32) =      4.43395  eV     1   --> A              
     e( 33 - 33) =      4.50565  eV     1   --> A              
     e( 34 - 34) =      4.80736  eV     1   --> A              
     e( 35 - 35) =      4.89689  eV     1   --> A              
     e( 36 - 36) =      5.35462  eV     1   --> A              
     e( 37 - 37) =      5.44712  eV     1   --> A              
     e( 38 - 38) =      5.52044  eV     1   --> A              
     e( 39 - 39) =      6.18899  eV     1   --> A              
     e( 40 - 40) =      6.46317  eV     1   --> A              
     e( 41 - 41) =      6.58548  eV     1   --> A              
     e( 42 - 42) =      6.77725  eV     1   --> A              
     e( 43 - 43) =      6.91228  eV     1   --> A              
     e( 44 - 44) =      7.18446  eV     1   --> A              
     e( 45 - 45) =      7.42602  eV     1   --> A              
     e( 46 - 46) =      7.69103  eV     1   --> A              
     e( 47 - 47) =      7.84965  eV     1   --> A              
     e( 48 - 48) =      7.94122  eV     1   --> A              
     e( 49 - 49) =      8.10527  eV     1   --> A              
     e( 50 - 50) =      8.33846  eV     1   --> A              
     e( 51 - 51) =      8.72557  eV     1   --> A              
     e( 52 - 52) =      8.92595  eV     1   --> A              
     e( 53 - 53) =      8.95184  eV     1   --> A              
     e( 54 - 54) =      9.15269  eV     1   --> A              
     e( 55 - 55) =      9.29049  eV     1   --> A              
     e( 56 - 56) =      9.45669  eV     1   --> A              
     e( 57 - 57) =     10.23090  eV     1   --> A              
     e( 58 - 58) =     10.53548  eV     1   --> A              
     e( 59 - 59) =     13.02557  eV     1   --> A              
     e( 60 - 60) =     13.60016  eV     1   --> A              
     e( 61 - 61) =     13.93102  eV     1   --> A              
     e( 62 - 62) =     14.12771  eV     1   --> A              
     e( 63 - 63) =     14.43877  eV     1   --> A              
     e( 64 - 64) =     14.70989  eV     1   --> A              
     e( 65 - 65) =     17.50395  eV     1   --> A              
     e( 66 - 66) =     17.55566  eV     1   --> A              
     e( 67 - 67) =     17.79327  eV     1   --> A              
     e( 68 - 68) =     17.90270  eV     1   --> A              
     e( 69 - 69) =     19.02124  eV     1   --> A              
     e( 70 - 70) =     19.78030  eV     1   --> A              
     e( 71 - 71) =     21.37586  eV     1   --> A              
     e( 72 - 72) =     21.74593  eV     1   --> A              
     e( 73 - 73) =     22.35823  eV     1   --> A              
     e( 74 - 74) =     22.47727  eV     1   --> A              
     e( 75 - 75) =     22.69227  eV     1   --> A              
     e( 76 - 76) =     22.95453  eV     1   --> A              
     e( 77 - 77) =     23.59136  eV     1   --> A              
     e( 78 - 78) =     23.67682  eV     1   --> A              
     e( 79 - 79) =     24.16686  eV     1   --> A              
     e( 80 - 80) =     24.43864  eV     1   --> A              

 **************************************************************************

 **************************************************************************

                    xk=(   0.12500,   0.40990,   0.00099  )

     Band symmetry, C_1 (1)     point group:

     e(  1 -  1) =    -93.68823  eV     1   --> A              
     e(  2 -  2) =    -68.87014  eV     1   --> A              
     e(  3 -  3) =    -64.33169  eV     1   --> A              
     e(  4 -  4) =    -64.32216  eV     1   --> A              
     e(  5 -  5) =    -54.29107  eV     1   --> A              
     e(  6 -  6) =    -54.27336  eV     1   --> A              
     e(  7 -  7) =    -54.25012  eV     1   --> A              
     e(  8 -  8) =    -37.92573  eV     1   --> A              
     e(  9 -  9) =    -37.91771  eV     1   --> A              
     e( 10 - 10) =    -37.90158  eV     1   --> A              
     e( 11 - 11) =    -28.77677  eV     1   --> A              
     e( 12 - 12) =    -28.72188  eV     1   --> A              
     e( 13 - 13) =    -28.68860  eV     1   --> A              
     e( 14 - 14) =    -28.62092  eV     1   --> A              
     e( 15 - 15) =    -28.61725  eV     1   --> A              
     e( 16 - 16) =    -28.55566  eV     1   --> A              
     e( 17 - 17) =     -8.26375  eV     1   --> A              
     e( 18 - 18) =     -7.70660  eV     1   --> A              
     e( 19 - 19) =     -7.16198  eV     1   --> A              
     e( 20 - 20) =     -7.04507  eV     1   --> A              
     e( 21 - 21) =     -6.99539  eV     1   --> A              
     e( 22 - 22) =     -6.78434  eV     1   --> A              
     e( 23 - 23) =     -6.52591  eV     1   --> A              
     e( 24 - 24) =     -6.31227  eV     1   --> A              
     e( 25 - 25) =      2.38437  eV     1   --> A              
     e( 26 - 26) =      2.43393  eV     1   --> A              
     e( 27 - 27) =      3.33640  eV     1   --> A              
     e( 28 - 28) =      3.48218  eV     1   --> A              
     e( 29 - 29) =      3.61660  eV     1   --> A              
     e( 30 - 30) =      4.11030  eV     1   --> A              
     e( 31 - 31) =      4.19368  eV     1   --> A              
     e( 32 - 32) =      4.41352  eV     1   --> A              
     e( 33 - 33) =      4.51801  eV     1   --> A              
     e( 34 - 34) =      4.85420  eV     1   --> A              
     e( 35 - 35) =      4.92889  eV     1   --> A              
     e( 36 - 36) =      5.34929  eV     1   --> A              
     e( 37 - 37) =      5.44595  eV     1   --> A              
     e( 38 - 38) =      5.56520  eV     1   --> A              
     e( 39 - 39) =      6.12706  eV     1   --> A              
     e( 40 - 40) =      6.48534  eV     1   --> A              
     e( 41 - 41) =      6.60795  eV     1   --> A              
     e( 42 - 42) =      6.78734  eV     1   --> A              
     e( 43 - 43) =      6.94679  eV     1   --> A              
     e( 44 - 44) =      7.18900  eV     1   --> A              
     e( 45 - 45) =      7.44130  eV     1   --> A              
     e( 46 - 46) =      7.65104  eV     1   --> A              
     e( 47 - 47) =      7.81854  eV     1   --> A              
     e( 48 - 48) =      7.92679  eV     1   --> A              
     e( 49 - 49) =      8.14427  eV     1   --> A              
     e( 50 - 50) =      8.32406  eV     1   --> A              
     e( 51 - 51) =      8.69079  eV     1   --> A              
     e( 52 - 52) =      8.89747  eV     1   --> A              
     e( 53 - 53) =      8.96278  eV     1   --> A              
     e( 54 - 54) =      9.14692  eV     1   --> A              
     e( 55 - 55) =      9.31031  eV     1   --> A              
     e( 56 - 56) =      9.45611  eV     1   --> A              
     e( 57 - 57) =     10.24197  eV     1   --> A              
     e( 58 - 58) =     10.50554  eV     1   --> A              
     e( 59 - 59) =     13.03837  eV     1   --> A              
     e( 60 - 60) =     13.59841  eV     1   --> A              
     e( 61 - 61) =     13.91455  eV     1   --> A              
     e( 62 - 62) =     14.16908  eV     1   --> A              
     e( 63 - 63) =     14.41039  eV     1   --> A              
     e( 64 - 64) =     14.70872  eV     1   --> A              
     e( 65 - 65) =     17.53554  eV     1   --> A              
     e( 66 - 66) =     17.57695  eV     1   --> A              
     e( 67 - 67) =     17.72747  eV     1   --> A              
     e( 68 - 68) =     17.94940  eV     1   --> A              
     e( 69 - 69) =     19.08688  eV     1   --> A              
     e( 70 - 70) =     19.78361  eV     1   --> A              
     e( 71 - 71) =     21.30106  eV     1   --> A              
     e( 72 - 72) =     21.69031  eV     1   --> A              
     e( 73 - 73) =     22.37065  eV     1   --> A              
     e( 74 - 74) =     22.46701  eV     1   --> A              
     e( 75 - 75) =     22.66532  eV     1   --> A              
     e( 76 - 76) =     22.94684  eV     1   --> A              
     e( 77 - 77) =     23.68527  eV     1   --> A              
     e( 78 - 78) =     23.71175  eV     1   --> A              
     e( 79 - 79) =     24.17049  eV     1   --> A              
     e( 80 - 80) =     24.46881  eV     1   --> A              

 **************************************************************************

 **************************************************************************

                    xk=(   0.15000,   0.40990,   0.00119  )

     Band symmetry, C_1 (1)     point group:

     e(  1 -  1) =    -93.68823  eV     1   --> A              
     e(  2 -  2) =    -68.87014  eV     1   --> A              
     e(  3 -  3) =    -64.33171  eV     1   --> A              
     e(  4 -  4) =    -64.32217  eV     1   --> A              
     e(  5 -  5) =    -54.29107  eV     1   --> A              
     e(  6 -  6) =    -54.27336  eV     1   --> A              
     e(  7 -  7) =    -54.25012  eV     1   --> A              
     e(  8 -  8) =    -37.92573  eV     1   --> A              
     e(  9 -  9) =    -37.91771  eV     1   --> A              
     e( 10 - 10) =    -37.90159  eV     1   --> A              
     e( 11 - 11) =    -28.77678  eV     1   --> A              
     e( 12 - 12) =    -28.72184  eV     1   --> A              
     e( 13 - 13) =    -28.68872  eV     1   --> A              
     e( 14 - 14) =    -28.62103  eV     1   --> A              
     e( 15 - 15) =    -28.61723  eV     1   --> A              
     e( 16 - 16) =    -28.55569  eV     1   --> A              
     e( 17 - 17) =     -8.25388  eV     1   --> A              
     e( 18 - 18) =     -7.70054  eV     1   --> A              
     e( 19 - 19) =     -7.17780  eV     1   --> A              
     e( 20 - 20) =     -7.04072  eV     1   --> A              
     e( 21 - 21) =     -7.00947  eV     1   --> A              
     e( 22 - 22) =     -6.76900  eV     1   --> A              
     e( 23 - 23) =     -6.52103  eV     1   --> A              
     e( 24 - 24) =     -6.32314  eV     1   --> A              
     e( 25 - 25) =      2.37835  eV     1   --> A              
     e( 26 - 26) =      2.41684  eV     1   --> A              
     e( 27 - 27) =      3.33381  eV     1   --> A              
     e( 28 - 28) =      3.47461  eV     1   --> A              
     e( 29 - 29) =      3.62833  eV     1   --> A              
     e( 30 - 30) =      4.06032  eV     1   --> A              
     e( 31 - 31) =      4.20822  eV     1   --> A              
     e( 32 - 32) =      4.39562  eV     1   --> A              
     e( 33 - 33) =      4.53842  eV     1   --> A              
     e( 34 - 34) =      4.89634  eV     1   --> A              
     e( 35 - 35) =      4.96337  eV     1   --> A              
     e( 36 - 36) =      5.34554  eV     1   --> A              
     e( 37 - 37) =      5.44639  eV     1   --> A              
     e( 38 - 38) =      5.61638  eV     1   --> A              
     e( 39 - 39) =      6.06298  eV     1   --> A              
     e( 40 - 40) =      6.49162  eV     1   --> A              
     e( 41 - 41) =      6.62766  eV     1   --> A              
     e( 42 - 42) =      6.80880  eV     1   --> A              
     e( 43 - 43) =      6.97963  eV     1   --> A              
     e( 44 - 44) =      7.21539  eV     1   --> A              
     e( 45 - 45) =      7.44864  eV     1   --> A              
     e( 46 - 46) =      7.61432  eV     1   --> A              
     e( 47 - 47) =      7.78504  eV     1   --> A              
     e( 48 - 48) =      7.90398  eV     1   --> A              
     e( 49 - 49) =      8.18003  eV     1   --> A              
     e( 50 - 50) =      8.30239  eV     1   --> A              
     e( 51 - 51) =      8.65994  eV     1   --> A              
     e( 52 - 52) =      8.86643  eV     1   --> A              
     e( 53 - 53) =      8.97478  eV     1   --> A              
     e( 54 - 54) =      9.14197  eV     1   --> A              
     e( 55 - 55) =      9.32438  eV     1   --> A              
     e( 56 - 56) =      9.46072  eV     1   --> A              
     e( 57 - 57) =     10.25300  eV     1   --> A              
     e( 58 - 58) =     10.47051  eV     1   --> A              
     e( 59 - 59) =     13.05393  eV     1   --> A              
     e( 60 - 60) =     13.59655  eV     1   --> A              
     e( 61 - 61) =     13.89755  eV     1   --> A              
     e( 62 - 62) =     14.21325  eV     1   --> A              
     e( 63 - 63) =     14.38075  eV     1   --> A              
     e( 64 - 64) =     14.70417  eV     1   --> A              
     e( 65 - 65) =     17.56312  eV     1   --> A              
     e( 66 - 66) =     17.59752  eV     1   --> A              
     e( 67 - 67) =     17.66529  eV     1   --> A              
     e( 68 - 68) =     18.01335  eV     1   --> A              
     e( 69 - 69) =     19.15547  eV     1   --> A              
     e( 70 - 70) =     19.78809  eV     1   --> A              
     e( 71 - 71) =     21.22136  eV     1   --> A              
     e( 72 - 72) =     21.62642  eV     1   --> A              
     e( 73 - 73) =     22.37139  eV     1   --> A              
     e( 74 - 74) =     22.45574  eV     1   --> A              
     e( 75 - 75) =     22.64843  eV     1   --> A              
     e( 76 - 76) =     22.93674  eV     1   --> A              
     e( 77 - 77) =     23.73786  eV     1   --> A              
     e( 78 - 78) =     23.79379  eV     1   --> A              
     e( 79 - 79) =     24.16901  eV     1   --> A              
     e( 80 - 80) =     24.50933  eV     1   --> A              

 **************************************************************************

 **************************************************************************

                    xk=(   0.17500,   0.40990,   0.00138  )

     Band symmetry, C_1 (1)     point group:

     e(  1 -  1) =    -93.68823  eV     1   --> A              
     e(  2 -  2) =    -68.87014  eV     1   --> A              
     e(  3 -  3) =    -64.33174  eV     1   --> A              
     e(  4 -  4) =    -64.32217  eV     1   --> A              
     e(  5 -  5) =    -54.29107  eV     1   --> A              
     e(  6 -  6) =    -54.27336  eV     1   --> A              
     e(  7 -  7) =    -54.25012  eV     1   --> A              
     e(  8 -  8) =    -37.92573  eV     1   --> A              
     e(  9 -  9) =    -37.91771  eV     1   --> A              
     e( 10 - 10) =    -37.90159  eV     1   --> A              
     e( 11 - 11) =    -28.77678  eV     1   --> A              
     e( 12 - 12) =    -28.72179  eV     1   --> A              
     e( 13 - 13) =    -28.68885  eV     1   --> A              
     e( 14 - 14) =    -28.62115  eV     1   --> A              
     e( 15 - 15) =    -28.61720  eV     1   --> A              
     e( 16 - 16) =    -28.55572  eV     1   --> A              
     e( 17 - 17) =     -8.24267  eV     1   --> A              
     e( 18 - 18) =     -7.69349  eV     1   --> A              
     e( 19 - 19) =     -7.19486  eV     1   --> A              
     e( 20 - 20) =     -7.04055  eV     1   --> A              
     e( 21 - 21) =     -7.01902  eV     1   --> A              
     e( 22 - 22) =     -6.75387  eV     1   --> A              
     e( 23 - 23) =     -6.51644  eV     1   --> A              
     e( 24 - 24) =     -6.33494  eV     1   --> A              
     e( 25 - 25) =      2.37145  eV     1   --> A              
     e( 26 - 26) =      2.39838  eV     1   --> A              
     e( 27 - 27) =      3.33095  eV     1   --> A              
     e( 28 - 28) =      3.46493  eV     1   --> A              
     e( 29 - 29) =      3.63817  eV     1   --> A              
     e( 30 - 30) =      4.00874  eV     1   --> A              
     e( 31 - 31) =      4.22763  eV     1   --> A              
     e( 32 - 32) =      4.38522  eV     1   --> A              
     e( 33 - 33) =      4.56446  eV     1   --> A              
     e( 34 - 34) =      4.92993  eV     1   --> A              
     e( 35 - 35) =      5.00314  eV     1   --> A              
     e( 36 - 36) =      5.34458  eV     1   --> A              
     e( 37 - 37) =      5.44893  eV     1   --> A              
     e( 38 - 38) =      5.67198  eV     1   --> A              
     e( 39 - 39) =      5.99931  eV     1   --> A              
     e( 40 - 40) =      6.47995  eV     1   --> A              
     e( 41 - 41) =      6.63803  eV     1   --> A              
     e( 42 - 42) =      6.84220  eV     1   --> A              
     e( 43 - 43) =      7.01926  eV     1   --> A              
     e( 44 - 44) =      7.25564  eV     1   --> A              
     e( 45 - 45) =      7.44388  eV     1   --> A              
     e( 46 - 46) =      7.58955  eV     1   --> A              
     e( 47 - 47) =      7.74951  eV     1   --> A              
     e( 48 - 48) =      7.87249  eV     1   --> A              
     e( 49 - 49) =      8.21019  eV     1   --> A              
     e( 50 - 50) =      8.27393  eV     1   --> A              
     e( 51 - 51) =      8.63247  eV     1   --> A              
     e( 52 - 52) =      8.83686  eV     1   --> A              
     e( 53 - 53) =      8.98752  eV     1   --> A              
     e( 54 - 54) =      9.13791  eV     1   --> A              
     e( 55 - 55) =      9.33104  eV     1   --> A              
     e( 56 - 56) =      9.47209  eV     1   --> A              
     e( 57 - 57) =     10.26288  eV     1   --> A              
     e( 58 - 58) =     10.43117  eV     1   --> A              
     e( 59 - 59) =     13.07213  eV     1   --> A              
     e( 60 - 60) =     13.59475  eV     1   --> A              
     e( 61 - 61) =     13.87967  eV     1   --> A              
     e( 62 - 62) =     14.25772  eV     1   --> A              
     e( 63 - 63) =     14.35263  eV     1   --> A              
     e( 64 - 64) =     14.69581  eV     1   --> A              
     e( 65 - 65) =     17.52850  eV     1   --> A              
     e( 66 - 66) =     17.62976  eV     1   --> A              
     e( 67 - 67) =     17.65858  eV     1   --> A              
     e( 68 - 68) =     18.08901  eV     1   --> A              
     e( 69 - 69) =     19.22474  eV     1   --> A              
     e( 70 - 70) =     19.79406  eV     1   --> A              
     e( 71 - 71) =     21.13901  eV     1   --> A              
     e( 72 - 72) =     21.55661  eV     1   --> A              
     e( 73 - 73) =     22.35903  eV     1   --> A              
     e( 74 - 74) =     22.44351  eV     1   --> A              
     e( 75 - 75) =     22.63897  eV     1   --> A              
     e( 76 - 76) =     22.92807  eV     1   --> A              
     e( 77 - 77) =     23.77875  eV     1   --> A              
     e( 78 - 78) =     23.88606  eV     1   --> A              
     e( 79 - 79) =     24.15839  eV     1   --> A              
     e( 80 - 80) =     24.56076  eV     1   --> A              

 **************************************************************************

 **************************************************************************

                    xk=(   0.20000,   0.40990,   0.00158  )

     Band symmetry, C_1 (1)     point group:

     e(  1 -  1) =    -93.68823  eV     1   --> A              
     e(  2 -  2) =    -68.87014  eV     1   --> A              
     e(  3 -  3) =    -64.33177  eV     1   --> A              
     e(  4 -  4) =    -64.32217  eV     1   --> A              
     e(  5 -  5) =    -54.29107  eV     1   --> A              
     e(  6 -  6) =    -54.27336  eV     1   --> A              
     e(  7 -  7) =    -54.25012  eV     1   --> A              
     e(  8 -  8) =    -37.92573  eV     1   --> A              
     e(  9 -  9) =    -37.91771  eV     1   --> A              
     e( 10 - 10) =    -37.90160  eV     1   --> A              
     e( 11 - 11) =    -28.77679  eV     1   --> A              
     e( 12 - 12) =    -28.72174  eV     1   --> A              
     e( 13 - 13) =    -28.68899  eV     1   --> A              
     e( 14 - 14) =    -28.62128  eV     1   --> A              
     e( 15 - 15) =    -28.61718  eV     1   --> A              
     e( 16 - 16) =    -28.55576  eV     1   --> A              
     e( 17 - 17) =     -8.23036  eV     1   --> A              
     e( 18 - 18) =     -7.68550  eV     1   --> A              
     e( 19 - 19) =     -7.21292  eV     1   --> A              
     e( 20 - 20) =     -7.04925  eV     1   --> A              
     e( 21 - 21) =     -7.01915  eV     1   --> A              
     e( 22 - 22) =     -6.73918  eV     1   --> A              
     e( 23 - 23) =     -6.51268  eV     1   --> A              
     e( 24 - 24) =     -6.34710  eV     1   --> A              
     e( 25 - 25) =      2.36359  eV     1   --> A              
     e( 26 - 26) =      2.37935  eV     1   --> A              
     e( 27 - 27) =      3.32785  eV     1   --> A              
     e( 28 - 28) =      3.45223  eV     1   --> A              
     e( 29 - 29) =      3.64524  eV     1   --> A              
     e( 30 - 30) =      3.96270  eV     1   --> A              
     e( 31 - 31) =      4.24478  eV     1   --> A              
     e( 32 - 32) =      4.38463  eV     1   --> A              
     e( 33 - 33) =      4.59548  eV     1   --> A              
     e( 34 - 34) =      4.95401  eV     1   --> A              
     e( 35 - 35) =      5.04848  eV     1   --> A              
     e( 36 - 36) =      5.34807  eV     1   --> A              
     e( 37 - 37) =      5.45382  eV     1   --> A              
     e( 38 - 38) =      5.72794  eV     1   --> A              
     e( 39 - 39) =      5.94018  eV     1   --> A              
     e( 40 - 40) =      6.45201  eV     1   --> A              
     e( 41 - 41) =      6.64043  eV     1   --> A              
     e( 42 - 42) =      6.87831  eV     1   --> A              
     e( 43 - 43) =      7.07506  eV     1   --> A              
     e( 44 - 44) =      7.29196  eV     1   --> A              
     e( 45 - 45) =      7.42753  eV     1   --> A              
     e( 46 - 46) =      7.58701  eV     1   --> A              
     e( 47 - 47) =      7.71258  eV     1   --> A              
     e( 48 - 48) =      7.83301  eV     1   --> A              
     e( 49 - 49) =      8.23157  eV     1   --> A              
     e( 50 - 50) =      8.24206  eV     1   --> A              
     e( 51 - 51) =      8.60569  eV     1   --> A              
     e( 52 - 52) =      8.81245  eV     1   --> A              
     e( 53 - 53) =      9.00079  eV     1   --> A              
     e( 54 - 54) =      9.13524  eV     1   --> A              
     e( 55 - 55) =      9.33071  eV     1   --> A              
     e( 56 - 56) =      9.48964  eV     1   --> A              
     e( 57 - 57) =     10.27058  eV     1   --> A              
     e( 58 - 58) =     10.38834  eV     1   --> A              
     e( 59 - 59) =     13.09283  eV     1   --> A              
     e( 60 - 60) =     13.59322  eV     1   --> A              
     e( 61 - 61) =     13.86074  eV     1   --> A              
     e( 62 - 62) =     14.28935  eV     1   --> A              
     e( 63 - 63) =     14.33924  eV     1   --> A              
     e( 64 - 64) =     14.68344  eV     1   --> A              
     e( 65 - 65) =     17.45165  eV     1   --> A              
     e( 66 - 66) =     17.67356  eV     1   --> A              
     e( 67 - 67) =     17.68882  eV     1   --> A              
     e( 68 - 68) =     18.17437  eV     1   --> A              
     e( 69 - 69) =     19.29307  eV     1   --> A              
     e( 70 - 70) =     19.80199  eV     1   --> A              
     e( 71 - 71) =     21.05560  eV     1   --> A              
     e( 72 - 72) =     21.48277  eV     1   --> A              
     e( 73 - 73) =     22.33638  eV     1   --> A              
     e( 74 - 74) =     22.42813  eV     1   --> A              
     e( 75 - 75) =     22.63258  eV     1   --> A              
     e( 76 - 76) =     22.92503  eV     1   --> A              
     e( 77 - 77) =     23.82167  eV     1   --> A              
     e( 78 - 78) =     23.96800  eV     1   --> A              
     e( 79 - 79) =     24.13365  eV     1   --> A              
     e( 80 - 80) =     24.62282  eV     1   --> A              

 **************************************************************************

 **************************************************************************

                    xk=(   0.22500,   0.40990,   0.00178  )

     Band symmetry, C_1 (1)     point group:

     e(  1 -  1) =    -93.68823  eV     1   --> A              
     e(  2 -  2) =    -68.87014  eV     1   --> A              
     e(  3 -  3) =    -64.33180  eV     1   --> A              
     e(  4 -  4) =    -64.32218  eV     1   --> A              
     e(  5 -  5) =    -54.29107  eV     1   --> A              
     e(  6 -  6) =    -54.27336  eV     1   --> A              
     e(  7 -  7) =    -54.25012  eV     1   --> A              
     e(  8 -  8) =    -37.92573  eV     1   --> A              
     e(  9 -  9) =    -37.91771  eV     1   --> A              
     e( 10 - 10) =    -37.90161  eV     1   --> A              
     e( 11 - 11) =    -28.77679  eV     1   --> A              
     e( 12 - 12) =    -28.72169  eV     1   --> A              
     e( 13 - 13) =    -28.68914  eV     1   --> A              
     e( 14 - 14) =    -28.62141  eV     1   --> A              
     e( 15 - 15) =    -28.61715  eV     1   --> A              
     e( 16 - 16) =    -28.55580  eV     1   --> A              
     e( 17 - 17) =     -8.21719  eV     1   --> A              
     e( 18 - 18) =     -7.67663  eV     1   --> A              
     e( 19 - 19) =     -7.23172  eV     1   --> A              
     e( 20 - 20) =     -7.06186  eV     1   --> A              
     e( 21 - 21) =     -7.01461  eV     1   --> A              
     e( 22 - 22) =     -6.72513  eV     1   --> A              
     e( 23 - 23) =     -6.51035  eV     1   --> A              
     e( 24 - 24) =     -6.35890  eV     1   --> A              
     e( 25 - 25) =      2.35342  eV     1   --> A              
     e( 26 - 26) =      2.36180  eV     1   --> A              
     e( 27 - 27) =      3.32440  eV     1   --> A              
     e( 28 - 28) =      3.43609  eV     1   --> A              
     e( 29 - 29) =      3.64863  eV     1   --> A              
     e( 30 - 30) =      3.92528  eV     1   --> A              
     e( 31 - 31) =      4.25772  eV     1   --> A              
     e( 32 - 32) =      4.39389  eV     1   --> A              
     e( 33 - 33) =      4.63081  eV     1   --> A              
     e( 34 - 34) =      4.97078  eV     1   --> A              
     e( 35 - 35) =      5.09654  eV     1   --> A              
     e( 36 - 36) =      5.35783  eV     1   --> A              
     e( 37 - 37) =      5.46135  eV     1   --> A              
     e( 38 - 38) =      5.77049  eV     1   --> A              
     e( 39 - 39) =      5.89932  eV     1   --> A              
     e( 40 - 40) =      6.41163  eV     1   --> A              
     e( 41 - 41) =      6.63863  eV     1   --> A              
     e( 42 - 42) =      6.91034  eV     1   --> A              
     e( 43 - 43) =      7.14696  eV     1   --> A              
     e( 44 - 44) =      7.29314  eV     1   --> A              
     e( 45 - 45) =      7.42565  eV     1   --> A              
     e( 46 - 46) =      7.59792  eV     1   --> A              
     e( 47 - 47) =      7.68219  eV     1   --> A              
     e( 48 - 48) =      7.78949  eV     1   --> A              
     e( 49 - 49) =      8.20336  eV     1   --> A              
     e( 50 - 50) =      8.24906  eV     1   --> A              
     e( 51 - 51) =      8.57596  eV     1   --> A              
     e( 52 - 52) =      8.79641  eV     1   --> A              
     e( 53 - 53) =      9.01360  eV     1   --> A              
     e( 54 - 54) =      9.13487  eV     1   --> A              
     e( 55 - 55) =      9.32506  eV     1   --> A              
     e( 56 - 56) =      9.51144  eV     1   --> A              
     e( 57 - 57) =     10.27513  eV     1   --> A              
     e( 58 - 58) =     10.34299  eV     1   --> A              
     e( 59 - 59) =     13.11578  eV     1   --> A              
     e( 60 - 60) =     13.59217  eV     1   --> A              
     e( 61 - 61) =     13.84068  eV     1   --> A              
     e( 62 - 62) =     14.27822  eV     1   --> A              
     e( 63 - 63) =     14.37041  eV     1   --> A              
     e( 64 - 64) =     14.66704  eV     1   --> A              
     e( 65 - 65) =     17.36945  eV     1   --> A              
     e( 66 - 66) =     17.71298  eV     1   --> A              
     e( 67 - 67) =     17.73530  eV     1   --> A              
     e( 68 - 68) =     18.26781  eV     1   --> A              
     e( 69 - 69) =     19.35924  eV     1   --> A              
     e( 70 - 70) =     19.81250  eV     1   --> A              
     e( 71 - 71) =     20.97225  eV     1   --> A              
     e( 72 - 72) =     21.40628  eV     1   --> A              
     e( 73 - 73) =     22.30705  eV     1   --> A              
     e( 74 - 74) =     22.40775  eV     1   --> A              
     e( 75 - 75) =     22.62441  eV     1   --> A              
     e( 76 - 76) =     22.93206  eV     1   --> A              
     e( 77 - 77) =     23.86520  eV     1   --> A              
     e( 78 - 78) =     24.03365  eV     1   --> A              
     e( 79 - 79) =     24.09211  eV     1   --> A              
     e( 80 - 80) =     24.69427  eV     1   --> A              

 **************************************************************************

 **************************************************************************

                    xk=(   0.25000,   0.40990,   0.00198  )

     Band symmetry, C_1 (1)     point group:

     e(  1 -  1) =    -93.68823  eV     1   --> A              
     e(  2 -  2) =    -68.87014  eV     1   --> A              
     e(  3 -  3) =    -64.33183  eV     1   --> A              
     e(  4 -  4) =    -64.32218  eV     1   --> A              
     e(  5 -  5) =    -54.29107  eV     1   --> A              
     e(  6 -  6) =    -54.27336  eV     1   --> A              
     e(  7 -  7) =    -54.25012  eV     1   --> A              
     e(  8 -  8) =    -37.92573  eV     1   --> A              
     e(  9 -  9) =    -37.91771  eV     1   --> A              
     e( 10 - 10) =    -37.90161  eV     1   --> A              
     e( 11 - 11) =    -28.77680  eV     1   --> A              
     e( 12 - 12) =    -28.72164  eV     1   --> A              
     e( 13 - 13) =    -28.68930  eV     1   --> A              
     e( 14 - 14) =    -28.62155  eV     1   --> A              
     e( 15 - 15) =    -28.61712  eV     1   --> A              
     e( 16 - 16) =    -28.55583  eV     1   --> A              
     e( 17 - 17) =     -8.20347  eV     1   --> A              
     e( 18 - 18) =     -7.66698  eV     1   --> A              
     e( 19 - 19) =     -7.25101  eV     1   --> A              
     e( 20 - 20) =     -7.07478  eV     1   --> A              
     e( 21 - 21) =     -7.00892  eV     1   --> A              
     e( 22 - 22) =     -6.71185  eV     1   --> A              
     e( 23 - 23) =     -6.51006  eV     1   --> A              
     e( 24 - 24) =     -6.36958  eV     1   --> A              
     e( 25 - 25) =      2.33705  eV     1   --> A              
     e( 26 - 26) =      2.35031  eV     1   --> A              
     e( 27 - 27) =      3.32022  eV     1   --> A              
     e( 28 - 28) =      3.41690  eV     1   --> A              
     e( 29 - 29) =      3.64758  eV     1   --> A              
     e( 30 - 30) =      3.89830  eV     1   --> A              
     e( 31 - 31) =      4.26729  eV     1   --> A              
     e( 32 - 32) =      4.41071  eV     1   --> A              
     e( 33 - 33) =      4.66910  eV     1   --> A              
     e( 34 - 34) =      4.98257  eV     1   --> A              
     e( 35 - 35) =      5.14425  eV     1   --> A              
     e( 36 - 36) =      5.37554  eV     1   --> A              
     e( 37 - 37) =      5.47190  eV     1   --> A              
     e( 38 - 38) =      5.76376  eV     1   --> A              
     e( 39 - 39) =      5.91253  eV     1   --> A              
     e( 40 - 40) =      6.36332  eV     1   --> A              
     e( 41 - 41) =      6.63437  eV     1   --> A              
     e( 42 - 42) =      6.93826  eV     1   --> A              
     e( 43 - 43) =      7.21320  eV     1   --> A              
     e( 44 - 44) =      7.26695  eV     1   --> A              
     e( 45 - 45) =      7.44429  eV     1   --> A              
     e( 46 - 46) =      7.58081  eV     1   --> A              
     e( 47 - 47) =      7.68694  eV     1   --> A              
     e( 48 - 48) =      7.75667  eV     1   --> A              
     e( 49 - 49) =      8.16619  eV     1   --> A              
     e( 50 - 50) =      8.25641  eV     1   --> A              
     e( 51 - 51) =      8.54092  eV     1   --> A              
     e( 52 - 52) =      8.78955  eV     1   --> A              
     e( 53 - 53) =      9.02458  eV     1   --> A              
     e( 54 - 54) =      9.13789  eV     1   --> A              
     e( 55 - 55) =      9.31565  eV     1   --> A              
     e( 56 - 56) =      9.53561  eV     1   --> A              
     e( 57 - 57) =     10.27512  eV     1   --> A              
     e( 58 - 58) =     10.29679  eV     1   --> A              
     e( 59 - 59) =     13.14066  eV     1   --> A              
     e( 60 - 60) =     13.59183  eV     1   --> A              
     e( 61 - 61) =     13.81949  eV     1   --> A              
     e( 62 - 62) =     14.25505  eV     1   --> A              
     e( 63 - 63) =     14.41530  eV     1   --> A              
     e( 64 - 64) =     14.64680  eV     1   --> A              
     e( 65 - 65) =     17.28833  eV     1   --> A              
     e( 66 - 66) =     17.74959  eV     1   --> A              
     e( 67 - 67) =     17.78954  eV     1   --> A              
     e( 68 - 68) =     18.36761  eV     1   --> A              
     e( 69 - 69) =     19.42223  eV     1   --> A              
     e( 70 - 70) =     19.82642  eV     1   --> A              
     e( 71 - 71) =     20.88983  eV     1   --> A              
     e( 72 - 72) =     21.32804  eV     1   --> A              
     e( 73 - 73) =     22.27346  eV     1   --> A              
     e( 74 - 74) =     22.38232  eV     1   --> A              
     e( 75 - 75) =     22.61064  eV     1   --> A              
     e( 76 - 76) =     22.95268  eV     1   --> A              
     e( 77 - 77) =     23.90677  eV     1   --> A              
     e( 78 - 78) =     24.02058  eV     1   --> A              
     e( 79 - 79) =     24.09528  eV     1   --> A              
     e( 80 - 80) =     24.77267  eV     1   --> A              

 **************************************************************************

 **************************************************************************

                    xk=(   0.27500,   0.40990,   0.00217  )

     Band symmetry, C_1 (1)     point group:

     e(  1 -  1) =    -93.68823  eV     1   --> A              
     e(  2 -  2) =    -68.87014  eV     1   --> A              
     e(  3 -  3) =    -64.33187  eV     1   --> A              
     e(  4 -  4) =    -64.32219  eV     1   --> A              
     e(  5 -  5) =    -54.29107  eV     1   --> A              
     e(  6 -  6) =    -54.27336  eV     1   --> A              
     e(  7 -  7) =    -54.25012  eV     1   --> A              
     e(  8 -  8) =    -37.92573  eV     1   --> A              
     e(  9 -  9) =    -37.91771  eV     1   --> A              
     e( 10 - 10) =    -37.90162  eV     1   --> A              
     e( 11 - 11) =    -28.77680  eV     1   --> A              
     e( 12 - 12) =    -28.72158  eV     1   --> A              
     e( 13 - 13) =    -28.68945  eV     1   --> A              
     e( 14 - 14) =    -28.62169  eV     1   --> A              
     e( 15 - 15) =    -28.61709  eV     1   --> A              
     e( 16 - 16) =    -28.55587  eV     1   --> A              
     e( 17 - 17) =     -8.18951  eV     1   --> A              
     e( 18 - 18) =     -7.65663  eV     1   --> A              
     e( 19 - 19) =     -7.27053  eV     1   --> A              
     e( 20 - 20) =     -7.08711  eV     1   --> A              
     e( 21 - 21) =     -7.00293  eV     1   --> A              
     e( 22 - 22) =     -6.69947  eV     1   --> A              
     e( 23 - 23) =     -6.51230  eV     1   --> A              
     e( 24 - 24) =     -6.37841  eV     1   --> A              
     e( 25 - 25) =      2.31860  eV     1   --> A              
     e( 26 - 26) =      2.34142  eV     1   --> A              
     e( 27 - 27) =      3.31446  eV     1   --> A              
     e( 28 - 28) =      3.39624  eV     1   --> A              
     e( 29 - 29) =      3.64185  eV     1   --> A              
     e( 30 - 30) =      3.88223  eV     1   --> A              
     e( 31 - 31) =      4.27513  eV     1   --> A              
     e( 32 - 32) =      4.43215  eV     1   --> A              
     e( 33 - 33) =      4.70811  eV     1   --> A              
     e( 34 - 34) =      4.99150  eV     1   --> A              
     e( 35 - 35) =      5.18892  eV     1   --> A              
     e( 36 - 36) =      5.40199  eV     1   --> A              
     e( 37 - 37) =      5.48604  eV     1   --> A              
     e( 38 - 38) =      5.72302  eV     1   --> A              
     e( 39 - 39) =      5.96479  eV     1   --> A              
     e( 40 - 40) =      6.31120  eV     1   --> A              
     e( 41 - 41) =      6.62823  eV     1   --> A              
     e( 42 - 42) =      6.96254  eV     1   --> A              
     e( 43 - 43) =      7.17836  eV     1   --> A              
     e( 44 - 44) =      7.32675  eV     1   --> A              
     e( 45 - 45) =      7.44286  eV     1   --> A              
     e( 46 - 46) =      7.54664  eV     1   --> A              
     e( 47 - 47) =      7.68659  eV     1   --> A              
     e( 48 - 48) =      7.78223  eV     1   --> A              
     e( 49 - 49) =      8.12923  eV     1   --> A              
     e( 50 - 50) =      8.25784  eV     1   --> A              
     e( 51 - 51) =      8.50062  eV     1   --> A              
     e( 52 - 52) =      8.78926  eV     1   --> A              
     e( 53 - 53) =      9.03287  eV     1   --> A              
     e( 54 - 54) =      9.14475  eV     1   --> A              
     e( 55 - 55) =      9.30364  eV     1   --> A              
     e( 56 - 56) =      9.56074  eV     1   --> A              
     e( 57 - 57) =     10.24644  eV     1   --> A              
     e( 58 - 58) =     10.27442  eV     1   --> A              
     e( 59 - 59) =     13.16709  eV     1   --> A              
     e( 60 - 60) =     13.59238  eV     1   --> A              
     e( 61 - 61) =     13.79728  eV     1   --> A              
     e( 62 - 62) =     14.23328  eV     1   --> A              
     e( 63 - 63) =     14.46022  eV     1   --> A              
     e( 64 - 64) =     14.62307  eV     1   --> A              
     e( 65 - 65) =     17.21059  eV     1   --> A              
     e( 66 - 66) =     17.78585  eV     1   --> A              
     e( 67 - 67) =     17.84595  eV     1   --> A              
     e( 68 - 68) =     18.47185  eV     1   --> A              
     e( 69 - 69) =     19.48118  eV     1   --> A              
     e( 70 - 70) =     19.84472  eV     1   --> A              
     e( 71 - 71) =     20.80899  eV     1   --> A              
     e( 72 - 72) =     21.24858  eV     1   --> A              
     e( 73 - 73) =     22.23705  eV     1   --> A              
     e( 74 - 74) =     22.35307  eV     1   --> A              
     e( 75 - 75) =     22.58974  eV     1   --> A              
     e( 76 - 76) =     22.98836  eV     1   --> A              
     e( 77 - 77) =     23.93409  eV     1   --> A              
     e( 78 - 78) =     23.95378  eV     1   --> A              
     e( 79 - 79) =     24.13523  eV     1   --> A              
     e( 80 - 80) =     24.85386  eV     1   --> A              

 **************************************************************************

 **************************************************************************

                    xk=(   0.30000,   0.40990,   0.00237  )

     Band symmetry, C_1 (1)     point group:

     e(  1 -  1) =    -93.68823  eV     1   --> A              
     e(  2 -  2) =    -68.87014  eV     1   --> A              
     e(  3 -  3) =    -64.33190  eV     1   --> A              
     e(  4 -  4) =    -64.32219  eV     1   --> A              
     e(  5 -  5) =    -54.29107  eV     1   --> A              
     e(  6 -  6) =    -54.27336  eV     1   --> A              
     e(  7 -  7) =    -54.25012  eV     1   --> A              
     e(  8 -  8) =    -37.92573  eV     1   --> A              
     e(  9 -  9) =    -37.91771  eV     1   --> A              
     e( 10 - 10) =    -37.90163  eV     1   --> A              
     e( 11 - 11) =    -28.77680  eV     1   --> A              
     e( 12 - 12) =    -28.72153  eV     1   --> A              
     e( 13 - 13) =    -28.68960  eV     1   --> A              
     e( 14 - 14) =    -28.62182  eV     1   --> A              
     e( 15 - 15) =    -28.61707  eV     1   --> A              
     e( 16 - 16) =    -28.55591  eV     1   --> A              
     e( 17 - 17) =     -8.17566  eV     1   --> A              
     e( 18 - 18) =     -7.64571  eV     1   --> A              
     e( 19 - 19) =     -7.29001  eV     1   --> A              
     e( 20 - 20) =     -7.09852  eV     1   --> A              
     e( 21 - 21) =     -6.99693  eV     1   --> A              
     e( 22 - 22) =     -6.68808  eV     1   --> A              
     e( 23 - 23) =     -6.51726  eV     1   --> A              
     e( 24 - 24) =     -6.38492  eV     1   --> A              
     e( 25 - 25) =      2.30072  eV     1   --> A              
     e( 26 - 26) =      2.33305  eV     1   --> A              
     e( 27 - 27) =      3.30559  eV     1   --> A              
     e( 28 - 28) =      3.37691  eV     1   --> A              
     e( 29 - 29) =      3.63221  eV     1   --> A              
     e( 30 - 30) =      3.87595  eV     1   --> A              
     e( 31 - 31) =      4.28218  eV     1   --> A              
     e( 32 - 32) =      4.45614  eV     1   --> A              
     e( 33 - 33) =      4.74465  eV     1   --> A              
     e( 34 - 34) =      4.99997  eV     1   --> A              
     e( 35 - 35) =      5.22847  eV     1   --> A              
     e( 36 - 36) =      5.43539  eV     1   --> A              
     e( 37 - 37) =      5.50444  eV     1   --> A              
     e( 38 - 38) =      5.68156  eV     1   --> A              
     e( 39 - 39) =      6.02400  eV     1   --> A              
     e( 40 - 40) =      6.25914  eV     1   --> A              
     e( 41 - 41) =      6.62044  eV     1   --> A              
     e( 42 - 42) =      6.97897  eV     1   --> A              
     e( 43 - 43) =      7.12084  eV     1   --> A              
     e( 44 - 44) =      7.38349  eV     1   --> A              
     e( 45 - 45) =      7.40777  eV     1   --> A              
     e( 46 - 46) =      7.53056  eV     1   --> A              
     e( 47 - 47) =      7.68843  eV     1   --> A              
     e( 48 - 48) =      7.84864  eV     1   --> A              
     e( 49 - 49) =      8.09503  eV     1   --> A              
     e( 50 - 50) =      8.25558  eV     1   --> A              
     e( 51 - 51) =      8.45664  eV     1   --> A              
     e( 52 - 52) =      8.79084  eV     1   --> A              
     e( 53 - 53) =      9.03905  eV     1   --> A              
     e( 54 - 54) =      9.15433  eV     1   --> A              
     e( 55 - 55) =      9.29025  eV     1   --> A              
     e( 56 - 56) =      9.58573  eV     1   --> A              
     e( 57 - 57) =     10.19977  eV     1   --> A              
     e( 58 - 58) =     10.26622  eV     1   --> A              
     e( 59 - 59) =     13.19460  eV     1   --> A              
     e( 60 - 60) =     13.59393  eV     1   --> A              
     e( 61 - 61) =     13.77421  eV     1   --> A              
     e( 62 - 62) =     14.21530  eV     1   --> A              
     e( 63 - 63) =     14.50217  eV     1   --> A              
     e( 64 - 64) =     14.59678  eV     1   --> A              
     e( 65 - 65) =     17.13767  eV     1   --> A              
     e( 66 - 66) =     17.82129  eV     1   --> A              
     e( 67 - 67) =     17.90245  eV     1   --> A              
     e( 68 - 68) =     18.57828  eV     1   --> A              
     e( 69 - 69) =     19.53539  eV     1   --> A              
     e( 70 - 70) =     19.86842  eV     1   --> A              
     e( 71 - 71) =     20.73027  eV     1   --> A              
     e( 72 - 72) =     21.16824  eV     1   --> A              
     e( 73 - 73) =     22.19894  eV     1   --> A              
     e( 74 - 74) =     22.32180  eV     1   --> A              
     e( 75 - 75) =     22.56223  eV     1   --> A              
     e( 76 - 76) =     23.03850  eV     1   --> A              
     e( 77 - 77) =     23.85732  eV     1   --> A              
     e( 78 - 78) =     23.97604  eV     1   --> A              
     e( 79 - 79) =     24.16841  eV     1   --> A              
     e( 80 - 80) =     24.93073  eV     1   --> A              

 **************************************************************************

 **************************************************************************

                    xk=(   0.32500,   0.40990,   0.00257  )

     Band symmetry, C_1 (1)     point group:

     e(  1 -  1) =    -93.68823  eV     1   --> A              
     e(  2 -  2) =    -68.87014  eV     1   --> A              
     e(  3 -  3) =    -64.33193  eV     1   --> A              
     e(  4 -  4) =    -64.32219  eV     1   --> A              
     e(  5 -  5) =    -54.29107  eV     1   --> A              
     e(  6 -  6) =    -54.27336  eV     1   --> A              
     e(  7 -  7) =    -54.25012  eV     1   --> A              
     e(  8 -  8) =    -37.92573  eV     1   --> A              
     e(  9 -  9) =    -37.91771  eV     1   --> A              
     e( 10 - 10) =    -37.90163  eV     1   --> A              
     e( 11 - 11) =    -28.77681  eV     1   --> A              
     e( 12 - 12) =    -28.72148  eV     1   --> A              
     e( 13 - 13) =    -28.68974  eV     1   --> A              
     e( 14 - 14) =    -28.62195  eV     1   --> A              
     e( 15 - 15) =    -28.61704  eV     1   --> A              
     e( 16 - 16) =    -28.55594  eV     1   --> A              
     e( 17 - 17) =     -8.16226  eV     1   --> A              
     e( 18 - 18) =     -7.63440  eV     1   --> A              
     e( 19 - 19) =     -7.30915  eV     1   --> A              
     e( 20 - 20) =     -7.10884  eV     1   --> A              
     e( 21 - 21) =     -6.99111  eV     1   --> A              
     e( 22 - 22) =     -6.67777  eV     1   --> A              
     e( 23 - 23) =     -6.52461  eV     1   --> A              
     e( 24 - 24) =     -6.38911  eV     1   --> A              
     e( 25 - 25) =      2.28409  eV     1   --> A              
     e( 26 - 26) =      2.32510  eV     1   --> A              
     e( 27 - 27) =      3.29196  eV     1   --> A              
     e( 28 - 28) =      3.36201  eV     1   --> A              
     e( 29 - 29) =      3.62018  eV     1   --> A              
     e( 30 - 30) =      3.87722  eV     1   --> A              
     e( 31 - 31) =      4.28857  eV     1   --> A              
     e( 32 - 32) =      4.48153  eV     1   --> A              
     e( 33 - 33) =      4.77479  eV     1   --> A              
     e( 34 - 34) =      5.01087  eV     1   --> A              
     e( 35 - 35) =      5.26188  eV     1   --> A              
     e( 36 - 36) =      5.46715  eV     1   --> A              
     e( 37 - 37) =      5.52781  eV     1   --> A              
     e( 38 - 38) =      5.65496  eV     1   --> A              
     e( 39 - 39) =      6.07766  eV     1   --> A              
     e( 40 - 40) =      6.21347  eV     1   --> A              
     e( 41 - 41) =      6.61089  eV     1   --> A              
     e( 42 - 42) =      6.96940  eV     1   --> A              
     e( 43 - 43) =      7.08491  eV     1   --> A              
     e( 44 - 44) =      7.30475  eV     1   --> A              
     e( 45 - 45) =      7.45769  eV     1   --> A              
     e( 46 - 46) =      7.51971  eV     1   --> A              
     e( 47 - 47) =      7.72461  eV     1   --> A              
     e( 48 - 48) =      7.91565  eV     1   --> A              
     e( 49 - 49) =      8.07170  eV     1   --> A              
     e( 50 - 50) =      8.25240  eV     1   --> A              
     e( 51 - 51) =      8.41091  eV     1   --> A              
     e( 52 - 52) =      8.78927  eV     1   --> A              
     e( 53 - 53) =      9.04484  eV     1   --> A              
     e( 54 - 54) =      9.16371  eV     1   --> A              
     e( 55 - 55) =      9.27748  eV     1   --> A              
     e( 56 - 56) =      9.60959  eV     1   --> A              
     e( 57 - 57) =     10.15435  eV     1   --> A              
     e( 58 - 58) =     10.25439  eV     1   --> A              
     e( 59 - 59) =     13.22266  eV     1   --> A              
     e( 60 - 60) =     13.59649  eV     1   --> A              
     e( 61 - 61) =     13.75054  eV     1   --> A              
     e( 62 - 62) =     14.20215  eV     1   --> A              
     e( 63 - 63) =     14.53494  eV     1   --> A              
     e( 64 - 64) =     14.57347  eV     1   --> A              
     e( 65 - 65) =     17.07073  eV     1   --> A              
     e( 66 - 66) =     17.85509  eV     1   --> A              
     e( 67 - 67) =     17.95737  eV     1   --> A              
     e( 68 - 68) =     18.68429  eV     1   --> A              
     e( 69 - 69) =     19.58462  eV     1   --> A              
     e( 70 - 70) =     19.89815  eV     1   --> A              
     e( 71 - 71) =     20.65428  eV     1   --> A              
     e( 72 - 72) =     21.08726  eV     1   --> A              
     e( 73 - 73) =     22.16032  eV     1   --> A              
     e( 74 - 74) =     22.29037  eV     1   --> A              
     e( 75 - 75) =     22.52970  eV     1   --> A              
     e( 76 - 76) =     23.10144  eV     1   --> A              
     e( 77 - 77) =     23.77462  eV     1   --> A              
     e( 78 - 78) =     23.99641  eV     1   --> A              
     e( 79 - 79) =     24.19676  eV     1   --> A              
     e( 80 - 80) =     24.98867  eV     1   --> A              

 **************************************************************************

 **************************************************************************

                    xk=(   0.35000,   0.40990,   0.00277  )

     Band symmetry, C_1 (1)     point group:

     e(  1 -  1) =    -93.68823  eV     1   --> A              
     e(  2 -  2) =    -68.87014  eV     1   --> A              
     e(  3 -  3) =    -64.33196  eV     1   --> A              
     e(  4 -  4) =    -64.32220  eV     1   --> A              
     e(  5 -  5) =    -54.29107  eV     1   --> A              
     e(  6 -  6) =    -54.27336  eV     1   --> A              
     e(  7 -  7) =    -54.25012  eV     1   --> A              
     e(  8 -  8) =    -37.92573  eV     1   --> A              
     e(  9 -  9) =    -37.91771  eV     1   --> A              
     e( 10 - 10) =    -37.90164  eV     1   --> A              
     e( 11 - 11) =    -28.77681  eV     1   --> A              
     e( 12 - 12) =    -28.72144  eV     1   --> A              
     e( 13 - 13) =    -28.68987  eV     1   --> A              
     e( 14 - 14) =    -28.62207  eV     1   --> A              
     e( 15 - 15) =    -28.61702  eV     1   --> A              
     e( 16 - 16) =    -28.55597  eV     1   --> A              
     e( 17 - 17) =     -8.14969  eV     1   --> A              
     e( 18 - 18) =     -7.62290  eV     1   --> A              
     e( 19 - 19) =     -7.32765  eV     1   --> A              
     e( 20 - 20) =     -7.11797  eV     1   --> A              
     e( 21 - 21) =     -6.98563  eV     1   --> A              
     e( 22 - 22) =     -6.66861  eV     1   --> A              
     e( 23 - 23) =     -6.53359  eV     1   --> A              
     e( 24 - 24) =     -6.39136  eV     1   --> A              
     e( 25 - 25) =      2.26909  eV     1   --> A              
     e( 26 - 26) =      2.31771  eV     1   --> A              
     e( 27 - 27) =      3.27402  eV     1   --> A              
     e( 28 - 28) =      3.35255  eV     1   --> A              
     e( 29 - 29) =      3.60741  eV     1   --> A              
     e( 30 - 30) =      3.88347  eV     1   --> A              
     e( 31 - 31) =      4.29405  eV     1   --> A              
     e( 32 - 32) =      4.50771  eV     1   --> A              
     e( 33 - 33) =      4.79491  eV     1   --> A              
     e( 34 - 34) =      5.02694  eV     1   --> A              
     e( 35 - 35) =      5.28903  eV     1   --> A              
     e( 36 - 36) =      5.47948  eV     1   --> A              
     e( 37 - 37) =      5.55578  eV     1   --> A              
     e( 38 - 38) =      5.66187  eV     1   --> A              
     e( 39 - 39) =      6.10134  eV     1   --> A              
     e( 40 - 40) =      6.19744  eV     1   --> A              
     e( 41 - 41) =      6.59888  eV     1   --> A              
     e( 42 - 42) =      6.92075  eV     1   --> A              
     e( 43 - 43) =      7.08620  eV     1   --> A              
     e( 44 - 44) =      7.21484  eV     1   --> A              
     e( 45 - 45) =      7.45377  eV     1   --> A              
     e( 46 - 46) =      7.54460  eV     1   --> A              
     e( 47 - 47) =      7.78204  eV     1   --> A              
     e( 48 - 48) =      7.95403  eV     1   --> A              
     e( 49 - 49) =      8.08244  eV     1   --> A              
     e( 50 - 50) =      8.25140  eV     1   --> A              
     e( 51 - 51) =      8.36589  eV     1   --> A              
     e( 52 - 52) =      8.78048  eV     1   --> A              
     e( 53 - 53) =      9.05178  eV     1   --> A              
     e( 54 - 54) =      9.16871  eV     1   --> A              
     e( 55 - 55) =      9.26859  eV     1   --> A              
     e( 56 - 56) =      9.63148  eV     1   --> A              
     e( 57 - 57) =     10.11181  eV     1   --> A              
     e( 58 - 58) =     10.23922  eV     1   --> A              
     e( 59 - 59) =     13.25065  eV     1   --> A              
     e( 60 - 60) =     13.59993  eV     1   --> A              
     e( 61 - 61) =     13.72663  eV     1   --> A              
     e( 62 - 62) =     14.19450  eV     1   --> A              
     e( 63 - 63) =     14.52465  eV     1   --> A              
     e( 64 - 64) =     14.58681  eV     1   --> A              
     e( 65 - 65) =     17.01072  eV     1   --> A              
     e( 66 - 66) =     17.88641  eV     1   --> A              
     e( 67 - 67) =     18.00918  eV     1   --> A              
     e( 68 - 68) =     18.78679  eV     1   --> A              
     e( 69 - 69) =     19.62941  eV     1   --> A              
     e( 70 - 70) =     19.93367  eV     1   --> A              
     e( 71 - 71) =     20.58186  eV     1   --> A              
     e( 72 - 72) =     21.00600  eV     1   --> A              
     e( 73 - 73) =     22.12254  eV     1   --> A              
     e( 74 - 74) =     22.26049  eV     1   --> A              
     e( 75 - 75) =     22.49411  eV     1   --> A              
     e( 76 - 76) =     23.17499  eV     1   --> A              
     e( 77 - 77) =     23.69931  eV     1   --> A              
     e( 78 - 78) =     24.00705  eV     1   --> A              
     e( 79 - 79) =     24.22155  eV     1   --> A              
     e( 80 - 80) =     24.99663  eV     1   --> A              

 **************************************************************************

 **************************************************************************

                    xk=(   0.37500,   0.40990,   0.00296  )

     Band symmetry, C_1 (1)     point group:

     e(  1 -  1) =    -93.68823  eV     1   --> A              
     e(  2 -  2) =    -68.87014  eV     1   --> A              
     e(  3 -  3) =    -64.33199  eV     1   --> A              
     e(  4 -  4) =    -64.32220  eV     1   --> A              
     e(  5 -  5) =    -54.29107  eV     1   --> A              
     e(  6 -  6) =    -54.27336  eV     1   --> A              
     e(  7 -  7) =    -54.25012  eV     1   --> A              
     e(  8 -  8) =    -37.92573  eV     1   --> A              
     e(  9 -  9) =    -37.91771  eV     1   --> A              
     e( 10 - 10) =    -37.90164  eV     1   --> A              
     e( 11 - 11) =    -28.77682  eV     1   --> A              
     e( 12 - 12) =    -28.72139  eV     1   --> A              
     e( 13 - 13) =    -28.68999  eV     1   --> A              
     e( 14 - 14) =    -28.62217  eV     1   --> A              
     e( 15 - 15) =    -28.61700  eV     1   --> A              
     e( 16 - 16) =    -28.55600  eV     1   --> A              
     e( 17 - 17) =     -8.13830  eV     1   --> A              
     e( 18 - 18) =     -7.61151  eV     1   --> A              
     e( 19 - 19) =     -7.34509  eV     1   --> A              
     e( 20 - 20) =     -7.12582  eV     1   --> A              
     e( 21 - 21) =     -6.98063  eV     1   --> A              
     e( 22 - 22) =     -6.66066  eV     1   --> A              
     e( 23 - 23) =     -6.54325  eV     1   --> A              
     e( 24 - 24) =     -6.39222  eV     1   --> A              
     e( 25 - 25) =      2.25598  eV     1   --> A              
     e( 26 - 26) =      2.31104  eV     1   --> A              
     e( 27 - 27) =      3.25445  eV     1   --> A              
     e( 28 - 28) =      3.34707  eV     1   --> A              
     e( 29 - 29) =      3.59523  eV     1   --> A              
     e( 30 - 30) =      3.89242  eV     1   --> A              
     e( 31 - 31) =      4.29838  eV     1   --> A              
     e( 32 - 32) =      4.53418  eV     1   --> A              
     e( 33 - 33) =      4.80342  eV     1   --> A              
     e( 34 - 34) =      5.04936  eV     1   --> A              
     e( 35 - 35) =      5.30940  eV     1   --> A              
     e( 36 - 36) =      5.46762  eV     1   --> A              
     e( 37 - 37) =      5.58649  eV     1   --> A              
     e( 38 - 38) =      5.70728  eV     1   --> A              
     e( 39 - 39) =      6.07592  eV     1   --> A              
     e( 40 - 40) =      6.23005  eV     1   --> A              
     e( 41 - 41) =      6.58286  eV     1   --> A              
     e( 42 - 42) =      6.85567  eV     1   --> A              
     e( 43 - 43) =      7.10077  eV     1   --> A              
     e( 44 - 44) =      7.12836  eV     1   --> A              
     e( 45 - 45) =      7.42828  eV     1   --> A              
     e( 46 - 46) =      7.57783  eV     1   --> A              
     e( 47 - 47) =      7.83691  eV     1   --> A              
     e( 48 - 48) =      7.96514  eV     1   --> A              
     e( 49 - 49) =      8.12861  eV     1   --> A              
     e( 50 - 50) =      8.25387  eV     1   --> A              
     e( 51 - 51) =      8.32848  eV     1   --> A              
     e( 52 - 52) =      8.76205  eV     1   --> A              
     e( 53 - 53) =      9.06017  eV     1   --> A              
     e( 54 - 54) =      9.16591  eV     1   --> A              
     e( 55 - 55) =      9.26665  eV     1   --> A              
     e( 56 - 56) =      9.65066  eV     1   --> A              
     e( 57 - 57) =     10.07344  eV     1   --> A              
     e( 58 - 58) =     10.22179  eV     1   --> A              
     e( 59 - 59) =     13.27787  eV     1   --> A              
     e( 60 - 60) =     13.60396  eV     1   --> A              
     e( 61 - 61) =     13.70300  eV     1   --> A              
     e( 62 - 62) =     14.19268  eV     1   --> A              
     e( 63 - 63) =     14.49273  eV     1   --> A              
     e( 64 - 64) =     14.61555  eV     1   --> A              
     e( 65 - 65) =     16.95849  eV     1   --> A              
     e( 66 - 66) =     17.91446  eV     1   --> A              
     e( 67 - 67) =     18.05632  eV     1   --> A              
     e( 68 - 68) =     18.88227  eV     1   --> A              
     e( 69 - 69) =     19.67114  eV     1   --> A              
     e( 70 - 70) =     19.97324  eV     1   --> A              
     e( 71 - 71) =     20.51451  eV     1   --> A              
     e( 72 - 72) =     20.92510  eV     1   --> A              
     e( 73 - 73) =     22.08715  eV     1   --> A              
     e( 74 - 74) =     22.23356  eV     1   --> A              
     e( 75 - 75) =     22.45760  eV     1   --> A              
     e( 76 - 76) =     23.25638  eV     1   --> A              
     e( 77 - 77) =     23.63553  eV     1   --> A              
     e( 78 - 78) =     24.00885  eV     1   --> A              
     e( 79 - 79) =     24.24202  eV     1   --> A              
     e( 80 - 80) =     24.93273  eV     1   --> A              

 **************************************************************************

 **************************************************************************

                    xk=(   0.39999,   0.40990,   0.00316  )

     Band symmetry, C_1 (1)     point group:

     e(  1 -  1) =    -93.68823  eV     1   --> A              
     e(  2 -  2) =    -68.87014  eV     1   --> A              
     e(  3 -  3) =    -64.33201  eV     1   --> A              
     e(  4 -  4) =    -64.32220  eV     1   --> A              
     e(  5 -  5) =    -54.29107  eV     1   --> A              
     e(  6 -  6) =    -54.27337  eV     1   --> A              
     e(  7 -  7) =    -54.25012  eV     1   --> A              
     e(  8 -  8) =    -37.92573  eV     1   --> A              
     e(  9 -  9) =    -37.91771  eV     1   --> A              
     e( 10 - 10) =    -37.90165  eV     1   --> A              
     e( 11 - 11) =    -28.77682  eV     1   --> A              
     e( 12 - 12) =    -28.72136  eV     1   --> A              
     e( 13 - 13) =    -28.69009  eV     1   --> A              
     e( 14 - 14) =    -28.62226  eV     1   --> A              
     e( 15 - 15) =    -28.61699  eV     1   --> A              
     e( 16 - 16) =    -28.55603  eV     1   --> A              
     e( 17 - 17) =     -8.12843  eV     1   --> A              
     e( 18 - 18) =     -7.60066  eV     1   --> A              
     e( 19 - 19) =     -7.36100  eV     1   --> A              
     e( 20 - 20) =     -7.13233  eV     1   --> A              
     e( 21 - 21) =     -6.97628  eV     1   --> A              
     e( 22 - 22) =     -6.65398  eV     1   --> A              
     e( 23 - 23) =     -6.55263  eV     1   --> A              
     e( 24 - 24) =     -6.39226  eV     1   --> A              
     e( 25 - 25) =      2.24498  eV     1   --> A              
     e( 26 - 26) =      2.30528  eV     1   --> A              
     e( 27 - 27) =      3.23596  eV     1   --> A              
     e( 28 - 28) =      3.34386  eV     1   --> A              
     e( 29 - 29) =      3.58452  eV     1   --> A              
     e( 30 - 30) =      3.90225  eV     1   --> A              
     e( 31 - 31) =      4.30146  eV     1   --> A              
     e( 32 - 32) =      4.56034  eV     1   --> A              
     e( 33 - 33) =      4.80163  eV     1   --> A              
     e( 34 - 34) =      5.07704  eV     1   --> A              
     e( 35 - 35) =      5.32065  eV     1   --> A              
     e( 36 - 36) =      5.44813  eV     1   --> A              
     e( 37 - 37) =      5.61885  eV     1   --> A              
     e( 38 - 38) =      5.77369  eV     1   --> A              
     e( 39 - 39) =      6.03804  eV     1   --> A              
     e( 40 - 40) =      6.27512  eV     1   --> A              
     e( 41 - 41) =      6.56074  eV     1   --> A              
     e( 42 - 42) =      6.78645  eV     1   --> A              
     e( 43 - 43) =      7.04975  eV     1   --> A              
     e( 44 - 44) =      7.11823  eV     1   --> A              
     e( 45 - 45) =      7.40874  eV     1   --> A              
     e( 46 - 46) =      7.59571  eV     1   --> A              
     e( 47 - 47) =      7.86829  eV     1   --> A              
     e( 48 - 48) =      7.99185  eV     1   --> A              
     e( 49 - 49) =      8.17309  eV     1   --> A              
     e( 50 - 50) =      8.24170  eV     1   --> A              
     e( 51 - 51) =      8.32722  eV     1   --> A              
     e( 52 - 52) =      8.73327  eV     1   --> A              
     e( 53 - 53) =      9.06881  eV     1   --> A              
     e( 54 - 54) =      9.15654  eV     1   --> A              
     e( 55 - 55) =      9.27100  eV     1   --> A              
     e( 56 - 56) =      9.66658  eV     1   --> A              
     e( 57 - 57) =     10.04037  eV     1   --> A              
     e( 58 - 58) =     10.20368  eV     1   --> A              
     e( 59 - 59) =     13.30341  eV     1   --> A              
     e( 60 - 60) =     13.60822  eV     1   --> A              
     e( 61 - 61) =     13.68041  eV     1   --> A              
     e( 62 - 62) =     14.19665  eV     1   --> A              
     e( 63 - 63) =     14.45832  eV     1   --> A              
     e( 64 - 64) =     14.64109  eV     1   --> A              
     e( 65 - 65) =     16.91474  eV     1   --> A              
     e( 66 - 66) =     17.93850  eV     1   --> A              
     e( 67 - 67) =     18.09733  eV     1   --> A              
     e( 68 - 68) =     18.96687  eV     1   --> A              
     e( 69 - 69) =     19.71158  eV     1   --> A              
     e( 70 - 70) =     20.01314  eV     1   --> A              
     e( 71 - 71) =     20.45506  eV     1   --> A              
     e( 72 - 72) =     20.84581  eV     1   --> A              
     e( 73 - 73) =     22.05568  eV     1   --> A              
     e( 74 - 74) =     22.21068  eV     1   --> A              
     e( 75 - 75) =     22.42253  eV     1   --> A              
     e( 76 - 76) =     23.34112  eV     1   --> A              
     e( 77 - 77) =     23.58647  eV     1   --> A              
     e( 78 - 78) =     24.00380  eV     1   --> A              
     e( 79 - 79) =     24.25588  eV     1   --> A              
     e( 80 - 80) =     24.83124  eV     1   --> A              

 **************************************************************************

 **************************************************************************

                    xk=(   0.42499,   0.40990,   0.00336  )

     Band symmetry, C_1 (1)     point group:

     e(  1 -  1) =    -93.68823  eV     1   --> A              
     e(  2 -  2) =    -68.87014  eV     1   --> A              
     e(  3 -  3) =    -64.33203  eV     1   --> A              
     e(  4 -  4) =    -64.32221  eV     1   --> A              
     e(  5 -  5) =    -54.29107  eV     1   --> A              
     e(  6 -  6) =    -54.27337  eV     1   --> A              
     e(  7 -  7) =    -54.25012  eV     1   --> A              
     e(  8 -  8) =    -37.92573  eV     1   --> A              
     e(  9 -  9) =    -37.91771  eV     1   --> A              
     e( 10 - 10) =    -37.90165  eV     1   --> A              
     e( 11 - 11) =    -28.77682  eV     1   --> A              
     e( 12 - 12) =    -28.72133  eV     1   --> A              
     e( 13 - 13) =    -28.69017  eV     1   --> A              
     e( 14 - 14) =    -28.62234  eV     1   --> A              
     e( 15 - 15) =    -28.61697  eV     1   --> A              
     e( 16 - 16) =    -28.55605  eV     1   --> A              
     e( 17 - 17) =     -8.12040  eV     1   --> A              
     e( 18 - 18) =     -7.59090  eV     1   --> A              
     e( 19 - 19) =     -7.37474  eV     1   --> A              
     e( 20 - 20) =     -7.13745  eV     1   --> A              
     e( 21 - 21) =     -6.97271  eV     1   --> A              
     e( 22 - 22) =     -6.64863  eV     1   --> A              
     e( 23 - 23) =     -6.56089  eV     1   --> A              
     e( 24 - 24) =     -6.39190  eV     1   --> A              
     e( 25 - 25) =      2.23626  eV     1   --> A              
     e( 26 - 26) =      2.30061  eV     1   --> A              
     e( 27 - 27) =      3.22030  eV     1   --> A              
     e( 28 - 28) =      3.34190  eV     1   --> A              
     e( 29 - 29) =      3.57584  eV     1   --> A              
     e( 30 - 30) =      3.91148  eV     1   --> A              
     e( 31 - 31) =      4.30339  eV     1   --> A              
     e( 32 - 32) =      4.58524  eV     1   --> A              
     e( 33 - 33) =      4.79271  eV     1   --> A              
     e( 34 - 34) =      5.10769  eV     1   --> A              
     e( 35 - 35) =      5.31865  eV     1   --> A              
     e( 36 - 36) =      5.43457  eV     1   --> A              
     e( 37 - 37) =      5.65070  eV     1   --> A              
     e( 38 - 38) =      5.84658  eV     1   --> A              
     e( 39 - 39) =      6.00313  eV     1   --> A              
     e( 40 - 40) =      6.31857  eV     1   --> A              
     e( 41 - 41) =      6.53111  eV     1   --> A              
     e( 42 - 42) =      6.71693  eV     1   --> A              
     e( 43 - 43) =      6.99124  eV     1   --> A              
     e( 44 - 44) =      7.12794  eV     1   --> A              
     e( 45 - 45) =      7.40273  eV     1   --> A              
     e( 46 - 46) =      7.59242  eV     1   --> A              
     e( 47 - 47) =      7.88805  eV     1   --> A              
     e( 48 - 48) =      8.02801  eV     1   --> A              
     e( 49 - 49) =      8.20384  eV     1   --> A              
     e( 50 - 50) =      8.21153  eV     1   --> A              
     e( 51 - 51) =      8.36972  eV     1   --> A              
     e( 52 - 52) =      8.69475  eV     1   --> A              
     e( 53 - 53) =      9.07546  eV     1   --> A              
     e( 54 - 54) =      9.14571  eV     1   --> A              
     e( 55 - 55) =      9.27800  eV     1   --> A              
     e( 56 - 56) =      9.67891  eV     1   --> A              
     e( 57 - 57) =     10.01357  eV     1   --> A              
     e( 58 - 58) =     10.18672  eV     1   --> A              
     e( 59 - 59) =     13.32614  eV     1   --> A              
     e( 60 - 60) =     13.61227  eV     1   --> A              
     e( 61 - 61) =     13.65987  eV     1   --> A              
     e( 62 - 62) =     14.20578  eV     1   --> A              
     e( 63 - 63) =     14.42437  eV     1   --> A              
     e( 64 - 64) =     14.66161  eV     1   --> A              
     e( 65 - 65) =     16.88009  eV     1   --> A              
     e( 66 - 66) =     17.95790  eV     1   --> A              
     e( 67 - 67) =     18.13085  eV     1   --> A              
     e( 68 - 68) =     19.03674  eV     1   --> A              
     e( 69 - 69) =     19.75169  eV     1   --> A              
     e( 70 - 70) =     20.04713  eV     1   --> A              
     e( 71 - 71) =     20.40866  eV     1   --> A              
     e( 72 - 72) =     20.77050  eV     1   --> A              
     e( 73 - 73) =     22.02957  eV     1   --> A              
     e( 74 - 74) =     22.19260  eV     1   --> A              
     e( 75 - 75) =     22.39144  eV     1   --> A              
     e( 76 - 76) =     23.41870  eV     1   --> A              
     e( 77 - 77) =     23.55862  eV     1   --> A              
     e( 78 - 78) =     23.99398  eV     1   --> A              
     e( 79 - 79) =     24.26006  eV     1   --> A              
     e( 80 - 80) =     24.72918  eV     1   --> A              

 **************************************************************************

 **************************************************************************

                    xk=(   0.44999,   0.40990,   0.00356  )

     Band symmetry, C_1 (1)     point group:

     e(  1 -  1) =    -93.68823  eV     1   --> A              
     e(  2 -  2) =    -68.87014  eV     1   --> A              
     e(  3 -  3) =    -64.33204  eV     1   --> A              
     e(  4 -  4) =    -64.32221  eV     1   --> A              
     e(  5 -  5) =    -54.29107  eV     1   --> A              
     e(  6 -  6) =    -54.27337  eV     1   --> A              
     e(  7 -  7) =    -54.25012  eV     1   --> A              
     e(  8 -  8) =    -37.92573  eV     1   --> A              
     e(  9 -  9) =    -37.91771  eV     1   --> A              
     e( 10 - 10) =    -37.90165  eV     1   --> A              
     e( 11 - 11) =    -28.77682  eV     1   --> A              
     e( 12 - 12) =    -28.72131  eV     1   --> A              
     e( 13 - 13) =    -28.69023  eV     1   --> A              
     e( 14 - 14) =    -28.62239  eV     1   --> A              
     e( 15 - 15) =    -28.61696  eV     1   --> A              
     e( 16 - 16) =    -28.55606  eV     1   --> A              
     e( 17 - 17) =     -8.11446  eV     1   --> A              
     e( 18 - 18) =     -7.58297  eV     1   --> A              
     e( 19 - 19) =     -7.38554  eV     1   --> A              
     e( 20 - 20) =     -7.14113  eV     1   --> A              
     e( 21 - 21) =     -6.97005  eV     1   --> A              
     e( 22 - 22) =     -6.64470  eV     1   --> A              
     e( 23 - 23) =     -6.56735  eV     1   --> A              
     e( 24 - 24) =     -6.39145  eV     1   --> A              
     e( 25 - 25) =      2.22995  eV     1   --> A              
     e( 26 - 26) =      2.29715  eV     1   --> A              
     e( 27 - 27) =      3.20854  eV     1   --> A              
     e( 28 - 28) =      3.34071  eV     1   --> A              
     e( 29 - 29) =      3.56949  eV     1   --> A              
     e( 30 - 30) =      3.91896  eV     1   --> A              
     e( 31 - 31) =      4.30443  eV     1   --> A              
     e( 32 - 32) =      4.60725  eV     1   --> A              
     e( 33 - 33) =      4.78052  eV     1   --> A              
     e( 34 - 34) =      5.13861  eV     1   --> A              
     e( 35 - 35) =      5.30333  eV     1   --> A              
     e( 36 - 36) =      5.43066  eV     1   --> A              
     e( 37 - 37) =      5.67877  eV     1   --> A              
     e( 38 - 38) =      5.91215  eV     1   --> A              
     e( 39 - 39) =      5.97896  eV     1   --> A              
     e( 40 - 40) =      6.35704  eV     1   --> A              
     e( 41 - 41) =      6.49564  eV     1   --> A              
     e( 42 - 42) =      6.65269  eV     1   --> A              
     e( 43 - 43) =      6.95280  eV     1   --> A              
     e( 44 - 44) =      7.13136  eV     1   --> A              
     e( 45 - 45) =      7.41194  eV     1   --> A              
     e( 46 - 46) =      7.57088  eV     1   --> A              
     e( 47 - 47) =      7.91409  eV     1   --> A              
     e( 48 - 48) =      8.04678  eV     1   --> A              
     e( 49 - 49) =      8.17449  eV     1   --> A              
     e( 50 - 50) =      8.24172  eV     1   --> A              
     e( 51 - 51) =      8.42511  eV     1   --> A              
     e( 52 - 52) =      8.64814  eV     1   --> A              
     e( 53 - 53) =      9.07805  eV     1   --> A              
     e( 54 - 54) =      9.13817  eV     1   --> A              
     e( 55 - 55) =      9.28457  eV     1   --> A              
     e( 56 - 56) =      9.68758  eV     1   --> A              
     e( 57 - 57) =      9.99383  eV     1   --> A              
     e( 58 - 58) =     10.17285  eV     1   --> A              
     e( 59 - 59) =     13.34454  eV     1   --> A              
     e( 60 - 60) =     13.61582  eV     1   --> A              
     e( 61 - 61) =     13.64277  eV     1   --> A              
     e( 62 - 62) =     14.21841  eV     1   --> A              
     e( 63 - 63) =     14.39347  eV     1   --> A              
     e( 64 - 64) =     14.67653  eV     1   --> A              
     e( 65 - 65) =     16.85499  eV     1   --> A              
     e( 66 - 66) =     17.97214  eV     1   --> A              
     e( 67 - 67) =     18.15572  eV     1   --> A              
     e( 68 - 68) =     19.08867  eV     1   --> A              
     e( 69 - 69) =     19.78998  eV     1   --> A              
     e( 70 - 70) =     20.06731  eV     1   --> A              
     e( 71 - 71) =     20.38211  eV     1   --> A              
     e( 72 - 72) =     20.70363  eV     1   --> A              
     e( 73 - 73) =     22.01002  eV     1   --> A              
     e( 74 - 74) =     22.17970  eV     1   --> A              
     e( 75 - 75) =     22.36683  eV     1   --> A              
     e( 76 - 76) =     23.46050  eV     1   --> A              
     e( 77 - 77) =     23.57275  eV     1   --> A              
     e( 78 - 78) =     23.98117  eV     1   --> A              
     e( 79 - 79) =     24.25278  eV     1   --> A              
     e( 80 - 80) =     24.64731  eV     1   --> A              

 **************************************************************************

 **************************************************************************

                    xk=(   0.47499,   0.40990,   0.00375  )

     Band symmetry, C_1 (1)     point group:

     e(  1 -  1) =    -93.68823  eV     1   --> A              
     e(  2 -  2) =    -68.87014  eV     1   --> A              
     e(  3 -  3) =    -64.33205  eV     1   --> A              
     e(  4 -  4) =    -64.32221  eV     1   --> A              
     e(  5 -  5) =    -54.29107  eV     1   --> A              
     e(  6 -  6) =    -54.27337  eV     1   --> A              
     e(  7 -  7) =    -54.25012  eV     1   --> A              
     e(  8 -  8) =    -37.92573  eV     1   --> A              
     e(  9 -  9) =    -37.91771  eV     1   --> A              
     e( 10 - 10) =    -37.90165  eV     1   --> A              
     e( 11 - 11) =    -28.77682  eV     1   --> A              
     e( 12 - 12) =    -28.72130  eV     1   --> A              
     e( 13 - 13) =    -28.69027  eV     1   --> A              
     e( 14 - 14) =    -28.62242  eV     1   --> A              
     e( 15 - 15) =    -28.61696  eV     1   --> A              
     e( 16 - 16) =    -28.55607  eV     1   --> A              
     e( 17 - 17) =     -8.11081  eV     1   --> A              
     e( 18 - 18) =     -7.57771  eV     1   --> A              
     e( 19 - 19) =     -7.39254  eV     1   --> A              
     e( 20 - 20) =     -7.14335  eV     1   --> A              
     e( 21 - 21) =     -6.96841  eV     1   --> A              
     e( 22 - 22) =     -6.64228  eV     1   --> A              
     e( 23 - 23) =     -6.57146  eV     1   --> A              
     e( 24 - 24) =     -6.39111  eV     1   --> A              
     e( 25 - 25) =      2.22613  eV     1   --> A              
     e( 26 - 26) =      2.29503  eV     1   --> A              
     e( 27 - 27) =      3.20127  eV     1   --> A              
     e( 28 - 28) =      3.34005  eV     1   --> A              
     e( 29 - 29) =      3.56563  eV     1   --> A              
     e( 30 - 30) =      3.92381  eV     1   --> A              
     e( 31 - 31) =      4.30489  eV     1   --> A              
     e( 32 - 32) =      4.62345  eV     1   --> A              
     e( 33 - 33) =      4.76959  eV     1   --> A              
     e( 34 - 34) =      5.16542  eV     1   --> A              
     e( 35 - 35) =      5.28311  eV     1   --> A              
     e( 36 - 36) =      5.43161  eV     1   --> A              
     e( 37 - 37) =      5.69879  eV     1   --> A              
     e( 38 - 38) =      5.93572  eV     1   --> A              
     e( 39 - 39) =      5.99047  eV     1   --> A              
     e( 40 - 40) =      6.38664  eV     1   --> A              
     e( 41 - 41) =      6.46274  eV     1   --> A              
     e( 42 - 42) =      6.60398  eV     1   --> A              
     e( 43 - 43) =      6.93218  eV     1   --> A              
     e( 44 - 44) =      7.13102  eV     1   --> A              
     e( 45 - 45) =      7.43119  eV     1   --> A              
     e( 46 - 46) =      7.54211  eV     1   --> A              
     e( 47 - 47) =      7.94445  eV     1   --> A              
     e( 48 - 48) =      8.04138  eV     1   --> A              
     e( 49 - 49) =      8.15485  eV     1   --> A              
     e( 50 - 50) =      8.27018  eV     1   --> A              
     e( 51 - 51) =      8.48149  eV     1   --> A              
     e( 52 - 52) =      8.59610  eV     1   --> A              
     e( 53 - 53) =      9.07722  eV     1   --> A              
     e( 54 - 54) =      9.13516  eV     1   --> A              
     e( 55 - 55) =      9.28902  eV     1   --> A              
     e( 56 - 56) =      9.69268  eV     1   --> A              
     e( 57 - 57) =      9.98174  eV     1   --> A              
     e( 58 - 58) =     10.16376  eV     1   --> A              
     e( 59 - 59) =     13.35676  eV     1   --> A              
     e( 60 - 60) =     13.61885  eV     1   --> A              
     e( 61 - 61) =     13.63056  eV     1   --> A              
     e( 62 - 62) =     14.23083  eV     1   --> A              
     e( 63 - 63) =     14.36987  eV     1   --> A              
     e( 64 - 64) =     14.68559  eV     1   --> A              
     e( 65 - 65) =     16.83980  eV     1   --> A              
     e( 66 - 66) =     17.98085  eV     1   --> A              
     e( 67 - 67) =     18.17102  eV     1   --> A              
     e( 68 - 68) =     19.12049  eV     1   --> A              
     e( 69 - 69) =     19.82044  eV     1   --> A              
     e( 70 - 70) =     20.07148  eV     1   --> A              
     e( 71 - 71) =     20.37618  eV     1   --> A              
     e( 72 - 72) =     20.65371  eV     1   --> A              
     e( 73 - 73) =     21.99792  eV     1   --> A              
     e( 74 - 74) =     22.17205  eV     1   --> A              
     e( 75 - 75) =     22.35098  eV     1   --> A              
     e( 76 - 76) =     23.46370  eV     1   --> A              
     e( 77 - 77) =     23.61777  eV     1   --> A              
     e( 78 - 78) =     23.96818  eV     1   --> A              
     e( 79 - 79) =     24.23882  eV     1   --> A              
     e( 80 - 80) =     24.59704  eV     1   --> A              

 **************************************************************************

 **************************************************************************

                    xk=(   0.49999,   0.40990,   0.00395  )

     point group C_2  (2)   
     there are  2 classes
     the character table:

       E     C2   
A      1.00  1.00
B      1.00 -1.00

     the symmetry operations in each class and the name of the first element:

     E        1
                                                                 
     C2       2
                                                                 

     Band symmetry, C_2  (2)    point group:

     e(  1 -  1) =    -93.68823  eV     1   --> B              
     e(  2 -  2) =    -68.87014  eV     1   --> B              
     e(  3 -  3) =    -64.33205  eV     1   --> A              
     e(  4 -  4) =    -64.32221  eV     1   --> A              
     e(  5 -  5) =    -54.29107  eV     1   --> A              
     e(  6 -  6) =    -54.27337  eV     1   --> A              
     e(  7 -  7) =    -54.25012  eV     1   --> B              
     e(  8 -  8) =    -37.92573  eV     1   --> A              
     e(  9 -  9) =    -37.91771  eV     1   --> B              
     e( 10 - 10) =    -37.90165  eV     1   --> A              
     e( 11 - 11) =    -28.77682  eV     1   --> B              
     e( 12 - 12) =    -28.72129  eV     1   --> A              
     e( 13 - 13) =    -28.69028  eV     1   --> B              
     e( 14 - 14) =    -28.62243  eV     1   --> B              
     e( 15 - 15) =    -28.61696  eV     1   --> A              
     e( 16 - 16) =    -28.55607  eV     1   --> B              
     e( 17 - 17) =     -8.10958  eV     1   --> A              
     e( 18 - 18) =     -7.57586  eV     1   --> B              
     e( 19 - 19) =     -7.39497  eV     1   --> A              
     e( 20 - 20) =     -7.14409  eV     1   --> B              
     e( 21 - 21) =     -6.96786  eV     1   --> A              
     e( 22 - 22) =     -6.64145  eV     1   --> A              
     e( 23 - 23) =     -6.57288  eV     1   --> B              
     e( 24 - 24) =     -6.39099  eV     1   --> B              
     e( 25 - 25) =      2.22485  eV     1   --> A              
     e( 26 - 26) =      2.29432  eV     1   --> B              
     e( 27 - 27) =      3.19881  eV     1   --> B              
     e( 28 - 28) =      3.33984  eV     1   --> A              
     e( 29 - 29) =      3.56434  eV     1   --> B              
     e( 30 - 30) =      3.92549  eV     1   --> B              
     e( 31 - 31) =      4.30501  eV     1   --> A              
     e( 32 - 32) =      4.62965  eV     1   --> A              
     e( 33 - 33) =      4.76504  eV     1   --> B              
     e( 34 - 34) =      5.17771  eV     1   --> A              
     e( 35 - 35) =      5.27257  eV     1   --> B              
     e( 36 - 36) =      5.43247  eV     1   --> A              
     e( 37 - 37) =      5.70621  eV     1   --> A              
     e( 38 - 38) =      5.93312  eV     1   --> B              
     e( 39 - 39) =      6.00763  eV     1   --> A              
     e( 40 - 40) =      6.39859  eV     1   --> B              
     e( 41 - 41) =      6.44865  eV     1   --> A              
     e( 42 - 42) =      6.58476  eV     1   --> B              
     e( 43 - 43) =      6.92582  eV     1   --> A              
     e( 44 - 44) =      7.13041  eV     1   --> B              
     e( 45 - 45) =      7.44382  eV     1   --> B              
     e( 46 - 46) =      7.52604  eV     1   --> A              
     e( 47 - 47) =      7.96178  eV     1   --> B              
     e( 48 - 48) =      8.03102  eV     1   --> A              
     e( 49 - 49) =      8.14920  eV     1   --> B              
     e( 50 - 50) =      8.28161  eV     1   --> A              
     e( 51 - 51) =      8.52765  eV     1   --> B              
     e( 52 - 52) =      8.55087  eV     1   --> A              
     e( 53 - 53) =      9.07634  eV     1   --> B              
     e( 54 - 54) =      9.13461  eV     1   --> B              
     e( 55 - 55) =      9.29058  eV     1   --> A              
     e( 56 - 56) =      9.69436  eV     1   --> B              
     e( 57 - 57) =      9.97767  eV     1   --> A              
     e( 58 - 58) =     10.16060  eV     1   --> B              
     e( 59 - 59) =     13.36108  eV     1   --> A              
     e( 60 - 60) =     13.62129  eV     1   --> A              
     e( 61 - 61) =     13.62485  eV     1   --> B              
     e( 62 - 62) =     14.23647  eV     1   --> A              
     e( 63 - 63) =     14.36048  eV     1   --> B              
     e( 64 - 64) =     14.68862  eV     1   --> A              
     e( 65 - 65) =     16.83471  eV     1   --> B              
     e( 66 - 66) =     17.98377  eV     1   --> A              
     e( 67 - 67) =     18.17619  eV     1   --> B              
     e( 68 - 68) =     19.13119  eV     1   --> A              
     e( 69 - 69) =     19.83271  eV     1   --> A              
     e( 70 - 70) =     20.07002  eV     1   --> B              
     e( 71 - 71) =     20.37776  eV     1   --> B              
     e( 72 - 72) =     20.63424  eV     1   --> A              
     e( 73 - 73) =     21.99382  eV     1   --> B              
     e( 74 - 74) =     22.16953  eV     1   --> A              
     e( 75 - 75) =     22.34550  eV     1   --> B              
     e( 76 - 76) =     23.46195  eV     1   --> A              
     e( 77 - 77) =     23.63968  eV     1   --> A              
     e( 78 - 78) =     23.96195  eV     1   --> B              
     e( 79 - 79) =     24.23142  eV     1   --> B              
     e( 80 - 80) =     24.58065  eV     1   --> B              

 **************************************************************************

 **************************************************************************

                    xk=(   0.47499,   0.38941,   0.00375  )

     point group C_1 (1)    
     there are  1 classes
     the character table:

       E    
A      1.00

     the symmetry operations in each class and the name of the first element:

     E        1
                                                                 

     Band symmetry, C_1 (1)     point group:

     e(  1 -  1) =    -93.68823  eV     1   --> A              
     e(  2 -  2) =    -68.87014  eV     1   --> A              
     e(  3 -  3) =    -64.33205  eV     1   --> A              
     e(  4 -  4) =    -64.32221  eV     1   --> A              
     e(  5 -  5) =    -54.29107  eV     1   --> A              
     e(  6 -  6) =    -54.27337  eV     1   --> A              
     e(  7 -  7) =    -54.25012  eV     1   --> A              
     e(  8 -  8) =    -37.92573  eV     1   --> A              
     e(  9 -  9) =    -37.91771  eV     1   --> A              
     e( 10 - 10) =    -37.90165  eV     1   --> A              
     e( 11 - 11) =    -28.77684  eV     1   --> A              
     e( 12 - 12) =    -28.72132  eV     1   --> A              
     e( 13 - 13) =    -28.69027  eV     1   --> A              
     e( 14 - 14) =    -28.62242  eV     1   --> A              
     e( 15 - 15) =    -28.61693  eV     1   --> A              
     e( 16 - 16) =    -28.55606  eV     1   --> A              
     e( 17 - 17) =     -8.11156  eV     1   --> A              
     e( 18 - 18) =     -7.57689  eV     1   --> A              
     e( 19 - 19) =     -7.39192  eV     1   --> A              
     e( 20 - 20) =     -7.14305  eV     1   --> A              
     e( 21 - 21) =     -6.96809  eV     1   --> A              
     e( 22 - 22) =     -6.64240  eV     1   --> A              
     e( 23 - 23) =     -6.57250  eV     1   --> A              
     e( 24 - 24) =     -6.39151  eV     1   --> A              
     e( 25 - 25) =      2.22717  eV     1   --> A              
     e( 26 - 26) =      2.29564  eV     1   --> A              
     e( 27 - 27) =      3.20185  eV     1   --> A              
     e( 28 - 28) =      3.34018  eV     1   --> A              
     e( 29 - 29) =      3.56738  eV     1   --> A              
     e( 30 - 30) =      3.92373  eV     1   --> A              
     e( 31 - 31) =      4.30355  eV     1   --> A              
     e( 32 - 32) =      4.62184  eV     1   --> A              
     e( 33 - 33) =      4.76849  eV     1   --> A              
     e( 34 - 34) =      5.15993  eV     1   --> A              
     e( 35 - 35) =      5.28247  eV     1   --> A              
     e( 36 - 36) =      5.43204  eV     1   --> A              
     e( 37 - 37) =      5.70219  eV     1   --> A              
     e( 38 - 38) =      5.93212  eV     1   --> A              
     e( 39 - 39) =      5.98816  eV     1   --> A              
     e( 40 - 40) =      6.38750  eV     1   --> A              
     e( 41 - 41) =      6.46457  eV     1   --> A              
     e( 42 - 42) =      6.61030  eV     1   --> A              
     e( 43 - 43) =      6.92984  eV     1   --> A              
     e( 44 - 44) =      7.13054  eV     1   --> A              
     e( 45 - 45) =      7.43386  eV     1   --> A              
     e( 46 - 46) =      7.54301  eV     1   --> A              
     e( 47 - 47) =      7.93529  eV     1   --> A              
     e( 48 - 48) =      8.03773  eV     1   --> A              
     e( 49 - 49) =      8.15879  eV     1   --> A              
     e( 50 - 50) =      8.25851  eV     1   --> A              
     e( 51 - 51) =      8.49333  eV     1   --> A              
     e( 52 - 52) =      8.60645  eV     1   --> A              
     e( 53 - 53) =      9.07528  eV     1   --> A              
     e( 54 - 54) =      9.13600  eV     1   --> A              
     e( 55 - 55) =      9.28883  eV     1   --> A              
     e( 56 - 56) =      9.69264  eV     1   --> A              
     e( 57 - 57) =      9.98355  eV     1   --> A              
     e( 58 - 58) =     10.16545  eV     1   --> A              
     e( 59 - 59) =     13.35688  eV     1   --> A              
     e( 60 - 60) =     13.61802  eV     1   --> A              
     e( 61 - 61) =     13.63001  eV     1   --> A              
     e( 62 - 62) =     14.22809  eV     1   --> A              
     e( 63 - 63) =     14.36923  eV     1   --> A              
     e( 64 - 64) =     14.68725  eV     1   --> A              
     e( 65 - 65) =     16.84415  eV     1   --> A              
     e( 66 - 66) =     17.97647  eV     1   --> A              
     e( 67 - 67) =     18.17143  eV     1   --> A              
     e( 68 - 68) =     19.11666  eV     1   --> A              
     e( 69 - 69) =     19.80889  eV     1   --> A              
     e( 70 - 70) =     20.06391  eV     1   --> A              
     e( 71 - 71) =     20.38013  eV     1   --> A              
     e( 72 - 72) =     20.66859  eV     1   --> A              
     e( 73 - 73) =     21.99014  eV     1   --> A              
     e( 74 - 74) =     22.17036  eV     1   --> A              
     e( 75 - 75) =     22.35543  eV     1   --> A              
     e( 76 - 76) =     23.45201  eV     1   --> A              
     e( 77 - 77) =     23.63430  eV     1   --> A              
     e( 78 - 78) =     23.95774  eV     1   --> A              
     e( 79 - 79) =     24.23095  eV     1   --> A              
     e( 80 - 80) =     24.60225  eV     1   --> A              

 **************************************************************************

 **************************************************************************

                    xk=(   0.44999,   0.36891,   0.00356  )

     Band symmetry, C_1 (1)     point group:

     e(  1 -  1) =    -93.68823  eV     1   --> A              
     e(  2 -  2) =    -68.87014  eV     1   --> A              
     e(  3 -  3) =    -64.33203  eV     1   --> A              
     e(  4 -  4) =    -64.32221  eV     1   --> A              
     e(  5 -  5) =    -54.29107  eV     1   --> A              
     e(  6 -  6) =    -54.27337  eV     1   --> A              
     e(  7 -  7) =    -54.25012  eV     1   --> A              
     e(  8 -  8) =    -37.92573  eV     1   --> A              
     e(  9 -  9) =    -37.91771  eV     1   --> A              
     e( 10 - 10) =    -37.90165  eV     1   --> A              
     e( 11 - 11) =    -28.77687  eV     1   --> A              
     e( 12 - 12) =    -28.72141  eV     1   --> A              
     e( 13 - 13) =    -28.69023  eV     1   --> A              
     e( 14 - 14) =    -28.62237  eV     1   --> A              
     e( 15 - 15) =    -28.61687  eV     1   --> A              
     e( 16 - 16) =    -28.55604  eV     1   --> A              
     e( 17 - 17) =     -8.11770  eV     1   --> A              
     e( 18 - 18) =     -7.57925  eV     1   --> A              
     e( 19 - 19) =     -7.38335  eV     1   --> A              
     e( 20 - 20) =     -7.13994  eV     1   --> A              
     e( 21 - 21) =     -6.96878  eV     1   --> A              
     e( 22 - 22) =     -6.64525  eV     1   --> A              
     e( 23 - 23) =     -6.57137  eV     1   --> A              
     e( 24 - 24) =     -6.39298  eV     1   --> A              
     e( 25 - 25) =      2.23351  eV     1   --> A              
     e( 26 - 26) =      2.29985  eV     1   --> A              
     e( 27 - 27) =      3.21090  eV     1   --> A              
     e( 28 - 28) =      3.34131  eV     1   --> A              
     e( 29 - 29) =      3.57607  eV     1   --> A              
     e( 30 - 30) =      3.91862  eV     1   --> A              
     e( 31 - 31) =      4.29870  eV     1   --> A              
     e( 32 - 32) =      4.60108  eV     1   --> A              
     e( 33 - 33) =      4.77734  eV     1   --> A              
     e( 34 - 34) =      5.12179  eV     1   --> A              
     e( 35 - 35) =      5.29633  eV     1   --> A              
     e( 36 - 36) =      5.42673  eV     1   --> A              
     e( 37 - 37) =      5.69412  eV     1   --> A              
     e( 38 - 38) =      5.90686  eV     1   --> A              
     e( 39 - 39) =      5.96793  eV     1   --> A              
     e( 40 - 40) =      6.37234  eV     1   --> A              
     e( 41 - 41) =      6.48748  eV     1   --> A              
     e( 42 - 42) =      6.67318  eV     1   --> A              
     e( 43 - 43) =      6.94608  eV     1   --> A              
     e( 44 - 44) =      7.13323  eV     1   --> A              
     e( 45 - 45) =      7.42027  eV     1   --> A              
     e( 46 - 46) =      7.57334  eV     1   --> A              
     e( 47 - 47) =      7.88101  eV     1   --> A              
     e( 48 - 48) =      8.02891  eV     1   --> A              
     e( 49 - 49) =      8.17201  eV     1   --> A              
     e( 50 - 50) =      8.22615  eV     1   --> A              
     e( 51 - 51) =      8.47415  eV     1   --> A              
     e( 52 - 52) =      8.67591  eV     1   --> A              
     e( 53 - 53) =      9.07226  eV     1   --> A              
     e( 54 - 54) =      9.13865  eV     1   --> A              
     e( 55 - 55) =      9.28477  eV     1   --> A              
     e( 56 - 56) =      9.68739  eV     1   --> A              
     e( 57 - 57) =      9.99887  eV     1   --> A              
     e( 58 - 58) =     10.18079  eV     1   --> A              
     e( 59 - 59) =     13.34538  eV     1   --> A              
     e( 60 - 60) =     13.61205  eV     1   --> A              
     e( 61 - 61) =     13.64039  eV     1   --> A              
     e( 62 - 62) =     14.20938  eV     1   --> A              
     e( 63 - 63) =     14.38929  eV     1   --> A              
     e( 64 - 64) =     14.68346  eV     1   --> A              
     e( 65 - 65) =     16.87196  eV     1   --> A              
     e( 66 - 66) =     17.95402  eV     1   --> A              
     e( 67 - 67) =     18.15839  eV     1   --> A              
     e( 68 - 68) =     19.07199  eV     1   --> A              
     e( 69 - 69) =     19.74663  eV     1   --> A              
     e( 70 - 70) =     20.05838  eV     1   --> A              
     e( 71 - 71) =     20.38269  eV     1   --> A              
     e( 72 - 72) =     20.75489  eV     1   --> A              
     e( 73 - 73) =     21.98265  eV     1   --> A              
     e( 74 - 74) =     22.17298  eV     1   --> A              
     e( 75 - 75) =     22.38103  eV     1   --> A              
     e( 76 - 76) =     23.41615  eV     1   --> A              
     e( 77 - 77) =     23.63944  eV     1   --> A              
     e( 78 - 78) =     23.93750  eV     1   --> A              
     e( 79 - 79) =     24.22800  eV     1   --> A              
     e( 80 - 80) =     24.66382  eV     1   --> A              

 **************************************************************************

 **************************************************************************

                    xk=(   0.42499,   0.34842,   0.00336  )

     Band symmetry, C_1 (1)     point group:

     e(  1 -  1) =    -93.68823  eV     1   --> A              
     e(  2 -  2) =    -68.87014  eV     1   --> A              
     e(  3 -  3) =    -64.33200  eV     1   --> A              
     e(  4 -  4) =    -64.32221  eV     1   --> A              
     e(  5 -  5) =    -54.29107  eV     1   --> A              
     e(  6 -  6) =    -54.27337  eV     1   --> A              
     e(  7 -  7) =    -54.25012  eV     1   --> A              
     e(  8 -  8) =    -37.92573  eV     1   --> A              
     e(  9 -  9) =    -37.91771  eV     1   --> A              
     e( 10 - 10) =    -37.90165  eV     1   --> A              
     e( 11 - 11) =    -28.77692  eV     1   --> A              
     e( 12 - 12) =    -28.72155  eV     1   --> A              
     e( 13 - 13) =    -28.69018  eV     1   --> A              
     e( 14 - 14) =    -28.62229  eV     1   --> A              
     e( 15 - 15) =    -28.61677  eV     1   --> A              
     e( 16 - 16) =    -28.55599  eV     1   --> A              
     e( 17 - 17) =     -8.12850  eV     1   --> A              
     e( 18 - 18) =     -7.58113  eV     1   --> A              
     e( 19 - 19) =     -7.37058  eV     1   --> A              
     e( 20 - 20) =     -7.13480  eV     1   --> A              
     e( 21 - 21) =     -6.96984  eV     1   --> A              
     e( 22 - 22) =     -6.65002  eV     1   --> A              
     e( 23 - 23) =     -6.56944  eV     1   --> A              
     e( 24 - 24) =     -6.39519  eV     1   --> A              
     e( 25 - 25) =      2.24217  eV     1   --> A              
     e( 26 - 26) =      2.30763  eV     1   --> A              
     e( 27 - 27) =      3.22574  eV     1   --> A              
     e( 28 - 28) =      3.34356  eV     1   --> A              
     e( 29 - 29) =      3.58900  eV     1   --> A              
     e( 30 - 30) =      3.91071  eV     1   --> A              
     e( 31 - 31) =      4.28928  eV     1   --> A              
     e( 32 - 32) =      4.57326  eV     1   --> A              
     e( 33 - 33) =      4.78875  eV     1   --> A              
     e( 34 - 34) =      5.07675  eV     1   --> A              
     e( 35 - 35) =      5.29410  eV     1   --> A              
     e( 36 - 36) =      5.41554  eV     1   --> A              
     e( 37 - 37) =      5.68903  eV     1   --> A              
     e( 38 - 38) =      5.85098  eV     1   --> A              
     e( 39 - 39) =      5.97876  eV     1   --> A              
     e( 40 - 40) =      6.35862  eV     1   --> A              
     e( 41 - 41) =      6.50674  eV     1   --> A              
     e( 42 - 42) =      6.73904  eV     1   --> A              
     e( 43 - 43) =      6.98802  eV     1   --> A              
     e( 44 - 44) =      7.14218  eV     1   --> A              
     e( 45 - 45) =      7.41442  eV     1   --> A              
     e( 46 - 46) =      7.59260  eV     1   --> A              
     e( 47 - 47) =      7.81649  eV     1   --> A              
     e( 48 - 48) =      7.98405  eV     1   --> A              
     e( 49 - 49) =      8.16755  eV     1   --> A              
     e( 50 - 50) =      8.24345  eV     1   --> A              
     e( 51 - 51) =      8.46887  eV     1   --> A              
     e( 52 - 52) =      8.73923  eV     1   --> A              
     e( 53 - 53) =      9.06747  eV     1   --> A              
     e( 54 - 54) =      9.13952  eV     1   --> A              
     e( 55 - 55) =      9.28105  eV     1   --> A              
     e( 56 - 56) =      9.67833  eV     1   --> A              
     e( 57 - 57) =     10.01798  eV     1   --> A              
     e( 58 - 58) =     10.20806  eV     1   --> A              
     e( 59 - 59) =     13.32925  eV     1   --> A              
     e( 60 - 60) =     13.60315  eV     1   --> A              
     e( 61 - 61) =     13.65330  eV     1   --> A              
     e( 62 - 62) =     14.18956  eV     1   --> A              
     e( 63 - 63) =     14.41209  eV     1   --> A              
     e( 64 - 64) =     14.67810  eV     1   --> A              
     e( 65 - 65) =     16.91650  eV     1   --> A              
     e( 66 - 66) =     17.91572  eV     1   --> A              
     e( 67 - 67) =     18.13964  eV     1   --> A              
     e( 68 - 68) =     18.99588  eV     1   --> A              
     e( 69 - 69) =     19.66974  eV     1   --> A              
     e( 70 - 70) =     20.06400  eV     1   --> A              
     e( 71 - 71) =     20.38198  eV     1   --> A              
     e( 72 - 72) =     20.86243  eV     1   --> A              
     e( 73 - 73) =     21.97937  eV     1   --> A              
     e( 74 - 74) =     22.17696  eV     1   --> A              
     e( 75 - 75) =     22.41358  eV     1   --> A              
     e( 76 - 76) =     23.36174  eV     1   --> A              
     e( 77 - 77) =     23.67103  eV     1   --> A              
     e( 78 - 78) =     23.89898  eV     1   --> A              
     e( 79 - 79) =     24.22229  eV     1   --> A              
     e( 80 - 80) =     24.74776  eV     1   --> A              

 **************************************************************************

 **************************************************************************

                    xk=(   0.39999,   0.32792,   0.00316  )

     Band symmetry, C_1 (1)     point group:

     e(  1 -  1) =    -93.68823  eV     1   --> A              
     e(  2 -  2) =    -68.87014  eV     1   --> A              
     e(  3 -  3) =    -64.33197  eV     1   --> A              
     e(  4 -  4) =    -64.32221  eV     1   --> A              
     e(  5 -  5) =    -54.29107  eV     1   --> A              
     e(  6 -  6) =    -54.27337  eV     1   --> A              
     e(  7 -  7) =    -54.25012  eV     1   --> A              
     e(  8 -  8) =    -37.92573  eV     1   --> A              
     e(  9 -  9) =    -37.91771  eV     1   --> A              
     e( 10 - 10) =    -37.90165  eV     1   --> A              
     e( 11 - 11) =    -28.77699  eV     1   --> A              
     e( 12 - 12) =    -28.72174  eV     1   --> A              
     e( 13 - 13) =    -28.69011  eV     1   --> A              
     e( 14 - 14) =    -28.62219  eV     1   --> A              
     e( 15 - 15) =    -28.61663  eV     1   --> A              
     e( 16 - 16) =    -28.55593  eV     1   --> A              
     e( 17 - 17) =     -8.14458  eV     1   --> A              
     e( 18 - 18) =     -7.58049  eV     1   --> A              
     e( 19 - 19) =     -7.35515  eV     1   --> A              
     e( 20 - 20) =     -7.12770  eV     1   --> A              
     e( 21 - 21) =     -6.97115  eV     1   --> A              
     e( 22 - 22) =     -6.65676  eV     1   --> A              
     e( 23 - 23) =     -6.56666  eV     1   --> A              
     e( 24 - 24) =     -6.39779  eV     1   --> A              
     e( 25 - 25) =      2.25100  eV     1   --> A              
     e( 26 - 26) =      2.31955  eV     1   --> A              
     e( 27 - 27) =      3.24563  eV     1   --> A              
     e( 28 - 28) =      3.34754  eV     1   --> A              
     e( 29 - 29) =      3.60374  eV     1   --> A              
     e( 30 - 30) =      3.90088  eV     1   --> A              
     e( 31 - 31) =      4.27404  eV     1   --> A              
     e( 32 - 32) =      4.54495  eV     1   --> A              
     e( 33 - 33) =      4.79953  eV     1   --> A              
     e( 34 - 34) =      5.02786  eV     1   --> A              
     e( 35 - 35) =      5.25928  eV     1   --> A              
     e( 36 - 36) =      5.41509  eV     1   --> A              
     e( 37 - 37) =      5.68570  eV     1   --> A              
     e( 38 - 38) =      5.79879  eV     1   --> A              
     e( 39 - 39) =      6.00136  eV     1   --> A              
     e( 40 - 40) =      6.34556  eV     1   --> A              
     e( 41 - 41) =      6.51936  eV     1   --> A              
     e( 42 - 42) =      6.78802  eV     1   --> A              
     e( 43 - 43) =      7.06229  eV     1   --> A              
     e( 44 - 44) =      7.15887  eV     1   --> A              
     e( 45 - 45) =      7.41292  eV     1   --> A              
     e( 46 - 46) =      7.58144  eV     1   --> A              
     e( 47 - 47) =      7.75506  eV     1   --> A              
     e( 48 - 48) =      7.93079  eV     1   --> A              
     e( 49 - 49) =      8.17684  eV     1   --> A              
     e( 50 - 50) =      8.27310  eV     1   --> A              
     e( 51 - 51) =      8.47173  eV     1   --> A              
     e( 52 - 52) =      8.79250  eV     1   --> A              
     e( 53 - 53) =      9.06085  eV     1   --> A              
     e( 54 - 54) =      9.13744  eV     1   --> A              
     e( 55 - 55) =      9.27942  eV     1   --> A              
     e( 56 - 56) =      9.66523  eV     1   --> A              
     e( 57 - 57) =     10.03552  eV     1   --> A              
     e( 58 - 58) =     10.24677  eV     1   --> A              
     e( 59 - 59) =     13.31146  eV     1   --> A              
     e( 60 - 60) =     13.59105  eV     1   --> A              
     e( 61 - 61) =     13.66578  eV     1   --> A              
     e( 62 - 62) =     14.17395  eV     1   --> A              
     e( 63 - 63) =     14.43318  eV     1   --> A              
     e( 64 - 64) =     14.67236  eV     1   --> A              
     e( 65 - 65) =     16.97479  eV     1   --> A              
     e( 66 - 66) =     17.86262  eV     1   --> A              
     e( 67 - 67) =     18.11684  eV     1   --> A              
     e( 68 - 68) =     18.89171  eV     1   --> A              
     e( 69 - 69) =     19.59766  eV     1   --> A              
     e( 70 - 70) =     20.08006  eV     1   --> A              
     e( 71 - 71) =     20.37823  eV     1   --> A              
     e( 72 - 72) =     20.96816  eV     1   --> A              
     e( 73 - 73) =     21.98860  eV     1   --> A              
     e( 74 - 74) =     22.18086  eV     1   --> A              
     e( 75 - 75) =     22.44568  eV     1   --> A              
     e( 76 - 76) =     23.31078  eV     1   --> A              
     e( 77 - 77) =     23.70397  eV     1   --> A              
     e( 78 - 78) =     23.86962  eV     1   --> A              
     e( 79 - 79) =     24.21604  eV     1   --> A              
     e( 80 - 80) =     24.81745  eV     1   --> A              

 **************************************************************************

 **************************************************************************

                    xk=(   0.37500,   0.30743,   0.00296  )

     Band symmetry, C_1 (1)     point group:

     e(  1 -  1) =    -93.68823  eV     1   --> A              
     e(  2 -  2) =    -68.87014  eV     1   --> A              
     e(  3 -  3) =    -64.33193  eV     1   --> A              
     e(  4 -  4) =    -64.32220  eV     1   --> A              
     e(  5 -  5) =    -54.29107  eV     1   --> A              
     e(  6 -  6) =    -54.27336  eV     1   --> A              
     e(  7 -  7) =    -54.25012  eV     1   --> A              
     e(  8 -  8) =    -37.92573  eV     1   --> A              
     e(  9 -  9) =    -37.91771  eV     1   --> A              
     e( 10 - 10) =    -37.90164  eV     1   --> A              
     e( 11 - 11) =    -28.77707  eV     1   --> A              
     e( 12 - 12) =    -28.72198  eV     1   --> A              
     e( 13 - 13) =    -28.69001  eV     1   --> A              
     e( 14 - 14) =    -28.62207  eV     1   --> A              
     e( 15 - 15) =    -28.61646  eV     1   --> A              
     e( 16 - 16) =    -28.55586  eV     1   --> A              
     e( 17 - 17) =     -8.16638  eV     1   --> A              
     e( 18 - 18) =     -7.57568  eV     1   --> A              
     e( 19 - 19) =     -7.33842  eV     1   --> A              
     e( 20 - 20) =     -7.11875  eV     1   --> A              
     e( 21 - 21) =     -6.97258  eV     1   --> A              
     e( 22 - 22) =     -6.66552  eV     1   --> A              
     e( 23 - 23) =     -6.56291  eV     1   --> A              
     e( 24 - 24) =     -6.40034  eV     1   --> A              
     e( 25 - 25) =      2.25851  eV     1   --> A              
     e( 26 - 26) =      2.33513  eV     1   --> A              
     e( 27 - 27) =      3.26863  eV     1   --> A              
     e( 28 - 28) =      3.35453  eV     1   --> A              
     e( 29 - 29) =      3.61683  eV     1   --> A              
     e( 30 - 30) =      3.89043  eV     1   --> A              
     e( 31 - 31) =      4.25296  eV     1   --> A              
     e( 32 - 32) =      4.52187  eV     1   --> A              
     e( 33 - 33) =      4.80392  eV     1   --> A              
     e( 34 - 34) =      4.97636  eV     1   --> A              
     e( 35 - 35) =      5.20133  eV     1   --> A              
     e( 36 - 36) =      5.43162  eV     1   --> A              
     e( 37 - 37) =      5.67325  eV     1   --> A              
     e( 38 - 38) =      5.76223  eV     1   --> A              
     e( 39 - 39) =      6.03081  eV     1   --> A              
     e( 40 - 40) =      6.33341  eV     1   --> A              
     e( 41 - 41) =      6.52211  eV     1   --> A              
     e( 42 - 42) =      6.83026  eV     1   --> A              
     e( 43 - 43) =      7.13372  eV     1   --> A              
     e( 44 - 44) =      7.19654  eV     1   --> A              
     e( 45 - 45) =      7.39412  eV     1   --> A              
     e( 46 - 46) =      7.54882  eV     1   --> A              
     e( 47 - 47) =      7.71446  eV     1   --> A              
     e( 48 - 48) =      7.89832  eV     1   --> A              
     e( 49 - 49) =      8.19637  eV     1   --> A              
     e( 50 - 50) =      8.29410  eV     1   --> A              
     e( 51 - 51) =      8.48251  eV     1   --> A              
     e( 52 - 52) =      8.83421  eV     1   --> A              
     e( 53 - 53) =      9.05228  eV     1   --> A              
     e( 54 - 54) =      9.13493  eV     1   --> A              
     e( 55 - 55) =      9.27915  eV     1   --> A              
     e( 56 - 56) =      9.64810  eV     1   --> A              
     e( 57 - 57) =     10.04932  eV     1   --> A              
     e( 58 - 58) =     10.29266  eV     1   --> A              
     e( 59 - 59) =     13.29473  eV     1   --> A              
     e( 60 - 60) =     13.57573  eV     1   --> A              
     e( 61 - 61) =     13.67529  eV     1   --> A              
     e( 62 - 62) =     14.16494  eV     1   --> A              
     e( 63 - 63) =     14.45106  eV     1   --> A              
     e( 64 - 64) =     14.66742  eV     1   --> A              
     e( 65 - 65) =     17.04198  eV     1   --> A              
     e( 66 - 66) =     17.79823  eV     1   --> A              
     e( 67 - 67) =     18.08946  eV     1   --> A              
     e( 68 - 68) =     18.77036  eV     1   --> A              
     e( 69 - 69) =     19.53632  eV     1   --> A              
     e( 70 - 70) =     20.10433  eV     1   --> A              
     e( 71 - 71) =     20.37242  eV     1   --> A              
     e( 72 - 72) =     21.05825  eV     1   --> A              
     e( 73 - 73) =     22.01567  eV     1   --> A              
     e( 74 - 74) =     22.18352  eV     1   --> A              
     e( 75 - 75) =     22.47431  eV     1   --> A              
     e( 76 - 76) =     23.27593  eV     1   --> A              
     e( 77 - 77) =     23.68036  eV     1   --> A              
     e( 78 - 78) =     23.91142  eV     1   --> A              
     e( 79 - 79) =     24.21130  eV     1   --> A              
     e( 80 - 80) =     24.82511  eV     1   --> A              

 **************************************************************************

 **************************************************************************

                    xk=(   0.35000,   0.28693,   0.00277  )

     Band symmetry, C_1 (1)     point group:

     e(  1 -  1) =    -93.68823  eV     1   --> A              
     e(  2 -  2) =    -68.87014  eV     1   --> A              
     e(  3 -  3) =    -64.33188  eV     1   --> A              
     e(  4 -  4) =    -64.32221  eV     1   --> A              
     e(  5 -  5) =    -54.29107  eV     1   --> A              
     e(  6 -  6) =    -54.27336  eV     1   --> A              
     e(  7 -  7) =    -54.25012  eV     1   --> A              
     e(  8 -  8) =    -37.92573  eV     1   --> A              
     e(  9 -  9) =    -37.91771  eV     1   --> A              
     e( 10 - 10) =    -37.90164  eV     1   --> A              
     e( 11 - 11) =    -28.77717  eV     1   --> A              
     e( 12 - 12) =    -28.72224  eV     1   --> A              
     e( 13 - 13) =    -28.68990  eV     1   --> A              
     e( 14 - 14) =    -28.62192  eV     1   --> A              
     e( 15 - 15) =    -28.61626  eV     1   --> A              
     e( 16 - 16) =    -28.55577  eV     1   --> A              
     e( 17 - 17) =     -8.19390  eV     1   --> A              
     e( 18 - 18) =     -7.56576  eV     1   --> A              
     e( 19 - 19) =     -7.32148  eV     1   --> A              
     e( 20 - 20) =     -7.10815  eV     1   --> A              
     e( 21 - 21) =     -6.97397  eV     1   --> A              
     e( 22 - 22) =     -6.67623  eV     1   --> A              
     e( 23 - 23) =     -6.55813  eV     1   --> A              
     e( 24 - 24) =     -6.40236  eV     1   --> A              
     e( 25 - 25) =      2.26443  eV     1   --> A              
     e( 26 - 26) =      2.35253  eV     1   --> A              
     e( 27 - 27) =      3.29067  eV     1   --> A              
     e( 28 - 28) =      3.36700  eV     1   --> A              
     e( 29 - 29) =      3.62409  eV     1   --> A              
     e( 30 - 30) =      3.88078  eV     1   --> A              
     e( 31 - 31) =      4.22832  eV     1   --> A              
     e( 32 - 32) =      4.50758  eV     1   --> A              
     e( 33 - 33) =      4.78802  eV     1   --> A              
     e( 34 - 34) =      4.93226  eV     1   --> A              
     e( 35 - 35) =      5.14362  eV     1   --> A              
     e( 36 - 36) =      5.45713  eV     1   --> A              
     e( 37 - 37) =      5.64630  eV     1   --> A              
     e( 38 - 38) =      5.74333  eV     1   --> A              
     e( 39 - 39) =      6.06423  eV     1   --> A              
     e( 40 - 40) =      6.32277  eV     1   --> A              
     e( 41 - 41) =      6.51629  eV     1   --> A              
     e( 42 - 42) =      6.87483  eV     1   --> A              
     e( 43 - 43) =      7.14105  eV     1   --> A              
     e( 44 - 44) =      7.27106  eV     1   --> A              
     e( 45 - 45) =      7.34989  eV     1   --> A              
     e( 46 - 46) =      7.54603  eV     1   --> A              
     e( 47 - 47) =      7.69409  eV     1   --> A              
     e( 48 - 48) =      7.88732  eV     1   --> A              
     e( 49 - 49) =      8.21904  eV     1   --> A              
     e( 50 - 50) =      8.30079  eV     1   --> A              
     e( 51 - 51) =      8.50142  eV     1   --> A              
     e( 52 - 52) =      8.86272  eV     1   --> A              
     e( 53 - 53) =      9.04274  eV     1   --> A              
     e( 54 - 54) =      9.13574  eV     1   --> A              
     e( 55 - 55) =      9.27813  eV     1   --> A              
     e( 56 - 56) =      9.62746  eV     1   --> A              
     e( 57 - 57) =     10.05984  eV     1   --> A              
     e( 58 - 58) =     10.33927  eV     1   --> A              
     e( 59 - 59) =     13.28138  eV     1   --> A              
     e( 60 - 60) =     13.55734  eV     1   --> A              
     e( 61 - 61) =     13.68037  eV     1   --> A              
     e( 62 - 62) =     14.16258  eV     1   --> A              
     e( 63 - 63) =     14.46633  eV     1   --> A              
     e( 64 - 64) =     14.66398  eV     1   --> A              
     e( 65 - 65) =     17.11033  eV     1   --> A              
     e( 66 - 66) =     17.72767  eV     1   --> A              
     e( 67 - 67) =     18.05564  eV     1   --> A              
     e( 68 - 68) =     18.64808  eV     1   --> A              
     e( 69 - 69) =     19.48375  eV     1   --> A              
     e( 70 - 70) =     20.13495  eV     1   --> A              
     e( 71 - 71) =     20.36605  eV     1   --> A              
     e( 72 - 72) =     21.12621  eV     1   --> A              
     e( 73 - 73) =     22.05810  eV     1   --> A              
     e( 74 - 74) =     22.18776  eV     1   --> A              
     e( 75 - 75) =     22.50161  eV     1   --> A              
     e( 76 - 76) =     23.25615  eV     1   --> A              
     e( 77 - 77) =     23.61940  eV     1   --> A              
     e( 78 - 78) =     24.01097  eV     1   --> A              
     e( 79 - 79) =     24.20999  eV     1   --> A              
     e( 80 - 80) =     24.75478  eV     1   --> A              

 **************************************************************************

 **************************************************************************

                    xk=(   0.32500,   0.26644,   0.00257  )

     Band symmetry, C_1 (1)     point group:

     e(  1 -  1) =    -93.68823  eV     1   --> A              
     e(  2 -  2) =    -68.87014  eV     1   --> A              
     e(  3 -  3) =    -64.33184  eV     1   --> A              
     e(  4 -  4) =    -64.32221  eV     1   --> A              
     e(  5 -  5) =    -54.29107  eV     1   --> A              
     e(  6 -  6) =    -54.27336  eV     1   --> A              
     e(  7 -  7) =    -54.25012  eV     1   --> A              
     e(  8 -  8) =    -37.92573  eV     1   --> A              
     e(  9 -  9) =    -37.91771  eV     1   --> A              
     e( 10 - 10) =    -37.90163  eV     1   --> A              
     e( 11 - 11) =    -28.77726  eV     1   --> A              
     e( 12 - 12) =    -28.72253  eV     1   --> A              
     e( 13 - 13) =    -28.68977  eV     1   --> A              
     e( 14 - 14) =    -28.62175  eV     1   --> A              
     e( 15 - 15) =    -28.61604  eV     1   --> A              
     e( 16 - 16) =    -28.55568  eV     1   --> A              
     e( 17 - 17) =     -8.22664  eV     1   --> A              
     e( 18 - 18) =     -7.55058  eV     1   --> A              
     e( 19 - 19) =     -7.30511  eV     1   --> A              
     e( 20 - 20) =     -7.09621  eV     1   --> A              
     e( 21 - 21) =     -6.97517  eV     1   --> A              
     e( 22 - 22) =     -6.68866  eV     1   --> A              
     e( 23 - 23) =     -6.55243  eV     1   --> A              
     e( 24 - 24) =     -6.40328  eV     1   --> A              
     e( 25 - 25) =      2.26909  eV     1   --> A              
     e( 26 - 26) =      2.36940  eV     1   --> A              
     e( 27 - 27) =      3.30641  eV     1   --> A              
     e( 28 - 28) =      3.38729  eV     1   --> A              
     e( 29 - 29) =      3.62198  eV     1   --> A              
     e( 30 - 30) =      3.87295  eV     1   --> A              
     e( 31 - 31) =      4.20365  eV     1   --> A              
     e( 32 - 32) =      4.50323  eV     1   --> A              
     e( 33 - 33) =      4.73810  eV     1   --> A              
     e( 34 - 34) =      4.91180  eV     1   --> A              
     e( 35 - 35) =      5.09804  eV     1   --> A              
     e( 36 - 36) =      5.48211  eV     1   --> A              
     e( 37 - 37) =      5.61596  eV     1   --> A              
     e( 38 - 38) =      5.73515  eV     1   --> A              
     e( 39 - 39) =      6.09817  eV     1   --> A              
     e( 40 - 40) =      6.31430  eV     1   --> A              
     e( 41 - 41) =      6.50605  eV     1   --> A              
     e( 42 - 42) =      6.91207  eV     1   --> A              
     e( 43 - 43) =      7.08825  eV     1   --> A              
     e( 44 - 44) =      7.29809  eV     1   --> A              
     e( 45 - 45) =      7.38117  eV     1   --> A              
     e( 46 - 46) =      7.56533  eV     1   --> A              
     e( 47 - 47) =      7.69710  eV     1   --> A              
     e( 48 - 48) =      7.88942  eV     1   --> A              
     e( 49 - 49) =      8.23769  eV     1   --> A              
     e( 50 - 50) =      8.29763  eV     1   --> A              
     e( 51 - 51) =      8.52540  eV     1   --> A              
     e( 52 - 52) =      8.87612  eV     1   --> A              
     e( 53 - 53) =      9.03455  eV     1   --> A              
     e( 54 - 54) =      9.14180  eV     1   --> A              
     e( 55 - 55) =      9.27458  eV     1   --> A              
     e( 56 - 56) =      9.60434  eV     1   --> A              
     e( 57 - 57) =     10.06827  eV     1   --> A              
     e( 58 - 58) =     10.38052  eV     1   --> A              
     e( 59 - 59) =     13.27338  eV     1   --> A              
     e( 60 - 60) =     13.53617  eV     1   --> A              
     e( 61 - 61) =     13.68081  eV     1   --> A              
     e( 62 - 62) =     14.16481  eV     1   --> A              
     e( 63 - 63) =     14.48120  eV     1   --> A              
     e( 64 - 64) =     14.66200  eV     1   --> A              
     e( 65 - 65) =     17.16733  eV     1   --> A              
     e( 66 - 66) =     17.65652  eV     1   --> A              
     e( 67 - 67) =     18.01538  eV     1   --> A              
     e( 68 - 68) =     18.54249  eV     1   --> A              
     e( 69 - 69) =     19.43624  eV     1   --> A              
     e( 70 - 70) =     20.16970  eV     1   --> A              
     e( 71 - 71) =     20.36168  eV     1   --> A              
     e( 72 - 72) =     21.17236  eV     1   --> A              
     e( 73 - 73) =     22.09490  eV     1   --> A              
     e( 74 - 74) =     22.21007  eV     1   --> A              
     e( 75 - 75) =     22.53329  eV     1   --> A              
     e( 76 - 76) =     23.23729  eV     1   --> A              
     e( 77 - 77) =     23.56530  eV     1   --> A              
     e( 78 - 78) =     24.12839  eV     1   --> A              
     e( 79 - 79) =     24.21867  eV     1   --> A              
     e( 80 - 80) =     24.63735  eV     1   --> A              

 **************************************************************************

 **************************************************************************

                    xk=(   0.30000,   0.24594,   0.00237  )

     Band symmetry, C_1 (1)     point group:

     e(  1 -  1) =    -93.68823  eV     1   --> A              
     e(  2 -  2) =    -68.87014  eV     1   --> A              
     e(  3 -  3) =    -64.33179  eV     1   --> A              
     e(  4 -  4) =    -64.32222  eV     1   --> A              
     e(  5 -  5) =    -54.29107  eV     1   --> A              
     e(  6 -  6) =    -54.27336  eV     1   --> A              
     e(  7 -  7) =    -54.25012  eV     1   --> A              
     e(  8 -  8) =    -37.92573  eV     1   --> A              
     e(  9 -  9) =    -37.91771  eV     1   --> A              
     e( 10 - 10) =    -37.90162  eV     1   --> A              
     e( 11 - 11) =    -28.77736  eV     1   --> A              
     e( 12 - 12) =    -28.72284  eV     1   --> A              
     e( 13 - 13) =    -28.68963  eV     1   --> A              
     e( 14 - 14) =    -28.62157  eV     1   --> A              
     e( 15 - 15) =    -28.61579  eV     1   --> A              
     e( 16 - 16) =    -28.55557  eV     1   --> A              
     e( 17 - 17) =     -8.26365  eV     1   --> A              
     e( 18 - 18) =     -7.53070  eV     1   --> A              
     e( 19 - 19) =     -7.28975  eV     1   --> A              
     e( 20 - 20) =     -7.08345  eV     1   --> A              
     e( 21 - 21) =     -6.97605  eV     1   --> A              
     e( 22 - 22) =     -6.70234  eV     1   --> A              
     e( 23 - 23) =     -6.54610  eV     1   --> A              
     e( 24 - 24) =     -6.40251  eV     1   --> A              
     e( 25 - 25) =      2.27285  eV     1   --> A              
     e( 26 - 26) =      2.38366  eV     1   --> A              
     e( 27 - 27) =      3.31389  eV     1   --> A              
     e( 28 - 28) =      3.41263  eV     1   --> A              
     e( 29 - 29) =      3.60965  eV     1   --> A              
     e( 30 - 30) =      3.86703  eV     1   --> A              
     e( 31 - 31) =      4.18070  eV     1   --> A              
     e( 32 - 32) =      4.50761  eV     1   --> A              
     e( 33 - 33) =      4.67217  eV     1   --> A              
     e( 34 - 34) =      4.90712  eV     1   --> A              
     e( 35 - 35) =      5.06669  eV     1   --> A              
     e( 36 - 36) =      5.48835  eV     1   --> A              
     e( 37 - 37) =      5.60041  eV     1   --> A              
     e( 38 - 38) =      5.73731  eV     1   --> A              
     e( 39 - 39) =      6.12871  eV     1   --> A              
     e( 40 - 40) =      6.30920  eV     1   --> A              
     e( 41 - 41) =      6.49387  eV     1   --> A              
     e( 42 - 42) =      6.89294  eV     1   --> A              
     e( 43 - 43) =      7.04665  eV     1   --> A              
     e( 44 - 44) =      7.32573  eV     1   --> A              
     e( 45 - 45) =      7.42791  eV     1   --> A              
     e( 46 - 46) =      7.59462  eV     1   --> A              
     e( 47 - 47) =      7.72517  eV     1   --> A              
     e( 48 - 48) =      7.90045  eV     1   --> A              
     e( 49 - 49) =      8.23778  eV     1   --> A              
     e( 50 - 50) =      8.30161  eV     1   --> A              
     e( 51 - 51) =      8.55011  eV     1   --> A              
     e( 52 - 52) =      8.87439  eV     1   --> A              
     e( 53 - 53) =      9.02910  eV     1   --> A              
     e( 54 - 54) =      9.15259  eV     1   --> A              
     e( 55 - 55) =      9.26774  eV     1   --> A              
     e( 56 - 56) =      9.58019  eV     1   --> A              
     e( 57 - 57) =     10.07552  eV     1   --> A              
     e( 58 - 58) =     10.41198  eV     1   --> A              
     e( 59 - 59) =     13.27224  eV     1   --> A              
     e( 60 - 60) =     13.51272  eV     1   --> A              
     e( 61 - 61) =     13.67736  eV     1   --> A              
     e( 62 - 62) =     14.16823  eV     1   --> A              
     e( 63 - 63) =     14.49857  eV     1   --> A              
     e( 64 - 64) =     14.66096  eV     1   --> A              
     e( 65 - 65) =     17.19423  eV     1   --> A              
     e( 66 - 66) =     17.58997  eV     1   --> A              
     e( 67 - 67) =     17.97647  eV     1   --> A              
     e( 68 - 68) =     18.46744  eV     1   --> A              
     e( 69 - 69) =     19.39096  eV     1   --> A              
     e( 70 - 70) =     20.20500  eV     1   --> A              
     e( 71 - 71) =     20.36373  eV     1   --> A              
     e( 72 - 72) =     21.20191  eV     1   --> A              
     e( 73 - 73) =     22.10080  eV     1   --> A              
     e( 74 - 74) =     22.26643  eV     1   --> A              
     e( 75 - 75) =     22.57625  eV     1   --> A              
     e( 76 - 76) =     23.19862  eV     1   --> A              
     e( 77 - 77) =     23.54319  eV     1   --> A              
     e( 78 - 78) =     24.19399  eV     1   --> A              
     e( 79 - 79) =     24.29179  eV     1   --> A              
     e( 80 - 80) =     24.50371  eV     1   --> A              

 **************************************************************************

 **************************************************************************

                    xk=(   0.27500,   0.22545,   0.00217  )

     Band symmetry, C_1 (1)     point group:

     e(  1 -  1) =    -93.68823  eV     1   --> A              
     e(  2 -  2) =    -68.87014  eV     1   --> A              
     e(  3 -  3) =    -64.33175  eV     1   --> A              
     e(  4 -  4) =    -64.32223  eV     1   --> A              
     e(  5 -  5) =    -54.29107  eV     1   --> A              
     e(  6 -  6) =    -54.27336  eV     1   --> A              
     e(  7 -  7) =    -54.25012  eV     1   --> A              
     e(  8 -  8) =    -37.92573  eV     1   --> A              
     e(  9 -  9) =    -37.91771  eV     1   --> A              
     e( 10 - 10) =    -37.90162  eV     1   --> A              
     e( 11 - 11) =    -28.77745  eV     1   --> A              
     e( 12 - 12) =    -28.72315  eV     1   --> A              
     e( 13 - 13) =    -28.68948  eV     1   --> A              
     e( 14 - 14) =    -28.62138  eV     1   --> A              
     e( 15 - 15) =    -28.61554  eV     1   --> A              
     e( 16 - 16) =    -28.55546  eV     1   --> A              
     e( 17 - 17) =     -8.30368  eV     1   --> A              
     e( 18 - 18) =     -7.50721  eV     1   --> A              
     e( 19 - 19) =     -7.27545  eV     1   --> A              
     e( 20 - 20) =     -7.07064  eV     1   --> A              
     e( 21 - 21) =     -6.97650  eV     1   --> A              
     e( 22 - 22) =     -6.71667  eV     1   --> A              
     e( 23 - 23) =     -6.53967  eV     1   --> A              
     e( 24 - 24) =     -6.39941  eV     1   --> A              
     e( 25 - 25) =      2.27593  eV     1   --> A              
     e( 26 - 26) =      2.39387  eV     1   --> A              
     e( 27 - 27) =      3.31410  eV     1   --> A              
     e( 28 - 28) =      3.43587  eV     1   --> A              
     e( 29 - 29) =      3.58963  eV     1   --> A              
     e( 30 - 30) =      3.86285  eV     1   --> A              
     e( 31 - 31) =      4.15744  eV     1   --> A              
     e( 32 - 32) =      4.51287  eV     1   --> A              
     e( 33 - 33) =      4.62160  eV     1   --> A              
     e( 34 - 34) =      4.90529  eV     1   --> A              
     e( 35 - 35) =      5.04822  eV     1   --> A              
     e( 36 - 36) =      5.46378  eV     1   --> A              
     e( 37 - 37) =      5.60475  eV     1   --> A              
     e( 38 - 38) =      5.75815  eV     1   --> A              
     e( 39 - 39) =      6.15135  eV     1   --> A              
     e( 40 - 40) =      6.30964  eV     1   --> A              
     e( 41 - 41) =      6.47883  eV     1   --> A              
     e( 42 - 42) =      6.80424  eV     1   --> A              
     e( 43 - 43) =      7.06718  eV     1   --> A              
     e( 44 - 44) =      7.37049  eV     1   --> A              
     e( 45 - 45) =      7.44301  eV     1   --> A              
     e( 46 - 46) =      7.63948  eV     1   --> A              
     e( 47 - 47) =      7.76092  eV     1   --> A              
     e( 48 - 48) =      7.92139  eV     1   --> A              
     e( 49 - 49) =      8.21795  eV     1   --> A              
     e( 50 - 50) =      8.31744  eV     1   --> A              
     e( 51 - 51) =      8.57301  eV     1   --> A              
     e( 52 - 52) =      8.86114  eV     1   --> A              
     e( 53 - 53) =      9.02512  eV     1   --> A              
     e( 54 - 54) =      9.16595  eV     1   --> A              
     e( 55 - 55) =      9.25805  eV     1   --> A              
     e( 56 - 56) =      9.55651  eV     1   --> A              
     e( 57 - 57) =     10.08175  eV     1   --> A              
     e( 58 - 58) =     10.43139  eV     1   --> A              
     e( 59 - 59) =     13.27869  eV     1   --> A              
     e( 60 - 60) =     13.48791  eV     1   --> A              
     e( 61 - 61) =     13.67122  eV     1   --> A              
     e( 62 - 62) =     14.16932  eV     1   --> A              
     e( 63 - 63) =     14.52048  eV     1   --> A              
     e( 64 - 64) =     14.66050  eV     1   --> A              
     e( 65 - 65) =     17.17095  eV     1   --> A              
     e( 66 - 66) =     17.53188  eV     1   --> A              
     e( 67 - 67) =     17.95534  eV     1   --> A              
     e( 68 - 68) =     18.42828  eV     1   --> A              
     e( 69 - 69) =     19.34615  eV     1   --> A              
     e( 70 - 70) =     20.23551  eV     1   --> A              
     e( 71 - 71) =     20.37881  eV     1   --> A              
     e( 72 - 72) =     21.22176  eV     1   --> A              
     e( 73 - 73) =     22.08734  eV     1   --> A              
     e( 74 - 74) =     22.33307  eV     1   --> A              
     e( 75 - 75) =     22.63601  eV     1   --> A              
     e( 76 - 76) =     23.13429  eV     1   --> A              
     e( 77 - 77) =     23.55851  eV     1   --> A              
     e( 78 - 78) =     24.20750  eV     1   --> A              
     e( 79 - 79) =     24.33765  eV     1   --> A              
     e( 80 - 80) =     24.45157  eV     1   --> A              

 **************************************************************************

 **************************************************************************

                    xk=(   0.25000,   0.20495,   0.00198  )

     Band symmetry, C_1 (1)     point group:

     e(  1 -  1) =    -93.68824  eV     1   --> A              
     e(  2 -  2) =    -68.87014  eV     1   --> A              
     e(  3 -  3) =    -64.33171  eV     1   --> A              
     e(  4 -  4) =    -64.32224  eV     1   --> A              
     e(  5 -  5) =    -54.29107  eV     1   --> A              
     e(  6 -  6) =    -54.27336  eV     1   --> A              
     e(  7 -  7) =    -54.25012  eV     1   --> A              
     e(  8 -  8) =    -37.92573  eV     1   --> A              
     e(  9 -  9) =    -37.91771  eV     1   --> A              
     e( 10 - 10) =    -37.90161  eV     1   --> A              
     e( 11 - 11) =    -28.77753  eV     1   --> A              
     e( 12 - 12) =    -28.72345  eV     1   --> A              
     e( 13 - 13) =    -28.68932  eV     1   --> A              
     e( 14 - 14) =    -28.62119  eV     1   --> A              
     e( 15 - 15) =    -28.61527  eV     1   --> A              
     e( 16 - 16) =    -28.55535  eV     1   --> A              
     e( 17 - 17) =     -8.34537  eV     1   --> A              
     e( 18 - 18) =     -7.48160  eV     1   --> A              
     e( 19 - 19) =     -7.26182  eV     1   --> A              
     e( 20 - 20) =     -7.05868  eV     1   --> A              
     e( 21 - 21) =     -6.97644  eV     1   --> A              
     e( 22 - 22) =     -6.73094  eV     1   --> A              
     e( 23 - 23) =     -6.53375  eV     1   --> A              
     e( 24 - 24) =     -6.39342  eV     1   --> A              
     e( 25 - 25) =      2.27839  eV     1   --> A              
     e( 26 - 26) =      2.39918  eV     1   --> A              
     e( 27 - 27) =      3.30720  eV     1   --> A              
     e( 28 - 28) =      3.45103  eV     1   --> A              
     e( 29 - 29) =      3.56609  eV     1   --> A              
     e( 30 - 30) =      3.86002  eV     1   --> A              
     e( 31 - 31) =      4.13091  eV     1   --> A              
     e( 32 - 32) =      4.50165  eV     1   --> A              
     e( 33 - 33) =      4.61469  eV     1   --> A              
     e( 34 - 34) =      4.90333  eV     1   --> A              
     e( 35 - 35) =      5.03986  eV     1   --> A              
     e( 36 - 36) =      5.42446  eV     1   --> A              
     e( 37 - 37) =      5.61010  eV     1   --> A              
     e( 38 - 38) =      5.80272  eV     1   --> A              
     e( 39 - 39) =      6.16232  eV     1   --> A              
     e( 40 - 40) =      6.31701  eV     1   --> A              
     e( 41 - 41) =      6.45735  eV     1   --> A              
     e( 42 - 42) =      6.71745  eV     1   --> A              
     e( 43 - 43) =      7.09937  eV     1   --> A              
     e( 44 - 44) =      7.41308  eV     1   --> A              
     e( 45 - 45) =      7.44899  eV     1   --> A              
     e( 46 - 46) =      7.69055  eV     1   --> A              
     e( 47 - 47) =      7.78673  eV     1   --> A              
     e( 48 - 48) =      7.95281  eV     1   --> A              
     e( 49 - 49) =      8.19391  eV     1   --> A              
     e( 50 - 50) =      8.33214  eV     1   --> A              
     e( 51 - 51) =      8.59349  eV     1   --> A              
     e( 52 - 52) =      8.84189  eV     1   --> A              
     e( 53 - 53) =      9.02114  eV     1   --> A              
     e( 54 - 54) =      9.17759  eV     1   --> A              
     e( 55 - 55) =      9.24836  eV     1   --> A              
     e( 56 - 56) =      9.53458  eV     1   --> A              
     e( 57 - 57) =     10.08603  eV     1   --> A              
     e( 58 - 58) =     10.43882  eV     1   --> A              
     e( 59 - 59) =     13.29219  eV     1   --> A              
     e( 60 - 60) =     13.46355  eV     1   --> A              
     e( 61 - 61) =     13.66360  eV     1   --> A              
     e( 62 - 62) =     14.16569  eV     1   --> A              
     e( 63 - 63) =     14.54645  eV     1   --> A              
     e( 64 - 64) =     14.66136  eV     1   --> A              
     e( 65 - 65) =     17.09192  eV     1   --> A              
     e( 66 - 66) =     17.48377  eV     1   --> A              
     e( 67 - 67) =     17.96125  eV     1   --> A              
     e( 68 - 68) =     18.42314  eV     1   --> A              
     e( 69 - 69) =     19.30070  eV     1   --> A              
     e( 70 - 70) =     20.25819  eV     1   --> A              
     e( 71 - 71) =     20.41173  eV     1   --> A              
     e( 72 - 72) =     21.23803  eV     1   --> A              
     e( 73 - 73) =     22.06535  eV     1   --> A              
     e( 74 - 74) =     22.38924  eV     1   --> A              
     e( 75 - 75) =     22.70995  eV     1   --> A              
     e( 76 - 76) =     23.05966  eV     1   --> A              
     e( 77 - 77) =     23.59830  eV     1   --> A              
     e( 78 - 78) =     24.19301  eV     1   --> A              
     e( 79 - 79) =     24.24161  eV     1   --> A              
     e( 80 - 80) =     24.56507  eV     1   --> A              

 **************************************************************************

 **************************************************************************

                    xk=(   0.22500,   0.18446,   0.00178  )

     Band symmetry, C_1 (1)     point group:

     e(  1 -  1) =    -93.68824  eV     1   --> A              
     e(  2 -  2) =    -68.87014  eV     1   --> A              
     e(  3 -  3) =    -64.33168  eV     1   --> A              
     e(  4 -  4) =    -64.32226  eV     1   --> A              
     e(  5 -  5) =    -54.29106  eV     1   --> A              
     e(  6 -  6) =    -54.27336  eV     1   --> A              
     e(  7 -  7) =    -54.25012  eV     1   --> A              
     e(  8 -  8) =    -37.92572  eV     1   --> A              
     e(  9 -  9) =    -37.91771  eV     1   --> A              
     e( 10 - 10) =    -37.90160  eV     1   --> A              
     e( 11 - 11) =    -28.77761  eV     1   --> A              
     e( 12 - 12) =    -28.72375  eV     1   --> A              
     e( 13 - 13) =    -28.68915  eV     1   --> A              
     e( 14 - 14) =    -28.62099  eV     1   --> A              
     e( 15 - 15) =    -28.61501  eV     1   --> A              
     e( 16 - 16) =    -28.55524  eV     1   --> A              
     e( 17 - 17) =     -8.38737  eV     1   --> A              
     e( 18 - 18) =     -7.45564  eV     1   --> A              
     e( 19 - 19) =     -7.24809  eV     1   --> A              
     e( 20 - 20) =     -7.04853  eV     1   --> A              
     e( 21 - 21) =     -6.97584  eV     1   --> A              
     e( 22 - 22) =     -6.74445  eV     1   --> A              
     e( 23 - 23) =     -6.52886  eV     1   --> A              
     e( 24 - 24) =     -6.38426  eV     1   --> A              
     e( 25 - 25) =      2.28022  eV     1   --> A              
     e( 26 - 26) =      2.39935  eV     1   --> A              
     e( 27 - 27) =      3.29242  eV     1   --> A              
     e( 28 - 28) =      3.45671  eV     1   --> A              
     e( 29 - 29) =      3.54209  eV     1   --> A              
     e( 30 - 30) =      3.85529  eV     1   --> A              
     e( 31 - 31) =      4.10396  eV     1   --> A              
     e( 32 - 32) =      4.48385  eV     1   --> A              
     e( 33 - 33) =      4.63913  eV     1   --> A              
     e( 34 - 34) =      4.90298  eV     1   --> A              
     e( 35 - 35) =      5.03817  eV     1   --> A              
     e( 36 - 36) =      5.38445  eV     1   --> A              
     e( 37 - 37) =      5.61244  eV     1   --> A              
     e( 38 - 38) =      5.86398  eV     1   --> A              
     e( 39 - 39) =      6.16263  eV     1   --> A              
     e( 40 - 40) =      6.32520  eV     1   --> A              
     e( 41 - 41) =      6.43044  eV     1   --> A              
     e( 42 - 42) =      6.66046  eV     1   --> A              
     e( 43 - 43) =      7.12814  eV     1   --> A              
     e( 44 - 44) =      7.41607  eV     1   --> A              
     e( 45 - 45) =      7.48582  eV     1   --> A              
     e( 46 - 46) =      7.73828  eV     1   --> A              
     e( 47 - 47) =      7.79892  eV     1   --> A              
     e( 48 - 48) =      7.98939  eV     1   --> A              
     e( 49 - 49) =      8.17455  eV     1   --> A              
     e( 50 - 50) =      8.33816  eV     1   --> A              
     e( 51 - 51) =      8.61185  eV     1   --> A              
     e( 52 - 52) =      8.82188  eV     1   --> A              
     e( 53 - 53) =      9.01774  eV     1   --> A              
     e( 54 - 54) =      9.17808  eV     1   --> A              
     e( 55 - 55) =      9.24738  eV     1   --> A              
     e( 56 - 56) =      9.51523  eV     1   --> A              
     e( 57 - 57) =     10.08586  eV     1   --> A              
     e( 58 - 58) =     10.43693  eV     1   --> A              
     e( 59 - 59) =     13.30958  eV     1   --> A              
     e( 60 - 60) =     13.44358  eV     1   --> A              
     e( 61 - 61) =     13.65555  eV     1   --> A              
     e( 62 - 62) =     14.15638  eV     1   --> A              
     e( 63 - 63) =     14.57197  eV     1   --> A              
     e( 64 - 64) =     14.66671  eV     1   --> A              
     e( 65 - 65) =     16.97119  eV     1   --> A              
     e( 66 - 66) =     17.44633  eV     1   --> A              
     e( 67 - 67) =     17.98612  eV     1   --> A              
     e( 68 - 68) =     18.44702  eV     1   --> A              
     e( 69 - 69) =     19.25375  eV     1   --> A              
     e( 70 - 70) =     20.27775  eV     1   --> A              
     e( 71 - 71) =     20.46003  eV     1   --> A              
     e( 72 - 72) =     21.25509  eV     1   --> A              
     e( 73 - 73) =     22.03610  eV     1   --> A              
     e( 74 - 74) =     22.43061  eV     1   --> A              
     e( 75 - 75) =     22.77448  eV     1   --> A              
     e( 76 - 76) =     23.00220  eV     1   --> A              
     e( 77 - 77) =     23.64935  eV     1   --> A              
     e( 78 - 78) =     24.08774  eV     1   --> A              
     e( 79 - 79) =     24.24447  eV     1   --> A              
     e( 80 - 80) =     24.63473  eV     1   --> A              

 **************************************************************************

 **************************************************************************

                    xk=(   0.20000,   0.16396,   0.00158  )

     Band symmetry, C_1 (1)     point group:

     e(  1 -  1) =    -93.68824  eV     1   --> A              
     e(  2 -  2) =    -68.87014  eV     1   --> A              
     e(  3 -  3) =    -64.33165  eV     1   --> A              
     e(  4 -  4) =    -64.32228  eV     1   --> A              
     e(  5 -  5) =    -54.29106  eV     1   --> A              
     e(  6 -  6) =    -54.27336  eV     1   --> A              
     e(  7 -  7) =    -54.25012  eV     1   --> A              
     e(  8 -  8) =    -37.92572  eV     1   --> A              
     e(  9 -  9) =    -37.91771  eV     1   --> A              
     e( 10 - 10) =    -37.90159  eV     1   --> A              
     e( 11 - 11) =    -28.77767  eV     1   --> A              
     e( 12 - 12) =    -28.72402  eV     1   --> A              
     e( 13 - 13) =    -28.68899  eV     1   --> A              
     e( 14 - 14) =    -28.62080  eV     1   --> A              
     e( 15 - 15) =    -28.61476  eV     1   --> A              
     e( 16 - 16) =    -28.55514  eV     1   --> A              
     e( 17 - 17) =     -8.42840  eV     1   --> A              
     e( 18 - 18) =     -7.43125  eV     1   --> A              
     e( 19 - 19) =     -7.23323  eV     1   --> A              
     e( 20 - 20) =     -7.04087  eV     1   --> A              
     e( 21 - 21) =     -6.97482  eV     1   --> A              
     e( 22 - 22) =     -6.75667  eV     1   --> A              
     e( 23 - 23) =     -6.52523  eV     1   --> A              
     e( 24 - 24) =     -6.37211  eV     1   --> A              
     e( 25 - 25) =      2.28132  eV     1   --> A              
     e( 26 - 26) =      2.39467  eV     1   --> A              
     e( 27 - 27) =      3.26991  eV     1   --> A              
     e( 28 - 28) =      3.45562  eV     1   --> A              
     e( 29 - 29) =      3.51886  eV     1   --> A              
     e( 30 - 30) =      3.84116  eV     1   --> A              
     e( 31 - 31) =      4.08693  eV     1   --> A              
     e( 32 - 32) =      4.47526  eV     1   --> A              
     e( 33 - 33) =      4.66640  eV     1   --> A              
     e( 34 - 34) =      4.90419  eV     1   --> A              
     e( 35 - 35) =      5.04119  eV     1   --> A              
     e( 36 - 36) =      5.35239  eV     1   --> A              
     e( 37 - 37) =      5.61814  eV     1   --> A              
     e( 38 - 38) =      5.93009  eV     1   --> A              
     e( 39 - 39) =      6.15954  eV     1   --> A              
     e( 40 - 40) =      6.31511  eV     1   --> A              
     e( 41 - 41) =      6.41940  eV     1   --> A              
     e( 42 - 42) =      6.63511  eV     1   --> A              
     e( 43 - 43) =      7.14952  eV     1   --> A              
     e( 44 - 44) =      7.40575  eV     1   --> A              
     e( 45 - 45) =      7.52245  eV     1   --> A              
     e( 46 - 46) =      7.77858  eV     1   --> A              
     e( 47 - 47) =      7.80192  eV     1   --> A              
     e( 48 - 48) =      8.02611  eV     1   --> A              
     e( 49 - 49) =      8.16164  eV     1   --> A              
     e( 50 - 50) =      8.33308  eV     1   --> A              
     e( 51 - 51) =      8.62822  eV     1   --> A              
     e( 52 - 52) =      8.80543  eV     1   --> A              
     e( 53 - 53) =      9.01713  eV     1   --> A              
     e( 54 - 54) =      9.16044  eV     1   --> A              
     e( 55 - 55) =      9.26189  eV     1   --> A              
     e( 56 - 56) =      9.49895  eV     1   --> A              
     e( 57 - 57) =     10.07728  eV     1   --> A              
     e( 58 - 58) =     10.43063  eV     1   --> A              
     e( 59 - 59) =     13.32215  eV     1   --> A              
     e( 60 - 60) =     13.43704  eV     1   --> A              
     e( 61 - 61) =     13.64786  eV     1   --> A              
     e( 62 - 62) =     14.14130  eV     1   --> A              
     e( 63 - 63) =     14.58880  eV     1   --> A              
     e( 64 - 64) =     14.68273  eV     1   --> A              
     e( 65 - 65) =     16.82806  eV     1   --> A              
     e( 66 - 66) =     17.41990  eV     1   --> A              
     e( 67 - 67) =     18.01822  eV     1   --> A              
     e( 68 - 68) =     18.49227  eV     1   --> A              
     e( 69 - 69) =     19.20439  eV     1   --> A              
     e( 70 - 70) =     20.30234  eV     1   --> A              
     e( 71 - 71) =     20.51811  eV     1   --> A              
     e( 72 - 72) =     21.27540  eV     1   --> A              
     e( 73 - 73) =     21.99733  eV     1   --> A              
     e( 74 - 74) =     22.46015  eV     1   --> A              
     e( 75 - 75) =     22.78033  eV     1   --> A              
     e( 76 - 76) =     23.00284  eV     1   --> A              
     e( 77 - 77) =     23.70352  eV     1   --> A              
     e( 78 - 78) =     23.99895  eV     1   --> A              
     e( 79 - 79) =     24.25986  eV     1   --> A              
     e( 80 - 80) =     24.61380  eV     1   --> A              

 **************************************************************************

 **************************************************************************

                    xk=(   0.17500,   0.14347,   0.00138  )

     Band symmetry, C_1 (1)     point group:

     e(  1 -  1) =    -93.68824  eV     1   --> A              
     e(  2 -  2) =    -68.87014  eV     1   --> A              
     e(  3 -  3) =    -64.33163  eV     1   --> A              
     e(  4 -  4) =    -64.32230  eV     1   --> A              
     e(  5 -  5) =    -54.29106  eV     1   --> A              
     e(  6 -  6) =    -54.27336  eV     1   --> A              
     e(  7 -  7) =    -54.25012  eV     1   --> A              
     e(  8 -  8) =    -37.92572  eV     1   --> A              
     e(  9 -  9) =    -37.91771  eV     1   --> A              
     e( 10 - 10) =    -37.90159  eV     1   --> A              
     e( 11 - 11) =    -28.77772  eV     1   --> A              
     e( 12 - 12) =    -28.72428  eV     1   --> A              
     e( 13 - 13) =    -28.68883  eV     1   --> A              
     e( 14 - 14) =    -28.62062  eV     1   --> A              
     e( 15 - 15) =    -28.61452  eV     1   --> A              
     e( 16 - 16) =    -28.55504  eV     1   --> A              
     e( 17 - 17) =     -8.46729  eV     1   --> A              
     e( 18 - 18) =     -7.41019  eV     1   --> A              
     e( 19 - 19) =     -7.21626  eV     1   --> A              
     e( 20 - 20) =     -7.03598  eV     1   --> A              
     e( 21 - 21) =     -6.97365  eV     1   --> A              
     e( 22 - 22) =     -6.76732  eV     1   --> A              
     e( 23 - 23) =     -6.52273  eV     1   --> A              
     e( 24 - 24) =     -6.35763  eV     1   --> A              
     e( 25 - 25) =      2.28149  eV     1   --> A              
     e( 26 - 26) =      2.38601  eV     1   --> A              
     e( 27 - 27) =      3.24184  eV     1   --> A              
     e( 28 - 28) =      3.44912  eV     1   --> A              
     e( 29 - 29) =      3.49906  eV     1   --> A              
     e( 30 - 30) =      3.81266  eV     1   --> A              
     e( 31 - 31) =      4.08784  eV     1   --> A              
     e( 32 - 32) =      4.47574  eV     1   --> A              
     e( 33 - 33) =      4.68277  eV     1   --> A              
     e( 34 - 34) =      4.90170  eV     1   --> A              
     e( 35 - 35) =      5.04871  eV     1   --> A              
     e( 36 - 36) =      5.33358  eV     1   --> A              
     e( 37 - 37) =      5.63546  eV     1   --> A              
     e( 38 - 38) =      5.98696  eV     1   --> A              
     e( 39 - 39) =      6.16318  eV     1   --> A              
     e( 40 - 40) =      6.28903  eV     1   --> A              
     e( 41 - 41) =      6.43459  eV     1   --> A              
     e( 42 - 42) =      6.63078  eV     1   --> A              
     e( 43 - 43) =      7.15982  eV     1   --> A              
     e( 44 - 44) =      7.39447  eV     1   --> A              
     e( 45 - 45) =      7.54258  eV     1   --> A              
     e( 46 - 46) =      7.79876  eV     1   --> A              
     e( 47 - 47) =      7.81034  eV     1   --> A              
     e( 48 - 48) =      8.06146  eV     1   --> A              
     e( 49 - 49) =      8.15131  eV     1   --> A              
     e( 50 - 50) =      8.32120  eV     1   --> A              
     e( 51 - 51) =      8.64129  eV     1   --> A              
     e( 52 - 52) =      8.79644  eV     1   --> A              
     e( 53 - 53) =      9.02049  eV     1   --> A              
     e( 54 - 54) =      9.13029  eV     1   --> A              
     e( 55 - 55) =      9.28637  eV     1   --> A              
     e( 56 - 56) =      9.48618  eV     1   --> A              
     e( 57 - 57) =     10.05602  eV     1   --> A              
     e( 58 - 58) =     10.42578  eV     1   --> A              
     e( 59 - 59) =     13.31933  eV     1   --> A              
     e( 60 - 60) =     13.45441  eV     1   --> A              
     e( 61 - 61) =     13.64116  eV     1   --> A              
     e( 62 - 62) =     14.12065  eV     1   --> A              
     e( 63 - 63) =     14.59311  eV     1   --> A              
     e( 64 - 64) =     14.71102  eV     1   --> A              
     e( 65 - 65) =     16.67767  eV     1   --> A              
     e( 66 - 66) =     17.40366  eV     1   --> A              
     e( 67 - 67) =     18.05290  eV     1   --> A              
     e( 68 - 68) =     18.54879  eV     1   --> A              
     e( 69 - 69) =     19.15159  eV     1   --> A              
     e( 70 - 70) =     20.33822  eV     1   --> A              
     e( 71 - 71) =     20.58184  eV     1   --> A              
     e( 72 - 72) =     21.29957  eV     1   --> A              
     e( 73 - 73) =     21.94643  eV     1   --> A              
     e( 74 - 74) =     22.48150  eV     1   --> A              
     e( 75 - 75) =     22.73510  eV     1   --> A              
     e( 76 - 76) =     23.03813  eV     1   --> A              
     e( 77 - 77) =     23.75789  eV     1   --> A              
     e( 78 - 78) =     23.95250  eV     1   --> A              
     e( 79 - 79) =     24.27463  eV     1   --> A              
     e( 80 - 80) =     24.54801  eV     1   --> A              

 **************************************************************************

 **************************************************************************

                    xk=(   0.15000,   0.12297,   0.00119  )

     Band symmetry, C_1 (1)     point group:

     e(  1 -  1) =    -93.68824  eV     1   --> A              
     e(  2 -  2) =    -68.87014  eV     1   --> A              
     e(  3 -  3) =    -64.33161  eV     1   --> A              
     e(  4 -  4) =    -64.32232  eV     1   --> A              
     e(  5 -  5) =    -54.29106  eV     1   --> A              
     e(  6 -  6) =    -54.27336  eV     1   --> A              
     e(  7 -  7) =    -54.25012  eV     1   --> A              
     e(  8 -  8) =    -37.92572  eV     1   --> A              
     e(  9 -  9) =    -37.91771  eV     1   --> A              
     e( 10 - 10) =    -37.90158  eV     1   --> A              
     e( 11 - 11) =    -28.77776  eV     1   --> A              
     e( 12 - 12) =    -28.72450  eV     1   --> A              
     e( 13 - 13) =    -28.68868  eV     1   --> A              
     e( 14 - 14) =    -28.62046  eV     1   --> A              
     e( 15 - 15) =    -28.61429  eV     1   --> A              
     e( 16 - 16) =    -28.55494  eV     1   --> A              
     e( 17 - 17) =     -8.50304  eV     1   --> A              
     e( 18 - 18) =     -7.39361  eV     1   --> A              
     e( 19 - 19) =     -7.19673  eV     1   --> A              
     e( 20 - 20) =     -7.03366  eV     1   --> A              
     e( 21 - 21) =     -6.97270  eV     1   --> A              
     e( 22 - 22) =     -6.77641  eV     1   --> A              
     e( 23 - 23) =     -6.52103  eV     1   --> A              
     e( 24 - 24) =     -6.34184  eV     1   --> A              
     e( 25 - 25) =      2.28044  eV     1   --> A              
     e( 26 - 26) =      2.37474  eV     1   --> A              
     e( 27 - 27) =      3.21158  eV     1   --> A              
     e( 28 - 28) =      3.43449  eV     1   --> A              
     e( 29 - 29) =      3.48823  eV     1   --> A              
     e( 30 - 30) =      3.77406  eV     1   --> A              
     e( 31 - 31) =      4.10442  eV     1   --> A              
     e( 32 - 32) =      4.48070  eV     1   --> A              
     e( 33 - 33) =      4.68360  eV     1   --> A              
     e( 34 - 34) =      4.89304  eV     1   --> A              
     e( 35 - 35) =      5.05837  eV     1   --> A              
     e( 36 - 36) =      5.32595  eV     1   --> A              
     e( 37 - 37) =      5.67272  eV     1   --> A              
     e( 38 - 38) =      6.02241  eV     1   --> A              
     e( 39 - 39) =      6.17063  eV     1   --> A              
     e( 40 - 40) =      6.28509  eV     1   --> A              
     e( 41 - 41) =      6.46004  eV     1   --> A              
     e( 42 - 42) =      6.63814  eV     1   --> A              
     e( 43 - 43) =      7.15490  eV     1   --> A              
     e( 44 - 44) =      7.38353  eV     1   --> A              
     e( 45 - 45) =      7.54698  eV     1   --> A              
     e( 46 - 46) =      7.79099  eV     1   --> A              
     e( 47 - 47) =      7.83199  eV     1   --> A              
     e( 48 - 48) =      8.08697  eV     1   --> A              
     e( 49 - 49) =      8.13955  eV     1   --> A              
     e( 50 - 50) =      8.31794  eV     1   --> A              
     e( 51 - 51) =      8.64787  eV     1   --> A              
     e( 52 - 52) =      8.79917  eV     1   --> A              
     e( 53 - 53) =      9.02537  eV     1   --> A              
     e( 54 - 54) =      9.09301  eV     1   --> A              
     e( 55 - 55) =      9.31594  eV     1   --> A              
     e( 56 - 56) =      9.47759  eV     1   --> A              
     e( 57 - 57) =     10.02007  eV     1   --> A              
     e( 58 - 58) =     10.42659  eV     1   --> A              
     e( 59 - 59) =     13.30449  eV     1   --> A              
     e( 60 - 60) =     13.49184  eV     1   --> A              
     e( 61 - 61) =     13.63595  eV     1   --> A              
     e( 62 - 62) =     14.09462  eV     1   --> A              
     e( 63 - 63) =     14.58938  eV     1   --> A              
     e( 64 - 64) =     14.74516  eV     1   --> A              
     e( 65 - 65) =     16.53057  eV     1   --> A              
     e( 66 - 66) =     17.39565  eV     1   --> A              
     e( 67 - 67) =     18.09093  eV     1   --> A              
     e( 68 - 68) =     18.60670  eV     1   --> A              
     e( 69 - 69) =     19.09450  eV     1   --> A              
     e( 70 - 70) =     20.38892  eV     1   --> A              
     e( 71 - 71) =     20.64842  eV     1   --> A              
     e( 72 - 72) =     21.32643  eV     1   --> A              
     e( 73 - 73) =     21.88294  eV     1   --> A              
     e( 74 - 74) =     22.49715  eV     1   --> A              
     e( 75 - 75) =     22.68121  eV     1   --> A              
     e( 76 - 76) =     23.05007  eV     1   --> A              
     e( 77 - 77) =     23.81855  eV     1   --> A              
     e( 78 - 78) =     23.95384  eV     1   --> A              
     e( 79 - 79) =     24.28293  eV     1   --> A              
     e( 80 - 80) =     24.48070  eV     1   --> A              

 **************************************************************************

 **************************************************************************

                    xk=(   0.12500,   0.10248,   0.00099  )

     Band symmetry, C_1 (1)     point group:

     e(  1 -  1) =    -93.68824  eV     1   --> A              
     e(  2 -  2) =    -68.87014  eV     1   --> A              
     e(  3 -  3) =    -64.33160  eV     1   --> A              
     e(  4 -  4) =    -64.32234  eV     1   --> A              
     e(  5 -  5) =    -54.29106  eV     1   --> A              
     e(  6 -  6) =    -54.27336  eV     1   --> A              
     e(  7 -  7) =    -54.25012  eV     1   --> A              
     e(  8 -  8) =    -37.92572  eV     1   --> A              
     e(  9 -  9) =    -37.91771  eV     1   --> A              
     e( 10 - 10) =    -37.90158  eV     1   --> A              
     e( 11 - 11) =    -28.77779  eV     1   --> A              
     e( 12 - 12) =    -28.72469  eV     1   --> A              
     e( 13 - 13) =    -28.68854  eV     1   --> A              
     e( 14 - 14) =    -28.62031  eV     1   --> A              
     e( 15 - 15) =    -28.61409  eV     1   --> A              
     e( 16 - 16) =    -28.55486  eV     1   --> A              
     e( 17 - 17) =     -8.53475  eV     1   --> A              
     e( 18 - 18) =     -7.38174  eV     1   --> A              
     e( 19 - 19) =     -7.17512  eV     1   --> A              
     e( 20 - 20) =     -7.03341  eV     1   --> A              
     e( 21 - 21) =     -6.97228  eV     1   --> A              
     e( 22 - 22) =     -6.78414  eV     1   --> A              
     e( 23 - 23) =     -6.51980  eV     1   --> A              
     e( 24 - 24) =     -6.32592  eV     1   --> A              
     e( 25 - 25) =      2.27781  eV     1   --> A              
     e( 26 - 26) =      2.36270  eV     1   --> A              
     e( 27 - 27) =      3.18223  eV     1   --> A              
     e( 28 - 28) =      3.41346  eV     1   --> A              
     e( 29 - 29) =      3.48653  eV     1   --> A              
     e( 30 - 30) =      3.73299  eV     1   --> A              
     e( 31 - 31) =      4.13049  eV     1   --> A              
     e( 32 - 32) =      4.48457  eV     1   --> A              
     e( 33 - 33) =      4.66838  eV     1   --> A              
     e( 34 - 34) =      4.88623  eV     1   --> A              
     e( 35 - 35) =      5.06553  eV     1   --> A              
     e( 36 - 36) =      5.32102  eV     1   --> A              
     e( 37 - 37) =      5.73163  eV     1   --> A              
     e( 38 - 38) =      6.04210  eV     1   --> A              
     e( 39 - 39) =      6.16396  eV     1   --> A              
     e( 40 - 40) =      6.32662  eV     1   --> A              
     e( 41 - 41) =      6.48792  eV     1   --> A              
     e( 42 - 42) =      6.65176  eV     1   --> A              
     e( 43 - 43) =      7.13160  eV     1   --> A              
     e( 44 - 44) =      7.37391  eV     1   --> A              
     e( 45 - 45) =      7.54072  eV     1   --> A              
     e( 46 - 46) =      7.77402  eV     1   --> A              
     e( 47 - 47) =      7.84710  eV     1   --> A              
     e( 48 - 48) =      8.08666  eV     1   --> A              
     e( 49 - 49) =      8.12590  eV     1   --> A              
     e( 50 - 50) =      8.34528  eV     1   --> A              
     e( 51 - 51) =      8.64687  eV     1   --> A              
     e( 52 - 52) =      8.81404  eV     1   --> A              
     e( 53 - 53) =      9.02317  eV     1   --> A              
     e( 54 - 54) =      9.05541  eV     1   --> A              
     e( 55 - 55) =      9.34793  eV     1   --> A              
     e( 56 - 56) =      9.47402  eV     1   --> A              
     e( 57 - 57) =      9.97143  eV     1   --> A              
     e( 58 - 58) =     10.43369  eV     1   --> A              
     e( 59 - 59) =     13.28636  eV     1   --> A              
     e( 60 - 60) =     13.53943  eV     1   --> A              
     e( 61 - 61) =     13.63296  eV     1   --> A              
     e( 62 - 62) =     14.06335  eV     1   --> A              
     e( 63 - 63) =     14.58204  eV     1   --> A              
     e( 64 - 64) =     14.77928  eV     1   --> A              
     e( 65 - 65) =     16.39442  eV     1   --> A              
     e( 66 - 66) =     17.39342  eV     1   --> A              
     e( 67 - 67) =     18.13424  eV     1   --> A              
     e( 68 - 68) =     18.65893  eV     1   --> A              
     e( 69 - 69) =     19.03286  eV     1   --> A              
     e( 70 - 70) =     20.45513  eV     1   --> A              
     e( 71 - 71) =     20.71521  eV     1   --> A              
     e( 72 - 72) =     21.35305  eV     1   --> A              
     e( 73 - 73) =     21.81001  eV     1   --> A              
     e( 74 - 74) =     22.50787  eV     1   --> A              
     e( 75 - 75) =     22.63149  eV     1   --> A              
     e( 76 - 76) =     23.02543  eV     1   --> A              
     e( 77 - 77) =     23.89328  eV     1   --> A              
     e( 78 - 78) =     23.98930  eV     1   --> A              
     e( 79 - 79) =     24.27596  eV     1   --> A              
     e( 80 - 80) =     24.43410  eV     1   --> A              

 **************************************************************************

 **************************************************************************

                    xk=(   0.10000,   0.08198,   0.00079  )

     Band symmetry, C_1 (1)     point group:

     e(  1 -  1) =    -93.68824  eV     1   --> A              
     e(  2 -  2) =    -68.87014  eV     1   --> A              
     e(  3 -  3) =    -64.33159  eV     1   --> A              
     e(  4 -  4) =    -64.32236  eV     1   --> A              
     e(  5 -  5) =    -54.29106  eV     1   --> A              
     e(  6 -  6) =    -54.27336  eV     1   --> A              
     e(  7 -  7) =    -54.25012  eV     1   --> A              
     e(  8 -  8) =    -37.92572  eV     1   --> A              
     e(  9 -  9) =    -37.91771  eV     1   --> A              
     e( 10 - 10) =    -37.90157  eV     1   --> A              
     e( 11 - 11) =    -28.77781  eV     1   --> A              
     e( 12 - 12) =    -28.72485  eV     1   --> A              
     e( 13 - 13) =    -28.68842  eV     1   --> A              
     e( 14 - 14) =    -28.62018  eV     1   --> A              
     e( 15 - 15) =    -28.61392  eV     1   --> A              
     e( 16 - 16) =    -28.55479  eV     1   --> A              
     e( 17 - 17) =     -8.56169  eV     1   --> A              
     e( 18 - 18) =     -7.37395  eV     1   --> A              
     e( 19 - 19) =     -7.15276  eV     1   --> A              
     e( 20 - 20) =     -7.03466  eV     1   --> A              
     e( 21 - 21) =     -6.97254  eV     1   --> A              
     e( 22 - 22) =     -6.79076  eV     1   --> A              
     e( 23 - 23) =     -6.51877  eV     1   --> A              
     e( 24 - 24) =     -6.31105  eV     1   --> A              
     e( 25 - 25) =      2.27341  eV     1   --> A              
     e( 26 - 26) =      2.35179  eV     1   --> A              
     e( 27 - 27) =      3.15607  eV     1   --> A              
     e( 28 - 28) =      3.39178  eV     1   --> A              
     e( 29 - 29) =      3.48939  eV     1   --> A              
     e( 30 - 30) =      3.69482  eV     1   --> A              
     e( 31 - 31) =      4.16212  eV     1   --> A              
     e( 32 - 32) =      4.48072  eV     1   --> A              
     e( 33 - 33) =      4.64211  eV     1   --> A              
     e( 34 - 34) =      4.88988  eV     1   --> A              
     e( 35 - 35) =      5.06767  eV     1   --> A              
     e( 36 - 36) =      5.31322  eV     1   --> A              
     e( 37 - 37) =      5.80029  eV     1   --> A              
     e( 38 - 38) =      6.05580  eV     1   --> A              
     e( 39 - 39) =      6.16412  eV     1   --> A              
     e( 40 - 40) =      6.38747  eV     1   --> A              
     e( 41 - 41) =      6.51615  eV     1   --> A              
     e( 42 - 42) =      6.66828  eV     1   --> A              
     e( 43 - 43) =      7.08986  eV     1   --> A              
     e( 44 - 44) =      7.36785  eV     1   --> A              
     e( 45 - 45) =      7.52658  eV     1   --> A              
     e( 46 - 46) =      7.74623  eV     1   --> A              
     e( 47 - 47) =      7.85791  eV     1   --> A              
     e( 48 - 48) =      8.05678  eV     1   --> A              
     e( 49 - 49) =      8.12021  eV     1   --> A              
     e( 50 - 50) =      8.40377  eV     1   --> A              
     e( 51 - 51) =      8.64244  eV     1   --> A              
     e( 52 - 52) =      8.83380  eV     1   --> A              
     e( 53 - 53) =      8.99160  eV     1   --> A              
     e( 54 - 54) =      9.03865  eV     1   --> A              
     e( 55 - 55) =      9.37981  eV     1   --> A              
     e( 56 - 56) =      9.47617  eV     1   --> A              
     e( 57 - 57) =      9.91526  eV     1   --> A              
     e( 58 - 58) =     10.44501  eV     1   --> A              
     e( 59 - 59) =     13.26940  eV     1   --> A              
     e( 60 - 60) =     13.58849  eV     1   --> A              
     e( 61 - 61) =     13.63557  eV     1   --> A              
     e( 62 - 62) =     14.02697  eV     1   --> A              
     e( 63 - 63) =     14.57343  eV     1   --> A              
     e( 64 - 64) =     14.81001  eV     1   --> A              
     e( 65 - 65) =     16.27515  eV     1   --> A              
     e( 66 - 66) =     17.39454  eV     1   --> A              
     e( 67 - 67) =     18.18346  eV     1   --> A              
     e( 68 - 68) =     18.70171  eV     1   --> A              
     e( 69 - 69) =     18.96754  eV     1   --> A              
     e( 70 - 70) =     20.53457  eV     1   --> A              
     e( 71 - 71) =     20.77864  eV     1   --> A              
     e( 72 - 72) =     21.37483  eV     1   --> A              
     e( 73 - 73) =     21.73433  eV     1   --> A              
     e( 74 - 74) =     22.51167  eV     1   --> A              
     e( 75 - 75) =     22.58953  eV     1   --> A              
     e( 76 - 76) =     22.97850  eV     1   --> A              
     e( 77 - 77) =     23.97062  eV     1   --> A              
     e( 78 - 78) =     24.04444  eV     1   --> A              
     e( 79 - 79) =     24.25107  eV     1   --> A              
     e( 80 - 80) =     24.41932  eV     1   --> A              

 **************************************************************************

 **************************************************************************

                    xk=(   0.07500,   0.06149,   0.00059  )

     Band symmetry, C_1 (1)     point group:

     e(  1 -  1) =    -93.68824  eV     1   --> A              
     e(  2 -  2) =    -68.87014  eV     1   --> A              
     e(  3 -  3) =    -64.33158  eV     1   --> A              
     e(  4 -  4) =    -64.32238  eV     1   --> A              
     e(  5 -  5) =    -54.29106  eV     1   --> A              
     e(  6 -  6) =    -54.27336  eV     1   --> A              
     e(  7 -  7) =    -54.25012  eV     1   --> A              
     e(  8 -  8) =    -37.92572  eV     1   --> A              
     e(  9 -  9) =    -37.91772  eV     1   --> A              
     e( 10 - 10) =    -37.90157  eV     1   --> A              
     e( 11 - 11) =    -28.77783  eV     1   --> A              
     e( 12 - 12) =    -28.72497  eV     1   --> A              
     e( 13 - 13) =    -28.68833  eV     1   --> A              
     e( 14 - 14) =    -28.62008  eV     1   --> A              
     e( 15 - 15) =    -28.61379  eV     1   --> A              
     e( 16 - 16) =    -28.55474  eV     1   --> A              
     e( 17 - 17) =     -8.58326  eV     1   --> A              
     e( 18 - 18) =     -7.36924  eV     1   --> A              
     e( 19 - 19) =     -7.13146  eV     1   --> A              
     e( 20 - 20) =     -7.03690  eV     1   --> A              
     e( 21 - 21) =     -6.97340  eV     1   --> A              
     e( 22 - 22) =     -6.79635  eV     1   --> A              
     e( 23 - 23) =     -6.51786  eV     1   --> A              
     e( 24 - 24) =     -6.29828  eV     1   --> A              
     e( 25 - 25) =      2.26762  eV     1   --> A              
     e( 26 - 26) =      2.34338  eV     1   --> A              
     e( 27 - 27) =      3.13457  eV     1   --> A              
     e( 28 - 28) =      3.37294  eV     1   --> A              
     e( 29 - 29) =      3.49404  eV     1   --> A              
     e( 30 - 30) =      3.66254  eV     1   --> A              
     e( 31 - 31) =      4.19784  eV     1   --> A              
     e( 32 - 32) =      4.46193  eV     1   --> A              
     e( 33 - 33) =      4.61677  eV     1   --> A              
     e( 34 - 34) =      4.90449  eV     1   --> A              
     e( 35 - 35) =      5.06425  eV     1   --> A              
     e( 36 - 36) =      5.30309  eV     1   --> A              
     e( 37 - 37) =      5.85864  eV     1   --> A              
     e( 38 - 38) =      6.05664  eV     1   --> A              
     e( 39 - 39) =      6.20441  eV     1   --> A              
     e( 40 - 40) =      6.44202  eV     1   --> A              
     e( 41 - 41) =      6.54344  eV     1   --> A              
     e( 42 - 42) =      6.68534  eV     1   --> A              
     e( 43 - 43) =      7.03415  eV     1   --> A              
     e( 44 - 44) =      7.36804  eV     1   --> A              
     e( 45 - 45) =      7.50505  eV     1   --> A              
     e( 46 - 46) =      7.71050  eV     1   --> A              
     e( 47 - 47) =      7.86377  eV     1   --> A              
     e( 48 - 48) =      8.01806  eV     1   --> A              
     e( 49 - 49) =      8.12362  eV     1   --> A              
     e( 50 - 50) =      8.47687  eV     1   --> A              
     e( 51 - 51) =      8.64026  eV     1   --> A              
     e( 52 - 52) =      8.84767  eV     1   --> A              
     e( 53 - 53) =      8.94452  eV     1   --> A              
     e( 54 - 54) =      9.03205  eV     1   --> A              
     e( 55 - 55) =      9.40834  eV     1   --> A              
     e( 56 - 56) =      9.48440  eV     1   --> A              
     e( 57 - 57) =      9.85809  eV     1   --> A              
     e( 58 - 58) =     10.45755  eV     1   --> A              
     e( 59 - 59) =     13.25546  eV     1   --> A              
     e( 60 - 60) =     13.61464  eV     1   --> A              
     e( 61 - 61) =     13.66508  eV     1   --> A              
     e( 62 - 62) =     13.98574  eV     1   --> A              
     e( 63 - 63) =     14.56500  eV     1   --> A              
     e( 64 - 64) =     14.83541  eV     1   --> A              
     e( 65 - 65) =     16.17747  eV     1   --> A              
     e( 66 - 66) =     17.39706  eV     1   --> A              
     e( 67 - 67) =     18.23690  eV     1   --> A              
     e( 68 - 68) =     18.73392  eV     1   --> A              
     e( 69 - 69) =     18.90125  eV     1   --> A              
     e( 70 - 70) =     20.62223  eV     1   --> A              
     e( 71 - 71) =     20.83311  eV     1   --> A              
     e( 72 - 72) =     21.38619  eV     1   --> A              
     e( 73 - 73) =     21.66536  eV     1   --> A              
     e( 74 - 74) =     22.50273  eV     1   --> A              
     e( 75 - 75) =     22.56126  eV     1   --> A              
     e( 76 - 76) =     22.92809  eV     1   --> A              
     e( 77 - 77) =     24.03210  eV     1   --> A              
     e( 78 - 78) =     24.10180  eV     1   --> A              
     e( 79 - 79) =     24.22580  eV     1   --> A              
     e( 80 - 80) =     24.43147  eV     1   --> A              

 **************************************************************************

 **************************************************************************

                    xk=(   0.05000,   0.04099,   0.00040  )

     Band symmetry, C_1 (1)     point group:

     e(  1 -  1) =    -93.68824  eV     1   --> A              
     e(  2 -  2) =    -68.87014  eV     1   --> A              
     e(  3 -  3) =    -64.33158  eV     1   --> A              
     e(  4 -  4) =    -64.32240  eV     1   --> A              
     e(  5 -  5) =    -54.29106  eV     1   --> A              
     e(  6 -  6) =    -54.27336  eV     1   --> A              
     e(  7 -  7) =    -54.25012  eV     1   --> A              
     e(  8 -  8) =    -37.92571  eV     1   --> A              
     e(  9 -  9) =    -37.91772  eV     1   --> A              
     e( 10 - 10) =    -37.90157  eV     1   --> A              
     e( 11 - 11) =    -28.77784  eV     1   --> A              
     e( 12 - 12) =    -28.72506  eV     1   --> A              
     e( 13 - 13) =    -28.68826  eV     1   --> A              
     e( 14 - 14) =    -28.62001  eV     1   --> A              
     e( 15 - 15) =    -28.61369  eV     1   --> A              
     e( 16 - 16) =    -28.55470  eV     1   --> A              
     e( 17 - 17) =     -8.59900  eV     1   --> A              
     e( 18 - 18) =     -7.36663  eV     1   --> A              
     e( 19 - 19) =     -7.11328  eV     1   --> A              
     e( 20 - 20) =     -7.03967  eV     1   --> A              
     e( 21 - 21) =     -6.97460  eV     1   --> A              
     e( 22 - 22) =     -6.80077  eV     1   --> A              
     e( 23 - 23) =     -6.51709  eV     1   --> A              
     e( 24 - 24) =     -6.28849  eV     1   --> A              
     e( 25 - 25) =      2.26169  eV     1   --> A              
     e( 26 - 26) =      2.33785  eV     1   --> A              
     e( 27 - 27) =      3.11866  eV     1   --> A              
     e( 28 - 28) =      3.35864  eV     1   --> A              
     e( 29 - 29) =      3.49895  eV     1   --> A              
     e( 30 - 30) =      3.63788  eV     1   --> A              
     e( 31 - 31) =      4.23741  eV     1   --> A              
     e( 32 - 32) =      4.42620  eV     1   --> A              
     e( 33 - 33) =      4.60129  eV     1   --> A              
     e( 34 - 34) =      4.92522  eV     1   --> A              
     e( 35 - 35) =      5.05581  eV     1   --> A              
     e( 36 - 36) =      5.29351  eV     1   --> A              
     e( 37 - 37) =      5.89611  eV     1   --> A              
     e( 38 - 38) =      6.04671  eV     1   --> A              
     e( 39 - 39) =      6.28530  eV     1   --> A              
     e( 40 - 40) =      6.47789  eV     1   --> A              
     e( 41 - 41) =      6.56310  eV     1   --> A              
     e( 42 - 42) =      6.70128  eV     1   --> A              
     e( 43 - 43) =      6.97440  eV     1   --> A              
     e( 44 - 44) =      7.37608  eV     1   --> A              
     e( 45 - 45) =      7.47864  eV     1   --> A              
     e( 46 - 46) =      7.67237  eV     1   --> A              
     e( 47 - 47) =      7.86270  eV     1   --> A              
     e( 48 - 48) =      7.98961  eV     1   --> A              
     e( 49 - 49) =      8.13125  eV     1   --> A              
     e( 50 - 50) =      8.54835  eV     1   --> A              
     e( 51 - 51) =      8.64725  eV     1   --> A              
     e( 52 - 52) =      8.84490  eV     1   --> A              
     e( 53 - 53) =      8.89809  eV     1   --> A              
     e( 54 - 54) =      9.02826  eV     1   --> A              
     e( 55 - 55) =      9.42975  eV     1   --> A              
     e( 56 - 56) =      9.49800  eV     1   --> A              
     e( 57 - 57) =      9.80691  eV     1   --> A              
     e( 58 - 58) =     10.46860  eV     1   --> A              
     e( 59 - 59) =     13.24530  eV     1   --> A              
     e( 60 - 60) =     13.61847  eV     1   --> A              
     e( 61 - 61) =     13.71847  eV     1   --> A              
     e( 62 - 62) =     13.94018  eV     1   --> A              
     e( 63 - 63) =     14.55791  eV     1   --> A              
     e( 64 - 64) =     14.85428  eV     1   --> A              
     e( 65 - 65) =     16.10505  eV     1   --> A              
     e( 66 - 66) =     17.39961  eV     1   --> A              
     e( 67 - 67) =     18.28950  eV     1   --> A              
     e( 68 - 68) =     18.75571  eV     1   --> A              
     e( 69 - 69) =     18.83968  eV     1   --> A              
     e( 70 - 70) =     20.71080  eV     1   --> A              
     e( 71 - 71) =     20.86985  eV     1   --> A              
     e( 72 - 72) =     21.38376  eV     1   --> A              
     e( 73 - 73) =     21.61324  eV     1   --> A              
     e( 74 - 74) =     22.48193  eV     1   --> A              
     e( 75 - 75) =     22.54833  eV     1   --> A              
     e( 76 - 76) =     22.88725  eV     1   --> A              
     e( 77 - 77) =     24.07481  eV     1   --> A              
     e( 78 - 78) =     24.13141  eV     1   --> A              
     e( 79 - 79) =     24.21864  eV     1   --> A              
     e( 80 - 80) =     24.46364  eV     1   --> A              

 **************************************************************************

 **************************************************************************

                    xk=(   0.02500,   0.02050,   0.00020  )

     Band symmetry, C_1 (1)     point group:

     e(  1 -  1) =    -93.68824  eV     1   --> A              
     e(  2 -  2) =    -68.87014  eV     1   --> A              
     e(  3 -  3) =    -64.33158  eV     1   --> A              
     e(  4 -  4) =    -64.32240  eV     1   --> A              
     e(  5 -  5) =    -54.29106  eV     1   --> A              
     e(  6 -  6) =    -54.27336  eV     1   --> A              
     e(  7 -  7) =    -54.25012  eV     1   --> A              
     e(  8 -  8) =    -37.92571  eV     1   --> A              
     e(  9 -  9) =    -37.91772  eV     1   --> A              
     e( 10 - 10) =    -37.90156  eV     1   --> A              
     e( 11 - 11) =    -28.77784  eV     1   --> A              
     e( 12 - 12) =    -28.72512  eV     1   --> A              
     e( 13 - 13) =    -28.68821  eV     1   --> A              
     e( 14 - 14) =    -28.61996  eV     1   --> A              
     e( 15 - 15) =    -28.61362  eV     1   --> A              
     e( 16 - 16) =    -28.55467  eV     1   --> A              
     e( 17 - 17) =     -8.60857  eV     1   --> A              
     e( 18 - 18) =     -7.36537  eV     1   --> A              
     e( 19 - 19) =     -7.10054  eV     1   --> A              
     e( 20 - 20) =     -7.04227  eV     1   --> A              
     e( 21 - 21) =     -6.97567  eV     1   --> A              
     e( 22 - 22) =     -6.80366  eV     1   --> A              
     e( 23 - 23) =     -6.51657  eV     1   --> A              
     e( 24 - 24) =     -6.28235  eV     1   --> A              
     e( 25 - 25) =      2.25727  eV     1   --> A              
     e( 26 - 26) =      2.33486  eV     1   --> A              
     e( 27 - 27) =      3.10891  eV     1   --> A              
     e( 28 - 28) =      3.34978  eV     1   --> A              
     e( 29 - 29) =      3.50279  eV     1   --> A              
     e( 30 - 30) =      3.62221  eV     1   --> A              
     e( 31 - 31) =      4.28043  eV     1   --> A              
     e( 32 - 32) =      4.38066  eV     1   --> A              
     e( 33 - 33) =      4.59456  eV     1   --> A              
     e( 34 - 34) =      4.94503  eV     1   --> A              
     e( 35 - 35) =      5.04514  eV     1   --> A              
     e( 36 - 36) =      5.28693  eV     1   --> A              
     e( 37 - 37) =      5.91579  eV     1   --> A              
     e( 38 - 38) =      6.03695  eV     1   --> A              
     e( 39 - 39) =      6.37871  eV     1   --> A              
     e( 40 - 40) =      6.49069  eV     1   --> A              
     e( 41 - 41) =      6.56246  eV     1   --> A              
     e( 42 - 42) =      6.71393  eV     1   --> A              
     e( 43 - 43) =      6.92687  eV     1   --> A              
     e( 44 - 44) =      7.39072  eV     1   --> A              
     e( 45 - 45) =      7.45300  eV     1   --> A              
     e( 46 - 46) =      7.64047  eV     1   --> A              
     e( 47 - 47) =      7.85747  eV     1   --> A              
     e( 48 - 48) =      7.97622  eV     1   --> A              
     e( 49 - 49) =      8.13848  eV     1   --> A              
     e( 50 - 50) =      8.59317  eV     1   --> A              
     e( 51 - 51) =      8.67972  eV     1   --> A              
     e( 52 - 52) =      8.81254  eV     1   --> A              
     e( 53 - 53) =      8.86909  eV     1   --> A              
     e( 54 - 54) =      9.02807  eV     1   --> A              
     e( 55 - 55) =      9.44211  eV     1   --> A              
     e( 56 - 56) =      9.51252  eV     1   --> A              
     e( 57 - 57) =      9.76975  eV     1   --> A              
     e( 58 - 58) =     10.47608  eV     1   --> A              
     e( 59 - 59) =     13.23918  eV     1   --> A              
     e( 60 - 60) =     13.61920  eV     1   --> A              
     e( 61 - 61) =     13.77379  eV     1   --> A              
     e( 62 - 62) =     13.89169  eV     1   --> A              
     e( 63 - 63) =     14.55315  eV     1   --> A              
     e( 64 - 64) =     14.86587  eV     1   --> A              
     e( 65 - 65) =     16.06055  eV     1   --> A              
     e( 66 - 66) =     17.40139  eV     1   --> A              
     e( 67 - 67) =     18.33135  eV     1   --> A              
     e( 68 - 68) =     18.76672  eV     1   --> A              
     e( 69 - 69) =     18.79405  eV     1   --> A              
     e( 70 - 70) =     20.79070  eV     1   --> A              
     e( 71 - 71) =     20.87791  eV     1   --> A              
     e( 72 - 72) =     21.37311  eV     1   --> A              
     e( 73 - 73) =     21.58324  eV     1   --> A              
     e( 74 - 74) =     22.46359  eV     1   --> A              
     e( 75 - 75) =     22.54211  eV     1   --> A              
     e( 76 - 76) =     22.86205  eV     1   --> A              
     e( 77 - 77) =     24.09312  eV     1   --> A              
     e( 78 - 78) =     24.14680  eV     1   --> A              
     e( 79 - 79) =     24.21790  eV     1   --> A              
     e( 80 - 80) =     24.50008  eV     1   --> A              

 **************************************************************************

 **************************************************************************

                    xk=(   0.00000,   0.00000,   0.00000  )

     point group C_2  (2)   
     there are  2 classes
     the character table:

       E     C2   
A      1.00  1.00
B      1.00 -1.00

     the symmetry operations in each class and the name of the first element:

     E        1
                                                                 
     C2       2
                                                                 

     Band symmetry, C_2  (2)    point group:

     e(  1 -  1) =    -93.68824  eV     1   --> A              
     e(  2 -  2) =    -68.87014  eV     1   --> A              
     e(  3 -  3) =    -64.33158  eV     1   --> A              
     e(  4 -  4) =    -64.32241  eV     1   --> A              
     e(  5 -  5) =    -54.29106  eV     1   --> B              
     e(  6 -  6) =    -54.27336  eV     1   --> B              
     e(  7 -  7) =    -54.25012  eV     1   --> A              
     e(  8 -  8) =    -37.92571  eV     1   --> B              
     e(  9 -  9) =    -37.91772  eV     1   --> A              
     e( 10 - 10) =    -37.90156  eV     1   --> B              
     e( 11 - 11) =    -28.77784  eV     1   --> B              
     e( 12 - 12) =    -28.72514  eV     1   --> A              
     e( 13 - 13) =    -28.68820  eV     1   --> B              
     e( 14 - 14) =    -28.61995  eV     1   --> B              
     e( 15 - 15) =    -28.61360  eV     1   --> A              
     e( 16 - 16) =    -28.55466  eV     1   --> B              
     e( 17 - 17) =     -8.61178  eV     1   --> A              
     e( 18 - 18) =     -7.36500  eV     1   --> A              
     e( 19 - 19) =     -7.09582  eV     1   --> A              
     e( 20 - 20) =     -7.04343  eV     1   --> B              
     e( 21 - 21) =     -6.97610  eV     1   --> B              
     e( 22 - 22) =     -6.80467  eV     1   --> A              
     e( 23 - 23) =     -6.51638  eV     1   --> B              
     e( 24 - 24) =     -6.28025  eV     1   --> B              
     e( 25 - 25) =      2.25563  eV     1   --> B              
     e( 26 - 26) =      2.33392  eV     1   --> A              
     e( 27 - 27) =      3.10562  eV     1   --> A              
     e( 28 - 28) =      3.34679  eV     1   --> A              
     e( 29 - 29) =      3.50428  eV     1   --> B              
     e( 30 - 30) =      3.61678  eV     1   --> A              
     e( 31 - 31) =      4.31625  eV     1   --> A              
     e( 32 - 32) =      4.34316  eV     1   --> B              
     e( 33 - 33) =      4.59278  eV     1   --> A              
     e( 34 - 34) =      4.95398  eV     1   --> B              
     e( 35 - 35) =      5.03953  eV     1   --> A              
     e( 36 - 36) =      5.28461  eV     1   --> A              
     e( 37 - 37) =      5.92198  eV     1   --> B              
     e( 38 - 38) =      6.03307  eV     1   --> A              
     e( 39 - 39) =      6.44068  eV     1   --> A              
     e( 40 - 40) =      6.47692  eV     1   --> B              
     e( 41 - 41) =      6.55342  eV     1   --> A              
     e( 42 - 42) =      6.71901  eV     1   --> B              
     e( 43 - 43) =      6.90878  eV     1   --> B              
     e( 44 - 44) =      7.40155  eV     1   --> A              
     e( 45 - 45) =      7.43900  eV     1   --> B              
     e( 46 - 46) =      7.62743  eV     1   --> A              
     e( 47 - 47) =      7.85473  eV     1   --> B              
     e( 48 - 48) =      7.97282  eV     1   --> A              
     e( 49 - 49) =      8.14140  eV     1   --> A              
     e( 50 - 50) =      8.60356  eV     1   --> B              
     e( 51 - 51) =      8.71954  eV     1   --> B              
     e( 52 - 52) =      8.77458  eV     1   --> A              
     e( 53 - 53) =      8.86151  eV     1   --> A              
     e( 54 - 54) =      9.02866  eV     1   --> B              
     e( 55 - 55) =      9.44602  eV     1   --> B              
     e( 56 - 56) =      9.51911  eV     1   --> B              
     e( 57 - 57) =      9.75571  eV     1   --> A              
     e( 58 - 58) =     10.47872  eV     1   --> B              
     e( 59 - 59) =     13.23714  eV     1   --> A              
     e( 60 - 60) =     13.61935  eV     1   --> B              
     e( 61 - 61) =     13.81290  eV     1   --> A              
     e( 62 - 62) =     13.85504  eV     1   --> A              
     e( 63 - 63) =     14.55147  eV     1   --> A              
     e( 64 - 64) =     14.86978  eV     1   --> B              
     e( 65 - 65) =     16.04554  eV     1   --> A              
     e( 66 - 66) =     17.40202  eV     1   --> A              
     e( 67 - 67) =     18.34808  eV     1   --> B              
     e( 68 - 68) =     18.76515  eV     1   --> B              
     e( 69 - 69) =     18.78122  eV     1   --> A              
     e( 70 - 70) =     20.84797  eV     1   --> A              
     e( 71 - 71) =     20.85249  eV     1   --> B              
     e( 72 - 72) =     21.36735  eV     1   --> B              
     e( 73 - 73) =     21.57380  eV     1   --> A              
     e( 74 - 74) =     22.45670  eV     1   --> A              
     e( 75 - 75) =     22.53989  eV     1   --> A              
     e( 76 - 76) =     22.85370  eV     1   --> A              
     e( 77 - 77) =     24.09505  eV     1   --> B              
     e( 78 - 78) =     24.15729  eV     1   --> A              
     e( 79 - 79) =     24.21488  eV     1   --> B              
     e( 80 - 80) =     24.51606  eV     1   --> A              

 **************************************************************************

 **************************************************************************

                    xk=(  -0.00004,   0.00000,   0.02342  )

     point group C_1 (1)    
     there are  1 classes
     the character table:

       E    
A      1.00

     the symmetry operations in each class and the name of the first element:

     E        1
                                                                 

     Band symmetry, C_1 (1)     point group:

     e(  1 -  1) =    -93.68824  eV     1   --> A              
     e(  2 -  2) =    -68.87014  eV     1   --> A              
     e(  3 -  3) =    -64.33156  eV     1   --> A              
     e(  4 -  4) =    -64.32242  eV     1   --> A              
     e(  5 -  5) =    -54.29106  eV     1   --> A              
     e(  6 -  6) =    -54.27336  eV     1   --> A              
     e(  7 -  7) =    -54.25012  eV     1   --> A              
     e(  8 -  8) =    -37.92571  eV     1   --> A              
     e(  9 -  9) =    -37.91772  eV     1   --> A              
     e( 10 - 10) =    -37.90156  eV     1   --> A              
     e( 11 - 11) =    -28.77785  eV     1   --> A              
     e( 12 - 12) =    -28.72526  eV     1   --> A              
     e( 13 - 13) =    -28.68810  eV     1   --> A              
     e( 14 - 14) =    -28.62041  eV     1   --> A              
     e( 15 - 15) =    -28.61318  eV     1   --> A              
     e( 16 - 16) =    -28.55460  eV     1   --> A              
     e( 17 - 17) =     -8.60949  eV     1   --> A              
     e( 18 - 18) =     -7.36517  eV     1   --> A              
     e( 19 - 19) =     -7.10259  eV     1   --> A              
     e( 20 - 20) =     -7.04142  eV     1   --> A              
     e( 21 - 21) =     -6.97413  eV     1   --> A              
     e( 22 - 22) =     -6.80253  eV     1   --> A              
     e( 23 - 23) =     -6.51761  eV     1   --> A              
     e( 24 - 24) =     -6.28099  eV     1   --> A              
     e( 25 - 25) =      2.25547  eV     1   --> A              
     e( 26 - 26) =      2.33396  eV     1   --> A              
     e( 27 - 27) =      3.10764  eV     1   --> A              
     e( 28 - 28) =      3.35028  eV     1   --> A              
     e( 29 - 29) =      3.50155  eV     1   --> A              
     e( 30 - 30) =      3.61717  eV     1   --> A              
     e( 31 - 31) =      4.29185  eV     1   --> A              
     e( 32 - 32) =      4.37126  eV     1   --> A              
     e( 33 - 33) =      4.59215  eV     1   --> A              
     e( 34 - 34) =      4.93631  eV     1   --> A              
     e( 35 - 35) =      5.04488  eV     1   --> A              
     e( 36 - 36) =      5.29890  eV     1   --> A              
     e( 37 - 37) =      5.86111  eV     1   --> A              
     e( 38 - 38) =      6.08949  eV     1   --> A              
     e( 39 - 39) =      6.43208  eV     1   --> A              
     e( 40 - 40) =      6.48075  eV     1   --> A              
     e( 41 - 41) =      6.56125  eV     1   --> A              
     e( 42 - 42) =      6.72025  eV     1   --> A              
     e( 43 - 43) =      6.90478  eV     1   --> A              
     e( 44 - 44) =      7.40785  eV     1   --> A              
     e( 45 - 45) =      7.43160  eV     1   --> A              
     e( 46 - 46) =      7.62424  eV     1   --> A              
     e( 47 - 47) =      7.83573  eV     1   --> A              
     e( 48 - 48) =      8.00114  eV     1   --> A              
     e( 49 - 49) =      8.13947  eV     1   --> A              
     e( 50 - 50) =      8.59891  eV     1   --> A              
     e( 51 - 51) =      8.70056  eV     1   --> A              
     e( 52 - 52) =      8.78600  eV     1   --> A              
     e( 53 - 53) =      8.86161  eV     1   --> A              
     e( 54 - 54) =      9.03226  eV     1   --> A              
     e( 55 - 55) =      9.43309  eV     1   --> A              
     e( 56 - 56) =      9.51846  eV     1   --> A              
     e( 57 - 57) =      9.77151  eV     1   --> A              
     e( 58 - 58) =     10.47971  eV     1   --> A              
     e( 59 - 59) =     13.23968  eV     1   --> A              
     e( 60 - 60) =     13.61393  eV     1   --> A              
     e( 61 - 61) =     13.81334  eV     1   --> A              
     e( 62 - 62) =     13.85466  eV     1   --> A              
     e( 63 - 63) =     14.55087  eV     1   --> A              
     e( 64 - 64) =     14.86531  eV     1   --> A              
     e( 65 - 65) =     16.05484  eV     1   --> A              
     e( 66 - 66) =     17.40138  eV     1   --> A              
     e( 67 - 67) =     18.32910  eV     1   --> A              
     e( 68 - 68) =     18.76643  eV     1   --> A              
     e( 69 - 69) =     18.80138  eV     1   --> A              
     e( 70 - 70) =     20.84481  eV     1   --> A              
     e( 71 - 71) =     20.85591  eV     1   --> A              
     e( 72 - 72) =     21.35506  eV     1   --> A              
     e( 73 - 73) =     21.57476  eV     1   --> A              
     e( 74 - 74) =     22.46069  eV     1   --> A              
     e( 75 - 75) =     22.54344  eV     1   --> A              
     e( 76 - 76) =     22.85619  eV     1   --> A              
     e( 77 - 77) =     24.06941  eV     1   --> A              
     e( 78 - 78) =     24.14314  eV     1   --> A              
     e( 79 - 79) =     24.24942  eV     1   --> A              
     e( 80 - 80) =     24.51824  eV     1   --> A              

 **************************************************************************

 **************************************************************************

                    xk=(  -0.00009,   0.00000,   0.04684  )

     Band symmetry, C_1 (1)     point group:

     e(  1 -  1) =    -93.68824  eV     1   --> A              
     e(  2 -  2) =    -68.87014  eV     1   --> A              
     e(  3 -  3) =    -64.33152  eV     1   --> A              
     e(  4 -  4) =    -64.32246  eV     1   --> A              
     e(  5 -  5) =    -54.29106  eV     1   --> A              
     e(  6 -  6) =    -54.27336  eV     1   --> A              
     e(  7 -  7) =    -54.25012  eV     1   --> A              
     e(  8 -  8) =    -37.92571  eV     1   --> A              
     e(  9 -  9) =    -37.91772  eV     1   --> A              
     e( 10 - 10) =    -37.90156  eV     1   --> A              
     e( 11 - 11) =    -28.77788  eV     1   --> A              
     e( 12 - 12) =    -28.72562  eV     1   --> A              
     e( 13 - 13) =    -28.68780  eV     1   --> A              
     e( 14 - 14) =    -28.62156  eV     1   --> A              
     e( 15 - 15) =    -28.61217  eV     1   --> A              
     e( 16 - 16) =    -28.55442  eV     1   --> A              
     e( 17 - 17) =     -8.60263  eV     1   --> A              
     e( 18 - 18) =     -7.36569  eV     1   --> A              
     e( 19 - 19) =     -7.11824  eV     1   --> A              
     e( 20 - 20) =     -7.04128  eV     1   --> A              
     e( 21 - 21) =     -6.96662  eV     1   --> A              
     e( 22 - 22) =     -6.79660  eV     1   --> A              
     e( 23 - 23) =     -6.52113  eV     1   --> A              
     e( 24 - 24) =     -6.28318  eV     1   --> A              
     e( 25 - 25) =      2.25501  eV     1   --> A              
     e( 26 - 26) =      2.33405  eV     1   --> A              
     e( 27 - 27) =      3.11367  eV     1   --> A              
     e( 28 - 28) =      3.36066  eV     1   --> A              
     e( 29 - 29) =      3.49354  eV     1   --> A              
     e( 30 - 30) =      3.61824  eV     1   --> A              
     e( 31 - 31) =      4.26211  eV     1   --> A              
     e( 32 - 32) =      4.41194  eV     1   --> A              
     e( 33 - 33) =      4.59032  eV     1   --> A              
     e( 34 - 34) =      4.89469  eV     1   --> A              
     e( 35 - 35) =      5.05547  eV     1   --> A              
     e( 36 - 36) =      5.33421  eV     1   --> A              
     e( 37 - 37) =      5.77012  eV     1   --> A              
     e( 38 - 38) =      6.16353  eV     1   --> A              
     e( 39 - 39) =      6.40990  eV     1   --> A              
     e( 40 - 40) =      6.49885  eV     1   --> A              
     e( 41 - 41) =      6.58010  eV     1   --> A              
     e( 42 - 42) =      6.72344  eV     1   --> A              
     e( 43 - 43) =      6.89350  eV     1   --> A              
     e( 44 - 44) =      7.40461  eV     1   --> A              
     e( 45 - 45) =      7.43107  eV     1   --> A              
     e( 46 - 46) =      7.61514  eV     1   --> A              
     e( 47 - 47) =      7.80569  eV     1   --> A              
     e( 48 - 48) =      8.05816  eV     1   --> A              
     e( 49 - 49) =      8.13381  eV     1   --> A              
     e( 50 - 50) =      8.58450  eV     1   --> A              
     e( 51 - 51) =      8.66472  eV     1   --> A              
     e( 52 - 52) =      8.79699  eV     1   --> A              
     e( 53 - 53) =      8.86607  eV     1   --> A              
     e( 54 - 54) =      9.04181  eV     1   --> A              
     e( 55 - 55) =      9.40139  eV     1   --> A              
     e( 56 - 56) =      9.51666  eV     1   --> A              
     e( 57 - 57) =      9.81188  eV     1   --> A              
     e( 58 - 58) =     10.48268  eV     1   --> A              
     e( 59 - 59) =     13.24726  eV     1   --> A              
     e( 60 - 60) =     13.59886  eV     1   --> A              
     e( 61 - 61) =     13.81357  eV     1   --> A              
     e( 62 - 62) =     13.85379  eV     1   --> A              
     e( 63 - 63) =     14.54896  eV     1   --> A              
     e( 64 - 64) =     14.85198  eV     1   --> A              
     e( 65 - 65) =     16.08248  eV     1   --> A              
     e( 66 - 66) =     17.39946  eV     1   --> A              
     e( 67 - 67) =     18.28077  eV     1   --> A              
     e( 68 - 68) =     18.77033  eV     1   --> A              
     e( 69 - 69) =     18.85305  eV     1   --> A              
     e( 70 - 70) =     20.83635  eV     1   --> A              
     e( 71 - 71) =     20.86419  eV     1   --> A              
     e( 72 - 72) =     21.32178  eV     1   --> A              
     e( 73 - 73) =     21.57626  eV     1   --> A              
     e( 74 - 74) =     22.46920  eV     1   --> A              
     e( 75 - 75) =     22.55547  eV     1   --> A              
     e( 76 - 76) =     22.86505  eV     1   --> A              
     e( 77 - 77) =     24.01699  eV     1   --> A              
     e( 78 - 78) =     24.11819  eV     1   --> A              
     e( 79 - 79) =     24.31001  eV     1   --> A              
     e( 80 - 80) =     24.52591  eV     1   --> A              

 **************************************************************************

 **************************************************************************

                    xk=(  -0.00013,   0.00000,   0.07026  )

     Band symmetry, C_1 (1)     point group:

     e(  1 -  1) =    -93.68824  eV     1   --> A              
     e(  2 -  2) =    -68.87015  eV     1   --> A              
     e(  3 -  3) =    -64.33145  eV     1   --> A              
     e(  4 -  4) =    -64.32253  eV     1   --> A              
     e(  5 -  5) =    -54.29106  eV     1   --> A              
     e(  6 -  6) =    -54.27336  eV     1   --> A              
     e(  7 -  7) =    -54.25012  eV     1   --> A              
     e(  8 -  8) =    -37.92571  eV     1   --> A              
     e(  9 -  9) =    -37.91772  eV     1   --> A              
     e( 10 - 10) =    -37.90156  eV     1   --> A              
     e( 11 - 11) =    -28.77792  eV     1   --> A              
     e( 12 - 12) =    -28.72622  eV     1   --> A              
     e( 13 - 13) =    -28.68732  eV     1   --> A              
     e( 14 - 14) =    -28.62306  eV     1   --> A              
     e( 15 - 15) =    -28.61089  eV     1   --> A              
     e( 16 - 16) =    -28.55413  eV     1   --> A              
     e( 17 - 17) =     -8.59124  eV     1   --> A              
     e( 18 - 18) =     -7.36660  eV     1   --> A              
     e( 19 - 19) =     -7.13739  eV     1   --> A              
     e( 20 - 20) =     -7.04844  eV     1   --> A              
     e( 21 - 21) =     -6.95262  eV     1   --> A              
     e( 22 - 22) =     -6.78810  eV     1   --> A              
     e( 23 - 23) =     -6.52658  eV     1   --> A              
     e( 24 - 24) =     -6.28676  eV     1   --> A              
     e( 25 - 25) =      2.25429  eV     1   --> A              
     e( 26 - 26) =      2.33409  eV     1   --> A              
     e( 27 - 27) =      3.12359  eV     1   --> A              
     e( 28 - 28) =      3.37765  eV     1   --> A              
     e( 29 - 29) =      3.48075  eV     1   --> A              
     e( 30 - 30) =      3.61975  eV     1   --> A              
     e( 31 - 31) =      4.23700  eV     1   --> A              
     e( 32 - 32) =      4.45455  eV     1   --> A              
     e( 33 - 33) =      4.58762  eV     1   --> A              
     e( 34 - 34) =      4.84283  eV     1   --> A              
     e( 35 - 35) =      5.06793  eV     1   --> A              
     e( 36 - 36) =      5.37324  eV     1   --> A              
     e( 37 - 37) =      5.69008  eV     1   --> A              
     e( 38 - 38) =      6.20994  eV     1   --> A              
     e( 39 - 39) =      6.37945  eV     1   --> A              
     e( 40 - 40) =      6.54281  eV     1   --> A              
     e( 41 - 41) =      6.60397  eV     1   --> A              
     e( 42 - 42) =      6.72800  eV     1   --> A              
     e( 43 - 43) =      6.87689  eV     1   --> A              
     e( 44 - 44) =      7.36872  eV     1   --> A              
     e( 45 - 45) =      7.45984  eV     1   --> A              
     e( 46 - 46) =      7.60222  eV     1   --> A              
     e( 47 - 47) =      7.78310  eV     1   --> A              
     e( 48 - 48) =      8.11578  eV     1   --> A              
     e( 49 - 49) =      8.13043  eV     1   --> A              
     e( 50 - 50) =      8.55904  eV     1   --> A              
     e( 51 - 51) =      8.62667  eV     1   --> A              
     e( 52 - 52) =      8.79348  eV     1   --> A              
     e( 53 - 53) =      8.87934  eV     1   --> A              
     e( 54 - 54) =      9.05451  eV     1   --> A              
     e( 55 - 55) =      9.36278  eV     1   --> A              
     e( 56 - 56) =      9.51391  eV     1   --> A              
     e( 57 - 57) =      9.86527  eV     1   --> A              
     e( 58 - 58) =     10.48765  eV     1   --> A              
     e( 59 - 59) =     13.25974  eV     1   --> A              
     e( 60 - 60) =     13.57685  eV     1   --> A              
     e( 61 - 61) =     13.81132  eV     1   --> A              
     e( 62 - 62) =     13.85289  eV     1   --> A              
     e( 63 - 63) =     14.54551  eV     1   --> A              
     e( 64 - 64) =     14.83006  eV     1   --> A              
     e( 65 - 65) =     16.12768  eV     1   --> A              
     e( 66 - 66) =     17.39636  eV     1   --> A              
     e( 67 - 67) =     18.21747  eV     1   --> A              
     e( 68 - 68) =     18.77673  eV     1   --> A              
     e( 69 - 69) =     18.92156  eV     1   --> A              
     e( 70 - 70) =     20.82013  eV     1   --> A              
     e( 71 - 71) =     20.87676  eV     1   --> A              
     e( 72 - 72) =     21.27556  eV     1   --> A              
     e( 73 - 73) =     21.57667  eV     1   --> A              
     e( 74 - 74) =     22.47591  eV     1   --> A              
     e( 75 - 75) =     22.57651  eV     1   --> A              
     e( 76 - 76) =     22.88448  eV     1   --> A              
     e( 77 - 77) =     23.95808  eV     1   --> A              
     e( 78 - 78) =     24.08175  eV     1   --> A              
     e( 79 - 79) =     24.37408  eV     1   --> A              
     e( 80 - 80) =     24.54209  eV     1   --> A              

 **************************************************************************

 **************************************************************************

                    xk=(  -0.00017,   0.00000,   0.09368  )

     Band symmetry, C_1 (1)     point group:

     e(  1 -  1) =    -93.68825  eV     1   --> A              
     e(  2 -  2) =    -68.87015  eV     1   --> A              
     e(  3 -  3) =    -64.33135  eV     1   --> A              
     e(  4 -  4) =    -64.32262  eV     1   --> A              
     e(  5 -  5) =    -54.29106  eV     1   --> A              
     e(  6 -  6) =    -54.27336  eV     1   --> A              
     e(  7 -  7) =    -54.25012  eV     1   --> A              
     e(  8 -  8) =    -37.92571  eV     1   --> A              
     e(  9 -  9) =    -37.91772  eV     1   --> A              
     e( 10 - 10) =    -37.90156  eV     1   --> A              
     e( 11 - 11) =    -28.77796  eV     1   --> A              
     e( 12 - 12) =    -28.72703  eV     1   --> A              
     e( 13 - 13) =    -28.68667  eV     1   --> A              
     e( 14 - 14) =    -28.62475  eV     1   --> A              
     e( 15 - 15) =    -28.60951  eV     1   --> A              
     e( 16 - 16) =    -28.55373  eV     1   --> A              
     e( 17 - 17) =     -8.57535  eV     1   --> A              
     e( 18 - 18) =     -7.36796  eV     1   --> A              
     e( 19 - 19) =     -7.15786  eV     1   --> A              
     e( 20 - 20) =     -7.06204  eV     1   --> A              
     e( 21 - 21) =     -6.93429  eV     1   --> A              
     e( 22 - 22) =     -6.77849  eV     1   --> A              
     e( 23 - 23) =     -6.53330  eV     1   --> A              
     e( 24 - 24) =     -6.29165  eV     1   --> A              
     e( 25 - 25) =      2.25336  eV     1   --> A              
     e( 26 - 26) =      2.33395  eV     1   --> A              
     e( 27 - 27) =      3.13718  eV     1   --> A              
     e( 28 - 28) =      3.40035  eV     1   --> A              
     e( 29 - 29) =      3.46445  eV     1   --> A              
     e( 30 - 30) =      3.62136  eV     1   --> A              
     e( 31 - 31) =      4.21758  eV     1   --> A              
     e( 32 - 32) =      4.49598  eV     1   --> A              
     e( 33 - 33) =      4.58508  eV     1   --> A              
     e( 34 - 34) =      4.78824  eV     1   --> A              
     e( 35 - 35) =      5.08224  eV     1   --> A              
     e( 36 - 36) =      5.39013  eV     1   --> A              
     e( 37 - 37) =      5.64485  eV     1   --> A              
     e( 38 - 38) =      6.22267  eV     1   --> A              
     e( 39 - 39) =      6.34477  eV     1   --> A              
     e( 40 - 40) =      6.59836  eV     1   --> A              
     e( 41 - 41) =      6.63974  eV     1   --> A              
     e( 42 - 42) =      6.73631  eV     1   --> A              
     e( 43 - 43) =      6.85795  eV     1   --> A              
     e( 44 - 44) =      7.32292  eV     1   --> A              
     e( 45 - 45) =      7.49448  eV     1   --> A              
     e( 46 - 46) =      7.58986  eV     1   --> A              
     e( 47 - 47) =      7.76906  eV     1   --> A              
     e( 48 - 48) =      8.10870  eV     1   --> A              
     e( 49 - 49) =      8.18697  eV     1   --> A              
     e( 50 - 50) =      8.52215  eV     1   --> A              
     e( 51 - 51) =      8.59180  eV     1   --> A              
     e( 52 - 52) =      8.77973  eV     1   --> A              
     e( 53 - 53) =      8.89689  eV     1   --> A              
     e( 54 - 54) =      9.06765  eV     1   --> A              
     e( 55 - 55) =      9.32523  eV     1   --> A              
     e( 56 - 56) =      9.51039  eV     1   --> A              
     e( 57 - 57) =      9.92412  eV     1   --> A              
     e( 58 - 58) =     10.49458  eV     1   --> A              
     e( 59 - 59) =     13.27689  eV     1   --> A              
     e( 60 - 60) =     13.55086  eV     1   --> A              
     e( 61 - 61) =     13.80525  eV     1   --> A              
     e( 62 - 62) =     13.85180  eV     1   --> A              
     e( 63 - 63) =     14.54018  eV     1   --> A              
     e( 64 - 64) =     14.79996  eV     1   --> A              
     e( 65 - 65) =     16.18924  eV     1   --> A              
     e( 66 - 66) =     17.39223  eV     1   --> A              
     e( 67 - 67) =     18.14877  eV     1   --> A              
     e( 68 - 68) =     18.78548  eV     1   --> A              
     e( 69 - 69) =     18.99695  eV     1   --> A              
     e( 70 - 70) =     20.79177  eV     1   --> A              
     e( 71 - 71) =     20.89269  eV     1   --> A              
     e( 72 - 72) =     21.22527  eV     1   --> A              
     e( 73 - 73) =     21.57682  eV     1   --> A              
     e( 74 - 74) =     22.47867  eV     1   --> A              
     e( 75 - 75) =     22.60078  eV     1   --> A              
     e( 76 - 76) =     22.92050  eV     1   --> A              
     e( 77 - 77) =     23.89688  eV     1   --> A              
     e( 78 - 78) =     24.03312  eV     1   --> A              
     e( 79 - 79) =     24.43349  eV     1   --> A              
     e( 80 - 80) =     24.57093  eV     1   --> A              

 **************************************************************************

 **************************************************************************

                    xk=(  -0.00021,   0.00000,   0.11710  )

     Band symmetry, C_1 (1)     point group:

     e(  1 -  1) =    -93.68825  eV     1   --> A              
     e(  2 -  2) =    -68.87015  eV     1   --> A              
     e(  3 -  3) =    -64.33123  eV     1   --> A              
     e(  4 -  4) =    -64.32274  eV     1   --> A              
     e(  5 -  5) =    -54.29106  eV     1   --> A              
     e(  6 -  6) =    -54.27335  eV     1   --> A              
     e(  7 -  7) =    -54.25012  eV     1   --> A              
     e(  8 -  8) =    -37.92571  eV     1   --> A              
     e(  9 -  9) =    -37.91772  eV     1   --> A              
     e( 10 - 10) =    -37.90156  eV     1   --> A              
     e( 11 - 11) =    -28.77801  eV     1   --> A              
     e( 12 - 12) =    -28.72802  eV     1   --> A              
     e( 13 - 13) =    -28.68585  eV     1   --> A              
     e( 14 - 14) =    -28.62655  eV     1   --> A              
     e( 15 - 15) =    -28.60810  eV     1   --> A              
     e( 16 - 16) =    -28.55324  eV     1   --> A              
     e( 17 - 17) =     -8.55506  eV     1   --> A              
     e( 18 - 18) =     -7.36985  eV     1   --> A              
     e( 19 - 19) =     -7.17893  eV     1   --> A              
     e( 20 - 20) =     -7.07987  eV     1   --> A              
     e( 21 - 21) =     -6.91395  eV     1   --> A              
     e( 22 - 22) =     -6.76917  eV     1   --> A              
     e( 23 - 23) =     -6.54037  eV     1   --> A              
     e( 24 - 24) =     -6.29770  eV     1   --> A              
     e( 25 - 25) =      2.25230  eV     1   --> A              
     e( 26 - 26) =      2.33347  eV     1   --> A              
     e( 27 - 27) =      3.15408  eV     1   --> A              
     e( 28 - 28) =      3.42258  eV     1   --> A              
     e( 29 - 29) =      3.45128  eV     1   --> A              
     e( 30 - 30) =      3.62265  eV     1   --> A              
     e( 31 - 31) =      4.20420  eV     1   --> A              
     e( 32 - 32) =      4.52933  eV     1   --> A              
     e( 33 - 33) =      4.58630  eV     1   --> A              
     e( 34 - 34) =      4.73691  eV     1   --> A              
     e( 35 - 35) =      5.09822  eV     1   --> A              
     e( 36 - 36) =      5.36268  eV     1   --> A              
     e( 37 - 37) =      5.65448  eV     1   --> A              
     e( 38 - 38) =      6.21099  eV     1   --> A              
     e( 39 - 39) =      6.31016  eV     1   --> A              
     e( 40 - 40) =      6.61842  eV     1   --> A              
     e( 41 - 41) =      6.69674  eV     1   --> A              
     e( 42 - 42) =      6.76510  eV     1   --> A              
     e( 43 - 43) =      6.84282  eV     1   --> A              
     e( 44 - 44) =      7.27344  eV     1   --> A              
     e( 45 - 45) =      7.52309  eV     1   --> A              
     e( 46 - 46) =      7.58749  eV     1   --> A              
     e( 47 - 47) =      7.76107  eV     1   --> A              
     e( 48 - 48) =      8.09167  eV     1   --> A              
     e( 49 - 49) =      8.24402  eV     1   --> A              
     e( 50 - 50) =      8.47746  eV     1   --> A              
     e( 51 - 51) =      8.56148  eV     1   --> A              
     e( 52 - 52) =      8.76109  eV     1   --> A              
     e( 53 - 53) =      8.91419  eV     1   --> A              
     e( 54 - 54) =      9.07927  eV     1   --> A              
     e( 55 - 55) =      9.29303  eV     1   --> A              
     e( 56 - 56) =      9.50628  eV     1   --> A              
     e( 57 - 57) =      9.98447  eV     1   --> A              
     e( 58 - 58) =     10.50335  eV     1   --> A              
     e( 59 - 59) =     13.29839  eV     1   --> A              
     e( 60 - 60) =     13.52347  eV     1   --> A              
     e( 61 - 61) =     13.79542  eV     1   --> A              
     e( 62 - 62) =     13.84964  eV     1   --> A              
     e( 63 - 63) =     14.53257  eV     1   --> A              
     e( 64 - 64) =     14.76227  eV     1   --> A              
     e( 65 - 65) =     16.26560  eV     1   --> A              
     e( 66 - 66) =     17.38724  eV     1   --> A              
     e( 67 - 67) =     18.07978  eV     1   --> A              
     e( 68 - 68) =     18.79636  eV     1   --> A              
     e( 69 - 69) =     19.07362  eV     1   --> A              
     e( 70 - 70) =     20.74612  eV     1   --> A              
     e( 71 - 71) =     20.91042  eV     1   --> A              
     e( 72 - 72) =     21.17877  eV     1   --> A              
     e( 73 - 73) =     21.58016  eV     1   --> A              
     e( 74 - 74) =     22.47900  eV     1   --> A              
     e( 75 - 75) =     22.62047  eV     1   --> A              
     e( 76 - 76) =     22.97776  eV     1   --> A              
     e( 77 - 77) =     23.83396  eV     1   --> A              
     e( 78 - 78) =     23.97381  eV     1   --> A              
     e( 79 - 79) =     24.48199  eV     1   --> A              
     e( 80 - 80) =     24.61532  eV     1   --> A              

 **************************************************************************

 **************************************************************************

                    xk=(  -0.00026,   0.00000,   0.14052  )

     Band symmetry, C_1 (1)     point group:

     e(  1 -  1) =    -93.68825  eV     1   --> A              
     e(  2 -  2) =    -68.87015  eV     1   --> A              
     e(  3 -  3) =    -64.33108  eV     1   --> A              
     e(  4 -  4) =    -64.32288  eV     1   --> A              
     e(  5 -  5) =    -54.29106  eV     1   --> A              
     e(  6 -  6) =    -54.27335  eV     1   --> A              
     e(  7 -  7) =    -54.25012  eV     1   --> A              
     e(  8 -  8) =    -37.92571  eV     1   --> A              
     e(  9 -  9) =    -37.91772  eV     1   --> A              
     e( 10 - 10) =    -37.90156  eV     1   --> A              
     e( 11 - 11) =    -28.77806  eV     1   --> A              
     e( 12 - 12) =    -28.72918  eV     1   --> A              
     e( 13 - 13) =    -28.68490  eV     1   --> A              
     e( 14 - 14) =    -28.62842  eV     1   --> A              
     e( 15 - 15) =    -28.60669  eV     1   --> A              
     e( 16 - 16) =    -28.55268  eV     1   --> A              
     e( 17 - 17) =     -8.53044  eV     1   --> A              
     e( 18 - 18) =     -7.37234  eV     1   --> A              
     e( 19 - 19) =     -7.20052  eV     1   --> A              
     e( 20 - 20) =     -7.10033  eV     1   --> A              
     e( 21 - 21) =     -6.89301  eV     1   --> A              
     e( 22 - 22) =     -6.76137  eV     1   --> A              
     e( 23 - 23) =     -6.54673  eV     1   --> A              
     e( 24 - 24) =     -6.30474  eV     1   --> A              
     e( 25 - 25) =      2.25116  eV     1   --> A              
     e( 26 - 26) =      2.33252  eV     1   --> A              
     e( 27 - 27) =      3.17369  eV     1   --> A              
     e( 28 - 28) =      3.41378  eV     1   --> A              
     e( 29 - 29) =      3.47230  eV     1   --> A              
     e( 30 - 30) =      3.62322  eV     1   --> A              
     e( 31 - 31) =      4.19687  eV     1   --> A              
     e( 32 - 32) =      4.54202  eV     1   --> A              
     e( 33 - 33) =      4.59274  eV     1   --> A              
     e( 34 - 34) =      4.70159  eV     1   --> A              
     e( 35 - 35) =      5.11453  eV     1   --> A              
     e( 36 - 36) =      5.30854  eV     1   --> A              
     e( 37 - 37) =      5.70014  eV     1   --> A              
     e( 38 - 38) =      6.18262  eV     1   --> A              
     e( 39 - 39) =      6.28023  eV     1   --> A              
     e( 40 - 40) =      6.61507  eV     1   --> A              
     e( 41 - 41) =      6.72389  eV     1   --> A              
     e( 42 - 42) =      6.79938  eV     1   --> A              
     e( 43 - 43) =      6.87203  eV     1   --> A              
     e( 44 - 44) =      7.22578  eV     1   --> A              
     e( 45 - 45) =      7.52867  eV     1   --> A              
     e( 46 - 46) =      7.60851  eV     1   --> A              
     e( 47 - 47) =      7.75783  eV     1   --> A              
     e( 48 - 48) =      8.07162  eV     1   --> A              
     e( 49 - 49) =      8.28998  eV     1   --> A              
     e( 50 - 50) =      8.43064  eV     1   --> A              
     e( 51 - 51) =      8.53704  eV     1   --> A              
     e( 52 - 52) =      8.74000  eV     1   --> A              
     e( 53 - 53) =      8.92951  eV     1   --> A              
     e( 54 - 54) =      9.08810  eV     1   --> A              
     e( 55 - 55) =      9.26838  eV     1   --> A              
     e( 56 - 56) =      9.50171  eV     1   --> A              
     e( 57 - 57) =     10.04418  eV     1   --> A              
     e( 58 - 58) =     10.51371  eV     1   --> A              
     e( 59 - 59) =     13.32381  eV     1   --> A              
     e( 60 - 60) =     13.49676  eV     1   --> A              
     e( 61 - 61) =     13.78257  eV     1   --> A              
     e( 62 - 62) =     13.84560  eV     1   --> A              
     e( 63 - 63) =     14.52226  eV     1   --> A              
     e( 64 - 64) =     14.71772  eV     1   --> A              
     e( 65 - 65) =     16.35497  eV     1   --> A              
     e( 66 - 66) =     17.38163  eV     1   --> A              
     e( 67 - 67) =     18.01335  eV     1   --> A              
     e( 68 - 68) =     18.80913  eV     1   --> A              
     e( 69 - 69) =     19.14828  eV     1   --> A              
     e( 70 - 70) =     20.67984  eV     1   --> A              
     e( 71 - 71) =     20.92793  eV     1   --> A              
     e( 72 - 72) =     21.14043  eV     1   --> A              
     e( 73 - 73) =     21.59194  eV     1   --> A              
     e( 74 - 74) =     22.47868  eV     1   --> A              
     e( 75 - 75) =     22.63253  eV     1   --> A              
     e( 76 - 76) =     23.05611  eV     1   --> A              
     e( 77 - 77) =     23.76939  eV     1   --> A              
     e( 78 - 78) =     23.90603  eV     1   --> A              
     e( 79 - 79) =     24.51876  eV     1   --> A              
     e( 80 - 80) =     24.67168  eV     1   --> A              

 **************************************************************************

 **************************************************************************

                    xk=(  -0.00030,   0.00000,   0.16394  )

     Band symmetry, C_1 (1)     point group:

     e(  1 -  1) =    -93.68826  eV     1   --> A              
     e(  2 -  2) =    -68.87016  eV     1   --> A              
     e(  3 -  3) =    -64.33090  eV     1   --> A              
     e(  4 -  4) =    -64.32305  eV     1   --> A              
     e(  5 -  5) =    -54.29106  eV     1   --> A              
     e(  6 -  6) =    -54.27335  eV     1   --> A              
     e(  7 -  7) =    -54.25012  eV     1   --> A              
     e(  8 -  8) =    -37.92571  eV     1   --> A              
     e(  9 -  9) =    -37.91772  eV     1   --> A              
     e( 10 - 10) =    -37.90156  eV     1   --> A              
     e( 11 - 11) =    -28.77810  eV     1   --> A              
     e( 12 - 12) =    -28.73047  eV     1   --> A              
     e( 13 - 13) =    -28.68382  eV     1   --> A              
     e( 14 - 14) =    -28.63036  eV     1   --> A              
     e( 15 - 15) =    -28.60531  eV     1   --> A              
     e( 16 - 16) =    -28.55206  eV     1   --> A              
     e( 17 - 17) =     -8.50162  eV     1   --> A              
     e( 18 - 18) =     -7.37550  eV     1   --> A              
     e( 19 - 19) =     -7.22299  eV     1   --> A              
     e( 20 - 20) =     -7.12225  eV     1   --> A              
     e( 21 - 21) =     -6.87230  eV     1   --> A              
     e( 22 - 22) =     -6.75600  eV     1   --> A              
     e( 23 - 23) =     -6.55130  eV     1   --> A              
     e( 24 - 24) =     -6.31258  eV     1   --> A              
     e( 25 - 25) =      2.25001  eV     1   --> A              
     e( 26 - 26) =      2.33099  eV     1   --> A              
     e( 27 - 27) =      3.19490  eV     1   --> A              
     e( 28 - 28) =      3.39247  eV     1   --> A              
     e( 29 - 29) =      3.50940  eV     1   --> A              
     e( 30 - 30) =      3.62305  eV     1   --> A              
     e( 31 - 31) =      4.19537  eV     1   --> A              
     e( 32 - 32) =      4.53750  eV     1   --> A              
     e( 33 - 33) =      4.57749  eV     1   --> A              
     e( 34 - 34) =      4.70701  eV     1   --> A              
     e( 35 - 35) =      5.12679  eV     1   --> A              
     e( 36 - 36) =      5.25445  eV     1   --> A              
     e( 37 - 37) =      5.75625  eV     1   --> A              
     e( 38 - 38) =      6.14233  eV     1   --> A              
     e( 39 - 39) =      6.25720  eV     1   --> A              
     e( 40 - 40) =      6.59775  eV     1   --> A              
     e( 41 - 41) =      6.73829  eV     1   --> A              
     e( 42 - 42) =      6.79236  eV     1   --> A              
     e( 43 - 43) =      6.95589  eV     1   --> A              
     e( 44 - 44) =      7.18608  eV     1   --> A              
     e( 45 - 45) =      7.52007  eV     1   --> A              
     e( 46 - 46) =      7.63872  eV     1   --> A              
     e( 47 - 47) =      7.76042  eV     1   --> A              
     e( 48 - 48) =      8.05069  eV     1   --> A              
     e( 49 - 49) =      8.31702  eV     1   --> A              
     e( 50 - 50) =      8.38634  eV     1   --> A              
     e( 51 - 51) =      8.52379  eV     1   --> A              
     e( 52 - 52) =      8.71762  eV     1   --> A              
     e( 53 - 53) =      8.94218  eV     1   --> A              
     e( 54 - 54) =      9.09350  eV     1   --> A              
     e( 55 - 55) =      9.25243  eV     1   --> A              
     e( 56 - 56) =      9.49670  eV     1   --> A              
     e( 57 - 57) =     10.10207  eV     1   --> A              
     e( 58 - 58) =     10.52528  eV     1   --> A              
     e( 59 - 59) =     13.35258  eV     1   --> A              
     e( 60 - 60) =     13.47247  eV     1   --> A              
     e( 61 - 61) =     13.76743  eV     1   --> A              
     e( 62 - 62) =     13.83934  eV     1   --> A              
     e( 63 - 63) =     14.50883  eV     1   --> A              
     e( 64 - 64) =     14.66727  eV     1   --> A              
     e( 65 - 65) =     16.45534  eV     1   --> A              
     e( 66 - 66) =     17.37563  eV     1   --> A              
     e( 67 - 67) =     17.95123  eV     1   --> A              
     e( 68 - 68) =     18.82351  eV     1   --> A              
     e( 69 - 69) =     19.21886  eV     1   --> A              
     e( 70 - 70) =     20.59360  eV     1   --> A              
     e( 71 - 71) =     20.94321  eV     1   --> A              
     e( 72 - 72) =     21.10959  eV     1   --> A              
     e( 73 - 73) =     21.61789  eV     1   --> A              
     e( 74 - 74) =     22.47894  eV     1   --> A              
     e( 75 - 75) =     22.63847  eV     1   --> A              
     e( 76 - 76) =     23.15125  eV     1   --> A              
     e( 77 - 77) =     23.70355  eV     1   --> A              
     e( 78 - 78) =     23.83217  eV     1   --> A              
     e( 79 - 79) =     24.54640  eV     1   --> A              
     e( 80 - 80) =     24.73217  eV     1   --> A              

 **************************************************************************

 **************************************************************************

                    xk=(  -0.00034,   0.00000,   0.18736  )

     Band symmetry, C_1 (1)     point group:

     e(  1 -  1) =    -93.68826  eV     1   --> A              
     e(  2 -  2) =    -68.87016  eV     1   --> A              
     e(  3 -  3) =    -64.33071  eV     1   --> A              
     e(  4 -  4) =    -64.32324  eV     1   --> A              
     e(  5 -  5) =    -54.29105  eV     1   --> A              
     e(  6 -  6) =    -54.27335  eV     1   --> A              
     e(  7 -  7) =    -54.25012  eV     1   --> A              
     e(  8 -  8) =    -37.92571  eV     1   --> A              
     e(  9 -  9) =    -37.91772  eV     1   --> A              
     e( 10 - 10) =    -37.90156  eV     1   --> A              
     e( 11 - 11) =    -28.77811  eV     1   --> A              
     e( 12 - 12) =    -28.73186  eV     1   --> A              
     e( 13 - 13) =    -28.68262  eV     1   --> A              
     e( 14 - 14) =    -28.63234  eV     1   --> A              
     e( 15 - 15) =    -28.60396  eV     1   --> A              
     e( 16 - 16) =    -28.55140  eV     1   --> A              
     e( 17 - 17) =     -8.46872  eV     1   --> A              
     e( 18 - 18) =     -7.37937  eV     1   --> A              
     e( 19 - 19) =     -7.24715  eV     1   --> A              
     e( 20 - 20) =     -7.14453  eV     1   --> A              
     e( 21 - 21) =     -6.85242  eV     1   --> A              
     e( 22 - 22) =     -6.75348  eV     1   --> A              
     e( 23 - 23) =     -6.55328  eV     1   --> A              
     e( 24 - 24) =     -6.32097  eV     1   --> A              
     e( 25 - 25) =      2.24892  eV     1   --> A              
     e( 26 - 26) =      2.32881  eV     1   --> A              
     e( 27 - 27) =      3.21556  eV     1   --> A              
     e( 28 - 28) =      3.37260  eV     1   --> A              
     e( 29 - 29) =      3.54798  eV     1   --> A              
     e( 30 - 30) =      3.62392  eV     1   --> A              
     e( 31 - 31) =      4.19926  eV     1   --> A              
     e( 32 - 32) =      4.52217  eV     1   --> A              
     e( 33 - 33) =      4.54584  eV     1   --> A              
     e( 34 - 34) =      4.74270  eV     1   --> A              
     e( 35 - 35) =      5.12150  eV     1   --> A              
     e( 36 - 36) =      5.22296  eV     1   --> A              
     e( 37 - 37) =      5.80951  eV     1   --> A              
     e( 38 - 38) =      6.09469  eV     1   --> A              
     e( 39 - 39) =      6.24044  eV     1   --> A              
     e( 40 - 40) =      6.57451  eV     1   --> A              
     e( 41 - 41) =      6.74457  eV     1   --> A              
     e( 42 - 42) =      6.78494  eV     1   --> A              
     e( 43 - 43) =      7.02567  eV     1   --> A              
     e( 44 - 44) =      7.16751  eV     1   --> A              
     e( 45 - 45) =      7.50854  eV     1   --> A              
     e( 46 - 46) =      7.66150  eV     1   --> A              
     e( 47 - 47) =      7.77088  eV     1   --> A              
     e( 48 - 48) =      8.03281  eV     1   --> A              
     e( 49 - 49) =      8.31840  eV     1   --> A              
     e( 50 - 50) =      8.34789  eV     1   --> A              
     e( 51 - 51) =      8.52737  eV     1   --> A              
     e( 52 - 52) =      8.69461  eV     1   --> A              
     e( 53 - 53) =      8.95175  eV     1   --> A              
     e( 54 - 54) =      9.09558  eV     1   --> A              
     e( 55 - 55) =      9.24554  eV     1   --> A              
     e( 56 - 56) =      9.49116  eV     1   --> A              
     e( 57 - 57) =     10.15746  eV     1   --> A              
     e( 58 - 58) =     10.53756  eV     1   --> A              
     e( 59 - 59) =     13.38365  eV     1   --> A              
     e( 60 - 60) =     13.45240  eV     1   --> A              
     e( 61 - 61) =     13.75069  eV     1   --> A              
     e( 62 - 62) =     13.83090  eV     1   --> A              
     e( 63 - 63) =     14.49174  eV     1   --> A              
     e( 64 - 64) =     14.61213  eV     1   --> A              
     e( 65 - 65) =     16.56455  eV     1   --> A              
     e( 66 - 66) =     17.36958  eV     1   --> A              
     e( 67 - 67) =     17.89466  eV     1   --> A              
     e( 68 - 68) =     18.83914  eV     1   --> A              
     e( 69 - 69) =     19.28400  eV     1   --> A              
     e( 70 - 70) =     20.49117  eV     1   --> A              
     e( 71 - 71) =     20.95438  eV     1   --> A              
     e( 72 - 72) =     21.08311  eV     1   --> A              
     e( 73 - 73) =     21.66241  eV     1   --> A              
     e( 74 - 74) =     22.48067  eV     1   --> A              
     e( 75 - 75) =     22.64097  eV     1   --> A              
     e( 76 - 76) =     23.25656  eV     1   --> A              
     e( 77 - 77) =     23.63816  eV     1   --> A              
     e( 78 - 78) =     23.75501  eV     1   --> A              
     e( 79 - 79) =     24.56498  eV     1   --> A              
     e( 80 - 80) =     24.79100  eV     1   --> A              

 **************************************************************************

 **************************************************************************

                    xk=(  -0.00038,   0.00000,   0.21078  )

     Band symmetry, C_1 (1)     point group:

     e(  1 -  1) =    -93.68827  eV     1   --> A              
     e(  2 -  2) =    -68.87017  eV     1   --> A              
     e(  3 -  3) =    -64.33048  eV     1   --> A              
     e(  4 -  4) =    -64.32345  eV     1   --> A              
     e(  5 -  5) =    -54.29105  eV     1   --> A              
     e(  6 -  6) =    -54.27335  eV     1   --> A              
     e(  7 -  7) =    -54.25012  eV     1   --> A              
     e(  8 -  8) =    -37.92571  eV     1   --> A              
     e(  9 -  9) =    -37.91772  eV     1   --> A              
     e( 10 - 10) =    -37.90156  eV     1   --> A              
     e( 11 - 11) =    -28.77811  eV     1   --> A              
     e( 12 - 12) =    -28.73332  eV     1   --> A              
     e( 13 - 13) =    -28.68133  eV     1   --> A              
     e( 14 - 14) =    -28.63435  eV     1   --> A              
     e( 15 - 15) =    -28.60266  eV     1   --> A              
     e( 16 - 16) =    -28.55071  eV     1   --> A              
     e( 17 - 17) =     -8.43192  eV     1   --> A              
     e( 18 - 18) =     -7.38397  eV     1   --> A              
     e( 19 - 19) =     -7.27412  eV     1   --> A              
     e( 20 - 20) =     -7.16599  eV     1   --> A              
     e( 21 - 21) =     -6.83388  eV     1   --> A              
     e( 22 - 22) =     -6.75357  eV     1   --> A              
     e( 23 - 23) =     -6.55242  eV     1   --> A              
     e( 24 - 24) =     -6.32966  eV     1   --> A              
     e( 25 - 25) =      2.24793  eV     1   --> A              
     e( 26 - 26) =      2.32599  eV     1   --> A              
     e( 27 - 27) =      3.23132  eV     1   --> A              
     e( 28 - 28) =      3.35999  eV     1   --> A              
     e( 29 - 29) =      3.57523  eV     1   --> A              
     e( 30 - 30) =      3.63574  eV     1   --> A              
     e( 31 - 31) =      4.20799  eV     1   --> A              
     e( 32 - 32) =      4.49099  eV     1   --> A              
     e( 33 - 33) =      4.52573  eV     1   --> A              
     e( 34 - 34) =      4.78673  eV     1   --> A              
     e( 35 - 35) =      5.09030  eV     1   --> A              
     e( 36 - 36) =      5.22574  eV     1   --> A              
     e( 37 - 37) =      5.85122  eV     1   --> A              
     e( 38 - 38) =      6.04334  eV     1   --> A              
     e( 39 - 39) =      6.22892  eV     1   --> A              
     e( 40 - 40) =      6.55374  eV     1   --> A              
     e( 41 - 41) =      6.74025  eV     1   --> A              
     e( 42 - 42) =      6.78215  eV     1   --> A              
     e( 43 - 43) =      7.04664  eV     1   --> A              
     e( 44 - 44) =      7.19169  eV     1   --> A              
     e( 45 - 45) =      7.49738  eV     1   --> A              
     e( 46 - 46) =      7.67376  eV     1   --> A              
     e( 47 - 47) =      7.78767  eV     1   --> A              
     e( 48 - 48) =      8.02344  eV     1   --> A              
     e( 49 - 49) =      8.29855  eV     1   --> A              
     e( 50 - 50) =      8.31600  eV     1   --> A              
     e( 51 - 51) =      8.54447  eV     1   --> A              
     e( 52 - 52) =      8.67143  eV     1   --> A              
     e( 53 - 53) =      8.95779  eV     1   --> A              
     e( 54 - 54) =      9.09544  eV     1   --> A              
     e( 55 - 55) =      9.24713  eV     1   --> A              
     e( 56 - 56) =      9.48486  eV     1   --> A              
     e( 57 - 57) =     10.20992  eV     1   --> A              
     e( 58 - 58) =     10.55002  eV     1   --> A              
     e( 59 - 59) =     13.41194  eV     1   --> A              
     e( 60 - 60) =     13.44197  eV     1   --> A              
     e( 61 - 61) =     13.73300  eV     1   --> A              
     e( 62 - 62) =     13.82059  eV     1   --> A              
     e( 63 - 63) =     14.46994  eV     1   --> A              
     e( 64 - 64) =     14.55421  eV     1   --> A              
     e( 65 - 65) =     16.68020  eV     1   --> A              
     e( 66 - 66) =     17.36388  eV     1   --> A              
     e( 67 - 67) =     17.84469  eV     1   --> A              
     e( 68 - 68) =     18.85556  eV     1   --> A              
     e( 69 - 69) =     19.34275  eV     1   --> A              
     e( 70 - 70) =     20.37711  eV     1   --> A              
     e( 71 - 71) =     20.95910  eV     1   --> A              
     e( 72 - 72) =     21.05983  eV     1   --> A              
     e( 73 - 73) =     21.72710  eV     1   --> A              
     e( 74 - 74) =     22.48456  eV     1   --> A              
     e( 75 - 75) =     22.64222  eV     1   --> A              
     e( 76 - 76) =     23.35802  eV     1   --> A              
     e( 77 - 77) =     23.58052  eV     1   --> A              
     e( 78 - 78) =     23.67997  eV     1   --> A              
     e( 79 - 79) =     24.57148  eV     1   --> A              
     e( 80 - 80) =     24.84533  eV     1   --> A              

 **************************************************************************

 **************************************************************************

                    xk=(  -0.00043,   0.00000,   0.23420  )

     Band symmetry, C_1 (1)     point group:

     e(  1 -  1) =    -93.68827  eV     1   --> A              
     e(  2 -  2) =    -68.87017  eV     1   --> A              
     e(  3 -  3) =    -64.33024  eV     1   --> A              
     e(  4 -  4) =    -64.32368  eV     1   --> A              
     e(  5 -  5) =    -54.29105  eV     1   --> A              
     e(  6 -  6) =    -54.27335  eV     1   --> A              
     e(  7 -  7) =    -54.25012  eV     1   --> A              
     e(  8 -  8) =    -37.92571  eV     1   --> A              
     e(  9 -  9) =    -37.91772  eV     1   --> A              
     e( 10 - 10) =    -37.90156  eV     1   --> A              
     e( 11 - 11) =    -28.77807  eV     1   --> A              
     e( 12 - 12) =    -28.73483  eV     1   --> A              
     e( 13 - 13) =    -28.67996  eV     1   --> A              
     e( 14 - 14) =    -28.63638  eV     1   --> A              
     e( 15 - 15) =    -28.60143  eV     1   --> A              
     e( 16 - 16) =    -28.55003  eV     1   --> A              
     e( 17 - 17) =     -8.39138  eV     1   --> A              
     e( 18 - 18) =     -7.38935  eV     1   --> A              
     e( 19 - 19) =     -7.30497  eV     1   --> A              
     e( 20 - 20) =     -7.18552  eV     1   --> A              
     e( 21 - 21) =     -6.81718  eV     1   --> A              
     e( 22 - 22) =     -6.75537  eV     1   --> A              
     e( 23 - 23) =     -6.54903  eV     1   --> A              
     e( 24 - 24) =     -6.33837  eV     1   --> A              
     e( 25 - 25) =      2.24709  eV     1   --> A              
     e( 26 - 26) =      2.32256  eV     1   --> A              
     e( 27 - 27) =      3.23616  eV     1   --> A              
     e( 28 - 28) =      3.36117  eV     1   --> A              
     e( 29 - 29) =      3.57765  eV     1   --> A              
     e( 30 - 30) =      3.66990  eV     1   --> A              
     e( 31 - 31) =      4.22085  eV     1   --> A              
     e( 32 - 32) =      4.45729  eV     1   --> A              
     e( 33 - 33) =      4.51218  eV     1   --> A              
     e( 34 - 34) =      4.83100  eV     1   --> A              
     e( 35 - 35) =      5.05247  eV     1   --> A              
     e( 36 - 36) =      5.24559  eV     1   --> A              
     e( 37 - 37) =      5.87359  eV     1   --> A              
     e( 38 - 38) =      5.99200  eV     1   --> A              
     e( 39 - 39) =      6.22186  eV     1   --> A              
     e( 40 - 40) =      6.54217  eV     1   --> A              
     e( 41 - 41) =      6.73018  eV     1   --> A              
     e( 42 - 42) =      6.77659  eV     1   --> A              
     e( 43 - 43) =      7.03734  eV     1   --> A              
     e( 44 - 44) =      7.23286  eV     1   --> A              
     e( 45 - 45) =      7.48833  eV     1   --> A              
     e( 46 - 46) =      7.67920  eV     1   --> A              
     e( 47 - 47) =      7.80833  eV     1   --> A              
     e( 48 - 48) =      8.02629  eV     1   --> A              
     e( 49 - 49) =      8.26826  eV     1   --> A              
     e( 50 - 50) =      8.28980  eV     1   --> A              
     e( 51 - 51) =      8.56635  eV     1   --> A              
     e( 52 - 52) =      8.64860  eV     1   --> A              
     e( 53 - 53) =      8.96022  eV     1   --> A              
     e( 54 - 54) =      9.09480  eV     1   --> A              
     e( 55 - 55) =      9.25566  eV     1   --> A              
     e( 56 - 56) =      9.47752  eV     1   --> A              
     e( 57 - 57) =     10.25913  eV     1   --> A              
     e( 58 - 58) =     10.56211  eV     1   --> A              
     e( 59 - 59) =     13.41566  eV     1   --> A              
     e( 60 - 60) =     13.46293  eV     1   --> A              
     e( 61 - 61) =     13.71504  eV     1   --> A              
     e( 62 - 62) =     13.80883  eV     1   --> A              
     e( 63 - 63) =     14.44029  eV     1   --> A              
     e( 64 - 64) =     14.49774  eV     1   --> A              
     e( 65 - 65) =     16.79942  eV     1   --> A              
     e( 66 - 66) =     17.35916  eV     1   --> A              
     e( 67 - 67) =     17.80252  eV     1   --> A              
     e( 68 - 68) =     18.87209  eV     1   --> A              
     e( 69 - 69) =     19.39433  eV     1   --> A              
     e( 70 - 70) =     20.25552  eV     1   --> A              
     e( 71 - 71) =     20.95398  eV     1   --> A              
     e( 72 - 72) =     21.04255  eV     1   --> A              
     e( 73 - 73) =     21.81068  eV     1   --> A              
     e( 74 - 74) =     22.49133  eV     1   --> A              
     e( 75 - 75) =     22.64378  eV     1   --> A              
     e( 76 - 76) =     23.40334  eV     1   --> A              
     e( 77 - 77) =     23.54808  eV     1   --> A              
     e( 78 - 78) =     23.64132  eV     1   --> A              
     e( 79 - 79) =     24.56162  eV     1   --> A              
     e( 80 - 80) =     24.89428  eV     1   --> A              

 **************************************************************************

 **************************************************************************

                    xk=(  -0.00047,   0.00000,   0.25762  )

     Band symmetry, C_1 (1)     point group:

     e(  1 -  1) =    -93.68827  eV     1   --> A              
     e(  2 -  2) =    -68.87018  eV     1   --> A              
     e(  3 -  3) =    -64.32998  eV     1   --> A              
     e(  4 -  4) =    -64.32393  eV     1   --> A              
     e(  5 -  5) =    -54.29105  eV     1   --> A              
     e(  6 -  6) =    -54.27335  eV     1   --> A              
     e(  7 -  7) =    -54.25012  eV     1   --> A              
     e(  8 -  8) =    -37.92571  eV     1   --> A              
     e(  9 -  9) =    -37.91772  eV     1   --> A              
     e( 10 - 10) =    -37.90156  eV     1   --> A              
     e( 11 - 11) =    -28.77800  eV     1   --> A              
     e( 12 - 12) =    -28.73634  eV     1   --> A              
     e( 13 - 13) =    -28.67852  eV     1   --> A              
     e( 14 - 14) =    -28.63842  eV     1   --> A              
     e( 15 - 15) =    -28.60026  eV     1   --> A              
     e( 16 - 16) =    -28.54936  eV     1   --> A              
     e( 17 - 17) =     -8.34732  eV     1   --> A              
     e( 18 - 18) =     -7.39585  eV     1   --> A              
     e( 19 - 19) =     -7.34001  eV     1   --> A              
     e( 20 - 20) =     -7.20243  eV     1   --> A              
     e( 21 - 21) =     -6.80296  eV     1   --> A              
     e( 22 - 22) =     -6.75751  eV     1   --> A              
     e( 23 - 23) =     -6.54382  eV     1   --> A              
     e( 24 - 24) =     -6.34680  eV     1   --> A              
     e( 25 - 25) =      2.24642  eV     1   --> A              
     e( 26 - 26) =      2.31863  eV     1   --> A              
     e( 27 - 27) =      3.22902  eV     1   --> A              
     e( 28 - 28) =      3.37717  eV     1   --> A              
     e( 29 - 29) =      3.56654  eV     1   --> A              
     e( 30 - 30) =      3.71336  eV     1   --> A              
     e( 31 - 31) =      4.23692  eV     1   --> A              
     e( 32 - 32) =      4.42913  eV     1   --> A              
     e( 33 - 33) =      4.50102  eV     1   --> A              
     e( 34 - 34) =      4.86970  eV     1   --> A              
     e( 35 - 35) =      5.02167  eV     1   --> A              
     e( 36 - 36) =      5.27223  eV     1   --> A              
     e( 37 - 37) =      5.86736  eV     1   --> A              
     e( 38 - 38) =      5.94863  eV     1   --> A              
     e( 39 - 39) =      6.21816  eV     1   --> A              
     e( 40 - 40) =      6.54218  eV     1   --> A              
     e( 41 - 41) =      6.71877  eV     1   --> A              
     e( 42 - 42) =      6.76239  eV     1   --> A              
     e( 43 - 43) =      7.02682  eV     1   --> A              
     e( 44 - 44) =      7.25889  eV     1   --> A              
     e( 45 - 45) =      7.48175  eV     1   --> A              
     e( 46 - 46) =      7.67927  eV     1   --> A              
     e( 47 - 47) =      7.83723  eV     1   --> A              
     e( 48 - 48) =      8.03935  eV     1   --> A              
     e( 49 - 49) =      8.23131  eV     1   --> A              
     e( 50 - 50) =      8.27243  eV     1   --> A              
     e( 51 - 51) =      8.58567  eV     1   --> A              
     e( 52 - 52) =      8.62821  eV     1   --> A              
     e( 53 - 53) =      8.95973  eV     1   --> A              
     e( 54 - 54) =      9.09512  eV     1   --> A              
     e( 55 - 55) =      9.26905  eV     1   --> A              
     e( 56 - 56) =      9.46891  eV     1   --> A              
     e( 57 - 57) =     10.30484  eV     1   --> A              
     e( 58 - 58) =     10.57339  eV     1   --> A              
     e( 59 - 59) =     13.41127  eV     1   --> A              
     e( 60 - 60) =     13.49834  eV     1   --> A              
     e( 61 - 61) =     13.69765  eV     1   --> A              
     e( 62 - 62) =     13.79614  eV     1   --> A              
     e( 63 - 63) =     14.39559  eV     1   --> A              
     e( 64 - 64) =     14.45118  eV     1   --> A              
     e( 65 - 65) =     16.91829  eV     1   --> A              
     e( 66 - 66) =     17.35648  eV     1   --> A              
     e( 67 - 67) =     17.76991  eV     1   --> A              
     e( 68 - 68) =     18.88770  eV     1   --> A              
     e( 69 - 69) =     19.43796  eV     1   --> A              
     e( 70 - 70) =     20.13015  eV     1   --> A              
     e( 71 - 71) =     20.93791  eV     1   --> A              
     e( 72 - 72) =     21.03378  eV     1   --> A              
     e( 73 - 73) =     21.90984  eV     1   --> A              
     e( 74 - 74) =     22.50188  eV     1   --> A              
     e( 75 - 75) =     22.64679  eV     1   --> A              
     e( 76 - 76) =     23.35978  eV     1   --> A              
     e( 77 - 77) =     23.49017  eV     1   --> A              
     e( 78 - 78) =     23.72239  eV     1   --> A              
     e( 79 - 79) =     24.53185  eV     1   --> A              
     e( 80 - 80) =     24.93805  eV     1   --> A              

 **************************************************************************

 **************************************************************************

                    xk=(  -0.00051,   0.00000,   0.28104  )

     Band symmetry, C_1 (1)     point group:

     e(  1 -  1) =    -93.68828  eV     1   --> A              
     e(  2 -  2) =    -68.87018  eV     1   --> A              
     e(  3 -  3) =    -64.32970  eV     1   --> A              
     e(  4 -  4) =    -64.32420  eV     1   --> A              
     e(  5 -  5) =    -54.29105  eV     1   --> A              
     e(  6 -  6) =    -54.27335  eV     1   --> A              
     e(  7 -  7) =    -54.25012  eV     1   --> A              
     e(  8 -  8) =    -37.92571  eV     1   --> A              
     e(  9 -  9) =    -37.91772  eV     1   --> A              
     e( 10 - 10) =    -37.90156  eV     1   --> A              
     e( 11 - 11) =    -28.77789  eV     1   --> A              
     e( 12 - 12) =    -28.73783  eV     1   --> A              
     e( 13 - 13) =    -28.67702  eV     1   --> A              
     e( 14 - 14) =    -28.64045  eV     1   --> A              
     e( 15 - 15) =    -28.59918  eV     1   --> A              
     e( 16 - 16) =    -28.54871  eV     1   --> A              
     e( 17 - 17) =     -8.29995  eV     1   --> A              
     e( 18 - 18) =     -7.40638  eV     1   --> A              
     e( 19 - 19) =     -7.37633  eV     1   --> A              
     e( 20 - 20) =     -7.21661  eV     1   --> A              
     e( 21 - 21) =     -6.79211  eV     1   --> A              
     e( 22 - 22) =     -6.75835  eV     1   --> A              
     e( 23 - 23) =     -6.53763  eV     1   --> A              
     e( 24 - 24) =     -6.35466  eV     1   --> A              
     e( 25 - 25) =      2.24594  eV     1   --> A              
     e( 26 - 26) =      2.31432  eV     1   --> A              
     e( 27 - 27) =      3.21552  eV     1   --> A              
     e( 28 - 28) =      3.40162  eV     1   --> A              
     e( 29 - 29) =      3.55023  eV     1   --> A              
     e( 30 - 30) =      3.75690  eV     1   --> A              
     e( 31 - 31) =      4.25501  eV     1   --> A              
     e( 32 - 32) =      4.40760  eV     1   --> A              
     e( 33 - 33) =      4.49366  eV     1   --> A              
     e( 34 - 34) =      4.89390  eV     1   --> A              
     e( 35 - 35) =      5.00712  eV     1   --> A              
     e( 36 - 36) =      5.30366  eV     1   --> A              
     e( 37 - 37) =      5.82792  eV     1   --> A              
     e( 38 - 38) =      5.92126  eV     1   --> A              
     e( 39 - 39) =      6.21635  eV     1   --> A              
     e( 40 - 40) =      6.54865  eV     1   --> A              
     e( 41 - 41) =      6.70498  eV     1   --> A              
     e( 42 - 42) =      6.74364  eV     1   --> A              
     e( 43 - 43) =      7.02218  eV     1   --> A              
     e( 44 - 44) =      7.26703  eV     1   --> A              
     e( 45 - 45) =      7.47563  eV     1   --> A              
     e( 46 - 46) =      7.67325  eV     1   --> A              
     e( 47 - 47) =      7.87911  eV     1   --> A              
     e( 48 - 48) =      8.05596  eV     1   --> A              
     e( 49 - 49) =      8.19232  eV     1   --> A              
     e( 50 - 50) =      8.26375  eV     1   --> A              
     e( 51 - 51) =      8.58709  eV     1   --> A              
     e( 52 - 52) =      8.62366  eV     1   --> A              
     e( 53 - 53) =      8.95790  eV     1   --> A              
     e( 54 - 54) =      9.09696  eV     1   --> A              
     e( 55 - 55) =      9.28495  eV     1   --> A              
     e( 56 - 56) =      9.45902  eV     1   --> A              
     e( 57 - 57) =     10.34681  eV     1   --> A              
     e( 58 - 58) =     10.58351  eV     1   --> A              
     e( 59 - 59) =     13.41088  eV     1   --> A              
     e( 60 - 60) =     13.53491  eV     1   --> A              
     e( 61 - 61) =     13.68195  eV     1   --> A              
     e( 62 - 62) =     13.78308  eV     1   --> A              
     e( 63 - 63) =     14.33684  eV     1   --> A              
     e( 64 - 64) =     14.41505  eV     1   --> A              
     e( 65 - 65) =     17.03072  eV     1   --> A              
     e( 66 - 66) =     17.35782  eV     1   --> A              
     e( 67 - 67) =     17.74990  eV     1   --> A              
     e( 68 - 68) =     18.90074  eV     1   --> A              
     e( 69 - 69) =     19.47262  eV     1   --> A              
     e( 70 - 70) =     20.00490  eV     1   --> A              
     e( 71 - 71) =     20.91608  eV     1   --> A              
     e( 72 - 72) =     21.03053  eV     1   --> A              
     e( 73 - 73) =     22.01992  eV     1   --> A              
     e( 74 - 74) =     22.51762  eV     1   --> A              
     e( 75 - 75) =     22.65226  eV     1   --> A              
     e( 76 - 76) =     23.28740  eV     1   --> A              
     e( 77 - 77) =     23.41762  eV     1   --> A              
     e( 78 - 78) =     23.85180  eV     1   --> A              
     e( 79 - 79) =     24.48157  eV     1   --> A              
     e( 80 - 80) =     24.97741  eV     1   --> A              

 **************************************************************************

 **************************************************************************

                    xk=(  -0.00056,   0.00000,   0.30446  )

     Band symmetry, C_1 (1)     point group:

     e(  1 -  1) =    -93.68828  eV     1   --> A              
     e(  2 -  2) =    -68.87018  eV     1   --> A              
     e(  3 -  3) =    -64.32941  eV     1   --> A              
     e(  4 -  4) =    -64.32449  eV     1   --> A              
     e(  5 -  5) =    -54.29105  eV     1   --> A              
     e(  6 -  6) =    -54.27335  eV     1   --> A              
     e(  7 -  7) =    -54.25012  eV     1   --> A              
     e(  8 -  8) =    -37.92571  eV     1   --> A              
     e(  9 -  9) =    -37.91772  eV     1   --> A              
     e( 10 - 10) =    -37.90156  eV     1   --> A              
     e( 11 - 11) =    -28.77776  eV     1   --> A              
     e( 12 - 12) =    -28.73927  eV     1   --> A              
     e( 13 - 13) =    -28.67549  eV     1   --> A              
     e( 14 - 14) =    -28.64246  eV     1   --> A              
     e( 15 - 15) =    -28.59819  eV     1   --> A              
     e( 16 - 16) =    -28.54811  eV     1   --> A              
     e( 17 - 17) =     -8.24954  eV     1   --> A              
     e( 18 - 18) =     -7.43674  eV     1   --> A              
     e( 19 - 19) =     -7.39760  eV     1   --> A              
     e( 20 - 20) =     -7.22829  eV     1   --> A              
     e( 21 - 21) =     -6.78541  eV     1   --> A              
     e( 22 - 22) =     -6.75656  eV     1   --> A              
     e( 23 - 23) =     -6.53116  eV     1   --> A              
     e( 24 - 24) =     -6.36170  eV     1   --> A              
     e( 25 - 25) =      2.24566  eV     1   --> A              
     e( 26 - 26) =      2.30982  eV     1   --> A              
     e( 27 - 27) =      3.20064  eV     1   --> A              
     e( 28 - 28) =      3.42711  eV     1   --> A              
     e( 29 - 29) =      3.53337  eV     1   --> A              
     e( 30 - 30) =      3.79699  eV     1   --> A              
     e( 31 - 31) =      4.27358  eV     1   --> A              
     e( 32 - 32) =      4.39166  eV     1   --> A              
     e( 33 - 33) =      4.49280  eV     1   --> A              
     e( 34 - 34) =      4.89691  eV     1   --> A              
     e( 35 - 35) =      5.01360  eV     1   --> A              
     e( 36 - 36) =      5.34009  eV     1   --> A              
     e( 37 - 37) =      5.77124  eV     1   --> A              
     e( 38 - 38) =      5.90098  eV     1   --> A              
     e( 39 - 39) =      6.21516  eV     1   --> A              
     e( 40 - 40) =      6.54724  eV     1   --> A              
     e( 41 - 41) =      6.68226  eV     1   --> A              
     e( 42 - 42) =      6.73739  eV     1   --> A              
     e( 43 - 43) =      7.02302  eV     1   --> A              
     e( 44 - 44) =      7.26667  eV     1   --> A              
     e( 45 - 45) =      7.46775  eV     1   --> A              
     e( 46 - 46) =      7.66217  eV     1   --> A              
     e( 47 - 47) =      7.92983  eV     1   --> A              
     e( 48 - 48) =      8.06759  eV     1   --> A              
     e( 49 - 49) =      8.15814  eV     1   --> A              
     e( 50 - 50) =      8.26296  eV     1   --> A              
     e( 51 - 51) =      8.56774  eV     1   --> A              
     e( 52 - 52) =      8.63730  eV     1   --> A              
     e( 53 - 53) =      8.95674  eV     1   --> A              
     e( 54 - 54) =      9.10030  eV     1   --> A              
     e( 55 - 55) =      9.30072  eV     1   --> A              
     e( 56 - 56) =      9.44836  eV     1   --> A              
     e( 57 - 57) =     10.38481  eV     1   --> A              
     e( 58 - 58) =     10.59222  eV     1   --> A              
     e( 59 - 59) =     13.41560  eV     1   --> A              
     e( 60 - 60) =     13.56891  eV     1   --> A              
     e( 61 - 61) =     13.67001  eV     1   --> A              
     e( 62 - 62) =     13.77031  eV     1   --> A              
     e( 63 - 63) =     14.27354  eV     1   --> A              
     e( 64 - 64) =     14.38171  eV     1   --> A              
     e( 65 - 65) =     17.12663  eV     1   --> A              
     e( 66 - 66) =     17.36668  eV     1   --> A              
     e( 67 - 67) =     17.74799  eV     1   --> A              
     e( 68 - 68) =     18.90854  eV     1   --> A              
     e( 69 - 69) =     19.49677  eV     1   --> A              
     e( 70 - 70) =     19.88475  eV     1   --> A              
     e( 71 - 71) =     20.89500  eV     1   --> A              
     e( 72 - 72) =     21.02846  eV     1   --> A              
     e( 73 - 73) =     22.13464  eV     1   --> A              
     e( 74 - 74) =     22.54084  eV     1   --> A              
     e( 75 - 75) =     22.66168  eV     1   --> A              
     e( 76 - 76) =     23.20801  eV     1   --> A              
     e( 77 - 77) =     23.34660  eV     1   --> A              
     e( 78 - 78) =     23.98787  eV     1   --> A              
     e( 79 - 79) =     24.41638  eV     1   --> A              
     e( 80 - 80) =     25.01326  eV     1   --> A              

 **************************************************************************

 **************************************************************************

                    xk=(  -0.00060,   0.00000,   0.32788  )

     Band symmetry, C_1 (1)     point group:

     e(  1 -  1) =    -93.68829  eV     1   --> A              
     e(  2 -  2) =    -68.87019  eV     1   --> A              
     e(  3 -  3) =    -64.32911  eV     1   --> A              
     e(  4 -  4) =    -64.32478  eV     1   --> A              
     e(  5 -  5) =    -54.29105  eV     1   --> A              
     e(  6 -  6) =    -54.27335  eV     1   --> A              
     e(  7 -  7) =    -54.25012  eV     1   --> A              
     e(  8 -  8) =    -37.92571  eV     1   --> A              
     e(  9 -  9) =    -37.91772  eV     1   --> A              
     e( 10 - 10) =    -37.90156  eV     1   --> A              
     e( 11 - 11) =    -28.77760  eV     1   --> A              
     e( 12 - 12) =    -28.74062  eV     1   --> A              
     e( 13 - 13) =    -28.67394  eV     1   --> A              
     e( 14 - 14) =    -28.64443  eV     1   --> A              
     e( 15 - 15) =    -28.59731  eV     1   --> A              
     e( 16 - 16) =    -28.54756  eV     1   --> A              
     e( 17 - 17) =     -8.19635  eV     1   --> A              
     e( 18 - 18) =     -7.48414  eV     1   --> A              
     e( 19 - 19) =     -7.40581  eV     1   --> A              
     e( 20 - 20) =     -7.23783  eV     1   --> A              
     e( 21 - 21) =     -6.78210  eV     1   --> A              
     e( 22 - 22) =     -6.75257  eV     1   --> A              
     e( 23 - 23) =     -6.52498  eV     1   --> A              
     e( 24 - 24) =     -6.36771  eV     1   --> A              
     e( 25 - 25) =      2.24557  eV     1   --> A              
     e( 26 - 26) =      2.30532  eV     1   --> A              
     e( 27 - 27) =      3.18686  eV     1   --> A              
     e( 28 - 28) =      3.44397  eV     1   --> A              
     e( 29 - 29) =      3.52425  eV     1   --> A              
     e( 30 - 30) =      3.83173  eV     1   --> A              
     e( 31 - 31) =      4.29035  eV     1   --> A              
     e( 32 - 32) =      4.38018  eV     1   --> A              
     e( 33 - 33) =      4.50058  eV     1   --> A              
     e( 34 - 34) =      4.88853  eV     1   --> A              
     e( 35 - 35) =      5.02938  eV     1   --> A              
     e( 36 - 36) =      5.38133  eV     1   --> A              
     e( 37 - 37) =      5.71124  eV     1   --> A              
     e( 38 - 38) =      5.88249  eV     1   --> A              
     e( 39 - 39) =      6.21369  eV     1   --> A              
     e( 40 - 40) =      6.51930  eV     1   --> A              
     e( 41 - 41) =      6.66131  eV     1   --> A              
     e( 42 - 42) =      6.74782  eV     1   --> A              
     e( 43 - 43) =      7.02718  eV     1   --> A              
     e( 44 - 44) =      7.26785  eV     1   --> A              
     e( 45 - 45) =      7.45798  eV     1   --> A              
     e( 46 - 46) =      7.64778  eV     1   --> A              
     e( 47 - 47) =      7.97704  eV     1   --> A              
     e( 48 - 48) =      8.06460  eV     1   --> A              
     e( 49 - 49) =      8.14195  eV     1   --> A              
     e( 50 - 50) =      8.26908  eV     1   --> A              
     e( 51 - 51) =      8.54500  eV     1   --> A              
     e( 52 - 52) =      8.65191  eV     1   --> A              
     e( 53 - 53) =      8.95797  eV     1   --> A              
     e( 54 - 54) =      9.10506  eV     1   --> A              
     e( 55 - 55) =      9.31315  eV     1   --> A              
     e( 56 - 56) =      9.43834  eV     1   --> A              
     e( 57 - 57) =     10.41860  eV     1   --> A              
     e( 58 - 58) =     10.59941  eV     1   --> A              
     e( 59 - 59) =     13.42529  eV     1   --> A              
     e( 60 - 60) =     13.59465  eV     1   --> A              
     e( 61 - 61) =     13.66628  eV     1   --> A              
     e( 62 - 62) =     13.75877  eV     1   --> A              
     e( 63 - 63) =     14.21096  eV     1   --> A              
     e( 64 - 64) =     14.34820  eV     1   --> A              
     e( 65 - 65) =     17.19329  eV     1   --> A              
     e( 66 - 66) =     17.38608  eV     1   --> A              
     e( 67 - 67) =     17.77284  eV     1   --> A              
     e( 68 - 68) =     18.90687  eV     1   --> A              
     e( 69 - 69) =     19.50784  eV     1   --> A              
     e( 70 - 70) =     19.77704  eV     1   --> A              
     e( 71 - 71) =     20.87900  eV     1   --> A              
     e( 72 - 72) =     21.02496  eV     1   --> A              
     e( 73 - 73) =     22.24481  eV     1   --> A              
     e( 74 - 74) =     22.57413  eV     1   --> A              
     e( 75 - 75) =     22.67879  eV     1   --> A              
     e( 76 - 76) =     23.12803  eV     1   --> A              
     e( 77 - 77) =     23.28012  eV     1   --> A              
     e( 78 - 78) =     24.09811  eV     1   --> A              
     e( 79 - 79) =     24.36377  eV     1   --> A              
     e( 80 - 80) =     25.04630  eV     1   --> A              

 **************************************************************************

 **************************************************************************

                    xk=(  -0.00064,   0.00000,   0.35130  )

     Band symmetry, C_1 (1)     point group:

     e(  1 -  1) =    -93.68829  eV     1   --> A              
     e(  2 -  2) =    -68.87019  eV     1   --> A              
     e(  3 -  3) =    -64.32879  eV     1   --> A              
     e(  4 -  4) =    -64.32509  eV     1   --> A              
     e(  5 -  5) =    -54.29105  eV     1   --> A              
     e(  6 -  6) =    -54.27335  eV     1   --> A              
     e(  7 -  7) =    -54.25012  eV     1   --> A              
     e(  8 -  8) =    -37.92571  eV     1   --> A              
     e(  9 -  9) =    -37.91772  eV     1   --> A              
     e( 10 - 10) =    -37.90156  eV     1   --> A              
     e( 11 - 11) =    -28.77743  eV     1   --> A              
     e( 12 - 12) =    -28.74184  eV     1   --> A              
     e( 13 - 13) =    -28.67240  eV     1   --> A              
     e( 14 - 14) =    -28.64631  eV     1   --> A              
     e( 15 - 15) =    -28.59654  eV     1   --> A              
     e( 16 - 16) =    -28.54708  eV     1   --> A              
     e( 17 - 17) =     -8.14069  eV     1   --> A              
     e( 18 - 18) =     -7.53726  eV     1   --> A              
     e( 19 - 19) =     -7.41147  eV     1   --> A              
     e( 20 - 20) =     -7.24551  eV     1   --> A              
     e( 21 - 21) =     -6.78019  eV     1   --> A              
     e( 22 - 22) =     -6.74826  eV     1   --> A              
     e( 23 - 23) =     -6.51947  eV     1   --> A              
     e( 24 - 24) =     -6.37258  eV     1   --> A              
     e( 25 - 25) =      2.24565  eV     1   --> A              
     e( 26 - 26) =      2.30100  eV     1   --> A              
     e( 27 - 27) =      3.17529  eV     1   --> A              
     e( 28 - 28) =      3.44142  eV     1   --> A              
     e( 29 - 29) =      3.53329  eV     1   --> A              
     e( 30 - 30) =      3.86021  eV     1   --> A              
     e( 31 - 31) =      4.30150  eV     1   --> A              
     e( 32 - 32) =      4.37466  eV     1   --> A              
     e( 33 - 33) =      4.51651  eV     1   --> A              
     e( 34 - 34) =      4.88023  eV     1   --> A              
     e( 35 - 35) =      5.04222  eV     1   --> A              
     e( 36 - 36) =      5.42338  eV     1   --> A              
     e( 37 - 37) =      5.65752  eV     1   --> A              
     e( 38 - 38) =      5.86705  eV     1   --> A              
     e( 39 - 39) =      6.21097  eV     1   --> A              
     e( 40 - 40) =      6.46207  eV     1   --> A              
     e( 41 - 41) =      6.65176  eV     1   --> A              
     e( 42 - 42) =      6.76585  eV     1   --> A              
     e( 43 - 43) =      7.03292  eV     1   --> A              
     e( 44 - 44) =      7.27688  eV     1   --> A              
     e( 45 - 45) =      7.44770  eV     1   --> A              
     e( 46 - 46) =      7.63087  eV     1   --> A              
     e( 47 - 47) =      7.99154  eV     1   --> A              
     e( 48 - 48) =      8.06675  eV     1   --> A              
     e( 49 - 49) =      8.14700  eV     1   --> A              
     e( 50 - 50) =      8.28041  eV     1   --> A              
     e( 51 - 51) =      8.52356  eV     1   --> A              
     e( 52 - 52) =      8.66354  eV     1   --> A              
     e( 53 - 53) =      8.96255  eV     1   --> A              
     e( 54 - 54) =      9.11135  eV     1   --> A              
     e( 55 - 55) =      9.31836  eV     1   --> A              
     e( 56 - 56) =      9.43155  eV     1   --> A              
     e( 57 - 57) =     10.44794  eV     1   --> A              
     e( 58 - 58) =     10.60507  eV     1   --> A              
     e( 59 - 59) =     13.43925  eV     1   --> A              
     e( 60 - 60) =     13.60551  eV     1   --> A              
     e( 61 - 61) =     13.67502  eV     1   --> A              
     e( 62 - 62) =     13.75021  eV     1   --> A              
     e( 63 - 63) =     14.15233  eV     1   --> A              
     e( 64 - 64) =     14.31430  eV     1   --> A              
     e( 65 - 65) =     17.22785  eV     1   --> A              
     e( 66 - 66) =     17.41000  eV     1   --> A              
     e( 67 - 67) =     17.83227  eV     1   --> A              
     e( 68 - 68) =     18.88958  eV     1   --> A              
     e( 69 - 69) =     19.50194  eV     1   --> A              
     e( 70 - 70) =     19.69241  eV     1   --> A              
     e( 71 - 71) =     20.87047  eV     1   --> A              
     e( 72 - 72) =     21.01864  eV     1   --> A              
     e( 73 - 73) =     22.33837  eV     1   --> A              
     e( 74 - 74) =     22.61341  eV     1   --> A              
     e( 75 - 75) =     22.71590  eV     1   --> A              
     e( 76 - 76) =     23.05215  eV     1   --> A              
     e( 77 - 77) =     23.21970  eV     1   --> A              
     e( 78 - 78) =     24.09629  eV     1   --> A              
     e( 79 - 79) =     24.41015  eV     1   --> A              
     e( 80 - 80) =     25.07683  eV     1   --> A              

 **************************************************************************

 **************************************************************************

                    xk=(  -0.00068,   0.00000,   0.37472  )

     Band symmetry, C_1 (1)     point group:

     e(  1 -  1) =    -93.68829  eV     1   --> A              
     e(  2 -  2) =    -68.87019  eV     1   --> A              
     e(  3 -  3) =    -64.32848  eV     1   --> A              
     e(  4 -  4) =    -64.32540  eV     1   --> A              
     e(  5 -  5) =    -54.29104  eV     1   --> A              
     e(  6 -  6) =    -54.27335  eV     1   --> A              
     e(  7 -  7) =    -54.25012  eV     1   --> A              
     e(  8 -  8) =    -37.92571  eV     1   --> A              
     e(  9 -  9) =    -37.91772  eV     1   --> A              
     e( 10 - 10) =    -37.90156  eV     1   --> A              
     e( 11 - 11) =    -28.77726  eV     1   --> A              
     e( 12 - 12) =    -28.74290  eV     1   --> A              
     e( 13 - 13) =    -28.67092  eV     1   --> A              
     e( 14 - 14) =    -28.64808  eV     1   --> A              
     e( 15 - 15) =    -28.59590  eV     1   --> A              
     e( 16 - 16) =    -28.54668  eV     1   --> A              
     e( 17 - 17) =     -8.08289  eV     1   --> A              
     e( 18 - 18) =     -7.59383  eV     1   --> A              
     e( 19 - 19) =     -7.41599  eV     1   --> A              
     e( 20 - 20) =     -7.25159  eV     1   --> A              
     e( 21 - 21) =     -6.77838  eV     1   --> A              
     e( 22 - 22) =     -6.74492  eV     1   --> A              
     e( 23 - 23) =     -6.51488  eV     1   --> A              
     e( 24 - 24) =     -6.37631  eV     1   --> A              
     e( 25 - 25) =      2.24585  eV     1   --> A              
     e( 26 - 26) =      2.29709  eV     1   --> A              
     e( 27 - 27) =      3.16633  eV     1   --> A              
     e( 28 - 28) =      3.42591  eV     1   --> A              
     e( 29 - 29) =      3.55410  eV     1   --> A              
     e( 30 - 30) =      3.88234  eV     1   --> A              
     e( 31 - 31) =      4.30303  eV     1   --> A              
     e( 32 - 32) =      4.37836  eV     1   --> A              
     e( 33 - 33) =      4.53719  eV     1   --> A              
     e( 34 - 34) =      4.87701  eV     1   --> A              
     e( 35 - 35) =      5.04817  eV     1   --> A              
     e( 36 - 36) =      5.45149  eV     1   --> A              
     e( 37 - 37) =      5.62680  eV     1   --> A              
     e( 38 - 38) =      5.85701  eV     1   --> A              
     e( 39 - 39) =      6.20521  eV     1   --> A              
     e( 40 - 40) =      6.38919  eV     1   --> A              
     e( 41 - 41) =      6.64917  eV     1   --> A              
     e( 42 - 42) =      6.78316  eV     1   --> A              
     e( 43 - 43) =      7.03931  eV     1   --> A              
     e( 44 - 44) =      7.29556  eV     1   --> A              
     e( 45 - 45) =      7.43902  eV     1   --> A              
     e( 46 - 46) =      7.61138  eV     1   --> A              
     e( 47 - 47) =      7.96433  eV     1   --> A              
     e( 48 - 48) =      8.09271  eV     1   --> A              
     e( 49 - 49) =      8.16104  eV     1   --> A              
     e( 50 - 50) =      8.29390  eV     1   --> A              
     e( 51 - 51) =      8.50651  eV     1   --> A              
     e( 52 - 52) =      8.67102  eV     1   --> A              
     e( 53 - 53) =      8.97024  eV     1   --> A              
     e( 54 - 54) =      9.11965  eV     1   --> A              
     e( 55 - 55) =      9.31345  eV     1   --> A              
     e( 56 - 56) =      9.43021  eV     1   --> A              
     e( 57 - 57) =     10.47257  eV     1   --> A              
     e( 58 - 58) =     10.60925  eV     1   --> A              
     e( 59 - 59) =     13.45610  eV     1   --> A              
     e( 60 - 60) =     13.60675  eV     1   --> A              
     e( 61 - 61) =     13.68630  eV     1   --> A              
     e( 62 - 62) =     13.74821  eV     1   --> A              
     e( 63 - 63) =     14.10093  eV     1   --> A              
     e( 64 - 64) =     14.28078  eV     1   --> A              
     e( 65 - 65) =     17.24216  eV     1   --> A              
     e( 66 - 66) =     17.42713  eV     1   --> A              
     e( 67 - 67) =     17.92455  eV     1   --> A              
     e( 68 - 68) =     18.84959  eV     1   --> A              
     e( 69 - 69) =     19.47885  eV     1   --> A              
     e( 70 - 70) =     19.63914  eV     1   --> A              
     e( 71 - 71) =     20.87032  eV     1   --> A              
     e( 72 - 72) =     21.00878  eV     1   --> A              
     e( 73 - 73) =     22.40787  eV     1   --> A              
     e( 74 - 74) =     22.64156  eV     1   --> A              
     e( 75 - 75) =     22.78977  eV     1   --> A              
     e( 76 - 76) =     22.98749  eV     1   --> A              
     e( 77 - 77) =     23.16749  eV     1   --> A              
     e( 78 - 78) =     23.99681  eV     1   --> A              
     e( 79 - 79) =     24.54202  eV     1   --> A              
     e( 80 - 80) =     25.10440  eV     1   --> A              

 **************************************************************************

 **************************************************************************

                    xk=(  -0.00073,   0.00000,   0.39814  )

     Band symmetry, C_1 (1)     point group:

     e(  1 -  1) =    -93.68829  eV     1   --> A              
     e(  2 -  2) =    -68.87020  eV     1   --> A              
     e(  3 -  3) =    -64.32817  eV     1   --> A              
     e(  4 -  4) =    -64.32570  eV     1   --> A              
     e(  5 -  5) =    -54.29104  eV     1   --> A              
     e(  6 -  6) =    -54.27335  eV     1   --> A              
     e(  7 -  7) =    -54.25013  eV     1   --> A              
     e(  8 -  8) =    -37.92571  eV     1   --> A              
     e(  9 -  9) =    -37.91772  eV     1   --> A              
     e( 10 - 10) =    -37.90156  eV     1   --> A              
     e( 11 - 11) =    -28.77711  eV     1   --> A              
     e( 12 - 12) =    -28.74376  eV     1   --> A              
     e( 13 - 13) =    -28.66957  eV     1   --> A              
     e( 14 - 14) =    -28.64966  eV     1   --> A              
     e( 15 - 15) =    -28.59539  eV     1   --> A              
     e( 16 - 16) =    -28.54635  eV     1   --> A              
     e( 17 - 17) =     -8.02332  eV     1   --> A              
     e( 18 - 18) =     -7.65287  eV     1   --> A              
     e( 19 - 19) =     -7.41956  eV     1   --> A              
     e( 20 - 20) =     -7.25619  eV     1   --> A              
     e( 21 - 21) =     -6.77636  eV     1   --> A              
     e( 22 - 22) =     -6.74288  eV     1   --> A              
     e( 23 - 23) =     -6.51129  eV     1   --> A              
     e( 24 - 24) =     -6.37897  eV     1   --> A              
     e( 25 - 25) =      2.24613  eV     1   --> A              
     e( 26 - 26) =      2.29377  eV     1   --> A              
     e( 27 - 27) =      3.15995  eV     1   --> A              
     e( 28 - 28) =      3.40823  eV     1   --> A              
     e( 29 - 29) =      3.57594  eV     1   --> A              
     e( 30 - 30) =      3.89856  eV     1   --> A              
     e( 31 - 31) =      4.29696  eV     1   --> A              
     e( 32 - 32) =      4.38912  eV     1   --> A              
     e( 33 - 33) =      4.55789  eV     1   --> A              
     e( 34 - 34) =      4.88048  eV     1   --> A              
     e( 35 - 35) =      5.04751  eV     1   --> A              
     e( 36 - 36) =      5.44486  eV     1   --> A              
     e( 37 - 37) =      5.63914  eV     1   --> A              
     e( 38 - 38) =      5.85539  eV     1   --> A              
     e( 39 - 39) =      6.19109  eV     1   --> A              
     e( 40 - 40) =      6.31608  eV     1   --> A              
     e( 41 - 41) =      6.64993  eV     1   --> A              
     e( 42 - 42) =      6.79539  eV     1   --> A              
     e( 43 - 43) =      7.04569  eV     1   --> A              
     e( 44 - 44) =      7.32106  eV     1   --> A              
     e( 45 - 45) =      7.43509  eV     1   --> A              
     e( 46 - 46) =      7.58865  eV     1   --> A              
     e( 47 - 47) =      7.92916  eV     1   --> A              
     e( 48 - 48) =      8.11635  eV     1   --> A              
     e( 49 - 49) =      8.17752  eV     1   --> A              
     e( 50 - 50) =      8.30461  eV     1   --> A              
     e( 51 - 51) =      8.49708  eV     1   --> A              
     e( 52 - 52) =      8.67416  eV     1   --> A              
     e( 53 - 53) =      8.97956  eV     1   --> A              
     e( 54 - 54) =      9.13048  eV     1   --> A              
     e( 55 - 55) =      9.29938  eV     1   --> A              
     e( 56 - 56) =      9.43344  eV     1   --> A              
     e( 57 - 57) =     10.49222  eV     1   --> A              
     e( 58 - 58) =     10.61211  eV     1   --> A              
     e( 59 - 59) =     13.47360  eV     1   --> A              
     e( 60 - 60) =     13.60803  eV     1   --> A              
     e( 61 - 61) =     13.68721  eV     1   --> A              
     e( 62 - 62) =     13.75437  eV     1   --> A              
     e( 63 - 63) =     14.06044  eV     1   --> A              
     e( 64 - 64) =     14.24918  eV     1   --> A              
     e( 65 - 65) =     17.24739  eV     1   --> A              
     e( 66 - 66) =     17.43544  eV     1   --> A              
     e( 67 - 67) =     18.03903  eV     1   --> A              
     e( 68 - 68) =     18.78260  eV     1   --> A              
     e( 69 - 69) =     19.45150  eV     1   --> A              
     e( 70 - 70) =     19.61029  eV     1   --> A              
     e( 71 - 71) =     20.87815  eV     1   --> A              
     e( 72 - 72) =     20.99513  eV     1   --> A              
     e( 73 - 73) =     22.45767  eV     1   --> A              
     e( 74 - 74) =     22.65479  eV     1   --> A              
     e( 75 - 75) =     22.86220  eV     1   --> A              
     e( 76 - 76) =     22.96596  eV     1   --> A              
     e( 77 - 77) =     23.13008  eV     1   --> A              
     e( 78 - 78) =     23.86650  eV     1   --> A              
     e( 79 - 79) =     24.69256  eV     1   --> A              
     e( 80 - 80) =     25.12721  eV     1   --> A              

 **************************************************************************

 **************************************************************************

                    xk=(  -0.00077,   0.00000,   0.42156  )

     Band symmetry, C_1 (1)     point group:

     e(  1 -  1) =    -93.68830  eV     1   --> A              
     e(  2 -  2) =    -68.87020  eV     1   --> A              
     e(  3 -  3) =    -64.32788  eV     1   --> A              
     e(  4 -  4) =    -64.32599  eV     1   --> A              
     e(  5 -  5) =    -54.29104  eV     1   --> A              
     e(  6 -  6) =    -54.27335  eV     1   --> A              
     e(  7 -  7) =    -54.25013  eV     1   --> A              
     e(  8 -  8) =    -37.92571  eV     1   --> A              
     e(  9 -  9) =    -37.91772  eV     1   --> A              
     e( 10 - 10) =    -37.90156  eV     1   --> A              
     e( 11 - 11) =    -28.77699  eV     1   --> A              
     e( 12 - 12) =    -28.74441  eV     1   --> A              
     e( 13 - 13) =    -28.66844  eV     1   --> A              
     e( 14 - 14) =    -28.65095  eV     1   --> A              
     e( 15 - 15) =    -28.59502  eV     1   --> A              
     e( 16 - 16) =    -28.54612  eV     1   --> A              
     e( 17 - 17) =     -7.96236  eV     1   --> A              
     e( 18 - 18) =     -7.71365  eV     1   --> A              
     e( 19 - 19) =     -7.42215  eV     1   --> A              
     e( 20 - 20) =     -7.25943  eV     1   --> A              
     e( 21 - 21) =     -6.77434  eV     1   --> A              
     e( 22 - 22) =     -6.74199  eV     1   --> A              
     e( 23 - 23) =     -6.50875  eV     1   --> A              
     e( 24 - 24) =     -6.38070  eV     1   --> A              
     e( 25 - 25) =      2.24641  eV     1   --> A              
     e( 26 - 26) =      2.29124  eV     1   --> A              
     e( 27 - 27) =      3.15588  eV     1   --> A              
     e( 28 - 28) =      3.39329  eV     1   --> A              
     e( 29 - 29) =      3.59393  eV     1   --> A              
     e( 30 - 30) =      3.90951  eV     1   --> A              
     e( 31 - 31) =      4.28897  eV     1   --> A              
     e( 32 - 32) =      4.40103  eV     1   --> A              
     e( 33 - 33) =      4.57450  eV     1   --> A              
     e( 34 - 34) =      4.88962  eV     1   --> A              
     e( 35 - 35) =      5.04237  eV     1   --> A              
     e( 36 - 36) =      5.41735  eV     1   --> A              
     e( 37 - 37) =      5.67632  eV     1   --> A              
     e( 38 - 38) =      5.86705  eV     1   --> A              
     e( 39 - 39) =      6.15403  eV     1   --> A              
     e( 40 - 40) =      6.26508  eV     1   --> A              
     e( 41 - 41) =      6.65215  eV     1   --> A              
     e( 42 - 42) =      6.80211  eV     1   --> A              
     e( 43 - 43) =      7.05124  eV     1   --> A              
     e( 44 - 44) =      7.34557  eV     1   --> A              
     e( 45 - 45) =      7.44132  eV     1   --> A              
     e( 46 - 46) =      7.56188  eV     1   --> A              
     e( 47 - 47) =      7.89845  eV     1   --> A              
     e( 48 - 48) =      8.13227  eV     1   --> A              
     e( 49 - 49) =      8.19318  eV     1   --> A              
     e( 50 - 50) =      8.30839  eV     1   --> A              
     e( 51 - 51) =      8.49635  eV     1   --> A              
     e( 52 - 52) =      8.67385  eV     1   --> A              
     e( 53 - 53) =      8.98830  eV     1   --> A              
     e( 54 - 54) =      9.14369  eV     1   --> A              
     e( 55 - 55) =      9.28046  eV     1   --> A              
     e( 56 - 56) =      9.43820  eV     1   --> A              
     e( 57 - 57) =     10.50660  eV     1   --> A              
     e( 58 - 58) =     10.61386  eV     1   --> A              
     e( 59 - 59) =     13.48862  eV     1   --> A              
     e( 60 - 60) =     13.61431  eV     1   --> A              
     e( 61 - 61) =     13.67843  eV     1   --> A              
     e( 62 - 62) =     13.76175  eV     1   --> A              
     e( 63 - 63) =     14.03386  eV     1   --> A              
     e( 64 - 64) =     14.22199  eV     1   --> A              
     e( 65 - 65) =     17.24900  eV     1   --> A              
     e( 66 - 66) =     17.43841  eV     1   --> A              
     e( 67 - 67) =     18.16436  eV     1   --> A              
     e( 68 - 68) =     18.69103  eV     1   --> A              
     e( 69 - 69) =     19.43308  eV     1   --> A              
     e( 70 - 70) =     19.59313  eV     1   --> A              
     e( 71 - 71) =     20.89252  eV     1   --> A              
     e( 72 - 72) =     20.97801  eV     1   --> A              
     e( 73 - 73) =     22.49571  eV     1   --> A              
     e( 74 - 74) =     22.65628  eV     1   --> A              
     e( 75 - 75) =     22.85310  eV     1   --> A              
     e( 76 - 76) =     23.01907  eV     1   --> A              
     e( 77 - 77) =     23.14483  eV     1   --> A              
     e( 78 - 78) =     23.72404  eV     1   --> A              
     e( 79 - 79) =     24.84091  eV     1   --> A              
     e( 80 - 80) =     25.14071  eV     1   --> A              

 **************************************************************************

 **************************************************************************

                    xk=(  -0.00081,   0.00000,   0.44498  )

     Band symmetry, C_1 (1)     point group:

     e(  1 -  1) =    -93.68830  eV     1   --> A              
     e(  2 -  2) =    -68.87020  eV     1   --> A              
     e(  3 -  3) =    -64.32764  eV     1   --> A              
     e(  4 -  4) =    -64.32622  eV     1   --> A              
     e(  5 -  5) =    -54.29104  eV     1   --> A              
     e(  6 -  6) =    -54.27335  eV     1   --> A              
     e(  7 -  7) =    -54.25013  eV     1   --> A              
     e(  8 -  8) =    -37.92571  eV     1   --> A              
     e(  9 -  9) =    -37.91772  eV     1   --> A              
     e( 10 - 10) =    -37.90156  eV     1   --> A              
     e( 11 - 11) =    -28.77690  eV     1   --> A              
     e( 12 - 12) =    -28.74480  eV     1   --> A              
     e( 13 - 13) =    -28.66767  eV     1   --> A              
     e( 14 - 14) =    -28.65182  eV     1   --> A              
     e( 15 - 15) =    -28.59480  eV     1   --> A              
     e( 16 - 16) =    -28.54598  eV     1   --> A              
     e( 17 - 17) =     -7.90045  eV     1   --> A              
     e( 18 - 18) =     -7.77554  eV     1   --> A              
     e( 19 - 19) =     -7.42373  eV     1   --> A              
     e( 20 - 20) =     -7.26136  eV     1   --> A              
     e( 21 - 21) =     -6.77279  eV     1   --> A              
     e( 22 - 22) =     -6.74179  eV     1   --> A              
     e( 23 - 23) =     -6.50723  eV     1   --> A              
     e( 24 - 24) =     -6.38166  eV     1   --> A              
     e( 25 - 25) =      2.24661  eV     1   --> A              
     e( 26 - 26) =      2.28965  eV     1   --> A              
     e( 27 - 27) =      3.15369  eV     1   --> A              
     e( 28 - 28) =      3.38347  eV     1   --> A              
     e( 29 - 29) =      3.60562  eV     1   --> A              
     e( 30 - 30) =      3.91582  eV     1   --> A              
     e( 31 - 31) =      4.28291  eV     1   --> A              
     e( 32 - 32) =      4.40978  eV     1   --> A              
     e( 33 - 33) =      4.58476  eV     1   --> A              
     e( 34 - 34) =      4.89999  eV     1   --> A              
     e( 35 - 35) =      5.03613  eV     1   --> A              
     e( 36 - 36) =      5.39339  eV     1   --> A              
     e( 37 - 37) =      5.70673  eV     1   --> A              
     e( 38 - 38) =      5.89515  eV     1   --> A              
     e( 39 - 39) =      6.09561  eV     1   --> A              
     e( 40 - 40) =      6.24539  eV     1   --> A              
     e( 41 - 41) =      6.65430  eV     1   --> A              
     e( 42 - 42) =      6.80494  eV     1   --> A              
     e( 43 - 43) =      7.05504  eV     1   --> A              
     e( 44 - 44) =      7.36004  eV     1   --> A              
     e( 45 - 45) =      7.46261  eV     1   --> A              
     e( 46 - 46) =      7.53088  eV     1   --> A              
     e( 47 - 47) =      7.87773  eV     1   --> A              
     e( 48 - 48) =      8.14125  eV     1   --> A              
     e( 49 - 49) =      8.20516  eV     1   --> A              
     e( 50 - 50) =      8.30644  eV     1   --> A              
     e( 51 - 51) =      8.50034  eV     1   --> A              
     e( 52 - 52) =      8.67205  eV     1   --> A              
     e( 53 - 53) =      8.99436  eV     1   --> A              
     e( 54 - 54) =      9.15677  eV     1   --> A              
     e( 55 - 55) =      9.26275  eV     1   --> A              
     e( 56 - 56) =      9.44194  eV     1   --> A              
     e( 57 - 57) =     10.51541  eV     1   --> A              
     e( 58 - 58) =     10.61475  eV     1   --> A              
     e( 59 - 59) =     13.49834  eV     1   --> A              
     e( 60 - 60) =     13.62694  eV     1   --> A              
     e( 61 - 61) =     13.66411  eV     1   --> A              
     e( 62 - 62) =     13.76518  eV     1   --> A              
     e( 63 - 63) =     14.02091  eV     1   --> A              
     e( 64 - 64) =     14.20285  eV     1   --> A              
     e( 65 - 65) =     17.24932  eV     1   --> A              
     e( 66 - 66) =     17.43912  eV     1   --> A              
     e( 67 - 67) =     18.28903  eV     1   --> A              
     e( 68 - 68) =     18.58538  eV     1   --> A              
     e( 69 - 69) =     19.42481  eV     1   --> A              
     e( 70 - 70) =     19.58268  eV     1   --> A              
     e( 71 - 71) =     20.91095  eV     1   --> A              
     e( 72 - 72) =     20.95858  eV     1   --> A              
     e( 73 - 73) =     22.52429  eV     1   --> A              
     e( 74 - 74) =     22.64839  eV     1   --> A              
     e( 75 - 75) =     22.83449  eV     1   --> A              
     e( 76 - 76) =     23.02405  eV     1   --> A              
     e( 77 - 77) =     23.25474  eV     1   --> A              
     e( 78 - 78) =     23.57876  eV     1   --> A              
     e( 79 - 79) =     24.97170  eV     1   --> A              
     e( 80 - 80) =     25.13514  eV     1   --> A              

 **************************************************************************

 **************************************************************************

                    xk=(  -0.00086,   0.00000,   0.46840  )

     zone border point and non-symmorphic group 
     symmetry decomposition not available

 **************************************************************************

 **************************************************************************

                    xk=(   0.02414,   0.02050,   0.46860  )

     point group C_1 (1)    
     there are  1 classes
     the character table:

       E    
A      1.00

     the symmetry operations in each class and the name of the first element:

     E        1
                                                                 

     Band symmetry, C_1 (1)     point group:

     e(  1 -  1) =    -93.68830  eV     1   --> A              
     e(  2 -  2) =    -68.87020  eV     1   --> A              
     e(  3 -  3) =    -64.32755  eV     1   --> A              
     e(  4 -  4) =    -64.32632  eV     1   --> A              
     e(  5 -  5) =    -54.29104  eV     1   --> A              
     e(  6 -  6) =    -54.27335  eV     1   --> A              
     e(  7 -  7) =    -54.25013  eV     1   --> A              
     e(  8 -  8) =    -37.92571  eV     1   --> A              
     e(  9 -  9) =    -37.91772  eV     1   --> A              
     e( 10 - 10) =    -37.90156  eV     1   --> A              
     e( 11 - 11) =    -28.77690  eV     1   --> A              
     e( 12 - 12) =    -28.74496  eV     1   --> A              
     e( 13 - 13) =    -28.66740  eV     1   --> A              
     e( 14 - 14) =    -28.65213  eV     1   --> A              
     e( 15 - 15) =    -28.59472  eV     1   --> A              
     e( 16 - 16) =    -28.54592  eV     1   --> A              
     e( 17 - 17) =     -7.83915  eV     1   --> A              
     e( 18 - 18) =     -7.83363  eV     1   --> A              
     e( 19 - 19) =     -7.42321  eV     1   --> A              
     e( 20 - 20) =     -7.26159  eV     1   --> A              
     e( 21 - 21) =     -6.77481  eV     1   --> A              
     e( 22 - 22) =     -6.74313  eV     1   --> A              
     e( 23 - 23) =     -6.50769  eV     1   --> A              
     e( 24 - 24) =     -6.38307  eV     1   --> A              
     e( 25 - 25) =      2.24893  eV     1   --> A              
     e( 26 - 26) =      2.29040  eV     1   --> A              
     e( 27 - 27) =      3.15650  eV     1   --> A              
     e( 28 - 28) =      3.38381  eV     1   --> A              
     e( 29 - 29) =      3.61091  eV     1   --> A              
     e( 30 - 30) =      3.91548  eV     1   --> A              
     e( 31 - 31) =      4.27732  eV     1   --> A              
     e( 32 - 32) =      4.41056  eV     1   --> A              
     e( 33 - 33) =      4.58870  eV     1   --> A              
     e( 34 - 34) =      4.89621  eV     1   --> A              
     e( 35 - 35) =      5.05135  eV     1   --> A              
     e( 36 - 36) =      5.38073  eV     1   --> A              
     e( 37 - 37) =      5.72278  eV     1   --> A              
     e( 38 - 38) =      5.90972  eV     1   --> A              
     e( 39 - 39) =      6.05253  eV     1   --> A              
     e( 40 - 40) =      6.24554  eV     1   --> A              
     e( 41 - 41) =      6.65251  eV     1   --> A              
     e( 42 - 42) =      6.79741  eV     1   --> A              
     e( 43 - 43) =      7.05837  eV     1   --> A              
     e( 44 - 44) =      7.36333  eV     1   --> A              
     e( 45 - 45) =      7.48125  eV     1   --> A              
     e( 46 - 46) =      7.51202  eV     1   --> A              
     e( 47 - 47) =      7.85640  eV     1   --> A              
     e( 48 - 48) =      8.13006  eV     1   --> A              
     e( 49 - 49) =      8.19379  eV     1   --> A              
     e( 50 - 50) =      8.34765  eV     1   --> A              
     e( 51 - 51) =      8.50949  eV     1   --> A              
     e( 52 - 52) =      8.67561  eV     1   --> A              
     e( 53 - 53) =      8.99658  eV     1   --> A              
     e( 54 - 54) =      9.14888  eV     1   --> A              
     e( 55 - 55) =      9.26530  eV     1   --> A              
     e( 56 - 56) =      9.44219  eV     1   --> A              
     e( 57 - 57) =     10.51445  eV     1   --> A              
     e( 58 - 58) =     10.61679  eV     1   --> A              
     e( 59 - 59) =     13.49664  eV     1   --> A              
     e( 60 - 60) =     13.62005  eV     1   --> A              
     e( 61 - 61) =     13.66876  eV     1   --> A              
     e( 62 - 62) =     13.77965  eV     1   --> A              
     e( 63 - 63) =     14.01749  eV     1   --> A              
     e( 64 - 64) =     14.19524  eV     1   --> A              
     e( 65 - 65) =     17.24608  eV     1   --> A              
     e( 66 - 66) =     17.44074  eV     1   --> A              
     e( 67 - 67) =     18.37235  eV     1   --> A              
     e( 68 - 68) =     18.51667  eV     1   --> A              
     e( 69 - 69) =     19.41212  eV     1   --> A              
     e( 70 - 70) =     19.58785  eV     1   --> A              
     e( 71 - 71) =     20.86929  eV     1   --> A              
     e( 72 - 72) =     20.98202  eV     1   --> A              
     e( 73 - 73) =     22.51155  eV     1   --> A              
     e( 74 - 74) =     22.62821  eV     1   --> A              
     e( 75 - 75) =     22.83778  eV     1   --> A              
     e( 76 - 76) =     23.04015  eV     1   --> A              
     e( 77 - 77) =     23.32799  eV     1   --> A              
     e( 78 - 78) =     23.52186  eV     1   --> A              
     e( 79 - 79) =     25.03008  eV     1   --> A              
     e( 80 - 80) =     25.12526  eV     1   --> A              

 **************************************************************************

 **************************************************************************

                    xk=(   0.04914,   0.04099,   0.46880  )

     Band symmetry, C_1 (1)     point group:

     e(  1 -  1) =    -93.68830  eV     1   --> A              
     e(  2 -  2) =    -68.87020  eV     1   --> A              
     e(  3 -  3) =    -64.32756  eV     1   --> A              
     e(  4 -  4) =    -64.32632  eV     1   --> A              
     e(  5 -  5) =    -54.29104  eV     1   --> A              
     e(  6 -  6) =    -54.27335  eV     1   --> A              
     e(  7 -  7) =    -54.25013  eV     1   --> A              
     e(  8 -  8) =    -37.92571  eV     1   --> A              
     e(  9 -  9) =    -37.91772  eV     1   --> A              
     e( 10 - 10) =    -37.90156  eV     1   --> A              
     e( 11 - 11) =    -28.77695  eV     1   --> A              
     e( 12 - 12) =    -28.74501  eV     1   --> A              
     e( 13 - 13) =    -28.66742  eV     1   --> A              
     e( 14 - 14) =    -28.65215  eV     1   --> A              
     e( 15 - 15) =    -28.59468  eV     1   --> A              
     e( 16 - 16) =    -28.54589  eV     1   --> A              
     e( 17 - 17) =     -7.83633  eV     1   --> A              
     e( 18 - 18) =     -7.82695  eV     1   --> A              
     e( 19 - 19) =     -7.42025  eV     1   --> A              
     e( 20 - 20) =     -7.26024  eV     1   --> A              
     e( 21 - 21) =     -6.78297  eV     1   --> A              
     e( 22 - 22) =     -6.74675  eV     1   --> A              
     e( 23 - 23) =     -6.51046  eV     1   --> A              
     e( 24 - 24) =     -6.38628  eV     1   --> A              
     e( 25 - 25) =      2.25486  eV     1   --> A              
     e( 26 - 26) =      2.29478  eV     1   --> A              
     e( 27 - 27) =      3.16669  eV     1   --> A              
     e( 28 - 28) =      3.39492  eV     1   --> A              
     e( 29 - 29) =      3.61458  eV     1   --> A              
     e( 30 - 30) =      3.90809  eV     1   --> A              
     e( 31 - 31) =      4.26855  eV     1   --> A              
     e( 32 - 32) =      4.40331  eV     1   --> A              
     e( 33 - 33) =      4.59072  eV     1   --> A              
     e( 34 - 34) =      4.87933  eV     1   --> A              
     e( 35 - 35) =      5.09498  eV     1   --> A              
     e( 36 - 36) =      5.37055  eV     1   --> A              
     e( 37 - 37) =      5.73765  eV     1   --> A              
     e( 38 - 38) =      5.89352  eV     1   --> A              
     e( 39 - 39) =      6.01987  eV     1   --> A              
     e( 40 - 40) =      6.26391  eV     1   --> A              
     e( 41 - 41) =      6.64360  eV     1   --> A              
     e( 42 - 42) =      6.77373  eV     1   --> A              
     e( 43 - 43) =      7.06339  eV     1   --> A              
     e( 44 - 44) =      7.35914  eV     1   --> A              
     e( 45 - 45) =      7.47394  eV     1   --> A              
     e( 46 - 46) =      7.52521  eV     1   --> A              
     e( 47 - 47) =      7.82330  eV     1   --> A              
     e( 48 - 48) =      8.08407  eV     1   --> A              
     e( 49 - 49) =      8.20625  eV     1   --> A              
     e( 50 - 50) =      8.39184  eV     1   --> A              
     e( 51 - 51) =      8.54908  eV     1   --> A              
     e( 52 - 52) =      8.68589  eV     1   --> A              
     e( 53 - 53) =      8.99748  eV     1   --> A              
     e( 54 - 54) =      9.12100  eV     1   --> A              
     e( 55 - 55) =      9.28249  eV     1   --> A              
     e( 56 - 56) =      9.44150  eV     1   --> A              
     e( 57 - 57) =     10.50328  eV     1   --> A              
     e( 58 - 58) =     10.62091  eV     1   --> A              
     e( 59 - 59) =     13.48051  eV     1   --> A              
     e( 60 - 60) =     13.59909  eV     1   --> A              
     e( 61 - 61) =     13.69350  eV     1   --> A              
     e( 62 - 62) =     13.81244  eV     1   --> A              
     e( 63 - 63) =     14.01766  eV     1   --> A              
     e( 64 - 64) =     14.19374  eV     1   --> A              
     e( 65 - 65) =     17.23813  eV     1   --> A              
     e( 66 - 66) =     17.44422  eV     1   --> A              
     e( 67 - 67) =     18.37638  eV     1   --> A              
     e( 68 - 68) =     18.53695  eV     1   --> A              
     e( 69 - 69) =     19.38774  eV     1   --> A              
     e( 70 - 70) =     19.60801  eV     1   --> A              
     e( 71 - 71) =     20.78938  eV     1   --> A              
     e( 72 - 72) =     21.01019  eV     1   --> A              
     e( 73 - 73) =     22.44135  eV     1   --> A              
     e( 74 - 74) =     22.59072  eV     1   --> A              
     e( 75 - 75) =     22.87300  eV     1   --> A              
     e( 76 - 76) =     23.07453  eV     1   --> A              
     e( 77 - 77) =     23.31779  eV     1   --> A              
     e( 78 - 78) =     23.60424  eV     1   --> A              
     e( 79 - 79) =     24.99758  eV     1   --> A              
     e( 80 - 80) =     25.14788  eV     1   --> A              

 **************************************************************************

 **************************************************************************

                    xk=(   0.07414,   0.06149,   0.46900  )

     Band symmetry, C_1 (1)     point group:

     e(  1 -  1) =    -93.68830  eV     1   --> A              
     e(  2 -  2) =    -68.87020  eV     1   --> A              
     e(  3 -  3) =    -64.32757  eV     1   --> A              
     e(  4 -  4) =    -64.32632  eV     1   --> A              
     e(  5 -  5) =    -54.29104  eV     1   --> A              
     e(  6 -  6) =    -54.27335  eV     1   --> A              
     e(  7 -  7) =    -54.25012  eV     1   --> A              
     e(  8 -  8) =    -37.92571  eV     1   --> A              
     e(  9 -  9) =    -37.91772  eV     1   --> A              
     e( 10 - 10) =    -37.90156  eV     1   --> A              
     e( 11 - 11) =    -28.77704  eV     1   --> A              
     e( 12 - 12) =    -28.74510  eV     1   --> A              
     e( 13 - 13) =    -28.66745  eV     1   --> A              
     e( 14 - 14) =    -28.65219  eV     1   --> A              
     e( 15 - 15) =    -28.59462  eV     1   --> A              
     e( 16 - 16) =    -28.54583  eV     1   --> A              
     e( 17 - 17) =     -7.83093  eV     1   --> A              
     e( 18 - 18) =     -7.81694  eV     1   --> A              
     e( 19 - 19) =     -7.41588  eV     1   --> A              
     e( 20 - 20) =     -7.25750  eV     1   --> A              
     e( 21 - 21) =     -6.79718  eV     1   --> A              
     e( 22 - 22) =     -6.75189  eV     1   --> A              
     e( 23 - 23) =     -6.51475  eV     1   --> A              
     e( 24 - 24) =     -6.39135  eV     1   --> A              
     e( 25 - 25) =      2.26229  eV     1   --> A              
     e( 26 - 26) =      2.30357  eV     1   --> A              
     e( 27 - 27) =      3.18284  eV     1   --> A              
     e( 28 - 28) =      3.41291  eV     1   --> A              
     e( 29 - 29) =      3.62057  eV     1   --> A              
     e( 30 - 30) =      3.89526  eV     1   --> A              
     e( 31 - 31) =      4.25775  eV     1   --> A              
     e( 32 - 32) =      4.39151  eV     1   --> A              
     e( 33 - 33) =      4.59503  eV     1   --> A              
     e( 34 - 34) =      4.86230  eV     1   --> A              
     e( 35 - 35) =      5.15010  eV     1   --> A              
     e( 36 - 36) =      5.35524  eV     1   --> A              
     e( 37 - 37) =      5.75324  eV     1   --> A              
     e( 38 - 38) =      5.88052  eV     1   --> A              
     e( 39 - 39) =      5.96718  eV     1   --> A              
     e( 40 - 40) =      6.29597  eV     1   --> A              
     e( 41 - 41) =      6.62490  eV     1   --> A              
     e( 42 - 42) =      6.73931  eV     1   --> A              
     e( 43 - 43) =      7.06985  eV     1   --> A              
     e( 44 - 44) =      7.34692  eV     1   --> A              
     e( 45 - 45) =      7.47533  eV     1   --> A              
     e( 46 - 46) =      7.53398  eV     1   --> A              
     e( 47 - 47) =      7.78809  eV     1   --> A              
     e( 48 - 48) =      8.03873  eV     1   --> A              
     e( 49 - 49) =      8.23115  eV     1   --> A              
     e( 50 - 50) =      8.39826  eV     1   --> A              
     e( 51 - 51) =      8.61612  eV     1   --> A              
     e( 52 - 52) =      8.70435  eV     1   --> A              
     e( 53 - 53) =      8.99933  eV     1   --> A              
     e( 54 - 54) =      9.09813  eV     1   --> A              
     e( 55 - 55) =      9.29044  eV     1   --> A              
     e( 56 - 56) =      9.44787  eV     1   --> A              
     e( 57 - 57) =     10.48602  eV     1   --> A              
     e( 58 - 58) =     10.62480  eV     1   --> A              
     e( 59 - 59) =     13.45325  eV     1   --> A              
     e( 60 - 60) =     13.58751  eV     1   --> A              
     e( 61 - 61) =     13.72424  eV     1   --> A              
     e( 62 - 62) =     13.85254  eV     1   --> A              
     e( 63 - 63) =     14.01858  eV     1   --> A              
     e( 64 - 64) =     14.19193  eV     1   --> A              
     e( 65 - 65) =     17.22893  eV     1   --> A              
     e( 66 - 66) =     17.44800  eV     1   --> A              
     e( 67 - 67) =     18.36460  eV     1   --> A              
     e( 68 - 68) =     18.58514  eV     1   --> A              
     e( 69 - 69) =     19.36142  eV     1   --> A              
     e( 70 - 70) =     19.63054  eV     1   --> A              
     e( 71 - 71) =     20.69779  eV     1   --> A              
     e( 72 - 72) =     21.02252  eV     1   --> A              
     e( 73 - 73) =     22.34014  eV     1   --> A              
     e( 74 - 74) =     22.53705  eV     1   --> A              
     e( 75 - 75) =     22.92917  eV     1   --> A              
     e( 76 - 76) =     23.09368  eV     1   --> A              
     e( 77 - 77) =     23.36384  eV     1   --> A              
     e( 78 - 78) =     23.68389  eV     1   --> A              
     e( 79 - 79) =     24.95561  eV     1   --> A              
     e( 80 - 80) =     25.14832  eV     1   --> A              

 **************************************************************************

 **************************************************************************

                    xk=(   0.09914,   0.08198,   0.46919  )

     Band symmetry, C_1 (1)     point group:

     e(  1 -  1) =    -93.68830  eV     1   --> A              
     e(  2 -  2) =    -68.87020  eV     1   --> A              
     e(  3 -  3) =    -64.32759  eV     1   --> A              
     e(  4 -  4) =    -64.32632  eV     1   --> A              
     e(  5 -  5) =    -54.29104  eV     1   --> A              
     e(  6 -  6) =    -54.27335  eV     1   --> A              
     e(  7 -  7) =    -54.25012  eV     1   --> A              
     e(  8 -  8) =    -37.92571  eV     1   --> A              
     e(  9 -  9) =    -37.91772  eV     1   --> A              
     e( 10 - 10) =    -37.90157  eV     1   --> A              
     e( 11 - 11) =    -28.77716  eV     1   --> A              
     e( 12 - 12) =    -28.74522  eV     1   --> A              
     e( 13 - 13) =    -28.66749  eV     1   --> A              
     e( 14 - 14) =    -28.65223  eV     1   --> A              
     e( 15 - 15) =    -28.59454  eV     1   --> A              
     e( 16 - 16) =    -28.54576  eV     1   --> A              
     e( 17 - 17) =     -7.82332  eV     1   --> A              
     e( 18 - 18) =     -7.80389  eV     1   --> A              
     e( 19 - 19) =     -7.41099  eV     1   --> A              
     e( 20 - 20) =     -7.25267  eV     1   --> A              
     e( 21 - 21) =     -6.81735  eV     1   --> A              
     e( 22 - 22) =     -6.75806  eV     1   --> A              
     e( 23 - 23) =     -6.52017  eV     1   --> A              
     e( 24 - 24) =     -6.39790  eV     1   --> A              
     e( 25 - 25) =      2.26886  eV     1   --> A              
     e( 26 - 26) =      2.31776  eV     1   --> A              
     e( 27 - 27) =      3.20385  eV     1   --> A              
     e( 28 - 28) =      3.43688  eV     1   --> A              
     e( 29 - 29) =      3.62856  eV     1   --> A              
     e( 30 - 30) =      3.87695  eV     1   --> A              
     e( 31 - 31) =      4.24830  eV     1   --> A              
     e( 32 - 32) =      4.37631  eV     1   --> A              
     e( 33 - 33) =      4.60214  eV     1   --> A              
     e( 34 - 34) =      4.84620  eV     1   --> A              
     e( 35 - 35) =      5.20688  eV     1   --> A              
     e( 36 - 36) =      5.33763  eV     1   --> A              
     e( 37 - 37) =      5.74684  eV     1   --> A              
     e( 38 - 38) =      5.87446  eV     1   --> A              
     e( 39 - 39) =      5.93027  eV     1   --> A              
     e( 40 - 40) =      6.33228  eV     1   --> A              
     e( 41 - 41) =      6.58915  eV     1   --> A              
     e( 42 - 42) =      6.70596  eV     1   --> A              
     e( 43 - 43) =      7.07645  eV     1   --> A              
     e( 44 - 44) =      7.32651  eV     1   --> A              
     e( 45 - 45) =      7.48616  eV     1   --> A              
     e( 46 - 46) =      7.53066  eV     1   --> A              
     e( 47 - 47) =      7.76522  eV     1   --> A              
     e( 48 - 48) =      8.00323  eV     1   --> A              
     e( 49 - 49) =      8.25217  eV     1   --> A              
     e( 50 - 50) =      8.39354  eV     1   --> A              
     e( 51 - 51) =      8.63344  eV     1   --> A              
     e( 52 - 52) =      8.76420  eV     1   --> A              
     e( 53 - 53) =      8.99544  eV     1   --> A              
     e( 54 - 54) =      9.09973  eV     1   --> A              
     e( 55 - 55) =      9.28380  eV     1   --> A              
     e( 56 - 56) =      9.46534  eV     1   --> A              
     e( 57 - 57) =     10.46358  eV     1   --> A              
     e( 58 - 58) =     10.62610  eV     1   --> A              
     e( 59 - 59) =     13.41994  eV     1   --> A              
     e( 60 - 60) =     13.58437  eV     1   --> A              
     e( 61 - 61) =     13.75938  eV     1   --> A              
     e( 62 - 62) =     13.89437  eV     1   --> A              
     e( 63 - 63) =     14.02129  eV     1   --> A              
     e( 64 - 64) =     14.19074  eV     1   --> A              
     e( 65 - 65) =     17.22029  eV     1   --> A              
     e( 66 - 66) =     17.45283  eV     1   --> A              
     e( 67 - 67) =     18.33110  eV     1   --> A              
     e( 68 - 68) =     18.66251  eV     1   --> A              
     e( 69 - 69) =     19.34101  eV     1   --> A              
     e( 70 - 70) =     19.65102  eV     1   --> A              
     e( 71 - 71) =     20.60029  eV     1   --> A              
     e( 72 - 72) =     21.02152  eV     1   --> A              
     e( 73 - 73) =     22.22385  eV     1   --> A              
     e( 74 - 74) =     22.46986  eV     1   --> A              
     e( 75 - 75) =     22.98403  eV     1   --> A              
     e( 76 - 76) =     23.11717  eV     1   --> A              
     e( 77 - 77) =     23.45265  eV     1   --> A              
     e( 78 - 78) =     23.74463  eV     1   --> A              
     e( 79 - 79) =     24.90306  eV     1   --> A              
     e( 80 - 80) =     25.09803  eV     1   --> A              

 **************************************************************************

 **************************************************************************

                    xk=(   0.12414,   0.10248,   0.46939  )

     Band symmetry, C_1 (1)     point group:

     e(  1 -  1) =    -93.68830  eV     1   --> A              
     e(  2 -  2) =    -68.87020  eV     1   --> A              
     e(  3 -  3) =    -64.32761  eV     1   --> A              
     e(  4 -  4) =    -64.32633  eV     1   --> A              
     e(  5 -  5) =    -54.29104  eV     1   --> A              
     e(  6 -  6) =    -54.27335  eV     1   --> A              
     e(  7 -  7) =    -54.25012  eV     1   --> A              
     e(  8 -  8) =    -37.92571  eV     1   --> A              
     e(  9 -  9) =    -37.91772  eV     1   --> A              
     e( 10 - 10) =    -37.90157  eV     1   --> A              
     e( 11 - 11) =    -28.77731  eV     1   --> A              
     e( 12 - 12) =    -28.74537  eV     1   --> A              
     e( 13 - 13) =    -28.66754  eV     1   --> A              
     e( 14 - 14) =    -28.65228  eV     1   --> A              
     e( 15 - 15) =    -28.59444  eV     1   --> A              
     e( 16 - 16) =    -28.54568  eV     1   --> A              
     e( 17 - 17) =     -7.81406  eV     1   --> A              
     e( 18 - 18) =     -7.78806  eV     1   --> A              
     e( 19 - 19) =     -7.40665  eV     1   --> A              
     e( 20 - 20) =     -7.24503  eV     1   --> A              
     e( 21 - 21) =     -6.84267  eV     1   --> A              
     e( 22 - 22) =     -6.76509  eV     1   --> A              
     e( 23 - 23) =     -6.52639  eV     1   --> A              
     e( 24 - 24) =     -6.40544  eV     1   --> A              
     e( 25 - 25) =      2.27392  eV     1   --> A              
     e( 26 - 26) =      2.33625  eV     1   --> A              
     e( 27 - 27) =      3.22835  eV     1   --> A              
     e( 28 - 28) =      3.46540  eV     1   --> A              
     e( 29 - 29) =      3.63795  eV     1   --> A              
     e( 30 - 30) =      3.85433  eV     1   --> A              
     e( 31 - 31) =      4.24158  eV     1   --> A              
     e( 32 - 32) =      4.35978  eV     1   --> A              
     e( 33 - 33) =      4.61231  eV     1   --> A              
     e( 34 - 34) =      4.82961  eV     1   --> A              
     e( 35 - 35) =      5.25213  eV     1   --> A              
     e( 36 - 36) =      5.32507  eV     1   --> A              
     e( 37 - 37) =      5.70075  eV     1   --> A              
     e( 38 - 38) =      5.86027  eV     1   --> A              
     e( 39 - 39) =      5.95883  eV     1   --> A              
     e( 40 - 40) =      6.35950  eV     1   --> A              
     e( 41 - 41) =      6.53542  eV     1   --> A              
     e( 42 - 42) =      6.68625  eV     1   --> A              
     e( 43 - 43) =      7.08128  eV     1   --> A              
     e( 44 - 44) =      7.30454  eV     1   --> A              
     e( 45 - 45) =      7.49352  eV     1   --> A              
     e( 46 - 46) =      7.51763  eV     1   --> A              
     e( 47 - 47) =      7.76237  eV     1   --> A              
     e( 48 - 48) =      7.97709  eV     1   --> A              
     e( 49 - 49) =      8.26045  eV     1   --> A              
     e( 50 - 50) =      8.39488  eV     1   --> A              
     e( 51 - 51) =      8.60610  eV     1   --> A              
     e( 52 - 52) =      8.83580  eV     1   --> A              
     e( 53 - 53) =      8.98098  eV     1   --> A              
     e( 54 - 54) =      9.13627  eV     1   --> A              
     e( 55 - 55) =      9.26683  eV     1   --> A              
     e( 56 - 56) =      9.49059  eV     1   --> A              
     e( 57 - 57) =     10.43675  eV     1   --> A              
     e( 58 - 58) =     10.62337  eV     1   --> A              
     e( 59 - 59) =     13.38659  eV     1   --> A              
     e( 60 - 60) =     13.58586  eV     1   --> A              
     e( 61 - 61) =     13.79494  eV     1   --> A              
     e( 62 - 62) =     13.93545  eV     1   --> A              
     e( 63 - 63) =     14.02767  eV     1   --> A              
     e( 64 - 64) =     14.19133  eV     1   --> A              
     e( 65 - 65) =     17.21071  eV     1   --> A              
     e( 66 - 66) =     17.46250  eV     1   --> A              
     e( 67 - 67) =     18.27938  eV     1   --> A              
     e( 68 - 68) =     18.76198  eV     1   --> A              
     e( 69 - 69) =     19.33076  eV     1   --> A              
     e( 70 - 70) =     19.66776  eV     1   --> A              
     e( 71 - 71) =     20.50299  eV     1   --> A              
     e( 72 - 72) =     21.00990  eV     1   --> A              
     e( 73 - 73) =     22.10336  eV     1   --> A              
     e( 74 - 74) =     22.39215  eV     1   --> A              
     e( 75 - 75) =     23.00929  eV     1   --> A              
     e( 76 - 76) =     23.17750  eV     1   --> A              
     e( 77 - 77) =     23.56244  eV     1   --> A              
     e( 78 - 78) =     23.77478  eV     1   --> A              
     e( 79 - 79) =     24.82887  eV     1   --> A              
     e( 80 - 80) =     25.03867  eV     1   --> A              

 **************************************************************************

 **************************************************************************

                    xk=(   0.14914,   0.12297,   0.46959  )

     Band symmetry, C_1 (1)     point group:

     e(  1 -  1) =    -93.68831  eV     1   --> A              
     e(  2 -  2) =    -68.87021  eV     1   --> A              
     e(  3 -  3) =    -64.32764  eV     1   --> A              
     e(  4 -  4) =    -64.32634  eV     1   --> A              
     e(  5 -  5) =    -54.29104  eV     1   --> A              
     e(  6 -  6) =    -54.27335  eV     1   --> A              
     e(  7 -  7) =    -54.25012  eV     1   --> A              
     e(  8 -  8) =    -37.92572  eV     1   --> A              
     e(  9 -  9) =    -37.91771  eV     1   --> A              
     e( 10 - 10) =    -37.90158  eV     1   --> A              
     e( 11 - 11) =    -28.77748  eV     1   --> A              
     e( 12 - 12) =    -28.74553  eV     1   --> A              
     e( 13 - 13) =    -28.66760  eV     1   --> A              
     e( 14 - 14) =    -28.65234  eV     1   --> A              
     e( 15 - 15) =    -28.59433  eV     1   --> A              
     e( 16 - 16) =    -28.54557  eV     1   --> A              
     e( 17 - 17) =     -7.80377  eV     1   --> A              
     e( 18 - 18) =     -7.76985  eV     1   --> A              
     e( 19 - 19) =     -7.40387  eV     1   --> A              
     e( 20 - 20) =     -7.23415  eV     1   --> A              
     e( 21 - 21) =     -6.87170  eV     1   --> A              
     e( 22 - 22) =     -6.77290  eV     1   --> A              
     e( 23 - 23) =     -6.53312  eV     1   --> A              
     e( 24 - 24) =     -6.41342  eV     1   --> A              
     e( 25 - 25) =      2.27795  eV     1   --> A              
     e( 26 - 26) =      2.35654  eV     1   --> A              
     e( 27 - 27) =      3.25481  eV     1   --> A              
     e( 28 - 28) =      3.49652  eV     1   --> A              
     e( 29 - 29) =      3.64752  eV     1   --> A              
     e( 30 - 30) =      3.83027  eV     1   --> A              
     e( 31 - 31) =      4.23570  eV     1   --> A              
     e( 32 - 32) =      4.34494  eV     1   --> A              
     e( 33 - 33) =      4.62562  eV     1   --> A              
     e( 34 - 34) =      4.81109  eV     1   --> A              
     e( 35 - 35) =      5.26322  eV     1   --> A              
     e( 36 - 36) =      5.33183  eV     1   --> A              
     e( 37 - 37) =      5.64070  eV     1   --> A              
     e( 38 - 38) =      5.86053  eV     1   --> A              
     e( 39 - 39) =      6.02001  eV     1   --> A              
     e( 40 - 40) =      6.35571  eV     1   --> A              
     e( 41 - 41) =      6.48561  eV     1   --> A              
     e( 42 - 42) =      6.68386  eV     1   --> A              
     e( 43 - 43) =      7.08040  eV     1   --> A              
     e( 44 - 44) =      7.28995  eV     1   --> A              
     e( 45 - 45) =      7.45953  eV     1   --> A              
     e( 46 - 46) =      7.53128  eV     1   --> A              
     e( 47 - 47) =      7.77639  eV     1   --> A              
     e( 48 - 48) =      7.95753  eV     1   --> A              
     e( 49 - 49) =      8.25418  eV     1   --> A              
     e( 50 - 50) =      8.40537  eV     1   --> A              
     e( 51 - 51) =      8.56355  eV     1   --> A              
     e( 52 - 52) =      8.88415  eV     1   --> A              
     e( 53 - 53) =      8.96582  eV     1   --> A              
     e( 54 - 54) =      9.18992  eV     1   --> A              
     e( 55 - 55) =      9.25169  eV     1   --> A              
     e( 56 - 56) =      9.51732  eV     1   --> A              
     e( 57 - 57) =     10.40651  eV     1   --> A              
     e( 58 - 58) =     10.61620  eV     1   --> A              
     e( 59 - 59) =     13.35737  eV     1   --> A              
     e( 60 - 60) =     13.58896  eV     1   --> A              
     e( 61 - 61) =     13.82707  eV     1   --> A              
     e( 62 - 62) =     13.97184  eV     1   --> A              
     e( 63 - 63) =     14.04193  eV     1   --> A              
     e( 64 - 64) =     14.19479  eV     1   --> A              
     e( 65 - 65) =     17.19630  eV     1   --> A              
     e( 66 - 66) =     17.48164  eV     1   --> A              
     e( 67 - 67) =     18.21572  eV     1   --> A              
     e( 68 - 68) =     18.87631  eV     1   --> A              
     e( 69 - 69) =     19.33213  eV     1   --> A              
     e( 70 - 70) =     19.68020  eV     1   --> A              
     e( 71 - 71) =     20.41193  eV     1   --> A              
     e( 72 - 72) =     20.99004  eV     1   --> A              
     e( 73 - 73) =     21.98548  eV     1   --> A              
     e( 74 - 74) =     22.30775  eV     1   --> A              
     e( 75 - 75) =     23.00971  eV     1   --> A              
     e( 76 - 76) =     23.26501  eV     1   --> A              
     e( 77 - 77) =     23.68024  eV     1   --> A              
     e( 78 - 78) =     23.76819  eV     1   --> A              
     e( 79 - 79) =     24.72824  eV     1   --> A              
     e( 80 - 80) =     25.01885  eV     1   --> A              

 **************************************************************************

 **************************************************************************

                    xk=(   0.17414,   0.14347,   0.46979  )

     Band symmetry, C_1 (1)     point group:

     e(  1 -  1) =    -93.68831  eV     1   --> A              
     e(  2 -  2) =    -68.87021  eV     1   --> A              
     e(  3 -  3) =    -64.32767  eV     1   --> A              
     e(  4 -  4) =    -64.32636  eV     1   --> A              
     e(  5 -  5) =    -54.29104  eV     1   --> A              
     e(  6 -  6) =    -54.27335  eV     1   --> A              
     e(  7 -  7) =    -54.25012  eV     1   --> A              
     e(  8 -  8) =    -37.92572  eV     1   --> A              
     e(  9 -  9) =    -37.91771  eV     1   --> A              
     e( 10 - 10) =    -37.90159  eV     1   --> A              
     e( 11 - 11) =    -28.77766  eV     1   --> A              
     e( 12 - 12) =    -28.74572  eV     1   --> A              
     e( 13 - 13) =    -28.66766  eV     1   --> A              
     e( 14 - 14) =    -28.65240  eV     1   --> A              
     e( 15 - 15) =    -28.59420  eV     1   --> A              
     e( 16 - 16) =    -28.54546  eV     1   --> A              
     e( 17 - 17) =     -7.79305  eV     1   --> A              
     e( 18 - 18) =     -7.74980  eV     1   --> A              
     e( 19 - 19) =     -7.40324  eV     1   --> A              
     e( 20 - 20) =     -7.22058  eV     1   --> A              
     e( 21 - 21) =     -6.90240  eV     1   --> A              
     e( 22 - 22) =     -6.78131  eV     1   --> A              
     e( 23 - 23) =     -6.54016  eV     1   --> A              
     e( 24 - 24) =     -6.42130  eV     1   --> A              
     e( 25 - 25) =      2.28141  eV     1   --> A              
     e( 26 - 26) =      2.37612  eV     1   --> A              
     e( 27 - 27) =      3.28155  eV     1   --> A              
     e( 28 - 28) =      3.52777  eV     1   --> A              
     e( 29 - 29) =      3.65535  eV     1   --> A              
     e( 30 - 30) =      3.80936  eV     1   --> A              
     e( 31 - 31) =      4.22635  eV     1   --> A              
     e( 32 - 32) =      4.33496  eV     1   --> A              
     e( 33 - 33) =      4.64031  eV     1   --> A              
     e( 34 - 34) =      4.79173  eV     1   --> A              
     e( 35 - 35) =      5.25129  eV     1   --> A              
     e( 36 - 36) =      5.33460  eV     1   --> A              
     e( 37 - 37) =      5.60227  eV     1   --> A              
     e( 38 - 38) =      5.87663  eV     1   --> A              
     e( 39 - 39) =      6.08868  eV     1   --> A              
     e( 40 - 40) =      6.30910  eV     1   --> A              
     e( 41 - 41) =      6.46110  eV     1   --> A              
     e( 42 - 42) =      6.69985  eV     1   --> A              
     e( 43 - 43) =      7.06923  eV     1   --> A              
     e( 44 - 44) =      7.28979  eV     1   --> A              
     e( 45 - 45) =      7.41008  eV     1   --> A              
     e( 46 - 46) =      7.55177  eV     1   --> A              
     e( 47 - 47) =      7.79798  eV     1   --> A              
     e( 48 - 48) =      7.94175  eV     1   --> A              
     e( 49 - 49) =      8.23930  eV     1   --> A              
     e( 50 - 50) =      8.41732  eV     1   --> A              
     e( 51 - 51) =      8.52029  eV     1   --> A              
     e( 52 - 52) =      8.89538  eV     1   --> A              
     e( 53 - 53) =      8.96539  eV     1   --> A              
     e( 54 - 54) =      9.20153  eV     1   --> A              
     e( 55 - 55) =      9.28453  eV     1   --> A              
     e( 56 - 56) =      9.53960  eV     1   --> A              
     e( 57 - 57) =     10.37426  eV     1   --> A              
     e( 58 - 58) =     10.60493  eV     1   --> A              
     e( 59 - 59) =     13.33493  eV     1   --> A              
     e( 60 - 60) =     13.59156  eV     1   --> A              
     e( 61 - 61) =     13.85452  eV     1   --> A              
     e( 62 - 62) =     13.99493  eV     1   --> A              
     e( 63 - 63) =     14.07158  eV     1   --> A              
     e( 64 - 64) =     14.20169  eV     1   --> A              
     e( 65 - 65) =     17.17377  eV     1   --> A              
     e( 66 - 66) =     17.51108  eV     1   --> A              
     e( 67 - 67) =     18.14918  eV     1   --> A              
     e( 68 - 68) =     18.99901  eV     1   --> A              
     e( 69 - 69) =     19.34499  eV     1   --> A              
     e( 70 - 70) =     19.68822  eV     1   --> A              
     e( 71 - 71) =     20.33280  eV     1   --> A              
     e( 72 - 72) =     20.96395  eV     1   --> A              
     e( 73 - 73) =     21.87452  eV     1   --> A              
     e( 74 - 74) =     22.22001  eV     1   --> A              
     e( 75 - 75) =     22.99795  eV     1   --> A              
     e( 76 - 76) =     23.35810  eV     1   --> A              
     e( 77 - 77) =     23.71976  eV     1   --> A              
     e( 78 - 78) =     23.80422  eV     1   --> A              
     e( 79 - 79) =     24.62342  eV     1   --> A              
     e( 80 - 80) =     25.03985  eV     1   --> A              

 **************************************************************************

 **************************************************************************

                    xk=(   0.19914,   0.16396,   0.46998  )

     Band symmetry, C_1 (1)     point group:

     e(  1 -  1) =    -93.68831  eV     1   --> A              
     e(  2 -  2) =    -68.87021  eV     1   --> A              
     e(  3 -  3) =    -64.32771  eV     1   --> A              
     e(  4 -  4) =    -64.32638  eV     1   --> A              
     e(  5 -  5) =    -54.29104  eV     1   --> A              
     e(  6 -  6) =    -54.27335  eV     1   --> A              
     e(  7 -  7) =    -54.25012  eV     1   --> A              
     e(  8 -  8) =    -37.92572  eV     1   --> A              
     e(  9 -  9) =    -37.91771  eV     1   --> A              
     e( 10 - 10) =    -37.90159  eV     1   --> A              
     e( 11 - 11) =    -28.77785  eV     1   --> A              
     e( 12 - 12) =    -28.74591  eV     1   --> A              
     e( 13 - 13) =    -28.66772  eV     1   --> A              
     e( 14 - 14) =    -28.65246  eV     1   --> A              
     e( 15 - 15) =    -28.59406  eV     1   --> A              
     e( 16 - 16) =    -28.54534  eV     1   --> A              
     e( 17 - 17) =     -7.78243  eV     1   --> A              
     e( 18 - 18) =     -7.72867  eV     1   --> A              
     e( 19 - 19) =     -7.40467  eV     1   --> A              
     e( 20 - 20) =     -7.20626  eV     1   --> A              
     e( 21 - 21) =     -6.93186  eV     1   --> A              
     e( 22 - 22) =     -6.79002  eV     1   --> A              
     e( 23 - 23) =     -6.54734  eV     1   --> A              
     e( 24 - 24) =     -6.42863  eV     1   --> A              
     e( 25 - 25) =      2.28451  eV     1   --> A              
     e( 26 - 26) =      2.39280  eV     1   --> A              
     e( 27 - 27) =      3.30675  eV     1   --> A              
     e( 28 - 28) =      3.55597  eV     1   --> A              
     e( 29 - 29) =      3.65953  eV     1   --> A              
     e( 30 - 30) =      3.79680  eV     1   --> A              
     e( 31 - 31) =      4.21100  eV     1   --> A              
     e( 32 - 32) =      4.33002  eV     1   --> A              
     e( 33 - 33) =      4.64756  eV     1   --> A              
     e( 34 - 34) =      4.78048  eV     1   --> A              
     e( 35 - 35) =      5.23715  eV     1   --> A              
     e( 36 - 36) =      5.31230  eV     1   --> A              
     e( 37 - 37) =      5.59614  eV     1   --> A              
     e( 38 - 38) =      5.90558  eV     1   --> A              
     e( 39 - 39) =      6.13235  eV     1   --> A              
     e( 40 - 40) =      6.27170  eV     1   --> A              
     e( 41 - 41) =      6.44511  eV     1   --> A              
     e( 42 - 42) =      6.73242  eV     1   --> A              
     e( 43 - 43) =      7.04696  eV     1   --> A              
     e( 44 - 44) =      7.30474  eV     1   --> A              
     e( 45 - 45) =      7.35943  eV     1   --> A              
     e( 46 - 46) =      7.57169  eV     1   --> A              
     e( 47 - 47) =      7.81626  eV     1   --> A              
     e( 48 - 48) =      7.93103  eV     1   --> A              
     e( 49 - 49) =      8.22205  eV     1   --> A              
     e( 50 - 50) =      8.41728  eV     1   --> A              
     e( 51 - 51) =      8.49177  eV     1   --> A              
     e( 52 - 52) =      8.87685  eV     1   --> A              
     e( 53 - 53) =      8.97575  eV     1   --> A              
     e( 54 - 54) =      9.18399  eV     1   --> A              
     e( 55 - 55) =      9.34249  eV     1   --> A              
     e( 56 - 56) =      9.55227  eV     1   --> A              
     e( 57 - 57) =     10.34163  eV     1   --> A              
     e( 58 - 58) =     10.59012  eV     1   --> A              
     e( 59 - 59) =     13.32090  eV     1   --> A              
     e( 60 - 60) =     13.59237  eV     1   --> A              
     e( 61 - 61) =     13.87902  eV     1   --> A              
     e( 62 - 62) =     14.00384  eV     1   --> A              
     e( 63 - 63) =     14.11457  eV     1   --> A              
     e( 64 - 64) =     14.21167  eV     1   --> A              
     e( 65 - 65) =     17.14258  eV     1   --> A              
     e( 66 - 66) =     17.54349  eV     1   --> A              
     e( 67 - 67) =     18.09341  eV     1   --> A              
     e( 68 - 68) =     19.12253  eV     1   --> A              
     e( 69 - 69) =     19.36977  eV     1   --> A              
     e( 70 - 70) =     19.69212  eV     1   --> A              
     e( 71 - 71) =     20.27055  eV     1   --> A              
     e( 72 - 72) =     20.93356  eV     1   --> A              
     e( 73 - 73) =     21.77312  eV     1   --> A              
     e( 74 - 74) =     22.13129  eV     1   --> A              
     e( 75 - 75) =     22.97666  eV     1   --> A              
     e( 76 - 76) =     23.43693  eV     1   --> A              
     e( 77 - 77) =     23.65960  eV     1   --> A              
     e( 78 - 78) =     23.91298  eV     1   --> A              
     e( 79 - 79) =     24.53713  eV     1   --> A              
     e( 80 - 80) =     25.08680  eV     1   --> A              

 **************************************************************************

 **************************************************************************

                    xk=(   0.22414,   0.18446,   0.47018  )

     Band symmetry, C_1 (1)     point group:

     e(  1 -  1) =    -93.68832  eV     1   --> A              
     e(  2 -  2) =    -68.87021  eV     1   --> A              
     e(  3 -  3) =    -64.32775  eV     1   --> A              
     e(  4 -  4) =    -64.32641  eV     1   --> A              
     e(  5 -  5) =    -54.29104  eV     1   --> A              
     e(  6 -  6) =    -54.27335  eV     1   --> A              
     e(  7 -  7) =    -54.25012  eV     1   --> A              
     e(  8 -  8) =    -37.92573  eV     1   --> A              
     e(  9 -  9) =    -37.91771  eV     1   --> A              
     e( 10 - 10) =    -37.90160  eV     1   --> A              
     e( 11 - 11) =    -28.77804  eV     1   --> A              
     e( 12 - 12) =    -28.74612  eV     1   --> A              
     e( 13 - 13) =    -28.66778  eV     1   --> A              
     e( 14 - 14) =    -28.65251  eV     1   --> A              
     e( 15 - 15) =    -28.59392  eV     1   --> A              
     e( 16 - 16) =    -28.54521  eV     1   --> A              
     e( 17 - 17) =     -7.77234  eV     1   --> A              
     e( 18 - 18) =     -7.70739  eV     1   --> A              
     e( 19 - 19) =     -7.40756  eV     1   --> A              
     e( 20 - 20) =     -7.19495  eV     1   --> A              
     e( 21 - 21) =     -6.95594  eV     1   --> A              
     e( 22 - 22) =     -6.79866  eV     1   --> A              
     e( 23 - 23) =     -6.55448  eV     1   --> A              
     e( 24 - 24) =     -6.43508  eV     1   --> A              
     e( 25 - 25) =      2.28729  eV     1   --> A              
     e( 26 - 26) =      2.40490  eV     1   --> A              
     e( 27 - 27) =      3.32858  eV     1   --> A              
     e( 28 - 28) =      3.57675  eV     1   --> A              
     e( 29 - 29) =      3.66148  eV     1   --> A              
     e( 30 - 30) =      3.79530  eV     1   --> A              
     e( 31 - 31) =      4.19173  eV     1   --> A              
     e( 32 - 32) =      4.32594  eV     1   --> A              
     e( 33 - 33) =      4.63248  eV     1   --> A              
     e( 34 - 34) =      4.79279  eV     1   --> A              
     e( 35 - 35) =      5.22363  eV     1   --> A              
     e( 36 - 36) =      5.28470  eV     1   --> A              
     e( 37 - 37) =      5.60124  eV     1   --> A              
     e( 38 - 38) =      5.94381  eV     1   --> A              
     e( 39 - 39) =      6.11075  eV     1   --> A              
     e( 40 - 40) =      6.30187  eV     1   --> A              
     e( 41 - 41) =      6.43169  eV     1   --> A              
     e( 42 - 42) =      6.77669  eV     1   --> A              
     e( 43 - 43) =      7.01722  eV     1   --> A              
     e( 44 - 44) =      7.30700  eV     1   --> A              
     e( 45 - 45) =      7.33697  eV     1   --> A              
     e( 46 - 46) =      7.58921  eV     1   --> A              
     e( 47 - 47) =      7.81841  eV     1   --> A              
     e( 48 - 48) =      7.93397  eV     1   --> A              
     e( 49 - 49) =      8.20589  eV     1   --> A              
     e( 50 - 50) =      8.39862  eV     1   --> A              
     e( 51 - 51) =      8.48630  eV     1   --> A              
     e( 52 - 52) =      8.84766  eV     1   --> A              
     e( 53 - 53) =      8.97926  eV     1   --> A              
     e( 54 - 54) =      9.16910  eV     1   --> A              
     e( 55 - 55) =      9.38786  eV     1   --> A              
     e( 56 - 56) =      9.55290  eV     1   --> A              
     e( 57 - 57) =     10.30997  eV     1   --> A              
     e( 58 - 58) =     10.57191  eV     1   --> A              
     e( 59 - 59) =     13.31602  eV     1   --> A              
     e( 60 - 60) =     13.59111  eV     1   --> A              
     e( 61 - 61) =     13.90308  eV     1   --> A              
     e( 62 - 62) =     14.00511  eV     1   --> A              
     e( 63 - 63) =     14.16129  eV     1   --> A              
     e( 64 - 64) =     14.22364  eV     1   --> A              
     e( 65 - 65) =     17.10442  eV     1   --> A              
     e( 66 - 66) =     17.56238  eV     1   --> A              
     e( 67 - 67) =     18.06766  eV     1   --> A              
     e( 68 - 68) =     19.23357  eV     1   --> A              
     e( 69 - 69) =     19.41237  eV     1   --> A              
     e( 70 - 70) =     19.69348  eV     1   --> A              
     e( 71 - 71) =     20.22866  eV     1   --> A              
     e( 72 - 72) =     20.90094  eV     1   --> A              
     e( 73 - 73) =     21.68256  eV     1   --> A              
     e( 74 - 74) =     22.04320  eV     1   --> A              
     e( 75 - 75) =     22.94455  eV     1   --> A              
     e( 76 - 76) =     23.44658  eV     1   --> A              
     e( 77 - 77) =     23.64283  eV     1   --> A              
     e( 78 - 78) =     24.00097  eV     1   --> A              
     e( 79 - 79) =     24.48608  eV     1   --> A              
     e( 80 - 80) =     25.14118  eV     1   --> A              

 **************************************************************************

 **************************************************************************

                    xk=(   0.24914,   0.20495,   0.47038  )

     Band symmetry, C_1 (1)     point group:

     e(  1 -  1) =    -93.68832  eV     1   --> A              
     e(  2 -  2) =    -68.87021  eV     1   --> A              
     e(  3 -  3) =    -64.32780  eV     1   --> A              
     e(  4 -  4) =    -64.32645  eV     1   --> A              
     e(  5 -  5) =    -54.29104  eV     1   --> A              
     e(  6 -  6) =    -54.27335  eV     1   --> A              
     e(  7 -  7) =    -54.25012  eV     1   --> A              
     e(  8 -  8) =    -37.92573  eV     1   --> A              
     e(  9 -  9) =    -37.91770  eV     1   --> A              
     e( 10 - 10) =    -37.90161  eV     1   --> A              
     e( 11 - 11) =    -28.77823  eV     1   --> A              
     e( 12 - 12) =    -28.74632  eV     1   --> A              
     e( 13 - 13) =    -28.66784  eV     1   --> A              
     e( 14 - 14) =    -28.65256  eV     1   --> A              
     e( 15 - 15) =    -28.59378  eV     1   --> A              
     e( 16 - 16) =    -28.54508  eV     1   --> A              
     e( 17 - 17) =     -7.76313  eV     1   --> A              
     e( 18 - 18) =     -7.68704  eV     1   --> A              
     e( 19 - 19) =     -7.41099  eV     1   --> A              
     e( 20 - 20) =     -7.19158  eV     1   --> A              
     e( 21 - 21) =     -6.96962  eV     1   --> A              
     e( 22 - 22) =     -6.80679  eV     1   --> A              
     e( 23 - 23) =     -6.56137  eV     1   --> A              
     e( 24 - 24) =     -6.44046  eV     1   --> A              
     e( 25 - 25) =      2.28969  eV     1   --> A              
     e( 26 - 26) =      2.41129  eV     1   --> A              
     e( 27 - 27) =      3.34548  eV     1   --> A              
     e( 28 - 28) =      3.58585  eV     1   --> A              
     e( 29 - 29) =      3.66639  eV     1   --> A              
     e( 30 - 30) =      3.80300  eV     1   --> A              
     e( 31 - 31) =      4.17272  eV     1   --> A              
     e( 32 - 32) =      4.31722  eV     1   --> A              
     e( 33 - 33) =      4.59924  eV     1   --> A              
     e( 34 - 34) =      4.82474  eV     1   --> A              
     e( 35 - 35) =      5.20796  eV     1   --> A              
     e( 36 - 36) =      5.27495  eV     1   --> A              
     e( 37 - 37) =      5.59316  eV     1   --> A              
     e( 38 - 38) =      5.98340  eV     1   --> A              
     e( 39 - 39) =      6.08646  eV     1   --> A              
     e( 40 - 40) =      6.33701  eV     1   --> A              
     e( 41 - 41) =      6.43967  eV     1   --> A              
     e( 42 - 42) =      6.82713  eV     1   --> A              
     e( 43 - 43) =      6.98543  eV     1   --> A              
     e( 44 - 44) =      7.26946  eV     1   --> A              
     e( 45 - 45) =      7.36678  eV     1   --> A              
     e( 46 - 46) =      7.60238  eV     1   --> A              
     e( 47 - 47) =      7.80331  eV     1   --> A              
     e( 48 - 48) =      7.95385  eV     1   --> A              
     e( 49 - 49) =      8.19225  eV     1   --> A              
     e( 50 - 50) =      8.37706  eV     1   --> A              
     e( 51 - 51) =      8.48892  eV     1   --> A              
     e( 52 - 52) =      8.81392  eV     1   --> A              
     e( 53 - 53) =      8.97164  eV     1   --> A              
     e( 54 - 54) =      9.16044  eV     1   --> A              
     e( 55 - 55) =      9.40835  eV     1   --> A              
     e( 56 - 56) =      9.54703  eV     1   --> A              
     e( 57 - 57) =     10.27964  eV     1   --> A              
     e( 58 - 58) =     10.54940  eV     1   --> A              
     e( 59 - 59) =     13.32011  eV     1   --> A              
     e( 60 - 60) =     13.58847  eV     1   --> A              
     e( 61 - 61) =     13.92794  eV     1   --> A              
     e( 62 - 62) =     14.00272  eV     1   --> A              
     e( 63 - 63) =     14.20507  eV     1   --> A              
     e( 64 - 64) =     14.23710  eV     1   --> A              
     e( 65 - 65) =     17.06195  eV     1   --> A              
     e( 66 - 66) =     17.55125  eV     1   --> A              
     e( 67 - 67) =     18.08873  eV     1   --> A              
     e( 68 - 68) =     19.31026  eV     1   --> A              
     e( 69 - 69) =     19.48566  eV     1   --> A              
     e( 70 - 70) =     19.69720  eV     1   --> A              
     e( 71 - 71) =     20.20832  eV     1   --> A              
     e( 72 - 72) =     20.86855  eV     1   --> A              
     e( 73 - 73) =     21.60319  eV     1   --> A              
     e( 74 - 74) =     21.95684  eV     1   --> A              
     e( 75 - 75) =     22.89824  eV     1   --> A              
     e( 76 - 76) =     23.36902  eV     1   --> A              
     e( 77 - 77) =     23.69826  eV     1   --> A              
     e( 78 - 78) =     24.05453  eV     1   --> A              
     e( 79 - 79) =     24.48309  eV     1   --> A              
     e( 80 - 80) =     25.17983  eV     1   --> A              

 **************************************************************************

 **************************************************************************

                    xk=(   0.27414,   0.22545,   0.47058  )

     Band symmetry, C_1 (1)     point group:

     e(  1 -  1) =    -93.68832  eV     1   --> A              
     e(  2 -  2) =    -68.87021  eV     1   --> A              
     e(  3 -  3) =    -64.32785  eV     1   --> A              
     e(  4 -  4) =    -64.32649  eV     1   --> A              
     e(  5 -  5) =    -54.29104  eV     1   --> A              
     e(  6 -  6) =    -54.27335  eV     1   --> A              
     e(  7 -  7) =    -54.25012  eV     1   --> A              
     e(  8 -  8) =    -37.92573  eV     1   --> A              
     e(  9 -  9) =    -37.91770  eV     1   --> A              
     e( 10 - 10) =    -37.90162  eV     1   --> A              
     e( 11 - 11) =    -28.77842  eV     1   --> A              
     e( 12 - 12) =    -28.74651  eV     1   --> A              
     e( 13 - 13) =    -28.66789  eV     1   --> A              
     e( 14 - 14) =    -28.65260  eV     1   --> A              
     e( 15 - 15) =    -28.59364  eV     1   --> A              
     e( 16 - 16) =    -28.54495  eV     1   --> A              
     e( 17 - 17) =     -7.75509  eV     1   --> A              
     e( 18 - 18) =     -7.66873  eV     1   --> A              
     e( 19 - 19) =     -7.41401  eV     1   --> A              
     e( 20 - 20) =     -7.19944  eV     1   --> A              
     e( 21 - 21) =     -6.96977  eV     1   --> A              
     e( 22 - 22) =     -6.81396  eV     1   --> A              
     e( 23 - 23) =     -6.56776  eV     1   --> A              
     e( 24 - 24) =     -6.44471  eV     1   --> A              
     e( 25 - 25) =      2.29155  eV     1   --> A              
     e( 26 - 26) =      2.41153  eV     1   --> A              
     e( 27 - 27) =      3.35665  eV     1   --> A              
     e( 28 - 28) =      3.58472  eV     1   --> A              
     e( 29 - 29) =      3.67479  eV     1   --> A              
     e( 30 - 30) =      3.81632  eV     1   --> A              
     e( 31 - 31) =      4.15759  eV     1   --> A              
     e( 32 - 32) =      4.29958  eV     1   --> A              
     e( 33 - 33) =      4.56451  eV     1   --> A              
     e( 34 - 34) =      4.85831  eV     1   --> A              
     e( 35 - 35) =      5.19630  eV     1   --> A              
     e( 36 - 36) =      5.28536  eV     1   --> A              
     e( 37 - 37) =      5.56284  eV     1   --> A              
     e( 38 - 38) =      6.01283  eV     1   --> A              
     e( 39 - 39) =      6.10334  eV     1   --> A              
     e( 40 - 40) =      6.33818  eV     1   --> A              
     e( 41 - 41) =      6.48123  eV     1   --> A              
     e( 42 - 42) =      6.87385  eV     1   --> A              
     e( 43 - 43) =      6.96035  eV     1   --> A              
     e( 44 - 44) =      7.23874  eV     1   --> A              
     e( 45 - 45) =      7.39633  eV     1   --> A              
     e( 46 - 46) =      7.60925  eV     1   --> A              
     e( 47 - 47) =      7.78642  eV     1   --> A              
     e( 48 - 48) =      7.98295  eV     1   --> A              
     e( 49 - 49) =      8.18216  eV     1   --> A              
     e( 50 - 50) =      8.36190  eV     1   --> A              
     e( 51 - 51) =      8.48962  eV     1   --> A              
     e( 52 - 52) =      8.77791  eV     1   --> A              
     e( 53 - 53) =      8.95508  eV     1   --> A              
     e( 54 - 54) =      9.15469  eV     1   --> A              
     e( 55 - 55) =      9.39336  eV     1   --> A              
     e( 56 - 56) =      9.54831  eV     1   --> A              
     e( 57 - 57) =     10.24982  eV     1   --> A              
     e( 58 - 58) =     10.52051  eV     1   --> A              
     e( 59 - 59) =     13.33201  eV     1   --> A              
     e( 60 - 60) =     13.58586  eV     1   --> A              
     e( 61 - 61) =     13.95266  eV     1   --> A              
     e( 62 - 62) =     13.99985  eV     1   --> A              
     e( 63 - 63) =     14.23543  eV     1   --> A              
     e( 64 - 64) =     14.25833  eV     1   --> A              
     e( 65 - 65) =     17.01824  eV     1   --> A              
     e( 66 - 66) =     17.51046  eV     1   --> A              
     e( 67 - 67) =     18.15479  eV     1   --> A              
     e( 68 - 68) =     19.35004  eV     1   --> A              
     e( 69 - 69) =     19.57518  eV     1   --> A              
     e( 70 - 70) =     19.71795  eV     1   --> A              
     e( 71 - 71) =     20.20802  eV     1   --> A              
     e( 72 - 72) =     20.83930  eV     1   --> A              
     e( 73 - 73) =     21.53472  eV     1   --> A              
     e( 74 - 74) =     21.87303  eV     1   --> A              
     e( 75 - 75) =     22.83353  eV     1   --> A              
     e( 76 - 76) =     23.27332  eV     1   --> A              
     e( 77 - 77) =     23.76400  eV     1   --> A              
     e( 78 - 78) =     24.07892  eV     1   --> A              
     e( 79 - 79) =     24.52309  eV     1   --> A              
     e( 80 - 80) =     25.18901  eV     1   --> A              

 **************************************************************************

 **************************************************************************

                    xk=(   0.29914,   0.24594,   0.47077  )

     Band symmetry, C_1 (1)     point group:

     e(  1 -  1) =    -93.68833  eV     1   --> A              
     e(  2 -  2) =    -68.87022  eV     1   --> A              
     e(  3 -  3) =    -64.32789  eV     1   --> A              
     e(  4 -  4) =    -64.32653  eV     1   --> A              
     e(  5 -  5) =    -54.29104  eV     1   --> A              
     e(  6 -  6) =    -54.27335  eV     1   --> A              
     e(  7 -  7) =    -54.25012  eV     1   --> A              
     e(  8 -  8) =    -37.92574  eV     1   --> A              
     e(  9 -  9) =    -37.91770  eV     1   --> A              
     e( 10 - 10) =    -37.90163  eV     1   --> A              
     e( 11 - 11) =    -28.77858  eV     1   --> A              
     e( 12 - 12) =    -28.74670  eV     1   --> A              
     e( 13 - 13) =    -28.66793  eV     1   --> A              
     e( 14 - 14) =    -28.65263  eV     1   --> A              
     e( 15 - 15) =    -28.59350  eV     1   --> A              
     e( 16 - 16) =    -28.54482  eV     1   --> A              
     e( 17 - 17) =     -7.74841  eV     1   --> A              
     e( 18 - 18) =     -7.65344  eV     1   --> A              
     e( 19 - 19) =     -7.41594  eV     1   --> A              
     e( 20 - 20) =     -7.21684  eV     1   --> A              
     e( 21 - 21) =     -6.95829  eV     1   --> A              
     e( 22 - 22) =     -6.81973  eV     1   --> A              
     e( 23 - 23) =     -6.57339  eV     1   --> A              
     e( 24 - 24) =     -6.44784  eV     1   --> A              
     e( 25 - 25) =      2.29263  eV     1   --> A              
     e( 26 - 26) =      2.40596  eV     1   --> A              
     e( 27 - 27) =      3.36231  eV     1   --> A              
     e( 28 - 28) =      3.57865  eV     1   --> A              
     e( 29 - 29) =      3.68212  eV     1   --> A              
     e( 30 - 30) =      3.83282  eV     1   --> A              
     e( 31 - 31) =      4.14810  eV     1   --> A              
     e( 32 - 32) =      4.27169  eV     1   --> A              
     e( 33 - 33) =      4.53929  eV     1   --> A              
     e( 34 - 34) =      4.87937  eV     1   --> A              
     e( 35 - 35) =      5.19652  eV     1   --> A              
     e( 36 - 36) =      5.30338  eV     1   --> A              
     e( 37 - 37) =      5.52458  eV     1   --> A              
     e( 38 - 38) =      6.03839  eV     1   --> A              
     e( 39 - 39) =      6.14762  eV     1   --> A              
     e( 40 - 40) =      6.33428  eV     1   --> A              
     e( 41 - 41) =      6.52954  eV     1   --> A              
     e( 42 - 42) =      6.88898  eV     1   --> A              
     e( 43 - 43) =      6.96519  eV     1   --> A              
     e( 44 - 44) =      7.21646  eV     1   --> A              
     e( 45 - 45) =      7.41495  eV     1   --> A              
     e( 46 - 46) =      7.61161  eV     1   --> A              
     e( 47 - 47) =      7.78140  eV     1   --> A              
     e( 48 - 48) =      8.01602  eV     1   --> A              
     e( 49 - 49) =      8.17779  eV     1   --> A              
     e( 50 - 50) =      8.35288  eV     1   --> A              
     e( 51 - 51) =      8.48682  eV     1   --> A              
     e( 52 - 52) =      8.74159  eV     1   --> A              
     e( 53 - 53) =      8.93319  eV     1   --> A              
     e( 54 - 54) =      9.14368  eV     1   --> A              
     e( 55 - 55) =      9.35134  eV     1   --> A              
     e( 56 - 56) =      9.55927  eV     1   --> A              
     e( 57 - 57) =     10.21920  eV     1   --> A              
     e( 58 - 58) =     10.48261  eV     1   --> A              
     e( 59 - 59) =     13.34957  eV     1   --> A              
     e( 60 - 60) =     13.58480  eV     1   --> A              
     e( 61 - 61) =     13.97149  eV     1   --> A              
     e( 62 - 62) =     14.00308  eV     1   --> A              
     e( 63 - 63) =     14.24758  eV     1   --> A              
     e( 64 - 64) =     14.28972  eV     1   --> A              
     e( 65 - 65) =     16.97658  eV     1   --> A              
     e( 66 - 66) =     17.45301  eV     1   --> A              
     e( 67 - 67) =     18.25002  eV     1   --> A              
     e( 68 - 68) =     19.36837  eV     1   --> A              
     e( 69 - 69) =     19.63414  eV     1   --> A              
     e( 70 - 70) =     19.78532  eV     1   --> A              
     e( 71 - 71) =     20.22419  eV     1   --> A              
     e( 72 - 72) =     20.81652  eV     1   --> A              
     e( 73 - 73) =     21.47670  eV     1   --> A              
     e( 74 - 74) =     21.79259  eV     1   --> A              
     e( 75 - 75) =     22.74889  eV     1   --> A              
     e( 76 - 76) =     23.18421  eV     1   --> A              
     e( 77 - 77) =     23.81606  eV     1   --> A              
     e( 78 - 78) =     24.09958  eV     1   --> A              
     e( 79 - 79) =     24.58055  eV     1   --> A              
     e( 80 - 80) =     25.17990  eV     1   --> A              

 **************************************************************************

 **************************************************************************

                    xk=(   0.32414,   0.26644,   0.47097  )

     Band symmetry, C_1 (1)     point group:

     e(  1 -  1) =    -93.68833  eV     1   --> A              
     e(  2 -  2) =    -68.87022  eV     1   --> A              
     e(  3 -  3) =    -64.32794  eV     1   --> A              
     e(  4 -  4) =    -64.32658  eV     1   --> A              
     e(  5 -  5) =    -54.29104  eV     1   --> A              
     e(  6 -  6) =    -54.27335  eV     1   --> A              
     e(  7 -  7) =    -54.25011  eV     1   --> A              
     e(  8 -  8) =    -37.92574  eV     1   --> A              
     e(  9 -  9) =    -37.91770  eV     1   --> A              
     e( 10 - 10) =    -37.90164  eV     1   --> A              
     e( 11 - 11) =    -28.77874  eV     1   --> A              
     e( 12 - 12) =    -28.74687  eV     1   --> A              
     e( 13 - 13) =    -28.66797  eV     1   --> A              
     e( 14 - 14) =    -28.65266  eV     1   --> A              
     e( 15 - 15) =    -28.59337  eV     1   --> A              
     e( 16 - 16) =    -28.54470  eV     1   --> A              
     e( 17 - 17) =     -7.74324  eV     1   --> A              
     e( 18 - 18) =     -7.64175  eV     1   --> A              
     e( 19 - 19) =     -7.41660  eV     1   --> A              
     e( 20 - 20) =     -7.23884  eV     1   --> A              
     e( 21 - 21) =     -6.94030  eV     1   --> A              
     e( 22 - 22) =     -6.82367  eV     1   --> A              
     e( 23 - 23) =     -6.57803  eV     1   --> A              
     e( 24 - 24) =     -6.44994  eV     1   --> A              
     e( 25 - 25) =      2.29256  eV     1   --> A              
     e( 26 - 26) =      2.39573  eV     1   --> A              
     e( 27 - 27) =      3.36363  eV     1   --> A              
     e( 28 - 28) =      3.56992  eV     1   --> A              
     e( 29 - 29) =      3.68652  eV     1   --> A              
     e( 30 - 30) =      3.85099  eV     1   --> A              
     e( 31 - 31) =      4.14280  eV     1   --> A              
     e( 32 - 32) =      4.23813  eV     1   --> A              
     e( 33 - 33) =      4.52645  eV     1   --> A              
     e( 34 - 34) =      4.88189  eV     1   --> A              
     e( 35 - 35) =      5.20783  eV     1   --> A              
     e( 36 - 36) =      5.30384  eV     1   --> A              
     e( 37 - 37) =      5.51394  eV     1   --> A              
     e( 38 - 38) =      6.06333  eV     1   --> A              
     e( 39 - 39) =      6.19391  eV     1   --> A              
     e( 40 - 40) =      6.34839  eV     1   --> A              
     e( 41 - 41) =      6.57412  eV     1   --> A              
     e( 42 - 42) =      6.87328  eV     1   --> A              
     e( 43 - 43) =      6.99175  eV     1   --> A              
     e( 44 - 44) =      7.20168  eV     1   --> A              
     e( 45 - 45) =      7.41402  eV     1   --> A              
     e( 46 - 46) =      7.61791  eV     1   --> A              
     e( 47 - 47) =      7.79213  eV     1   --> A              
     e( 48 - 48) =      8.04964  eV     1   --> A              
     e( 49 - 49) =      8.18285  eV     1   --> A              
     e( 50 - 50) =      8.34558  eV     1   --> A              
     e( 51 - 51) =      8.48338  eV     1   --> A              
     e( 52 - 52) =      8.70722  eV     1   --> A              
     e( 53 - 53) =      8.90805  eV     1   --> A              
     e( 54 - 54) =      9.11565  eV     1   --> A              
     e( 55 - 55) =      9.30714  eV     1   --> A              
     e( 56 - 56) =      9.57323  eV     1   --> A              
     e( 57 - 57) =     10.18685  eV     1   --> A              
     e( 58 - 58) =     10.43350  eV     1   --> A              
     e( 59 - 59) =     13.36997  eV     1   --> A              
     e( 60 - 60) =     13.58635  eV     1   --> A              
     e( 61 - 61) =     13.97695  eV     1   --> A              
     e( 62 - 62) =     14.02028  eV     1   --> A              
     e( 63 - 63) =     14.25381  eV     1   --> A              
     e( 64 - 64) =     14.31784  eV     1   --> A              
     e( 65 - 65) =     16.94024  eV     1   --> A              
     e( 66 - 66) =     17.38967  eV     1   --> A              
     e( 67 - 67) =     18.35992  eV     1   --> A              
     e( 68 - 68) =     19.37172  eV     1   --> A              
     e( 69 - 69) =     19.66610  eV     1   --> A              
     e( 70 - 70) =     19.88661  eV     1   --> A              
     e( 71 - 71) =     20.25199  eV     1   --> A              
     e( 72 - 72) =     20.80388  eV     1   --> A              
     e( 73 - 73) =     21.42874  eV     1   --> A              
     e( 74 - 74) =     21.71665  eV     1   --> A              
     e( 75 - 75) =     22.64930  eV     1   --> A              
     e( 76 - 76) =     23.10316  eV     1   --> A              
     e( 77 - 77) =     23.85066  eV     1   --> A              
     e( 78 - 78) =     24.13460  eV     1   --> A              
     e( 79 - 79) =     24.62990  eV     1   --> A              
     e( 80 - 80) =     25.17385  eV     1   --> A              

 **************************************************************************

 **************************************************************************

                    xk=(   0.34914,   0.28693,   0.47117  )

     Band symmetry, C_1 (1)     point group:

     e(  1 -  1) =    -93.68833  eV     1   --> A              
     e(  2 -  2) =    -68.87022  eV     1   --> A              
     e(  3 -  3) =    -64.32799  eV     1   --> A              
     e(  4 -  4) =    -64.32663  eV     1   --> A              
     e(  5 -  5) =    -54.29104  eV     1   --> A              
     e(  6 -  6) =    -54.27335  eV     1   --> A              
     e(  7 -  7) =    -54.25011  eV     1   --> A              
     e(  8 -  8) =    -37.92574  eV     1   --> A              
     e(  9 -  9) =    -37.91770  eV     1   --> A              
     e( 10 - 10) =    -37.90165  eV     1   --> A              
     e( 11 - 11) =    -28.77887  eV     1   --> A              
     e( 12 - 12) =    -28.74702  eV     1   --> A              
     e( 13 - 13) =    -28.66800  eV     1   --> A              
     e( 14 - 14) =    -28.65268  eV     1   --> A              
     e( 15 - 15) =    -28.59325  eV     1   --> A              
     e( 16 - 16) =    -28.54460  eV     1   --> A              
     e( 17 - 17) =     -7.73961  eV     1   --> A              
     e( 18 - 18) =     -7.63366  eV     1   --> A              
     e( 19 - 19) =     -7.41656  eV     1   --> A              
     e( 20 - 20) =     -7.26079  eV     1   --> A              
     e( 21 - 21) =     -6.92069  eV     1   --> A              
     e( 22 - 22) =     -6.82541  eV     1   --> A              
     e( 23 - 23) =     -6.58154  eV     1   --> A              
     e( 24 - 24) =     -6.45111  eV     1   --> A              
     e( 25 - 25) =      2.29079  eV     1   --> A              
     e( 26 - 26) =      2.38278  eV     1   --> A              
     e( 27 - 27) =      3.36205  eV     1   --> A              
     e( 28 - 28) =      3.55856  eV     1   --> A              
     e( 29 - 29) =      3.68954  eV     1   --> A              
     e( 30 - 30) =      3.86948  eV     1   --> A              
     e( 31 - 31) =      4.13429  eV     1   --> A              
     e( 32 - 32) =      4.21093  eV     1   --> A              
     e( 33 - 33) =      4.52315  eV     1   --> A              
     e( 34 - 34) =      4.86698  eV     1   --> A              
     e( 35 - 35) =      5.22108  eV     1   --> A              
     e( 36 - 36) =      5.27768  eV     1   --> A              
     e( 37 - 37) =      5.55001  eV     1   --> A              
     e( 38 - 38) =      6.07845  eV     1   --> A              
     e( 39 - 39) =      6.23663  eV     1   --> A              
     e( 40 - 40) =      6.38705  eV     1   --> A              
     e( 41 - 41) =      6.61652  eV     1   --> A              
     e( 42 - 42) =      6.85435  eV     1   --> A              
     e( 43 - 43) =      7.00697  eV     1   --> A              
     e( 44 - 44) =      7.19310  eV     1   --> A              
     e( 45 - 45) =      7.39280  eV     1   --> A              
     e( 46 - 46) =      7.63219  eV     1   --> A              
     e( 47 - 47) =      7.81606  eV     1   --> A              
     e( 48 - 48) =      8.07739  eV     1   --> A              
     e( 49 - 49) =      8.20030  eV     1   --> A              
     e( 50 - 50) =      8.33584  eV     1   --> A              
     e( 51 - 51) =      8.48543  eV     1   --> A              
     e( 52 - 52) =      8.67742  eV     1   --> A              
     e( 53 - 53) =      8.87907  eV     1   --> A              
     e( 54 - 54) =      9.06548  eV     1   --> A              
     e( 55 - 55) =      9.27851  eV     1   --> A              
     e( 56 - 56) =      9.58716  eV     1   --> A              
     e( 57 - 57) =     10.15268  eV     1   --> A              
     e( 58 - 58) =     10.37243  eV     1   --> A              
     e( 59 - 59) =     13.39031  eV     1   --> A              
     e( 60 - 60) =     13.59062  eV     1   --> A              
     e( 61 - 61) =     13.97846  eV     1   --> A              
     e( 62 - 62) =     14.04237  eV     1   --> A              
     e( 63 - 63) =     14.25696  eV     1   --> A              
     e( 64 - 64) =     14.33964  eV     1   --> A              
     e( 65 - 65) =     16.91202  eV     1   --> A              
     e( 66 - 66) =     17.32613  eV     1   --> A              
     e( 67 - 67) =     18.47494  eV     1   --> A              
     e( 68 - 68) =     19.36155  eV     1   --> A              
     e( 69 - 69) =     19.69872  eV     1   --> A              
     e( 70 - 70) =     19.98818  eV     1   --> A              
     e( 71 - 71) =     20.28595  eV     1   --> A              
     e( 72 - 72) =     20.80484  eV     1   --> A              
     e( 73 - 73) =     21.39057  eV     1   --> A              
     e( 74 - 74) =     21.64698  eV     1   --> A              
     e( 75 - 75) =     22.54486  eV     1   --> A              
     e( 76 - 76) =     23.02307  eV     1   --> A              
     e( 77 - 77) =     23.87777  eV     1   --> A              
     e( 78 - 78) =     24.18175  eV     1   --> A              
     e( 79 - 79) =     24.65625  eV     1   --> A              
     e( 80 - 80) =     25.18588  eV     1   --> A              

 **************************************************************************

 **************************************************************************

                    xk=(   0.37414,   0.30743,   0.47137  )

     Band symmetry, C_1 (1)     point group:

     e(  1 -  1) =    -93.68833  eV     1   --> A              
     e(  2 -  2) =    -68.87022  eV     1   --> A              
     e(  3 -  3) =    -64.32803  eV     1   --> A              
     e(  4 -  4) =    -64.32668  eV     1   --> A              
     e(  5 -  5) =    -54.29104  eV     1   --> A              
     e(  6 -  6) =    -54.27335  eV     1   --> A              
     e(  7 -  7) =    -54.25011  eV     1   --> A              
     e(  8 -  8) =    -37.92575  eV     1   --> A              
     e(  9 -  9) =    -37.91769  eV     1   --> A              
     e( 10 - 10) =    -37.90165  eV     1   --> A              
     e( 11 - 11) =    -28.77899  eV     1   --> A              
     e( 12 - 12) =    -28.74716  eV     1   --> A              
     e( 13 - 13) =    -28.66802  eV     1   --> A              
     e( 14 - 14) =    -28.65269  eV     1   --> A              
     e( 15 - 15) =    -28.59315  eV     1   --> A              
     e( 16 - 16) =    -28.54450  eV     1   --> A              
     e( 17 - 17) =     -7.73742  eV     1   --> A              
     e( 18 - 18) =     -7.62864  eV     1   --> A              
     e( 19 - 19) =     -7.41698  eV     1   --> A              
     e( 20 - 20) =     -7.27938  eV     1   --> A              
     e( 21 - 21) =     -6.90295  eV     1   --> A              
     e( 22 - 22) =     -6.82463  eV     1   --> A              
     e( 23 - 23) =     -6.58387  eV     1   --> A              
     e( 24 - 24) =     -6.45149  eV     1   --> A              
     e( 25 - 25) =      2.28667  eV     1   --> A              
     e( 26 - 26) =      2.36957  eV     1   --> A              
     e( 27 - 27) =      3.35873  eV     1   --> A              
     e( 28 - 28) =      3.54498  eV     1   --> A              
     e( 29 - 29) =      3.69315  eV     1   --> A              
     e( 30 - 30) =      3.88707  eV     1   --> A              
     e( 31 - 31) =      4.11227  eV     1   --> A              
     e( 32 - 32) =      4.20385  eV     1   --> A              
     e( 33 - 33) =      4.52520  eV     1   --> A              
     e( 34 - 34) =      4.83796  eV     1   --> A              
     e( 35 - 35) =      5.20759  eV     1   --> A              
     e( 36 - 36) =      5.27217  eV     1   --> A              
     e( 37 - 37) =      5.60924  eV     1   --> A              
     e( 38 - 38) =      6.08228  eV     1   --> A              
     e( 39 - 39) =      6.28043  eV     1   --> A              
     e( 40 - 40) =      6.43853  eV     1   --> A              
     e( 41 - 41) =      6.66041  eV     1   --> A              
     e( 42 - 42) =      6.83882  eV     1   --> A              
     e( 43 - 43) =      7.00499  eV     1   --> A              
     e( 44 - 44) =      7.19049  eV     1   --> A              
     e( 45 - 45) =      7.35834  eV     1   --> A              
     e( 46 - 46) =      7.64791  eV     1   --> A              
     e( 47 - 47) =      7.84986  eV     1   --> A              
     e( 48 - 48) =      8.09298  eV     1   --> A              
     e( 49 - 49) =      8.21843  eV     1   --> A              
     e( 50 - 50) =      8.33093  eV     1   --> A              
     e( 51 - 51) =      8.49755  eV     1   --> A              
     e( 52 - 52) =      8.65570  eV     1   --> A              
     e( 53 - 53) =      8.84445  eV     1   --> A              
     e( 54 - 54) =      9.00785  eV     1   --> A              
     e( 55 - 55) =      9.26292  eV     1   --> A              
     e( 56 - 56) =      9.60064  eV     1   --> A              
     e( 57 - 57) =     10.11740  eV     1   --> A              
     e( 58 - 58) =     10.30085  eV     1   --> A              
     e( 59 - 59) =     13.40844  eV     1   --> A              
     e( 60 - 60) =     13.59643  eV     1   --> A              
     e( 61 - 61) =     13.98303  eV     1   --> A              
     e( 62 - 62) =     14.06266  eV     1   --> A              
     e( 63 - 63) =     14.25785  eV     1   --> A              
     e( 64 - 64) =     14.35489  eV     1   --> A              
     e( 65 - 65) =     16.89385  eV     1   --> A              
     e( 66 - 66) =     17.26505  eV     1   --> A              
     e( 67 - 67) =     18.58900  eV     1   --> A              
     e( 68 - 68) =     19.33882  eV     1   --> A              
     e( 69 - 69) =     19.73944  eV     1   --> A              
     e( 70 - 70) =     20.07536  eV     1   --> A              
     e( 71 - 71) =     20.32088  eV     1   --> A              
     e( 72 - 72) =     20.82111  eV     1   --> A              
     e( 73 - 73) =     21.36162  eV     1   --> A              
     e( 74 - 74) =     21.58635  eV     1   --> A              
     e( 75 - 75) =     22.44697  eV     1   --> A              
     e( 76 - 76) =     22.93627  eV     1   --> A              
     e( 77 - 77) =     23.91065  eV     1   --> A              
     e( 78 - 78) =     24.22887  eV     1   --> A              
     e( 79 - 79) =     24.66089  eV     1   --> A              
     e( 80 - 80) =     25.19806  eV     1   --> A              

 **************************************************************************

 **************************************************************************

                    xk=(   0.39914,   0.32792,   0.47156  )

     Band symmetry, C_1 (1)     point group:

     e(  1 -  1) =    -93.68834  eV     1   --> A              
     e(  2 -  2) =    -68.87022  eV     1   --> A              
     e(  3 -  3) =    -64.32807  eV     1   --> A              
     e(  4 -  4) =    -64.32672  eV     1   --> A              
     e(  5 -  5) =    -54.29104  eV     1   --> A              
     e(  6 -  6) =    -54.27335  eV     1   --> A              
     e(  7 -  7) =    -54.25011  eV     1   --> A              
     e(  8 -  8) =    -37.92575  eV     1   --> A              
     e(  9 -  9) =    -37.91769  eV     1   --> A              
     e( 10 - 10) =    -37.90166  eV     1   --> A              
     e( 11 - 11) =    -28.77908  eV     1   --> A              
     e( 12 - 12) =    -28.74727  eV     1   --> A              
     e( 13 - 13) =    -28.66804  eV     1   --> A              
     e( 14 - 14) =    -28.65270  eV     1   --> A              
     e( 15 - 15) =    -28.59306  eV     1   --> A              
     e( 16 - 16) =    -28.54442  eV     1   --> A              
     e( 17 - 17) =     -7.73644  eV     1   --> A              
     e( 18 - 18) =     -7.62587  eV     1   --> A              
     e( 19 - 19) =     -7.41891  eV     1   --> A              
     e( 20 - 20) =     -7.29281  eV     1   --> A              
     e( 21 - 21) =     -6.88913  eV     1   --> A              
     e( 22 - 22) =     -6.82137  eV     1   --> A              
     e( 23 - 23) =     -6.58514  eV     1   --> A              
     e( 24 - 24) =     -6.45124  eV     1   --> A              
     e( 25 - 25) =      2.27991  eV     1   --> A              
     e( 26 - 26) =      2.35843  eV     1   --> A              
     e( 27 - 27) =      3.35442  eV     1   --> A              
     e( 28 - 28) =      3.53087  eV     1   --> A              
     e( 29 - 29) =      3.69797  eV     1   --> A              
     e( 30 - 30) =      3.90304  eV     1   --> A              
     e( 31 - 31) =      4.08220  eV     1   --> A              
     e( 32 - 32) =      4.21274  eV     1   --> A              
     e( 33 - 33) =      4.52937  eV     1   --> A              
     e( 34 - 34) =      4.79882  eV     1   --> A              
     e( 35 - 35) =      5.17635  eV     1   --> A              
     e( 36 - 36) =      5.29250  eV     1   --> A              
     e( 37 - 37) =      5.66921  eV     1   --> A              
     e( 38 - 38) =      6.08341  eV     1   --> A              
     e( 39 - 39) =      6.32378  eV     1   --> A              
     e( 40 - 40) =      6.48699  eV     1   --> A              
     e( 41 - 41) =      6.70730  eV     1   --> A              
     e( 42 - 42) =      6.83046  eV     1   --> A              
     e( 43 - 43) =      6.98999  eV     1   --> A              
     e( 44 - 44) =      7.19425  eV     1   --> A              
     e( 45 - 45) =      7.31811  eV     1   --> A              
     e( 46 - 46) =      7.65793  eV     1   --> A              
     e( 47 - 47) =      7.88955  eV     1   --> A              
     e( 48 - 48) =      8.09654  eV     1   --> A              
     e( 49 - 49) =      8.20703  eV     1   --> A              
     e( 50 - 50) =      8.34933  eV     1   --> A              
     e( 51 - 51) =      8.51585  eV     1   --> A              
     e( 52 - 52) =      8.64812  eV     1   --> A              
     e( 53 - 53) =      8.80850  eV     1   --> A              
     e( 54 - 54) =      8.96048  eV     1   --> A              
     e( 55 - 55) =      9.25080  eV     1   --> A              
     e( 56 - 56) =      9.61375  eV     1   --> A              
     e( 57 - 57) =     10.08238  eV     1   --> A              
     e( 58 - 58) =     10.22284  eV     1   --> A              
     e( 59 - 59) =     13.42342  eV     1   --> A              
     e( 60 - 60) =     13.60174  eV     1   --> A              
     e( 61 - 61) =     13.99276  eV     1   --> A              
     e( 62 - 62) =     14.07876  eV     1   --> A              
     e( 63 - 63) =     14.25721  eV     1   --> A              
     e( 64 - 64) =     14.36417  eV     1   --> A              
     e( 65 - 65) =     16.88648  eV     1   --> A              
     e( 66 - 66) =     17.20781  eV     1   --> A              
     e( 67 - 67) =     18.69826  eV     1   --> A              
     e( 68 - 68) =     19.30471  eV     1   --> A              
     e( 69 - 69) =     19.78761  eV     1   --> A              
     e( 70 - 70) =     20.14018  eV     1   --> A              
     e( 71 - 71) =     20.35385  eV     1   --> A              
     e( 72 - 72) =     20.85001  eV     1   --> A              
     e( 73 - 73) =     21.34038  eV     1   --> A              
     e( 74 - 74) =     21.53851  eV     1   --> A              
     e( 75 - 75) =     22.36690  eV     1   --> A              
     e( 76 - 76) =     22.83865  eV     1   --> A              
     e( 77 - 77) =     23.95691  eV     1   --> A              
     e( 78 - 78) =     24.26418  eV     1   --> A              
     e( 79 - 79) =     24.65747  eV     1   --> A              
     e( 80 - 80) =     25.12265  eV     1   --> A              

 **************************************************************************

 **************************************************************************

                    xk=(   0.42414,   0.34842,   0.47176  )

     Band symmetry, C_1 (1)     point group:

     e(  1 -  1) =    -93.68834  eV     1   --> A              
     e(  2 -  2) =    -68.87022  eV     1   --> A              
     e(  3 -  3) =    -64.32810  eV     1   --> A              
     e(  4 -  4) =    -64.32676  eV     1   --> A              
     e(  5 -  5) =    -54.29104  eV     1   --> A              
     e(  6 -  6) =    -54.27335  eV     1   --> A              
     e(  7 -  7) =    -54.25011  eV     1   --> A              
     e(  8 -  8) =    -37.92575  eV     1   --> A              
     e(  9 -  9) =    -37.91769  eV     1   --> A              
     e( 10 - 10) =    -37.90166  eV     1   --> A              
     e( 11 - 11) =    -28.77916  eV     1   --> A              
     e( 12 - 12) =    -28.74735  eV     1   --> A              
     e( 13 - 13) =    -28.66805  eV     1   --> A              
     e( 14 - 14) =    -28.65270  eV     1   --> A              
     e( 15 - 15) =    -28.59299  eV     1   --> A              
     e( 16 - 16) =    -28.54435  eV     1   --> A              
     e( 17 - 17) =     -7.73632  eV     1   --> A              
     e( 18 - 18) =     -7.62453  eV     1   --> A              
     e( 19 - 19) =     -7.42245  eV     1   --> A              
     e( 20 - 20) =     -7.30092  eV     1   --> A              
     e( 21 - 21) =     -6.87978  eV     1   --> A              
     e( 22 - 22) =     -6.81647  eV     1   --> A              
     e( 23 - 23) =     -6.58559  eV     1   --> A              
     e( 24 - 24) =     -6.45060  eV     1   --> A              
     e( 25 - 25) =      2.27132  eV     1   --> A              
     e( 26 - 26) =      2.35060  eV     1   --> A              
     e( 27 - 27) =      3.34974  eV     1   --> A              
     e( 28 - 28) =      3.51832  eV     1   --> A              
     e( 29 - 29) =      3.70335  eV     1   --> A              
     e( 30 - 30) =      3.91722  eV     1   --> A              
     e( 31 - 31) =      4.05340  eV     1   --> A              
     e( 32 - 32) =      4.22776  eV     1   --> A              
     e( 33 - 33) =      4.53390  eV     1   --> A              
     e( 34 - 34) =      4.75533  eV     1   --> A              
     e( 35 - 35) =      5.15230  eV     1   --> A              
     e( 36 - 36) =      5.31552  eV     1   --> A              
     e( 37 - 37) =      5.71760  eV     1   --> A              
     e( 38 - 38) =      6.08995  eV     1   --> A              
     e( 39 - 39) =      6.36207  eV     1   --> A              
     e( 40 - 40) =      6.52035  eV     1   --> A              
     e( 41 - 41) =      6.75154  eV     1   --> A              
     e( 42 - 42) =      6.83736  eV     1   --> A              
     e( 43 - 43) =      6.96901  eV     1   --> A              
     e( 44 - 44) =      7.20095  eV     1   --> A              
     e( 45 - 45) =      7.28050  eV     1   --> A              
     e( 46 - 46) =      7.66025  eV     1   --> A              
     e( 47 - 47) =      7.92997  eV     1   --> A              
     e( 48 - 48) =      8.08992  eV     1   --> A              
     e( 49 - 49) =      8.17109  eV     1   --> A              
     e( 50 - 50) =      8.37603  eV     1   --> A              
     e( 51 - 51) =      8.52710  eV     1   --> A              
     e( 52 - 52) =      8.65622  eV     1   --> A              
     e( 53 - 53) =      8.79308  eV     1   --> A              
     e( 54 - 54) =      8.92743  eV     1   --> A              
     e( 55 - 55) =      9.23613  eV     1   --> A              
     e( 56 - 56) =      9.62605  eV     1   --> A              
     e( 57 - 57) =     10.04939  eV     1   --> A              
     e( 58 - 58) =     10.14558  eV     1   --> A              
     e( 59 - 59) =     13.43519  eV     1   --> A              
     e( 60 - 60) =     13.60493  eV     1   --> A              
     e( 61 - 61) =     14.00759  eV     1   --> A              
     e( 62 - 62) =     14.08913  eV     1   --> A              
     e( 63 - 63) =     14.25591  eV     1   --> A              
     e( 64 - 64) =     14.36861  eV     1   --> A              
     e( 65 - 65) =     16.88927  eV     1   --> A              
     e( 66 - 66) =     17.15565  eV     1   --> A              
     e( 67 - 67) =     18.80044  eV     1   --> A              
     e( 68 - 68) =     19.26053  eV     1   --> A              
     e( 69 - 69) =     19.83939  eV     1   --> A              
     e( 70 - 70) =     20.17842  eV     1   --> A              
     e( 71 - 71) =     20.38476  eV     1   --> A              
     e( 72 - 72) =     20.88356  eV     1   --> A              
     e( 73 - 73) =     21.32458  eV     1   --> A              
     e( 74 - 74) =     21.50625  eV     1   --> A              
     e( 75 - 75) =     22.31597  eV     1   --> A              
     e( 76 - 76) =     22.73059  eV     1   --> A              
     e( 77 - 77) =     24.01780  eV     1   --> A              
     e( 78 - 78) =     24.28070  eV     1   --> A              
     e( 79 - 79) =     24.65558  eV     1   --> A              
     e( 80 - 80) =     25.02000  eV     1   --> A              

 **************************************************************************

 **************************************************************************

                    xk=(   0.44914,   0.36891,   0.47196  )

     Band symmetry, C_1 (1)     point group:

     e(  1 -  1) =    -93.68834  eV     1   --> A              
     e(  2 -  2) =    -68.87022  eV     1   --> A              
     e(  3 -  3) =    -64.32813  eV     1   --> A              
     e(  4 -  4) =    -64.32679  eV     1   --> A              
     e(  5 -  5) =    -54.29104  eV     1   --> A              
     e(  6 -  6) =    -54.27335  eV     1   --> A              
     e(  7 -  7) =    -54.25011  eV     1   --> A              
     e(  8 -  8) =    -37.92575  eV     1   --> A              
     e(  9 -  9) =    -37.91769  eV     1   --> A              
     e( 10 - 10) =    -37.90167  eV     1   --> A              
     e( 11 - 11) =    -28.77921  eV     1   --> A              
     e( 12 - 12) =    -28.74742  eV     1   --> A              
     e( 13 - 13) =    -28.66806  eV     1   --> A              
     e( 14 - 14) =    -28.65270  eV     1   --> A              
     e( 15 - 15) =    -28.59294  eV     1   --> A              
     e( 16 - 16) =    -28.54430  eV     1   --> A              
     e( 17 - 17) =     -7.73663  eV     1   --> A              
     e( 18 - 18) =     -7.62399  eV     1   --> A              
     e( 19 - 19) =     -7.42653  eV     1   --> A              
     e( 20 - 20) =     -7.30494  eV     1   --> A              
     e( 21 - 21) =     -6.87417  eV     1   --> A              
     e( 22 - 22) =     -6.81149  eV     1   --> A              
     e( 23 - 23) =     -6.58556  eV     1   --> A              
     e( 24 - 24) =     -6.44984  eV     1   --> A              
     e( 25 - 25) =      2.26288  eV     1   --> A              
     e( 26 - 26) =      2.34587  eV     1   --> A              
     e( 27 - 27) =      3.34541  eV     1   --> A              
     e( 28 - 28) =      3.50883  eV     1   --> A              
     e( 29 - 29) =      3.70819  eV     1   --> A              
     e( 30 - 30) =      3.92952  eV     1   --> A              
     e( 31 - 31) =      4.02961  eV     1   --> A              
     e( 32 - 32) =      4.24324  eV     1   --> A              
     e( 33 - 33) =      4.53812  eV     1   --> A              
     e( 34 - 34) =      4.71493  eV     1   --> A              
     e( 35 - 35) =      5.13741  eV     1   --> A              
     e( 36 - 36) =      5.33525  eV     1   --> A              
     e( 37 - 37) =      5.74923  eV     1   --> A              
     e( 38 - 38) =      6.10362  eV     1   --> A              
     e( 39 - 39) =      6.39215  eV     1   --> A              
     e( 40 - 40) =      6.53373  eV     1   --> A              
     e( 41 - 41) =      6.78174  eV     1   --> A              
     e( 42 - 42) =      6.86587  eV     1   --> A              
     e( 43 - 43) =      6.94894  eV     1   --> A              
     e( 44 - 44) =      7.19621  eV     1   --> A              
     e( 45 - 45) =      7.26188  eV     1   --> A              
     e( 46 - 46) =      7.65690  eV     1   --> A              
     e( 47 - 47) =      7.96586  eV     1   --> A              
     e( 48 - 48) =      8.07531  eV     1   --> A              
     e( 49 - 49) =      8.13135  eV     1   --> A              
     e( 50 - 50) =      8.39269  eV     1   --> A              
     e( 51 - 51) =      8.52816  eV     1   --> A              
     e( 52 - 52) =      8.65977  eV     1   --> A              
     e( 53 - 53) =      8.82194  eV     1   --> A              
     e( 54 - 54) =      8.90543  eV     1   --> A              
     e( 55 - 55) =      9.21661  eV     1   --> A              
     e( 56 - 56) =      9.63641  eV     1   --> A              
     e( 57 - 57) =     10.02008  eV     1   --> A              
     e( 58 - 58) =     10.07982  eV     1   --> A              
     e( 59 - 59) =     13.44389  eV     1   --> A              
     e( 60 - 60) =     13.60574  eV     1   --> A              
     e( 61 - 61) =     14.02552  eV     1   --> A              
     e( 62 - 62) =     14.09278  eV     1   --> A              
     e( 63 - 63) =     14.25475  eV     1   --> A              
     e( 64 - 64) =     14.36981  eV     1   --> A              
     e( 65 - 65) =     16.89983  eV     1   --> A              
     e( 66 - 66) =     17.11062  eV     1   --> A              
     e( 67 - 67) =     18.89403  eV     1   --> A              
     e( 68 - 68) =     19.20778  eV     1   --> A              
     e( 69 - 69) =     19.88852  eV     1   --> A              
     e( 70 - 70) =     20.19245  eV     1   --> A              
     e( 71 - 71) =     20.41237  eV     1   --> A              
     e( 72 - 72) =     20.91219  eV     1   --> A              
     e( 73 - 73) =     21.31324  eV     1   --> A              
     e( 74 - 74) =     21.48805  eV     1   --> A              
     e( 75 - 75) =     22.30420  eV     1   --> A              
     e( 76 - 76) =     22.61664  eV     1   --> A              
     e( 77 - 77) =     24.08916  eV     1   --> A              
     e( 78 - 78) =     24.27881  eV     1   --> A              
     e( 79 - 79) =     24.64933  eV     1   --> A              
     e( 80 - 80) =     24.93618  eV     1   --> A              

 **************************************************************************

 **************************************************************************

                    xk=(   0.47414,   0.38941,   0.47216  )

     Band symmetry, C_1 (1)     point group:

     e(  1 -  1) =    -93.68834  eV     1   --> A              
     e(  2 -  2) =    -68.87022  eV     1   --> A              
     e(  3 -  3) =    -64.32814  eV     1   --> A              
     e(  4 -  4) =    -64.32681  eV     1   --> A              
     e(  5 -  5) =    -54.29104  eV     1   --> A              
     e(  6 -  6) =    -54.27335  eV     1   --> A              
     e(  7 -  7) =    -54.25011  eV     1   --> A              
     e(  8 -  8) =    -37.92575  eV     1   --> A              
     e(  9 -  9) =    -37.91769  eV     1   --> A              
     e( 10 - 10) =    -37.90167  eV     1   --> A              
     e( 11 - 11) =    -28.77924  eV     1   --> A              
     e( 12 - 12) =    -28.74746  eV     1   --> A              
     e( 13 - 13) =    -28.66806  eV     1   --> A              
     e( 14 - 14) =    -28.65270  eV     1   --> A              
     e( 15 - 15) =    -28.59291  eV     1   --> A              
     e( 16 - 16) =    -28.54428  eV     1   --> A              
     e( 17 - 17) =     -7.73700  eV     1   --> A              
     e( 18 - 18) =     -7.62382  eV     1   --> A              
     e( 19 - 19) =     -7.42971  eV     1   --> A              
     e( 20 - 20) =     -7.30653  eV     1   --> A              
     e( 21 - 21) =     -6.87126  eV     1   --> A              
     e( 22 - 22) =     -6.80791  eV     1   --> A              
     e( 23 - 23) =     -6.58538  eV     1   --> A              
     e( 24 - 24) =     -6.44925  eV     1   --> A              
     e( 25 - 25) =      2.25680  eV     1   --> A              
     e( 26 - 26) =      2.34346  eV     1   --> A              
     e( 27 - 27) =      3.34231  eV     1   --> A              
     e( 28 - 28) =      3.50307  eV     1   --> A              
     e( 29 - 29) =      3.71151  eV     1   --> A              
     e( 30 - 30) =      3.93909  eV     1   --> A              
     e( 31 - 31) =      4.01294  eV     1   --> A              
     e( 32 - 32) =      4.25492  eV     1   --> A              
     e( 33 - 33) =      4.54159  eV     1   --> A              
     e( 34 - 34) =      4.68561  eV     1   --> A              
     e( 35 - 35) =      5.12967  eV     1   --> A              
     e( 36 - 36) =      5.34851  eV     1   --> A              
     e( 37 - 37) =      5.76536  eV     1   --> A              
     e( 38 - 38) =      6.11835  eV     1   --> A              
     e( 39 - 39) =      6.41195  eV     1   --> A              
     e( 40 - 40) =      6.53310  eV     1   --> A              
     e( 41 - 41) =      6.79988  eV     1   --> A              
     e( 42 - 42) =      6.89432  eV     1   --> A              
     e( 43 - 43) =      6.93867  eV     1   --> A              
     e( 44 - 44) =      7.17653  eV     1   --> A              
     e( 45 - 45) =      7.26609  eV     1   --> A              
     e( 46 - 46) =      7.65198  eV     1   --> A              
     e( 47 - 47) =      7.99039  eV     1   --> A              
     e( 48 - 48) =      8.06333  eV     1   --> A              
     e( 49 - 49) =      8.09844  eV     1   --> A              
     e( 50 - 50) =      8.39898  eV     1   --> A              
     e( 51 - 51) =      8.52698  eV     1   --> A              
     e( 52 - 52) =      8.65662  eV     1   --> A              
     e( 53 - 53) =      8.86721  eV     1   --> A              
     e( 54 - 54) =      8.89514  eV     1   --> A              
     e( 55 - 55) =      9.19525  eV     1   --> A              
     e( 56 - 56) =      9.64330  eV     1   --> A              
     e( 57 - 57) =      9.99622  eV     1   --> A              
     e( 58 - 58) =     10.03822  eV     1   --> A              
     e( 59 - 59) =     13.44937  eV     1   --> A              
     e( 60 - 60) =     13.60526  eV     1   --> A              
     e( 61 - 61) =     14.04249  eV     1   --> A              
     e( 62 - 62) =     14.09040  eV     1   --> A              
     e( 63 - 63) =     14.25417  eV     1   --> A              
     e( 64 - 64) =     14.36952  eV     1   --> A              
     e( 65 - 65) =     16.91301  eV     1   --> A              
     e( 66 - 66) =     17.07718  eV     1   --> A              
     e( 67 - 67) =     18.97634  eV     1   --> A              
     e( 68 - 68) =     19.14961  eV     1   --> A              
     e( 69 - 69) =     19.92585  eV     1   --> A              
     e( 70 - 70) =     20.19197  eV     1   --> A              
     e( 71 - 71) =     20.43210  eV     1   --> A              
     e( 72 - 72) =     20.92994  eV     1   --> A              
     e( 73 - 73) =     21.30700  eV     1   --> A              
     e( 74 - 74) =     21.47885  eV     1   --> A              
     e( 75 - 75) =     22.33602  eV     1   --> A              
     e( 76 - 76) =     22.50504  eV     1   --> A              
     e( 77 - 77) =     24.16105  eV     1   --> A              
     e( 78 - 78) =     24.26141  eV     1   --> A              
     e( 79 - 79) =     24.62987  eV     1   --> A              
     e( 80 - 80) =     24.89039  eV     1   --> A              

 **************************************************************************

 **************************************************************************

                    xk=(   0.49914,   0.40990,   0.47235  )

     zone border point and non-symmorphic group 
     symmetry decomposition not available

 **************************************************************************
 
     BANDS        :     51.15s CPU   1m19.59s WALL

 
   This run was terminated on:   9: 4: 2  23Mar2026            

=------------------------------------------------------------------------------=
   JOB DONE.
=------------------------------------------------------------------------------=
