
     Program BANDS v.7.4.1 starts on 13Feb2026 at  4: 2:22 
        Git branch: heads/qe-7.4.1
        Last git commit: 500de340b820e1cb8c05f2d8bb8fced102f377c1-dirty
        Last git commit date: Fri Feb 7 14:59:05 2025 +0000
        Last git commit subject: Merge branch 'qe-7.4.1' into 'master'

     This program is part of the open-source Quantum ESPRESSO suite
     for quantum simulation of materials; please cite
         "P. Giannozzi et al., J. Phys.:Condens. Matter 21 395502 (2009);
         "P. Giannozzi et al., J. Phys.:Condens. Matter 29 465901 (2017);
         "P. Giannozzi et al., J. Chem. Phys. 152 154105 (2020);
          URL http://www.quantum-espresso.org", 
     in publications or presentations arising from this work. More details at
     http://www.quantum-espresso.org/quote

     Parallel version (MPI), running on     1 processors

     MPI processes distributed on     1 nodes
     5305 MiB available memory on the printing compute node when the environment starts
 

     Reading xml data from directory:

     ./tmp/MnFeWO4_FM/MnFeWO4_FM.save/

     IMPORTANT: XC functional enforced from input :
     Exchange-correlation= PBESOL
                           (   1   4  10   8   0   0   0)
     Any further DFT definition will be discarded
     Please, verify this is what you really want

 
     G-vector sticks info
     --------------------
     sticks:   dense  smooth     PW     G-vecs:    dense   smooth      PW
     Sum        3489    3489    977               151731   151731   22137
 
     Using Slab Decomposition
 
     Reading collected, re-writing distributed wavefunctions
     high-symmetry point:  0.0000 0.0000 0.0000   x coordinate   0.0000
     high-symmetry point:  0.0000 0.4070 0.0000   x coordinate   0.4070
     high-symmetry point:  0.5000 0.4070 0.0053   x coordinate   0.9071
     high-symmetry point:  0.0000 0.0000 0.0000   x coordinate   1.5518
     high-symmetry point: -0.0001 0.0000 0.4627   x coordinate   2.0146
     high-symmetry point:  0.4999 0.4070 0.4681   x coordinate   2.6593

     Plottable bands (eV) written to file MnFeWO4_FM_bands.dat.gnu
     Bands written to file MnFeWO4_FM_bands.dat

 **************************************************************************

                    xk=(   0.00000,   0.00000,   0.00000  )

     point group C_2  (2)   
     there are  2 classes
     the character table:

       E     C2   
A      1.00  1.00
B      1.00 -1.00

     the symmetry operations in each class and the name of the first element:

     E        1
                                                                 
     C2       2
                                                                 

     Band symmetry, C_2  (2)    point group:

     e(  1 -  1) =    -76.62520  eV     1   --> A              
     e(  2 -  2) =    -68.26429  eV     1   --> A              
     e(  3 -  3) =    -63.81272  eV     1   --> A              
     e(  4 -  4) =    -63.79115  eV     1   --> A              
     e(  5 -  5) =    -44.02564  eV     1   --> A              
     e(  6 -  6) =    -42.43398  eV     1   --> B              
     e(  7 -  7) =    -42.30023  eV     1   --> B              
     e(  8 -  8) =    -37.33033  eV     1   --> B              
     e(  9 -  9) =    -37.31767  eV     1   --> A              
     e( 10 - 10) =    -37.30133  eV     1   --> B              
     e( 11 - 11) =    -28.28963  eV     1   --> B              
     e( 12 - 12) =    -28.23439  eV     1   --> A              
     e( 13 - 13) =    -28.20609  eV     1   --> B              
     e( 14 - 14) =    -28.12914  eV     1   --> B              
     e( 15 - 15) =    -28.12308  eV     1   --> A              
     e( 16 - 16) =    -28.06306  eV     1   --> B              
     e( 17 - 17) =     -8.29374  eV     1   --> A              
     e( 18 - 18) =     -6.96689  eV     1   --> A              
     e( 19 - 19) =     -6.71129  eV     1   --> A              
     e( 20 - 20) =     -6.68728  eV     1   --> B              
     e( 21 - 21) =     -6.60363  eV     1   --> B              
     e( 22 - 22) =     -6.37273  eV     1   --> A              
     e( 23 - 23) =     -6.14154  eV     1   --> B              
     e( 24 - 24) =     -5.91088  eV     1   --> B              
     e( 25 - 25) =      3.62840  eV     1   --> A              
     e( 26 - 26) =      3.67694  eV     1   --> B              
     e( 27 - 27) =      3.87062  eV     1   --> A              
     e( 28 - 28) =      4.13934  eV     1   --> A              
     e( 29 - 29) =      4.20100  eV     1   --> B              
     e( 30 - 30) =      4.46403  eV     1   --> A              
     e( 31 - 31) =      4.82046  eV     1   --> A              
     e( 32 - 32) =      4.96074  eV     1   --> B              
     e( 33 - 33) =      5.26919  eV     1   --> A              
     e( 34 - 34) =      5.67421  eV     1   --> B              
     e( 35 - 35) =      5.72393  eV     1   --> A              
     e( 36 - 36) =      6.52612  eV     1   --> A              
     e( 37 - 37) =      6.62216  eV     1   --> B              
     e( 38 - 38) =      6.62590  eV     1   --> A              
     e( 39 - 39) =      6.99503  eV     1   --> B              
     e( 40 - 40) =      7.14264  eV     1   --> A              
     e( 41 - 41) =      7.19933  eV     1   --> B              
     e( 42 - 42) =      7.36555  eV     1   --> B              
     e( 43 - 43) =      7.54906  eV     1   --> A              
     e( 44 - 44) =      7.85115  eV     1   --> B              
     e( 45 - 45) =      7.96445  eV     1   --> A              
     e( 46 - 46) =      8.24930  eV     1   --> B              
     e( 47 - 47) =      8.39965  eV     1   --> A              
     e( 48 - 48) =      8.52899  eV     1   --> A              
     e( 49 - 49) =      8.76743  eV     1   --> A              
     e( 50 - 50) =      9.04284  eV     1   --> B              
     e( 51 - 51) =      9.29133  eV     1   --> A              
     e( 52 - 52) =      9.39621  eV     1   --> B              
     e( 53 - 53) =      9.53117  eV     1   --> B              
     e( 54 - 54) =      9.61452  eV     1   --> A              
     e( 55 - 55) =      9.91029  eV     1   --> B              
     e( 56 - 56) =      9.95897  eV     1   --> B              
     e( 57 - 57) =     10.39870  eV     1   --> A              
     e( 58 - 58) =     11.21153  eV     1   --> B              
     e( 59 - 59) =     13.71772  eV     1   --> A              
     e( 60 - 60) =     14.17091  eV     1   --> B              
     e( 61 - 61) =     14.36076  eV     1   --> A              
     e( 62 - 62) =     14.40485  eV     1   --> A              
     e( 63 - 63) =     15.07805  eV     1   --> A              
     e( 64 - 64) =     15.58720  eV     1   --> B              
     e( 65 - 65) =     16.64200  eV     1   --> A              
     e( 66 - 66) =     17.90517  eV     1   --> A              
     e( 67 - 67) =     19.07852  eV     1   --> B              
     e( 68 - 68) =     19.42256  eV     1   --> A              
     e( 69 - 69) =     19.53662  eV     1   --> B              
     e( 70 - 70) =     21.41544  eV     1   --> B              
     e( 71 - 71) =     21.67017  eV     1   --> A              
     e( 72 - 72) =     22.03140  eV     1   --> B              
     e( 73 - 73) =     22.20812  eV     1   --> A              
     e( 74 - 74) =     22.88559  eV     1   --> A              
     e( 75 - 75) =     23.24300  eV     1   --> A              
     e( 76 - 76) =     23.78189  eV     1   --> A              
     e( 77 - 77) =     24.56762  eV     1   --> A              
     e( 78 - 78) =     24.69691  eV     1   --> B              
     e( 79 - 79) =     24.84869  eV     1   --> B              
     e( 80 - 80) =     25.16460  eV     1   --> A              

 **************************************************************************

 **************************************************************************

                    xk=(   0.00000,   0.02035,   0.00000  )

     Band symmetry, C_2  (2)    point group:

     e(  1 -  1) =    -76.62520  eV     1   --> A              
     e(  2 -  2) =    -68.26429  eV     1   --> A              
     e(  3 -  3) =    -63.81272  eV     1   --> A              
     e(  4 -  4) =    -63.79115  eV     1   --> A              
     e(  5 -  5) =    -44.02564  eV     1   --> A              
     e(  6 -  6) =    -42.43398  eV     1   --> B              
     e(  7 -  7) =    -42.30023  eV     1   --> B              
     e(  8 -  8) =    -37.33033  eV     1   --> B              
     e(  9 -  9) =    -37.31767  eV     1   --> A              
     e( 10 - 10) =    -37.30133  eV     1   --> B              
     e( 11 - 11) =    -28.28962  eV     1   --> B              
     e( 12 - 12) =    -28.23437  eV     1   --> A              
     e( 13 - 13) =    -28.20609  eV     1   --> B              
     e( 14 - 14) =    -28.12915  eV     1   --> B              
     e( 15 - 15) =    -28.12310  eV     1   --> A              
     e( 16 - 16) =    -28.06307  eV     1   --> B              
     e( 17 - 17) =     -8.29232  eV     1   --> A              
     e( 18 - 18) =     -6.96705  eV     1   --> A              
     e( 19 - 19) =     -6.71372  eV     1   --> A              
     e( 20 - 20) =     -6.68731  eV     1   --> B              
     e( 21 - 21) =     -6.60339  eV     1   --> B              
     e( 22 - 22) =     -6.37213  eV     1   --> A              
     e( 23 - 23) =     -6.14175  eV     1   --> B              
     e( 24 - 24) =     -5.91100  eV     1   --> B              
     e( 25 - 25) =      3.62987  eV     1   --> A              
     e( 26 - 26) =      3.67876  eV     1   --> B              
     e( 27 - 27) =      3.87287  eV     1   --> A              
     e( 28 - 28) =      4.14019  eV     1   --> A              
     e( 29 - 29) =      4.20096  eV     1   --> B              
     e( 30 - 30) =      4.46602  eV     1   --> A              
     e( 31 - 31) =      4.82265  eV     1   --> A              
     e( 32 - 32) =      4.96038  eV     1   --> B              
     e( 33 - 33) =      5.27042  eV     1   --> A              
     e( 34 - 34) =      5.67280  eV     1   --> B              
     e( 35 - 35) =      5.72092  eV     1   --> A              
     e( 36 - 36) =      6.50943  eV     1   --> A              
     e( 37 - 37) =      6.62162  eV     1   --> B              
     e( 38 - 38) =      6.63593  eV     1   --> A              
     e( 39 - 39) =      6.97947  eV     1   --> B              
     e( 40 - 40) =      7.14038  eV     1   --> A              
     e( 41 - 41) =      7.19600  eV     1   --> B              
     e( 42 - 42) =      7.38282  eV     1   --> B              
     e( 43 - 43) =      7.54845  eV     1   --> A              
     e( 44 - 44) =      7.85612  eV     1   --> B              
     e( 45 - 45) =      7.96211  eV     1   --> A              
     e( 46 - 46) =      8.25026  eV     1   --> B              
     e( 47 - 47) =      8.39474  eV     1   --> A              
     e( 48 - 48) =      8.53421  eV     1   --> A              
     e( 49 - 49) =      8.76738  eV     1   --> A              
     e( 50 - 50) =      9.04223  eV     1   --> B              
     e( 51 - 51) =      9.28895  eV     1   --> A              
     e( 52 - 52) =      9.39220  eV     1   --> B              
     e( 53 - 53) =      9.53179  eV     1   --> B              
     e( 54 - 54) =      9.61754  eV     1   --> A              
     e( 55 - 55) =      9.89722  eV     1   --> B              
     e( 56 - 56) =      9.97276  eV     1   --> B              
     e( 57 - 57) =     10.40193  eV     1   --> A              
     e( 58 - 58) =     11.21148  eV     1   --> B              
     e( 59 - 59) =     13.71901  eV     1   --> A              
     e( 60 - 60) =     14.17275  eV     1   --> B              
     e( 61 - 61) =     14.32341  eV     1   --> A              
     e( 62 - 62) =     14.44056  eV     1   --> A              
     e( 63 - 63) =     15.07770  eV     1   --> A              
     e( 64 - 64) =     15.58539  eV     1   --> B              
     e( 65 - 65) =     16.64887  eV     1   --> A              
     e( 66 - 66) =     17.90592  eV     1   --> A              
     e( 67 - 67) =     19.06818  eV     1   --> B              
     e( 68 - 68) =     19.42169  eV     1   --> A              
     e( 69 - 69) =     19.54238  eV     1   --> B              
     e( 70 - 70) =     21.41583  eV     1   --> B              
     e( 71 - 71) =     21.65006  eV     1   --> A              
     e( 72 - 72) =     22.03931  eV     1   --> B              
     e( 73 - 73) =     22.22255  eV     1   --> A              
     e( 74 - 74) =     22.88936  eV     1   --> A              
     e( 75 - 75) =     23.24425  eV     1   --> A              
     e( 76 - 76) =     23.77860  eV     1   --> A              
     e( 77 - 77) =     24.56891  eV     1   --> A              
     e( 78 - 78) =     24.69377  eV     1   --> B              
     e( 79 - 79) =     24.84530  eV     1   --> B              
     e( 80 - 80) =     25.16529  eV     1   --> A              

 **************************************************************************

 **************************************************************************

                    xk=(   0.00000,   0.04070,   0.00000  )

     Band symmetry, C_2  (2)    point group:

     e(  1 -  1) =    -76.62520  eV     1   --> A              
     e(  2 -  2) =    -68.26429  eV     1   --> A              
     e(  3 -  3) =    -63.81272  eV     1   --> A              
     e(  4 -  4) =    -63.79114  eV     1   --> A              
     e(  5 -  5) =    -44.02564  eV     1   --> A              
     e(  6 -  6) =    -42.43398  eV     1   --> B              
     e(  7 -  7) =    -42.30023  eV     1   --> B              
     e(  8 -  8) =    -37.33033  eV     1   --> B              
     e(  9 -  9) =    -37.31767  eV     1   --> A              
     e( 10 - 10) =    -37.30133  eV     1   --> B              
     e( 11 - 11) =    -28.28960  eV     1   --> B              
     e( 12 - 12) =    -28.23430  eV     1   --> A              
     e( 13 - 13) =    -28.20610  eV     1   --> B              
     e( 14 - 14) =    -28.12916  eV     1   --> B              
     e( 15 - 15) =    -28.12318  eV     1   --> A              
     e( 16 - 16) =    -28.06309  eV     1   --> B              
     e( 17 - 17) =     -8.28809  eV     1   --> A              
     e( 18 - 18) =     -6.96764  eV     1   --> A              
     e( 19 - 19) =     -6.72073  eV     1   --> A              
     e( 20 - 20) =     -6.68738  eV     1   --> B              
     e( 21 - 21) =     -6.60269  eV     1   --> B              
     e( 22 - 22) =     -6.37044  eV     1   --> A              
     e( 23 - 23) =     -6.14237  eV     1   --> B              
     e( 24 - 24) =     -5.91133  eV     1   --> B              
     e( 25 - 25) =      3.63428  eV     1   --> A              
     e( 26 - 26) =      3.68421  eV     1   --> B              
     e( 27 - 27) =      3.87960  eV     1   --> A              
     e( 28 - 28) =      4.14269  eV     1   --> A              
     e( 29 - 29) =      4.20083  eV     1   --> B              
     e( 30 - 30) =      4.47198  eV     1   --> A              
     e( 31 - 31) =      4.82913  eV     1   --> A              
     e( 32 - 32) =      4.95931  eV     1   --> B              
     e( 33 - 33) =      5.27407  eV     1   --> A              
     e( 34 - 34) =      5.66856  eV     1   --> B              
     e( 35 - 35) =      5.71197  eV     1   --> A              
     e( 36 - 36) =      6.47121  eV     1   --> A              
     e( 37 - 37) =      6.61951  eV     1   --> B              
     e( 38 - 38) =      6.65429  eV     1   --> A              
     e( 39 - 39) =      6.93806  eV     1   --> B              
     e( 40 - 40) =      7.13376  eV     1   --> A              
     e( 41 - 41) =      7.19248  eV     1   --> B              
     e( 42 - 42) =      7.42334  eV     1   --> B              
     e( 43 - 43) =      7.54656  eV     1   --> A              
     e( 44 - 44) =      7.87088  eV     1   --> B              
     e( 45 - 45) =      7.95556  eV     1   --> A              
     e( 46 - 46) =      8.25322  eV     1   --> B              
     e( 47 - 47) =      8.38195  eV     1   --> A              
     e( 48 - 48) =      8.54646  eV     1   --> A              
     e( 49 - 49) =      8.76802  eV     1   --> A              
     e( 50 - 50) =      9.04038  eV     1   --> B              
     e( 51 - 51) =      9.28237  eV     1   --> A              
     e( 52 - 52) =      9.38081  eV     1   --> B              
     e( 53 - 53) =      9.53336  eV     1   --> B              
     e( 54 - 54) =      9.62637  eV     1   --> A              
     e( 55 - 55) =      9.87338  eV     1   --> B              
     e( 56 - 56) =      9.99852  eV     1   --> B              
     e( 57 - 57) =     10.41147  eV     1   --> A              
     e( 58 - 58) =     11.21133  eV     1   --> B              
     e( 59 - 59) =     13.72288  eV     1   --> A              
     e( 60 - 60) =     14.17825  eV     1   --> B              
     e( 61 - 61) =     14.26940  eV     1   --> A              
     e( 62 - 62) =     14.48959  eV     1   --> A              
     e( 63 - 63) =     15.07679  eV     1   --> A              
     e( 64 - 64) =     15.57997  eV     1   --> B              
     e( 65 - 65) =     16.66939  eV     1   --> A              
     e( 66 - 66) =     17.90813  eV     1   --> A              
     e( 67 - 67) =     19.03898  eV     1   --> B              
     e( 68 - 68) =     19.41906  eV     1   --> A              
     e( 69 - 69) =     19.55788  eV     1   --> B              
     e( 70 - 70) =     21.41758  eV     1   --> B              
     e( 71 - 71) =     21.59588  eV     1   --> A              
     e( 72 - 72) =     22.06248  eV     1   --> B              
     e( 73 - 73) =     22.25945  eV     1   --> A              
     e( 74 - 74) =     22.90069  eV     1   --> A              
     e( 75 - 75) =     23.24820  eV     1   --> A              
     e( 76 - 76) =     23.76887  eV     1   --> A              
     e( 77 - 77) =     24.57272  eV     1   --> A              
     e( 78 - 78) =     24.68425  eV     1   --> B              
     e( 79 - 79) =     24.83496  eV     1   --> B              
     e( 80 - 80) =     25.16756  eV     1   --> A              

 **************************************************************************

 **************************************************************************

                    xk=(   0.00000,   0.06106,   0.00000  )

     Band symmetry, C_2  (2)    point group:

     e(  1 -  1) =    -76.62520  eV     1   --> A              
     e(  2 -  2) =    -68.26429  eV     1   --> A              
     e(  3 -  3) =    -63.81272  eV     1   --> A              
     e(  4 -  4) =    -63.79114  eV     1   --> A              
     e(  5 -  5) =    -44.02564  eV     1   --> A              
     e(  6 -  6) =    -42.43398  eV     1   --> B              
     e(  7 -  7) =    -42.30023  eV     1   --> B              
     e(  8 -  8) =    -37.33033  eV     1   --> B              
     e(  9 -  9) =    -37.31767  eV     1   --> A              
     e( 10 - 10) =    -37.30133  eV     1   --> B              
     e( 11 - 11) =    -28.28956  eV     1   --> B              
     e( 12 - 12) =    -28.23419  eV     1   --> A              
     e( 13 - 13) =    -28.20610  eV     1   --> B              
     e( 14 - 14) =    -28.12918  eV     1   --> B              
     e( 15 - 15) =    -28.12332  eV     1   --> A              
     e( 16 - 16) =    -28.06312  eV     1   --> B              
     e( 17 - 17) =     -8.28106  eV     1   --> A              
     e( 18 - 18) =     -6.96902  eV     1   --> A              
     e( 19 - 19) =     -6.73158  eV     1   --> A              
     e( 20 - 20) =     -6.68751  eV     1   --> B              
     e( 21 - 21) =     -6.60155  eV     1   --> B              
     e( 22 - 22) =     -6.36802  eV     1   --> A              
     e( 23 - 23) =     -6.14340  eV     1   --> B              
     e( 24 - 24) =     -5.91188  eV     1   --> B              
     e( 25 - 25) =      3.64166  eV     1   --> A              
     e( 26 - 26) =      3.69324  eV     1   --> B              
     e( 27 - 27) =      3.89071  eV     1   --> A              
     e( 28 - 28) =      4.14668  eV     1   --> A              
     e( 29 - 29) =      4.20063  eV     1   --> B              
     e( 30 - 30) =      4.48193  eV     1   --> A              
     e( 31 - 31) =      4.83961  eV     1   --> A              
     e( 32 - 32) =      4.95752  eV     1   --> B              
     e( 33 - 33) =      5.28006  eV     1   --> A              
     e( 34 - 34) =      5.66146  eV     1   --> B              
     e( 35 - 35) =      5.69732  eV     1   --> A              
     e( 36 - 36) =      6.42311  eV     1   --> A              
     e( 37 - 37) =      6.61393  eV     1   --> B              
     e( 38 - 38) =      6.66966  eV     1   --> A              
     e( 39 - 39) =      6.88311  eV     1   --> B              
     e( 40 - 40) =      7.12317  eV     1   --> A              
     e( 41 - 41) =      7.19406  eV     1   --> B              
     e( 42 - 42) =      7.47149  eV     1   --> B              
     e( 43 - 43) =      7.54326  eV     1   --> A              
     e( 44 - 44) =      7.89476  eV     1   --> B              
     e( 45 - 45) =      7.94603  eV     1   --> A              
     e( 46 - 46) =      8.25840  eV     1   --> B              
     e( 47 - 47) =      8.36423  eV     1   --> A              
     e( 48 - 48) =      8.55890  eV     1   --> A              
     e( 49 - 49) =      8.77120  eV     1   --> A              
     e( 50 - 50) =      9.03722  eV     1   --> B              
     e( 51 - 51) =      9.27330  eV     1   --> A              
     e( 52 - 52) =      9.36370  eV     1   --> B              
     e( 53 - 53) =      9.53524  eV     1   --> B              
     e( 54 - 54) =      9.64039  eV     1   --> A              
     e( 55 - 55) =      9.84772  eV     1   --> B              
     e( 56 - 56) =     10.02671  eV     1   --> B              
     e( 57 - 57) =     10.42687  eV     1   --> A              
     e( 58 - 58) =     11.21112  eV     1   --> B              
     e( 59 - 59) =     13.72929  eV     1   --> A              
     e( 60 - 60) =     14.18740  eV     1   --> B              
     e( 61 - 61) =     14.21364  eV     1   --> A              
     e( 62 - 62) =     14.53678  eV     1   --> A              
     e( 63 - 63) =     15.07562  eV     1   --> A              
     e( 64 - 64) =     15.57096  eV     1   --> B              
     e( 65 - 65) =     16.70322  eV     1   --> A              
     e( 66 - 66) =     17.91176  eV     1   --> A              
     e( 67 - 67) =     18.99509  eV     1   --> B              
     e( 68 - 68) =     19.41454  eV     1   --> A              
     e( 69 - 69) =     19.57907  eV     1   --> B              
     e( 70 - 70) =     21.42217  eV     1   --> B              
     e( 71 - 71) =     21.51934  eV     1   --> A              
     e( 72 - 72) =     22.09944  eV     1   --> B              
     e( 73 - 73) =     22.30661  eV     1   --> A              
     e( 74 - 74) =     22.91950  eV     1   --> A              
     e( 75 - 75) =     23.25556  eV     1   --> A              
     e( 76 - 76) =     23.75314  eV     1   --> A              
     e( 77 - 77) =     24.57880  eV     1   --> A              
     e( 78 - 78) =     24.66806  eV     1   --> B              
     e( 79 - 79) =     24.81735  eV     1   --> B              
     e( 80 - 80) =     25.17188  eV     1   --> A              

 **************************************************************************

 **************************************************************************

                    xk=(   0.00000,   0.08141,   0.00000  )

     Band symmetry, C_2  (2)    point group:

     e(  1 -  1) =    -76.62521  eV     1   --> A              
     e(  2 -  2) =    -68.26429  eV     1   --> A              
     e(  3 -  3) =    -63.81272  eV     1   --> A              
     e(  4 -  4) =    -63.79113  eV     1   --> A              
     e(  5 -  5) =    -44.02564  eV     1   --> A              
     e(  6 -  6) =    -42.43398  eV     1   --> B              
     e(  7 -  7) =    -42.30023  eV     1   --> B              
     e(  8 -  8) =    -37.33033  eV     1   --> B              
     e(  9 -  9) =    -37.31767  eV     1   --> A              
     e( 10 - 10) =    -37.30133  eV     1   --> B              
     e( 11 - 11) =    -28.28951  eV     1   --> B              
     e( 12 - 12) =    -28.23404  eV     1   --> A              
     e( 13 - 13) =    -28.20611  eV     1   --> B              
     e( 14 - 14) =    -28.12922  eV     1   --> B              
     e( 15 - 15) =    -28.12350  eV     1   --> A              
     e( 16 - 16) =    -28.06316  eV     1   --> B              
     e( 17 - 17) =     -8.27130  eV     1   --> A              
     e( 18 - 18) =     -6.97182  eV     1   --> A              
     e( 19 - 19) =     -6.74503  eV     1   --> A              
     e( 20 - 20) =     -6.68768  eV     1   --> B              
     e( 21 - 21) =     -6.59998  eV     1   --> B              
     e( 22 - 22) =     -6.36531  eV     1   --> A              
     e( 23 - 23) =     -6.14481  eV     1   --> B              
     e( 24 - 24) =     -5.91261  eV     1   --> B              
     e( 25 - 25) =      3.65206  eV     1   --> A              
     e( 26 - 26) =      3.70578  eV     1   --> B              
     e( 27 - 27) =      3.90607  eV     1   --> A              
     e( 28 - 28) =      4.15195  eV     1   --> A              
     e( 29 - 29) =      4.20037  eV     1   --> B              
     e( 30 - 30) =      4.49582  eV     1   --> A              
     e( 31 - 31) =      4.85364  eV     1   --> A              
     e( 32 - 32) =      4.95504  eV     1   --> B              
     e( 33 - 33) =      5.28820  eV     1   --> A              
     e( 34 - 34) =      5.65147  eV     1   --> B              
     e( 35 - 35) =      5.67743  eV     1   --> A              
     e( 36 - 36) =      6.36957  eV     1   --> A              
     e( 37 - 37) =      6.60034  eV     1   --> B              
     e( 38 - 38) =      6.67838  eV     1   --> A              
     e( 39 - 39) =      6.82835  eV     1   --> B              
     e( 40 - 40) =      7.10900  eV     1   --> A              
     e( 41 - 41) =      7.20012  eV     1   --> B              
     e( 42 - 42) =      7.51928  eV     1   --> B              
     e( 43 - 43) =      7.53855  eV     1   --> A              
     e( 44 - 44) =      7.92626  eV     1   --> B              
     e( 45 - 45) =      7.93494  eV     1   --> A              
     e( 46 - 46) =      8.26618  eV     1   --> B              
     e( 47 - 47) =      8.34277  eV     1   --> A              
     e( 48 - 48) =      8.56586  eV     1   --> A              
     e( 49 - 49) =      8.77844  eV     1   --> A              
     e( 50 - 50) =      9.03264  eV     1   --> B              
     e( 51 - 51) =      9.26449  eV     1   --> A              
     e( 52 - 52) =      9.34288  eV     1   --> B              
     e( 53 - 53) =      9.53686  eV     1   --> B              
     e( 54 - 54) =      9.65866  eV     1   --> A              
     e( 55 - 55) =      9.82168  eV     1   --> B              
     e( 56 - 56) =     10.05509  eV     1   --> B              
     e( 57 - 57) =     10.44748  eV     1   --> A              
     e( 58 - 58) =     11.21092  eV     1   --> B              
     e( 59 - 59) =     13.73813  eV     1   --> A              
     e( 60 - 60) =     14.15775  eV     1   --> A              
     e( 61 - 61) =     14.20016  eV     1   --> B              
     e( 62 - 62) =     14.58016  eV     1   --> A              
     e( 63 - 63) =     15.07477  eV     1   --> A              
     e( 64 - 64) =     15.55843  eV     1   --> B              
     e( 65 - 65) =     16.74981  eV     1   --> A              
     e( 66 - 66) =     17.91671  eV     1   --> A              
     e( 67 - 67) =     18.94080  eV     1   --> B              
     e( 68 - 68) =     19.40791  eV     1   --> A              
     e( 69 - 69) =     19.60191  eV     1   --> B              
     e( 70 - 70) =     21.42968  eV     1   --> A              
     e( 71 - 71) =     21.43159  eV     1   --> B              
     e( 72 - 72) =     22.14821  eV     1   --> B              
     e( 73 - 73) =     22.35429  eV     1   --> A              
     e( 74 - 74) =     22.94513  eV     1   --> A              
     e( 75 - 75) =     23.26760  eV     1   --> A              
     e( 76 - 76) =     23.73213  eV     1   --> A              
     e( 77 - 77) =     24.58675  eV     1   --> A              
     e( 78 - 78) =     24.64444  eV     1   --> B              
     e( 79 - 79) =     24.79234  eV     1   --> B              
     e( 80 - 80) =     25.17891  eV     1   --> A              

 **************************************************************************

 **************************************************************************

                    xk=(   0.00000,   0.10176,   0.00000  )

     Band symmetry, C_2  (2)    point group:

     e(  1 -  1) =    -76.62521  eV     1   --> A              
     e(  2 -  2) =    -68.26429  eV     1   --> A              
     e(  3 -  3) =    -63.81271  eV     1   --> A              
     e(  4 -  4) =    -63.79112  eV     1   --> A              
     e(  5 -  5) =    -44.02564  eV     1   --> A              
     e(  6 -  6) =    -42.43398  eV     1   --> B              
     e(  7 -  7) =    -42.30023  eV     1   --> B              
     e(  8 -  8) =    -37.33033  eV     1   --> B              
     e(  9 -  9) =    -37.31767  eV     1   --> A              
     e( 10 - 10) =    -37.30133  eV     1   --> B              
     e( 11 - 11) =    -28.28945  eV     1   --> B              
     e( 12 - 12) =    -28.23385  eV     1   --> A              
     e( 13 - 13) =    -28.20612  eV     1   --> B              
     e( 14 - 14) =    -28.12926  eV     1   --> B              
     e( 15 - 15) =    -28.12372  eV     1   --> A              
     e( 16 - 16) =    -28.06322  eV     1   --> B              
     e( 17 - 17) =     -8.25888  eV     1   --> A              
     e( 18 - 18) =     -6.97698  eV     1   --> A              
     e( 19 - 19) =     -6.75951  eV     1   --> A              
     e( 20 - 20) =     -6.68788  eV     1   --> B              
     e( 21 - 21) =     -6.59803  eV     1   --> B              
     e( 22 - 22) =     -6.36279  eV     1   --> A              
     e( 23 - 23) =     -6.14658  eV     1   --> B              
     e( 24 - 24) =     -5.91353  eV     1   --> B              
     e( 25 - 25) =      3.66552  eV     1   --> A              
     e( 26 - 26) =      3.72169  eV     1   --> B              
     e( 27 - 27) =      3.92551  eV     1   --> A              
     e( 28 - 28) =      4.15824  eV     1   --> A              
     e( 29 - 29) =      4.20008  eV     1   --> B              
     e( 30 - 30) =      4.51353  eV     1   --> A              
     e( 31 - 31) =      4.87060  eV     1   --> A              
     e( 32 - 32) =      4.95187  eV     1   --> B              
     e( 33 - 33) =      5.29811  eV     1   --> A              
     e( 34 - 34) =      5.63857  eV     1   --> B              
     e( 35 - 35) =      5.65305  eV     1   --> A              
     e( 36 - 36) =      6.31274  eV     1   --> A              
     e( 37 - 37) =      6.57118  eV     1   --> B              
     e( 38 - 38) =      6.67961  eV     1   --> A              
     e( 39 - 39) =      6.78723  eV     1   --> B              
     e( 40 - 40) =      7.09138  eV     1   --> A              
     e( 41 - 41) =      7.20891  eV     1   --> B              
     e( 42 - 42) =      7.53260  eV     1   --> A              
     e( 43 - 43) =      7.56381  eV     1   --> B              
     e( 44 - 44) =      7.92346  eV     1   --> A              
     e( 45 - 45) =      7.96282  eV     1   --> B              
     e( 46 - 46) =      8.27700  eV     1   --> B              
     e( 47 - 47) =      8.31735  eV     1   --> A              
     e( 48 - 48) =      8.56506  eV     1   --> A              
     e( 49 - 49) =      8.78877  eV     1   --> A              
     e( 50 - 50) =      9.02657  eV     1   --> B              
     e( 51 - 51) =      9.25946  eV     1   --> A              
     e( 52 - 52) =      9.32045  eV     1   --> B              
     e( 53 - 53) =      9.53784  eV     1   --> B              
     e( 54 - 54) =      9.68011  eV     1   --> A              
     e( 55 - 55) =      9.79552  eV     1   --> B              
     e( 56 - 56) =     10.08258  eV     1   --> B              
     e( 57 - 57) =     10.47253  eV     1   --> A              
     e( 58 - 58) =     11.21078  eV     1   --> B              
     e( 59 - 59) =     13.74917  eV     1   --> A              
     e( 60 - 60) =     14.10262  eV     1   --> A              
     e( 61 - 61) =     14.21649  eV     1   --> B              
     e( 62 - 62) =     14.61836  eV     1   --> A              
     e( 63 - 63) =     15.07506  eV     1   --> A              
     e( 64 - 64) =     15.54243  eV     1   --> B              
     e( 65 - 65) =     16.80844  eV     1   --> A              
     e( 66 - 66) =     17.92285  eV     1   --> A              
     e( 67 - 67) =     18.87955  eV     1   --> B              
     e( 68 - 68) =     19.39888  eV     1   --> A              
     e( 69 - 69) =     19.62340  eV     1   --> B              
     e( 70 - 70) =     21.33266  eV     1   --> A              
     e( 71 - 71) =     21.44776  eV     1   --> B              
     e( 72 - 72) =     22.20676  eV     1   --> B              
     e( 73 - 73) =     22.39677  eV     1   --> A              
     e( 74 - 74) =     22.97572  eV     1   --> A              
     e( 75 - 75) =     23.28632  eV     1   --> A              
     e( 76 - 76) =     23.70684  eV     1   --> A              
     e( 77 - 77) =     24.59611  eV     1   --> A              
     e( 78 - 78) =     24.61200  eV     1   --> B              
     e( 79 - 79) =     24.76049  eV     1   --> B              
     e( 80 - 80) =     25.18920  eV     1   --> A              

 **************************************************************************

 **************************************************************************

                    xk=(   0.00000,   0.12211,   0.00000  )

     Band symmetry, C_2  (2)    point group:

     e(  1 -  1) =    -76.62521  eV     1   --> A              
     e(  2 -  2) =    -68.26429  eV     1   --> A              
     e(  3 -  3) =    -63.81271  eV     1   --> A              
     e(  4 -  4) =    -63.79110  eV     1   --> A              
     e(  5 -  5) =    -44.02564  eV     1   --> A              
     e(  6 -  6) =    -42.43398  eV     1   --> B              
     e(  7 -  7) =    -42.30023  eV     1   --> B              
     e(  8 -  8) =    -37.33033  eV     1   --> B              
     e(  9 -  9) =    -37.31767  eV     1   --> A              
     e( 10 - 10) =    -37.30133  eV     1   --> B              
     e( 11 - 11) =    -28.28938  eV     1   --> B              
     e( 12 - 12) =    -28.23363  eV     1   --> A              
     e( 13 - 13) =    -28.20613  eV     1   --> B              
     e( 14 - 14) =    -28.12930  eV     1   --> B              
     e( 15 - 15) =    -28.12399  eV     1   --> A              
     e( 16 - 16) =    -28.06329  eV     1   --> B              
     e( 17 - 17) =     -8.24393  eV     1   --> A              
     e( 18 - 18) =     -6.98570  eV     1   --> A              
     e( 19 - 19) =     -6.77320  eV     1   --> A              
     e( 20 - 20) =     -6.68811  eV     1   --> B              
     e( 21 - 21) =     -6.59574  eV     1   --> B              
     e( 22 - 22) =     -6.36084  eV     1   --> A              
     e( 23 - 23) =     -6.14868  eV     1   --> B              
     e( 24 - 24) =     -5.91459  eV     1   --> B              
     e( 25 - 25) =      3.68205  eV     1   --> A              
     e( 26 - 26) =      3.74082  eV     1   --> B              
     e( 27 - 27) =      3.94879  eV     1   --> A              
     e( 28 - 28) =      4.16531  eV     1   --> A              
     e( 29 - 29) =      4.19977  eV     1   --> B              
     e( 30 - 30) =      4.53483  eV     1   --> A              
     e( 31 - 31) =      4.88967  eV     1   --> A              
     e( 32 - 32) =      4.94803  eV     1   --> B              
     e( 33 - 33) =      5.30905  eV     1   --> A              
     e( 34 - 34) =      5.62272  eV     1   --> B              
     e( 35 - 35) =      5.62536  eV     1   --> A              
     e( 36 - 36) =      6.25421  eV     1   --> A              
     e( 37 - 37) =      6.52230  eV     1   --> B              
     e( 38 - 38) =      6.67379  eV     1   --> A              
     e( 39 - 39) =      6.76758  eV     1   --> B              
     e( 40 - 40) =      7.07014  eV     1   --> A              
     e( 41 - 41) =      7.21898  eV     1   --> B              
     e( 42 - 42) =      7.52582  eV     1   --> A              
     e( 43 - 43) =      7.60468  eV     1   --> B              
     e( 44 - 44) =      7.91211  eV     1   --> A              
     e( 45 - 45) =      8.00113  eV     1   --> B              
     e( 46 - 46) =      8.28732  eV     1   --> A              
     e( 47 - 47) =      8.29129  eV     1   --> B              
     e( 48 - 48) =      8.55767  eV     1   --> A              
     e( 49 - 49) =      8.79847  eV     1   --> A              
     e( 50 - 50) =      9.01900  eV     1   --> B              
     e( 51 - 51) =      9.26191  eV     1   --> A              
     e( 52 - 52) =      9.29834  eV     1   --> B              
     e( 53 - 53) =      9.53796  eV     1   --> B              
     e( 54 - 54) =      9.70365  eV     1   --> A              
     e( 55 - 55) =      9.76938  eV     1   --> B              
     e( 56 - 56) =     10.10845  eV     1   --> B              
     e( 57 - 57) =     10.50121  eV     1   --> A              
     e( 58 - 58) =     11.21078  eV     1   --> B              
     e( 59 - 59) =     13.76194  eV     1   --> A              
     e( 60 - 60) =     14.04921  eV     1   --> A              
     e( 61 - 61) =     14.23632  eV     1   --> B              
     e( 62 - 62) =     14.65000  eV     1   --> A              
     e( 63 - 63) =     15.07752  eV     1   --> A              
     e( 64 - 64) =     15.52306  eV     1   --> B              
     e( 65 - 65) =     16.87821  eV     1   --> A              
     e( 66 - 66) =     17.93004  eV     1   --> A              
     e( 67 - 67) =     18.81392  eV     1   --> B              
     e( 68 - 68) =     19.38704  eV     1   --> A              
     e( 69 - 69) =     19.64162  eV     1   --> B              
     e( 70 - 70) =     21.23188  eV     1   --> A              
     e( 71 - 71) =     21.47230  eV     1   --> B              
     e( 72 - 72) =     22.27316  eV     1   --> B              
     e( 73 - 73) =     22.43137  eV     1   --> A              
     e( 74 - 74) =     23.00792  eV     1   --> A              
     e( 75 - 75) =     23.31430  eV     1   --> A              
     e( 76 - 76) =     23.67859  eV     1   --> A              
     e( 77 - 77) =     24.56860  eV     1   --> B              
     e( 78 - 78) =     24.60633  eV     1   --> A              
     e( 79 - 79) =     24.72336  eV     1   --> B              
     e( 80 - 80) =     25.20301  eV     1   --> A              

 **************************************************************************

 **************************************************************************

                    xk=(   0.00000,   0.14247,   0.00000  )

     Band symmetry, C_2  (2)    point group:

     e(  1 -  1) =    -76.62521  eV     1   --> A              
     e(  2 -  2) =    -68.26429  eV     1   --> A              
     e(  3 -  3) =    -63.81271  eV     1   --> A              
     e(  4 -  4) =    -63.79108  eV     1   --> A              
     e(  5 -  5) =    -44.02564  eV     1   --> A              
     e(  6 -  6) =    -42.43398  eV     1   --> B              
     e(  7 -  7) =    -42.30023  eV     1   --> B              
     e(  8 -  8) =    -37.33033  eV     1   --> B              
     e(  9 -  9) =    -37.31767  eV     1   --> A              
     e( 10 - 10) =    -37.30133  eV     1   --> B              
     e( 11 - 11) =    -28.28930  eV     1   --> B              
     e( 12 - 12) =    -28.23337  eV     1   --> A              
     e( 13 - 13) =    -28.20615  eV     1   --> B              
     e( 14 - 14) =    -28.12936  eV     1   --> B              
     e( 15 - 15) =    -28.12428  eV     1   --> A              
     e( 16 - 16) =    -28.06336  eV     1   --> B              
     e( 17 - 17) =     -8.22656  eV     1   --> A              
     e( 18 - 18) =     -6.99916  eV     1   --> A              
     e( 19 - 19) =     -6.78430  eV     1   --> A              
     e( 20 - 20) =     -6.68835  eV     1   --> B              
     e( 21 - 21) =     -6.59316  eV     1   --> B              
     e( 22 - 22) =     -6.35979  eV     1   --> A              
     e( 23 - 23) =     -6.15105  eV     1   --> B              
     e( 24 - 24) =     -5.91577  eV     1   --> B              
     e( 25 - 25) =      3.70165  eV     1   --> A              
     e( 26 - 26) =      3.76298  eV     1   --> B              
     e( 27 - 27) =      3.97562  eV     1   --> A              
     e( 28 - 28) =      4.17300  eV     1   --> A              
     e( 29 - 29) =      4.19947  eV     1   --> B              
     e( 30 - 30) =      4.55930  eV     1   --> A              
     e( 31 - 31) =      4.90986  eV     1   --> A              
     e( 32 - 32) =      4.94354  eV     1   --> B              
     e( 33 - 33) =      5.31972  eV     1   --> A              
     e( 34 - 34) =      5.59613  eV     1   --> A              
     e( 35 - 35) =      5.60391  eV     1   --> B              
     e( 36 - 36) =      6.19548  eV     1   --> A              
     e( 37 - 37) =      6.45932  eV     1   --> B              
     e( 38 - 38) =      6.66204  eV     1   --> A              
     e( 39 - 39) =      6.76618  eV     1   --> B              
     e( 40 - 40) =      7.04498  eV     1   --> A              
     e( 41 - 41) =      7.22924  eV     1   --> B              
     e( 42 - 42) =      7.51863  eV     1   --> A              
     e( 43 - 43) =      7.64242  eV     1   --> B              
     e( 44 - 44) =      7.90074  eV     1   --> A              
     e( 45 - 45) =      8.03799  eV     1   --> B              
     e( 46 - 46) =      8.25228  eV     1   --> A              
     e( 47 - 47) =      8.30907  eV     1   --> B              
     e( 48 - 48) =      8.54634  eV     1   --> A              
     e( 49 - 49) =      8.80346  eV     1   --> A              
     e( 50 - 50) =      9.01006  eV     1   --> B              
     e( 51 - 51) =      9.27458  eV     1   --> A              
     e( 52 - 52) =      9.27823  eV     1   --> B              
     e( 53 - 53) =      9.53706  eV     1   --> B              
     e( 54 - 54) =      9.72825  eV     1   --> A              
     e( 55 - 55) =      9.74352  eV     1   --> B              
     e( 56 - 56) =     10.13209  eV     1   --> B              
     e( 57 - 57) =     10.53273  eV     1   --> A              
     e( 58 - 58) =     11.21098  eV     1   --> B              
     e( 59 - 59) =     13.77533  eV     1   --> A              
     e( 60 - 60) =     13.99899  eV     1   --> A              
     e( 61 - 61) =     14.25954  eV     1   --> B              
     e( 62 - 62) =     14.67381  eV     1   --> A              
     e( 63 - 63) =     15.08322  eV     1   --> A              
     e( 64 - 64) =     15.50045  eV     1   --> B              
     e( 65 - 65) =     16.95812  eV     1   --> A              
     e( 66 - 66) =     17.93811  eV     1   --> A              
     e( 67 - 67) =     18.74587  eV     1   --> B              
     e( 68 - 68) =     19.37186  eV     1   --> A              
     e( 69 - 69) =     19.65552  eV     1   --> B              
     e( 70 - 70) =     21.12983  eV     1   --> A              
     e( 71 - 71) =     21.50637  eV     1   --> B              
     e( 72 - 72) =     22.34572  eV     1   --> B              
     e( 73 - 73) =     22.45754  eV     1   --> A              
     e( 74 - 74) =     23.03756  eV     1   --> A              
     e( 75 - 75) =     23.35381  eV     1   --> A              
     e( 76 - 76) =     23.64907  eV     1   --> A              
     e( 77 - 77) =     24.51193  eV     1   --> B              
     e( 78 - 78) =     24.61690  eV     1   --> A              
     e( 79 - 79) =     24.68312  eV     1   --> B              
     e( 80 - 80) =     25.22001  eV     1   --> A              

 **************************************************************************

 **************************************************************************

                    xk=(   0.00000,   0.16282,   0.00000  )

     Band symmetry, C_2  (2)    point group:

     e(  1 -  1) =    -76.62521  eV     1   --> A              
     e(  2 -  2) =    -68.26429  eV     1   --> A              
     e(  3 -  3) =    -63.81270  eV     1   --> A              
     e(  4 -  4) =    -63.79107  eV     1   --> A              
     e(  5 -  5) =    -44.02564  eV     1   --> A              
     e(  6 -  6) =    -42.43398  eV     1   --> B              
     e(  7 -  7) =    -42.30023  eV     1   --> B              
     e(  8 -  8) =    -37.33033  eV     1   --> B              
     e(  9 -  9) =    -37.31767  eV     1   --> A              
     e( 10 - 10) =    -37.30134  eV     1   --> B              
     e( 11 - 11) =    -28.28921  eV     1   --> B              
     e( 12 - 12) =    -28.23310  eV     1   --> A              
     e( 13 - 13) =    -28.20616  eV     1   --> B              
     e( 14 - 14) =    -28.12942  eV     1   --> B              
     e( 15 - 15) =    -28.12461  eV     1   --> A              
     e( 16 - 16) =    -28.06344  eV     1   --> B              
     e( 17 - 17) =     -8.20697  eV     1   --> A              
     e( 18 - 18) =     -7.01809  eV     1   --> A              
     e( 19 - 19) =     -6.79157  eV     1   --> A              
     e( 20 - 20) =     -6.68860  eV     1   --> B              
     e( 21 - 21) =     -6.59036  eV     1   --> B              
     e( 22 - 22) =     -6.35983  eV     1   --> A              
     e( 23 - 23) =     -6.15366  eV     1   --> B              
     e( 24 - 24) =     -5.91703  eV     1   --> B              
     e( 25 - 25) =      3.72423  eV     1   --> A              
     e( 26 - 26) =      3.78790  eV     1   --> B              
     e( 27 - 27) =      4.00558  eV     1   --> A              
     e( 28 - 28) =      4.18125  eV     1   --> A              
     e( 29 - 29) =      4.19921  eV     1   --> B              
     e( 30 - 30) =      4.58631  eV     1   --> A              
     e( 31 - 31) =      4.93000  eV     1   --> A              
     e( 32 - 32) =      4.93842  eV     1   --> B              
     e( 33 - 33) =      5.32802  eV     1   --> A              
     e( 34 - 34) =      5.56790  eV     1   --> A              
     e( 35 - 35) =      5.58218  eV     1   --> B              
     e( 36 - 36) =      6.13830  eV     1   --> A              
     e( 37 - 37) =      6.39050  eV     1   --> B              
     e( 38 - 38) =      6.64578  eV     1   --> A              
     e( 39 - 39) =      6.77653  eV     1   --> B              
     e( 40 - 40) =      7.01581  eV     1   --> A              
     e( 41 - 41) =      7.23884  eV     1   --> B              
     e( 42 - 42) =      7.51123  eV     1   --> A              
     e( 43 - 43) =      7.67760  eV     1   --> B              
     e( 44 - 44) =      7.88854  eV     1   --> A              
     e( 45 - 45) =      8.07114  eV     1   --> B              
     e( 46 - 46) =      8.21261  eV     1   --> A              
     e( 47 - 47) =      8.32960  eV     1   --> B              
     e( 48 - 48) =      8.53351  eV     1   --> A              
     e( 49 - 49) =      8.80176  eV     1   --> A              
     e( 50 - 50) =      9.00005  eV     1   --> B              
     e( 51 - 51) =      9.26150  eV     1   --> B              
     e( 52 - 52) =      9.29810  eV     1   --> A              
     e( 53 - 53) =      9.53501  eV     1   --> B              
     e( 54 - 54) =      9.71838  eV     1   --> B              
     e( 55 - 55) =      9.75302  eV     1   --> A              
     e( 56 - 56) =     10.15308  eV     1   --> B              
     e( 57 - 57) =     10.56630  eV     1   --> A              
     e( 58 - 58) =     11.21142  eV     1   --> B              
     e( 59 - 59) =     13.78677  eV     1   --> A              
     e( 60 - 60) =     13.95486  eV     1   --> A              
     e( 61 - 61) =     14.28602  eV     1   --> B              
     e( 62 - 62) =     14.68888  eV     1   --> A              
     e( 63 - 63) =     15.09294  eV     1   --> A              
     e( 64 - 64) =     15.47474  eV     1   --> B              
     e( 65 - 65) =     17.04704  eV     1   --> A              
     e( 66 - 66) =     17.94686  eV     1   --> A              
     e( 67 - 67) =     18.67699  eV     1   --> B              
     e( 68 - 68) =     19.35272  eV     1   --> A              
     e( 69 - 69) =     19.66474  eV     1   --> B              
     e( 70 - 70) =     21.02844  eV     1   --> A              
     e( 71 - 71) =     21.55060  eV     1   --> B              
     e( 72 - 72) =     22.42293  eV     1   --> B              
     e( 73 - 73) =     22.47592  eV     1   --> A              
     e( 74 - 74) =     23.06134  eV     1   --> A              
     e( 75 - 75) =     23.40497  eV     1   --> A              
     e( 76 - 76) =     23.62078  eV     1   --> A              
     e( 77 - 77) =     24.44078  eV     1   --> B              
     e( 78 - 78) =     24.62736  eV     1   --> A              
     e( 79 - 79) =     24.64145  eV     1   --> B              
     e( 80 - 80) =     25.23909  eV     1   --> A              

 **************************************************************************

 **************************************************************************

                    xk=(   0.00000,   0.18317,   0.00000  )

     Band symmetry, C_2  (2)    point group:

     e(  1 -  1) =    -76.62522  eV     1   --> A              
     e(  2 -  2) =    -68.26428  eV     1   --> A              
     e(  3 -  3) =    -63.81270  eV     1   --> A              
     e(  4 -  4) =    -63.79105  eV     1   --> A              
     e(  5 -  5) =    -44.02564  eV     1   --> A              
     e(  6 -  6) =    -42.43398  eV     1   --> B              
     e(  7 -  7) =    -42.30024  eV     1   --> B              
     e(  8 -  8) =    -37.33034  eV     1   --> B              
     e(  9 -  9) =    -37.31767  eV     1   --> A              
     e( 10 - 10) =    -37.30134  eV     1   --> B              
     e( 11 - 11) =    -28.28912  eV     1   --> B              
     e( 12 - 12) =    -28.23281  eV     1   --> A              
     e( 13 - 13) =    -28.20618  eV     1   --> B              
     e( 14 - 14) =    -28.12948  eV     1   --> B              
     e( 15 - 15) =    -28.12495  eV     1   --> A              
     e( 16 - 16) =    -28.06353  eV     1   --> B              
     e( 17 - 17) =     -8.18536  eV     1   --> A              
     e( 18 - 18) =     -7.04241  eV     1   --> A              
     e( 19 - 19) =     -6.79461  eV     1   --> A              
     e( 20 - 20) =     -6.68885  eV     1   --> B              
     e( 21 - 21) =     -6.58739  eV     1   --> B              
     e( 22 - 22) =     -6.36108  eV     1   --> A              
     e( 23 - 23) =     -6.15644  eV     1   --> B              
     e( 24 - 24) =     -5.91835  eV     1   --> B              
     e( 25 - 25) =      3.74967  eV     1   --> A              
     e( 26 - 26) =      3.81526  eV     1   --> B              
     e( 27 - 27) =      4.03810  eV     1   --> A              
     e( 28 - 28) =      4.19021  eV     1   --> A              
     e( 29 - 29) =      4.19900  eV     1   --> B              
     e( 30 - 30) =      4.61502  eV     1   --> A              
     e( 31 - 31) =      4.93271  eV     1   --> B              
     e( 32 - 32) =      4.94860  eV     1   --> A              
     e( 33 - 33) =      5.33123  eV     1   --> A              
     e( 34 - 34) =      5.54369  eV     1   --> A              
     e( 35 - 35) =      5.55756  eV     1   --> B              
     e( 36 - 36) =      6.08479  eV     1   --> A              
     e( 37 - 37) =      6.32131  eV     1   --> B              
     e( 38 - 38) =      6.62644  eV     1   --> A              
     e( 39 - 39) =      6.79442  eV     1   --> B              
     e( 40 - 40) =      6.98300  eV     1   --> A              
     e( 41 - 41) =      7.24718  eV     1   --> B              
     e( 42 - 42) =      7.50336  eV     1   --> A              
     e( 43 - 43) =      7.71047  eV     1   --> B              
     e( 44 - 44) =      7.87407  eV     1   --> A              
     e( 45 - 45) =      8.09988  eV     1   --> B              
     e( 46 - 46) =      8.16991  eV     1   --> A              
     e( 47 - 47) =      8.35118  eV     1   --> B              
     e( 48 - 48) =      8.52073  eV     1   --> A              
     e( 49 - 49) =      8.79392  eV     1   --> A              
     e( 50 - 50) =      8.98938  eV     1   --> B              
     e( 51 - 51) =      9.24910  eV     1   --> B              
     e( 52 - 52) =      9.33089  eV     1   --> A              
     e( 53 - 53) =      9.53166  eV     1   --> B              
     e( 54 - 54) =      9.69460  eV     1   --> B              
     e( 55 - 55) =      9.77723  eV     1   --> A              
     e( 56 - 56) =     10.17113  eV     1   --> B              
     e( 57 - 57) =     10.60115  eV     1   --> A              
     e( 58 - 58) =     11.21210  eV     1   --> B              
     e( 59 - 59) =     13.79006  eV     1   --> A              
     e( 60 - 60) =     13.92320  eV     1   --> A              
     e( 61 - 61) =     14.31558  eV     1   --> B              
     e( 62 - 62) =     14.69499  eV     1   --> A              
     e( 63 - 63) =     15.10685  eV     1   --> A              
     e( 64 - 64) =     15.44613  eV     1   --> B              
     e( 65 - 65) =     17.14380  eV     1   --> A              
     e( 66 - 66) =     17.95612  eV     1   --> A              
     e( 67 - 67) =     18.60863  eV     1   --> B              
     e( 68 - 68) =     19.32887  eV     1   --> A              
     e( 69 - 69) =     19.66939  eV     1   --> B              
     e( 70 - 70) =     20.92938  eV     1   --> A              
     e( 71 - 71) =     21.60518  eV     1   --> B              
     e( 72 - 72) =     22.48768  eV     1   --> A              
     e( 73 - 73) =     22.50342  eV     1   --> B              
     e( 74 - 74) =     23.07803  eV     1   --> A              
     e( 75 - 75) =     23.46255  eV     1   --> A              
     e( 76 - 76) =     23.59938  eV     1   --> A              
     e( 77 - 77) =     24.35569  eV     1   --> B              
     e( 78 - 78) =     24.59884  eV     1   --> B              
     e( 79 - 79) =     24.63738  eV     1   --> A              
     e( 80 - 80) =     25.25809  eV     1   --> A              

 **************************************************************************

 **************************************************************************

                    xk=(   0.00000,   0.20352,   0.00000  )

     Band symmetry, C_2  (2)    point group:

     e(  1 -  1) =    -76.62522  eV     1   --> A              
     e(  2 -  2) =    -68.26428  eV     1   --> A              
     e(  3 -  3) =    -63.81270  eV     1   --> A              
     e(  4 -  4) =    -63.79103  eV     1   --> A              
     e(  5 -  5) =    -44.02564  eV     1   --> A              
     e(  6 -  6) =    -42.43398  eV     1   --> B              
     e(  7 -  7) =    -42.30024  eV     1   --> B              
     e(  8 -  8) =    -37.33034  eV     1   --> B              
     e(  9 -  9) =    -37.31767  eV     1   --> A              
     e( 10 - 10) =    -37.30134  eV     1   --> B              
     e( 11 - 11) =    -28.28903  eV     1   --> B              
     e( 12 - 12) =    -28.23251  eV     1   --> A              
     e( 13 - 13) =    -28.20619  eV     1   --> B              
     e( 14 - 14) =    -28.12954  eV     1   --> B              
     e( 15 - 15) =    -28.12531  eV     1   --> A              
     e( 16 - 16) =    -28.06362  eV     1   --> B              
     e( 17 - 17) =     -8.16202  eV     1   --> A              
     e( 18 - 18) =     -7.07127  eV     1   --> A              
     e( 19 - 19) =     -6.79381  eV     1   --> A              
     e( 20 - 20) =     -6.68910  eV     1   --> B              
     e( 21 - 21) =     -6.58432  eV     1   --> B              
     e( 22 - 22) =     -6.36354  eV     1   --> A              
     e( 23 - 23) =     -6.15934  eV     1   --> B              
     e( 24 - 24) =     -5.91969  eV     1   --> B              
     e( 25 - 25) =      3.77772  eV     1   --> A              
     e( 26 - 26) =      3.84467  eV     1   --> B              
     e( 27 - 27) =      4.07227  eV     1   --> A              
     e( 28 - 28) =      4.19886  eV     1   --> B              
     e( 29 - 29) =      4.20037  eV     1   --> A              
     e( 30 - 30) =      4.64436  eV     1   --> A              
     e( 31 - 31) =      4.92643  eV     1   --> B              
     e( 32 - 32) =      4.96380  eV     1   --> A              
     e( 33 - 33) =      5.32733  eV     1   --> A              
     e( 34 - 34) =      5.52572  eV     1   --> A              
     e( 35 - 35) =      5.53021  eV     1   --> B              
     e( 36 - 36) =      6.03759  eV     1   --> A              
     e( 37 - 37) =      6.25495  eV     1   --> B              
     e( 38 - 38) =      6.60534  eV     1   --> A              
     e( 39 - 39) =      6.81756  eV     1   --> B              
     e( 40 - 40) =      6.94747  eV     1   --> A              
     e( 41 - 41) =      7.25380  eV     1   --> B              
     e( 42 - 42) =      7.49418  eV     1   --> A              
     e( 43 - 43) =      7.74082  eV     1   --> B              
     e( 44 - 44) =      7.85552  eV     1   --> A              
     e( 45 - 45) =      8.12484  eV     1   --> B              
     e( 46 - 46) =      8.12702  eV     1   --> A              
     e( 47 - 47) =      8.37157  eV     1   --> B              
     e( 48 - 48) =      8.50881  eV     1   --> A              
     e( 49 - 49) =      8.78190  eV     1   --> A              
     e( 50 - 50) =      8.97834  eV     1   --> B              
     e( 51 - 51) =      9.24159  eV     1   --> B              
     e( 52 - 52) =      9.37012  eV     1   --> A              
     e( 53 - 53) =      9.52696  eV     1   --> B              
     e( 54 - 54) =      9.67292  eV     1   --> B              
     e( 55 - 55) =      9.80030  eV     1   --> A              
     e( 56 - 56) =     10.18612  eV     1   --> B              
     e( 57 - 57) =     10.63651  eV     1   --> A              
     e( 58 - 58) =     11.21301  eV     1   --> B              
     e( 59 - 59) =     13.77658  eV     1   --> A              
     e( 60 - 60) =     13.91282  eV     1   --> A              
     e( 61 - 61) =     14.34798  eV     1   --> B              
     e( 62 - 62) =     14.69272  eV     1   --> A              
     e( 63 - 63) =     15.12439  eV     1   --> A              
     e( 64 - 64) =     15.41484  eV     1   --> B              
     e( 65 - 65) =     17.24713  eV     1   --> A              
     e( 66 - 66) =     17.96570  eV     1   --> A              
     e( 67 - 67) =     18.54198  eV     1   --> B              
     e( 68 - 68) =     19.29948  eV     1   --> A              
     e( 69 - 69) =     19.66994  eV     1   --> B              
     e( 70 - 70) =     20.83422  eV     1   --> A              
     e( 71 - 71) =     21.66989  eV     1   --> B              
     e( 72 - 72) =     22.49410  eV     1   --> A              
     e( 73 - 73) =     22.58586  eV     1   --> B              
     e( 74 - 74) =     23.08801  eV     1   --> A              
     e( 75 - 75) =     23.50412  eV     1   --> A              
     e( 76 - 76) =     23.60622  eV     1   --> A              
     e( 77 - 77) =     24.25847  eV     1   --> B              
     e( 78 - 78) =     24.55501  eV     1   --> B              
     e( 79 - 79) =     24.64675  eV     1   --> A              
     e( 80 - 80) =     25.27374  eV     1   --> A              

 **************************************************************************

 **************************************************************************

                    xk=(   0.00000,   0.22388,   0.00000  )

     Band symmetry, C_2  (2)    point group:

     e(  1 -  1) =    -76.62522  eV     1   --> A              
     e(  2 -  2) =    -68.26428  eV     1   --> A              
     e(  3 -  3) =    -63.81269  eV     1   --> A              
     e(  4 -  4) =    -63.79101  eV     1   --> A              
     e(  5 -  5) =    -44.02564  eV     1   --> A              
     e(  6 -  6) =    -42.43398  eV     1   --> B              
     e(  7 -  7) =    -42.30024  eV     1   --> B              
     e(  8 -  8) =    -37.33034  eV     1   --> B              
     e(  9 -  9) =    -37.31767  eV     1   --> A              
     e( 10 - 10) =    -37.30134  eV     1   --> B              
     e( 11 - 11) =    -28.28893  eV     1   --> B              
     e( 12 - 12) =    -28.23221  eV     1   --> A              
     e( 13 - 13) =    -28.20621  eV     1   --> B              
     e( 14 - 14) =    -28.12960  eV     1   --> B              
     e( 15 - 15) =    -28.12567  eV     1   --> A              
     e( 16 - 16) =    -28.06371  eV     1   --> B              
     e( 17 - 17) =     -8.13726  eV     1   --> A              
     e( 18 - 18) =     -7.10345  eV     1   --> A              
     e( 19 - 19) =     -6.78997  eV     1   --> A              
     e( 20 - 20) =     -6.68933  eV     1   --> B              
     e( 21 - 21) =     -6.58123  eV     1   --> B              
     e( 22 - 22) =     -6.36712  eV     1   --> A              
     e( 23 - 23) =     -6.16228  eV     1   --> B              
     e( 24 - 24) =     -5.92101  eV     1   --> B              
     e( 25 - 25) =      3.80806  eV     1   --> A              
     e( 26 - 26) =      3.87566  eV     1   --> B              
     e( 27 - 27) =      4.10647  eV     1   --> A              
     e( 28 - 28) =      4.19880  eV     1   --> B              
     e( 29 - 29) =      4.21287  eV     1   --> A              
     e( 30 - 30) =      4.67307  eV     1   --> A              
     e( 31 - 31) =      4.91964  eV     1   --> B              
     e( 32 - 32) =      4.97328  eV     1   --> A              
     e( 33 - 33) =      5.31730  eV     1   --> A              
     e( 34 - 34) =      5.50039  eV     1   --> B              
     e( 35 - 35) =      5.51326  eV     1   --> A              
     e( 36 - 36) =      5.99961  eV     1   --> A              
     e( 37 - 37) =      6.19340  eV     1   --> B              
     e( 38 - 38) =      6.58363  eV     1   --> A              
     e( 39 - 39) =      6.84459  eV     1   --> B              
     e( 40 - 40) =      6.91069  eV     1   --> A              
     e( 41 - 41) =      7.25840  eV     1   --> B              
     e( 42 - 42) =      7.48217  eV     1   --> A              
     e( 43 - 43) =      7.76806  eV     1   --> B              
     e( 44 - 44) =      7.83117  eV     1   --> A              
     e( 45 - 45) =      8.08762  eV     1   --> A              
     e( 46 - 46) =      8.14744  eV     1   --> B              
     e( 47 - 47) =      8.38875  eV     1   --> B              
     e( 48 - 48) =      8.49807  eV     1   --> A              
     e( 49 - 49) =      8.76787  eV     1   --> A              
     e( 50 - 50) =      8.96693  eV     1   --> B              
     e( 51 - 51) =      9.23911  eV     1   --> B              
     e( 52 - 52) =      9.41278  eV     1   --> A              
     e( 53 - 53) =      9.52102  eV     1   --> B              
     e( 54 - 54) =      9.65406  eV     1   --> B              
     e( 55 - 55) =      9.82185  eV     1   --> A              
     e( 56 - 56) =     10.19805  eV     1   --> B              
     e( 57 - 57) =     10.67159  eV     1   --> A              
     e( 58 - 58) =     11.21412  eV     1   --> B              
     e( 59 - 59) =     13.74784  eV     1   --> A              
     e( 60 - 60) =     13.92228  eV     1   --> A              
     e( 61 - 61) =     14.38288  eV     1   --> B              
     e( 62 - 62) =     14.68330  eV     1   --> A              
     e( 63 - 63) =     15.14443  eV     1   --> A              
     e( 64 - 64) =     15.38119  eV     1   --> B              
     e( 65 - 65) =     17.35573  eV     1   --> A              
     e( 66 - 66) =     17.97547  eV     1   --> A              
     e( 67 - 67) =     18.47813  eV     1   --> B              
     e( 68 - 68) =     19.26369  eV     1   --> A              
     e( 69 - 69) =     19.66708  eV     1   --> B              
     e( 70 - 70) =     20.74449  eV     1   --> A              
     e( 71 - 71) =     21.74418  eV     1   --> B              
     e( 72 - 72) =     22.49638  eV     1   --> A              
     e( 73 - 73) =     22.66888  eV     1   --> B              
     e( 74 - 74) =     23.09221  eV     1   --> A              
     e( 75 - 75) =     23.50456  eV     1   --> A              
     e( 76 - 76) =     23.66488  eV     1   --> A              
     e( 77 - 77) =     24.15154  eV     1   --> B              
     e( 78 - 78) =     24.50959  eV     1   --> B              
     e( 79 - 79) =     24.65538  eV     1   --> A              
     e( 80 - 80) =     25.28179  eV     1   --> A              

 **************************************************************************

 **************************************************************************

                    xk=(   0.00000,   0.24423,   0.00000  )

     Band symmetry, C_2  (2)    point group:

     e(  1 -  1) =    -76.62522  eV     1   --> A              
     e(  2 -  2) =    -68.26428  eV     1   --> A              
     e(  3 -  3) =    -63.81269  eV     1   --> A              
     e(  4 -  4) =    -63.79099  eV     1   --> A              
     e(  5 -  5) =    -44.02564  eV     1   --> A              
     e(  6 -  6) =    -42.43398  eV     1   --> B              
     e(  7 -  7) =    -42.30024  eV     1   --> B              
     e(  8 -  8) =    -37.33034  eV     1   --> B              
     e(  9 -  9) =    -37.31767  eV     1   --> A              
     e( 10 - 10) =    -37.30134  eV     1   --> B              
     e( 11 - 11) =    -28.28884  eV     1   --> B              
     e( 12 - 12) =    -28.23191  eV     1   --> A              
     e( 13 - 13) =    -28.20622  eV     1   --> B              
     e( 14 - 14) =    -28.12967  eV     1   --> B              
     e( 15 - 15) =    -28.12601  eV     1   --> A              
     e( 16 - 16) =    -28.06379  eV     1   --> B              
     e( 17 - 17) =     -8.11150  eV     1   --> A              
     e( 18 - 18) =     -7.13765  eV     1   --> A              
     e( 19 - 19) =     -6.78395  eV     1   --> A              
     e( 20 - 20) =     -6.68955  eV     1   --> B              
     e( 21 - 21) =     -6.57819  eV     1   --> B              
     e( 22 - 22) =     -6.37167  eV     1   --> A              
     e( 23 - 23) =     -6.16520  eV     1   --> B              
     e( 24 - 24) =     -5.92228  eV     1   --> B              
     e( 25 - 25) =      3.84022  eV     1   --> A              
     e( 26 - 26) =      3.90763  eV     1   --> B              
     e( 27 - 27) =      4.13791  eV     1   --> A              
     e( 28 - 28) =      4.19883  eV     1   --> B              
     e( 29 - 29) =      4.23000  eV     1   --> A              
     e( 30 - 30) =      4.69971  eV     1   --> A              
     e( 31 - 31) =      4.91243  eV     1   --> B              
     e( 32 - 32) =      4.97461  eV     1   --> A              
     e( 33 - 33) =      5.30511  eV     1   --> A              
     e( 34 - 34) =      5.46860  eV     1   --> B              
     e( 35 - 35) =      5.50310  eV     1   --> A              
     e( 36 - 36) =      5.97316  eV     1   --> A              
     e( 37 - 37) =      6.13794  eV     1   --> B              
     e( 38 - 38) =      6.56242  eV     1   --> A              
     e( 39 - 40) =      6.87446  eV     2   --> A              
     e( 39 - 40) =      6.87446  eV     2   --> B              
     e( 41 - 41) =      7.26075  eV     1   --> B              
     e( 42 - 42) =      7.46510  eV     1   --> A              
     e( 43 - 43) =      7.79142  eV     1   --> B              
     e( 44 - 44) =      7.80084  eV     1   --> A              
     e( 45 - 45) =      8.05492  eV     1   --> A              
     e( 46 - 46) =      8.16920  eV     1   --> B              
     e( 47 - 47) =      8.40155  eV     1   --> B              
     e( 48 - 48) =      8.48859  eV     1   --> A              
     e( 49 - 49) =      8.75352  eV     1   --> A              
     e( 50 - 50) =      8.95484  eV     1   --> B              
     e( 51 - 51) =      9.24126  eV     1   --> B              
     e( 52 - 52) =      9.45623  eV     1   --> A              
     e( 53 - 53) =      9.51425  eV     1   --> B              
     e( 54 - 54) =      9.63852  eV     1   --> B              
     e( 55 - 55) =      9.84158  eV     1   --> A              
     e( 56 - 56) =     10.20706  eV     1   --> B              
     e( 57 - 57) =     10.70563  eV     1   --> A              
     e( 58 - 58) =     11.21536  eV     1   --> B              
     e( 59 - 59) =     13.71316  eV     1   --> A              
     e( 60 - 60) =     13.94226  eV     1   --> A              
     e( 61 - 61) =     14.41988  eV     1   --> B              
     e( 62 - 62) =     14.66821  eV     1   --> A              
     e( 63 - 63) =     15.16568  eV     1   --> A              
     e( 64 - 64) =     15.34555  eV     1   --> B              
     e( 65 - 65) =     17.46817  eV     1   --> A              
     e( 66 - 66) =     17.98536  eV     1   --> A              
     e( 67 - 67) =     18.41809  eV     1   --> B              
     e( 68 - 68) =     19.22070  eV     1   --> A              
     e( 69 - 69) =     19.66164  eV     1   --> B              
     e( 70 - 70) =     20.66160  eV     1   --> A              
     e( 71 - 71) =     21.82724  eV     1   --> B              
     e( 72 - 72) =     22.49558  eV     1   --> A              
     e( 73 - 73) =     22.75093  eV     1   --> B              
     e( 74 - 74) =     23.09159  eV     1   --> A              
     e( 75 - 75) =     23.49075  eV     1   --> A              
     e( 76 - 76) =     23.74701  eV     1   --> A              
     e( 77 - 77) =     24.03749  eV     1   --> B              
     e( 78 - 78) =     24.46244  eV     1   --> B              
     e( 79 - 79) =     24.66330  eV     1   --> A              
     e( 80 - 80) =     25.27764  eV     1   --> A              

 **************************************************************************

 **************************************************************************

                    xk=(   0.00000,   0.26458,   0.00000  )

     Band symmetry, C_2  (2)    point group:

     e(  1 -  1) =    -76.62523  eV     1   --> A              
     e(  2 -  2) =    -68.26428  eV     1   --> A              
     e(  3 -  3) =    -63.81269  eV     1   --> A              
     e(  4 -  4) =    -63.79098  eV     1   --> A              
     e(  5 -  5) =    -44.02564  eV     1   --> A              
     e(  6 -  6) =    -42.43398  eV     1   --> B              
     e(  7 -  7) =    -42.30024  eV     1   --> B              
     e(  8 -  8) =    -37.33034  eV     1   --> B              
     e(  9 -  9) =    -37.31767  eV     1   --> A              
     e( 10 - 10) =    -37.30134  eV     1   --> B              
     e( 11 - 11) =    -28.28875  eV     1   --> B              
     e( 12 - 12) =    -28.23163  eV     1   --> A              
     e( 13 - 13) =    -28.20623  eV     1   --> B              
     e( 14 - 14) =    -28.12972  eV     1   --> B              
     e( 15 - 15) =    -28.12635  eV     1   --> A              
     e( 16 - 16) =    -28.06387  eV     1   --> B              
     e( 17 - 17) =     -8.08528  eV     1   --> A              
     e( 18 - 18) =     -7.17262  eV     1   --> A              
     e( 19 - 19) =     -6.77653  eV     1   --> A              
     e( 20 - 20) =     -6.68975  eV     1   --> B              
     e( 21 - 21) =     -6.57528  eV     1   --> B              
     e( 22 - 22) =     -6.37697  eV     1   --> A              
     e( 23 - 23) =     -6.16801  eV     1   --> B              
     e( 24 - 24) =     -5.92348  eV     1   --> B              
     e( 25 - 25) =      3.87354  eV     1   --> A              
     e( 26 - 26) =      3.93986  eV     1   --> B              
     e( 27 - 27) =      4.16304  eV     1   --> A              
     e( 28 - 28) =      4.19895  eV     1   --> B              
     e( 29 - 29) =      4.25466  eV     1   --> A              
     e( 30 - 30) =      4.72275  eV     1   --> A              
     e( 31 - 31) =      4.90488  eV     1   --> B              
     e( 32 - 32) =      4.96638  eV     1   --> A              
     e( 33 - 33) =      5.29413  eV     1   --> A              
     e( 34 - 34) =      5.43560  eV     1   --> B              
     e( 35 - 35) =      5.49330  eV     1   --> A              
     e( 36 - 36) =      5.95856  eV     1   --> A              
     e( 37 - 37) =      6.08934  eV     1   --> B              
     e( 38 - 38) =      6.54296  eV     1   --> A              
     e( 39 - 39) =      6.84112  eV     1   --> A              
     e( 40 - 40) =      6.90630  eV     1   --> B              
     e( 41 - 41) =      7.26069  eV     1   --> B              
     e( 42 - 42) =      7.44024  eV     1   --> A              
     e( 43 - 43) =      7.76717  eV     1   --> A              
     e( 44 - 44) =      7.81020  eV     1   --> B              
     e( 45 - 45) =      8.03015  eV     1   --> A              
     e( 46 - 46) =      8.19131  eV     1   --> B              
     e( 47 - 47) =      8.40979  eV     1   --> B              
     e( 48 - 48) =      8.48037  eV     1   --> A              
     e( 49 - 49) =      8.73999  eV     1   --> A              
     e( 50 - 50) =      8.94162  eV     1   --> B              
     e( 51 - 51) =      9.24705  eV     1   --> B              
     e( 52 - 52) =      9.49837  eV     1   --> A              
     e( 53 - 53) =      9.50748  eV     1   --> B              
     e( 54 - 54) =      9.62640  eV     1   --> B              
     e( 55 - 55) =      9.85934  eV     1   --> A              
     e( 56 - 56) =     10.21341  eV     1   --> B              
     e( 57 - 57) =     10.73785  eV     1   --> A              
     e( 58 - 58) =     11.21664  eV     1   --> B              
     e( 59 - 59) =     13.67823  eV     1   --> A              
     e( 60 - 60) =     13.96696  eV     1   --> A              
     e( 61 - 61) =     14.45841  eV     1   --> B              
     e( 62 - 62) =     14.64901  eV     1   --> A              
     e( 63 - 63) =     15.18689  eV     1   --> A              
     e( 64 - 64) =     15.30844  eV     1   --> B              
     e( 65 - 65) =     17.58277  eV     1   --> A              
     e( 66 - 66) =     17.99547  eV     1   --> A              
     e( 67 - 67) =     18.36277  eV     1   --> B              
     e( 68 - 68) =     19.16990  eV     1   --> A              
     e( 69 - 69) =     19.65447  eV     1   --> B              
     e( 70 - 70) =     20.58687  eV     1   --> A              
     e( 71 - 71) =     21.91803  eV     1   --> B              
     e( 72 - 72) =     22.49264  eV     1   --> A              
     e( 73 - 73) =     22.83007  eV     1   --> B              
     e( 74 - 74) =     23.08711  eV     1   --> A              
     e( 75 - 75) =     23.47712  eV     1   --> A              
     e( 76 - 76) =     23.83666  eV     1   --> A              
     e( 77 - 77) =     23.91919  eV     1   --> B              
     e( 78 - 78) =     24.41384  eV     1   --> B              
     e( 79 - 79) =     24.67060  eV     1   --> A              
     e( 80 - 80) =     25.25765  eV     1   --> A              

 **************************************************************************

 **************************************************************************

                    xk=(   0.00000,   0.28493,   0.00000  )

     Band symmetry, C_2  (2)    point group:

     e(  1 -  1) =    -76.62523  eV     1   --> A              
     e(  2 -  2) =    -68.26428  eV     1   --> A              
     e(  3 -  3) =    -63.81268  eV     1   --> A              
     e(  4 -  4) =    -63.79096  eV     1   --> A              
     e(  5 -  5) =    -44.02564  eV     1   --> A              
     e(  6 -  6) =    -42.43399  eV     1   --> B              
     e(  7 -  7) =    -42.30025  eV     1   --> B              
     e(  8 -  8) =    -37.33034  eV     1   --> B              
     e(  9 -  9) =    -37.31767  eV     1   --> A              
     e( 10 - 10) =    -37.30135  eV     1   --> B              
     e( 11 - 11) =    -28.28867  eV     1   --> B              
     e( 12 - 12) =    -28.23136  eV     1   --> A              
     e( 13 - 13) =    -28.20625  eV     1   --> B              
     e( 14 - 14) =    -28.12978  eV     1   --> B              
     e( 15 - 15) =    -28.12666  eV     1   --> A              
     e( 16 - 16) =    -28.06395  eV     1   --> B              
     e( 17 - 17) =     -8.05923  eV     1   --> A              
     e( 18 - 18) =     -7.20713  eV     1   --> A              
     e( 19 - 19) =     -6.76842  eV     1   --> A              
     e( 20 - 20) =     -6.68992  eV     1   --> B              
     e( 21 - 21) =     -6.57256  eV     1   --> B              
     e( 22 - 22) =     -6.38273  eV     1   --> A              
     e( 23 - 23) =     -6.17064  eV     1   --> B              
     e( 24 - 24) =     -5.92457  eV     1   --> B              
     e( 25 - 25) =      3.90716  eV     1   --> A              
     e( 26 - 26) =      3.97149  eV     1   --> B              
     e( 27 - 27) =      4.18066  eV     1   --> A              
     e( 28 - 28) =      4.19915  eV     1   --> B              
     e( 29 - 29) =      4.28720  eV     1   --> A              
     e( 30 - 30) =      4.74060  eV     1   --> A              
     e( 31 - 31) =      4.89715  eV     1   --> B              
     e( 32 - 32) =      4.94955  eV     1   --> A              
     e( 33 - 33) =      5.28387  eV     1   --> A              
     e( 34 - 34) =      5.40248  eV     1   --> B              
     e( 35 - 35) =      5.48605  eV     1   --> A              
     e( 36 - 36) =      5.95308  eV     1   --> A              
     e( 37 - 37) =      6.04793  eV     1   --> B              
     e( 38 - 38) =      6.52677  eV     1   --> A              
     e( 39 - 39) =      6.81257  eV     1   --> A              
     e( 40 - 40) =      6.93919  eV     1   --> B              
     e( 41 - 41) =      7.25812  eV     1   --> B              
     e( 42 - 42) =      7.40518  eV     1   --> A              
     e( 43 - 43) =      7.73497  eV     1   --> A              
     e( 44 - 44) =      7.82403  eV     1   --> B              
     e( 45 - 45) =      8.01242  eV     1   --> A              
     e( 46 - 46) =      8.21441  eV     1   --> B              
     e( 47 - 47) =      8.41402  eV     1   --> B              
     e( 48 - 48) =      8.47335  eV     1   --> A              
     e( 49 - 49) =      8.72795  eV     1   --> A              
     e( 50 - 50) =      8.92706  eV     1   --> B              
     e( 51 - 51) =      9.25496  eV     1   --> B              
     e( 52 - 52) =      9.50173  eV     1   --> B              
     e( 53 - 53) =      9.53752  eV     1   --> A              
     e( 54 - 54) =      9.61743  eV     1   --> B              
     e( 55 - 55) =      9.87502  eV     1   --> A              
     e( 56 - 56) =     10.21745  eV     1   --> B              
     e( 57 - 57) =     10.76751  eV     1   --> A              
     e( 58 - 58) =     11.21791  eV     1   --> B              
     e( 59 - 59) =     13.64561  eV     1   --> A              
     e( 60 - 60) =     13.99357  eV     1   --> A              
     e( 61 - 61) =     14.49773  eV     1   --> B              
     e( 62 - 62) =     14.62718  eV     1   --> A              
     e( 63 - 63) =     15.20701  eV     1   --> A              
     e( 64 - 64) =     15.27053  eV     1   --> B              
     e( 65 - 65) =     17.69734  eV     1   --> A              
     e( 66 - 66) =     18.00636  eV     1   --> A              
     e( 67 - 67) =     18.31301  eV     1   --> B              
     e( 68 - 68) =     19.11112  eV     1   --> A              
     e( 69 - 69) =     19.64641  eV     1   --> B              
     e( 70 - 70) =     20.52133  eV     1   --> A              
     e( 71 - 71) =     22.01527  eV     1   --> B              
     e( 72 - 72) =     22.48837  eV     1   --> A              
     e( 73 - 73) =     22.90364  eV     1   --> B              
     e( 74 - 74) =     23.07987  eV     1   --> A              
     e( 75 - 75) =     23.46644  eV     1   --> A              
     e( 76 - 76) =     23.80005  eV     1   --> B              
     e( 77 - 77) =     23.92921  eV     1   --> A              
     e( 78 - 78) =     24.36447  eV     1   --> B              
     e( 79 - 79) =     24.67750  eV     1   --> A              
     e( 80 - 80) =     25.22047  eV     1   --> A              

 **************************************************************************

 **************************************************************************

                    xk=(   0.00000,   0.30529,   0.00000  )

     Band symmetry, C_2  (2)    point group:

     e(  1 -  1) =    -76.62523  eV     1   --> A              
     e(  2 -  2) =    -68.26428  eV     1   --> A              
     e(  3 -  3) =    -63.81268  eV     1   --> A              
     e(  4 -  4) =    -63.79095  eV     1   --> A              
     e(  5 -  5) =    -44.02563  eV     1   --> A              
     e(  6 -  6) =    -42.43399  eV     1   --> B              
     e(  7 -  7) =    -42.30025  eV     1   --> B              
     e(  8 -  8) =    -37.33034  eV     1   --> B              
     e(  9 -  9) =    -37.31767  eV     1   --> A              
     e( 10 - 10) =    -37.30135  eV     1   --> B              
     e( 11 - 11) =    -28.28860  eV     1   --> B              
     e( 12 - 12) =    -28.23113  eV     1   --> A              
     e( 13 - 13) =    -28.20626  eV     1   --> B              
     e( 14 - 14) =    -28.12983  eV     1   --> B              
     e( 15 - 15) =    -28.12694  eV     1   --> A              
     e( 16 - 16) =    -28.06402  eV     1   --> B              
     e( 17 - 17) =     -8.03416  eV     1   --> A              
     e( 18 - 18) =     -7.23994  eV     1   --> A              
     e( 19 - 19) =     -6.76024  eV     1   --> A              
     e( 20 - 20) =     -6.69007  eV     1   --> B              
     e( 21 - 21) =     -6.57012  eV     1   --> B              
     e( 22 - 22) =     -6.38860  eV     1   --> A              
     e( 23 - 23) =     -6.17303  eV     1   --> B              
     e( 24 - 24) =     -5.92554  eV     1   --> B              
     e( 25 - 25) =      3.93993  eV     1   --> A              
     e( 26 - 26) =      4.00148  eV     1   --> B              
     e( 27 - 27) =      4.19284  eV     1   --> A              
     e( 28 - 28) =      4.19941  eV     1   --> B              
     e( 29 - 29) =      4.32441  eV     1   --> A              
     e( 30 - 30) =      4.75183  eV     1   --> A              
     e( 31 - 31) =      4.88945  eV     1   --> B              
     e( 32 - 32) =      4.92758  eV     1   --> A              
     e( 33 - 33) =      5.27079  eV     1   --> A              
     e( 34 - 34) =      5.37063  eV     1   --> B              
     e( 35 - 35) =      5.48626  eV     1   --> A              
     e( 36 - 36) =      5.95178  eV     1   --> A              
     e( 37 - 37) =      6.01372  eV     1   --> B              
     e( 38 - 38) =      6.51544  eV     1   --> A              
     e( 39 - 39) =      6.79090  eV     1   --> A              
     e( 40 - 40) =      6.97221  eV     1   --> B              
     e( 41 - 41) =      7.25303  eV     1   --> B              
     e( 42 - 42) =      7.35948  eV     1   --> A              
     e( 43 - 43) =      7.70841  eV     1   --> A              
     e( 44 - 44) =      7.83309  eV     1   --> B              
     e( 45 - 45) =      8.00000  eV     1   --> A              
     e( 46 - 46) =      8.23843  eV     1   --> B              
     e( 47 - 47) =      8.41510  eV     1   --> B              
     e( 48 - 48) =      8.46750  eV     1   --> A              
     e( 49 - 49) =      8.71771  eV     1   --> A              
     e( 50 - 50) =      8.91144  eV     1   --> B              
     e( 51 - 51) =      9.26325  eV     1   --> B              
     e( 52 - 52) =      9.49789  eV     1   --> B              
     e( 53 - 53) =      9.57239  eV     1   --> A              
     e( 54 - 54) =      9.61115  eV     1   --> B              
     e( 55 - 55) =      9.88856  eV     1   --> A              
     e( 56 - 56) =     10.21961  eV     1   --> B              
     e( 57 - 57) =     10.79392  eV     1   --> A              
     e( 58 - 58) =     11.21909  eV     1   --> B              
     e( 59 - 59) =     13.61659  eV     1   --> A              
     e( 60 - 60) =     14.02039  eV     1   --> A              
     e( 61 - 61) =     14.53685  eV     1   --> B              
     e( 62 - 62) =     14.60421  eV     1   --> A              
     e( 63 - 63) =     15.22522  eV     1   --> A              
     e( 64 - 64) =     15.23276  eV     1   --> B              
     e( 65 - 65) =     17.80795  eV     1   --> A              
     e( 66 - 66) =     18.02001  eV     1   --> A              
     e( 67 - 67) =     18.26957  eV     1   --> B              
     e( 68 - 68) =     19.04477  eV     1   --> A              
     e( 69 - 69) =     19.63822  eV     1   --> B              
     e( 70 - 70) =     20.46573  eV     1   --> A              
     e( 71 - 71) =     22.11731  eV     1   --> B              
     e( 72 - 72) =     22.48349  eV     1   --> A              
     e( 73 - 73) =     22.96764  eV     1   --> B              
     e( 74 - 74) =     23.07108  eV     1   --> A              
     e( 75 - 75) =     23.45897  eV     1   --> A              
     e( 76 - 76) =     23.68467  eV     1   --> B              
     e( 77 - 77) =     24.02205  eV     1   --> A              
     e( 78 - 78) =     24.31553  eV     1   --> B              
     e( 79 - 79) =     24.68432  eV     1   --> A              
     e( 80 - 80) =     25.16765  eV     1   --> A              

 **************************************************************************

 **************************************************************************

                    xk=(   0.00000,   0.32564,   0.00000  )

     Band symmetry, C_2  (2)    point group:

     e(  1 -  1) =    -76.62523  eV     1   --> A              
     e(  2 -  2) =    -68.26428  eV     1   --> A              
     e(  3 -  3) =    -63.81268  eV     1   --> A              
     e(  4 -  4) =    -63.79094  eV     1   --> A              
     e(  5 -  5) =    -44.02563  eV     1   --> A              
     e(  6 -  6) =    -42.43399  eV     1   --> B              
     e(  7 -  7) =    -42.30025  eV     1   --> B              
     e(  8 -  8) =    -37.33034  eV     1   --> B              
     e(  9 -  9) =    -37.31767  eV     1   --> A              
     e( 10 - 10) =    -37.30135  eV     1   --> B              
     e( 11 - 11) =    -28.28853  eV     1   --> B              
     e( 12 - 12) =    -28.23092  eV     1   --> A              
     e( 13 - 13) =    -28.20627  eV     1   --> B              
     e( 14 - 14) =    -28.12987  eV     1   --> B              
     e( 15 - 15) =    -28.12718  eV     1   --> A              
     e( 16 - 16) =    -28.06407  eV     1   --> B              
     e( 17 - 17) =     -8.01107  eV     1   --> A              
     e( 18 - 18) =     -7.26975  eV     1   --> A              
     e( 19 - 19) =     -6.75256  eV     1   --> A              
     e( 20 - 20) =     -6.69020  eV     1   --> B              
     e( 21 - 21) =     -6.56802  eV     1   --> B              
     e( 22 - 22) =     -6.39420  eV     1   --> A              
     e( 23 - 23) =     -6.17508  eV     1   --> B              
     e( 24 - 24) =     -5.92636  eV     1   --> B              
     e( 25 - 25) =      3.97041  eV     1   --> A              
     e( 26 - 26) =      4.02866  eV     1   --> B              
     e( 27 - 27) =      4.19971  eV     1   --> B              
     e( 28 - 28) =      4.20191  eV     1   --> A              
     e( 29 - 29) =      4.36231  eV     1   --> A              
     e( 30 - 30) =      4.75554  eV     1   --> A              
     e( 31 - 31) =      4.88210  eV     1   --> B              
     e( 32 - 32) =      4.90499  eV     1   --> A              
     e( 33 - 33) =      5.25290  eV     1   --> A              
     e( 34 - 34) =      5.34161  eV     1   --> B              
     e( 35 - 35) =      5.49660  eV     1   --> A              
     e( 36 - 36) =      5.94965  eV     1   --> A              
     e( 37 - 37) =      5.98648  eV     1   --> B              
     e( 38 - 38) =      6.50995  eV     1   --> A              
     e( 39 - 39) =      6.77769  eV     1   --> A              
     e( 40 - 40) =      7.00423  eV     1   --> B              
     e( 41 - 41) =      7.24555  eV     1   --> B              
     e( 42 - 42) =      7.30581  eV     1   --> A              
     e( 43 - 43) =      7.68898  eV     1   --> A              
     e( 44 - 44) =      7.83811  eV     1   --> B              
     e( 45 - 45) =      7.99134  eV     1   --> A              
     e( 46 - 46) =      8.26261  eV     1   --> B              
     e( 47 - 47) =      8.41385  eV     1   --> B              
     e( 48 - 48) =      8.46278  eV     1   --> A              
     e( 49 - 49) =      8.70939  eV     1   --> A              
     e( 50 - 50) =      8.89556  eV     1   --> B              
     e( 51 - 51) =      9.27048  eV     1   --> B              
     e( 52 - 52) =      9.49630  eV     1   --> B              
     e( 53 - 53) =      9.60201  eV     1   --> A              
     e( 54 - 54) =      9.60703  eV     1   --> B              
     e( 55 - 55) =      9.89987  eV     1   --> A              
     e( 56 - 56) =     10.22038  eV     1   --> B              
     e( 57 - 57) =     10.81645  eV     1   --> A              
     e( 58 - 58) =     11.22011  eV     1   --> B              
     e( 59 - 59) =     13.59196  eV     1   --> A              
     e( 60 - 60) =     14.04591  eV     1   --> A              
     e( 61 - 61) =     14.57437  eV     1   --> B              
     e( 62 - 62) =     14.58161  eV     1   --> A              
     e( 63 - 63) =     15.19646  eV     1   --> B              
     e( 64 - 64) =     15.24088  eV     1   --> A              
     e( 65 - 65) =     17.90464  eV     1   --> A              
     e( 66 - 66) =     18.04395  eV     1   --> A              
     e( 67 - 67) =     18.23310  eV     1   --> B              
     e( 68 - 68) =     18.97227  eV     1   --> A              
     e( 69 - 69) =     19.63057  eV     1   --> B              
     e( 70 - 70) =     20.42043  eV     1   --> A              
     e( 71 - 71) =     22.22182  eV     1   --> B              
     e( 72 - 72) =     22.47861  eV     1   --> A              
     e( 73 - 73) =     23.01564  eV     1   --> B              
     e( 74 - 74) =     23.06197  eV     1   --> A              
     e( 75 - 75) =     23.45421  eV     1   --> A              
     e( 76 - 76) =     23.58009  eV     1   --> B              
     e( 77 - 77) =     24.11256  eV     1   --> A              
     e( 78 - 78) =     24.26881  eV     1   --> B              
     e( 79 - 79) =     24.69164  eV     1   --> A              
     e( 80 - 80) =     25.10308  eV     1   --> A              

 **************************************************************************

 **************************************************************************

                    xk=(   0.00000,   0.34599,   0.00000  )

     Band symmetry, C_2  (2)    point group:

     e(  1 -  1) =    -76.62523  eV     1   --> A              
     e(  2 -  2) =    -68.26428  eV     1   --> A              
     e(  3 -  3) =    -63.81268  eV     1   --> A              
     e(  4 -  4) =    -63.79093  eV     1   --> A              
     e(  5 -  5) =    -44.02563  eV     1   --> A              
     e(  6 -  6) =    -42.43399  eV     1   --> B              
     e(  7 -  7) =    -42.30025  eV     1   --> B              
     e(  8 -  8) =    -37.33035  eV     1   --> B              
     e(  9 -  9) =    -37.31767  eV     1   --> A              
     e( 10 - 10) =    -37.30135  eV     1   --> B              
     e( 11 - 11) =    -28.28848  eV     1   --> B              
     e( 12 - 12) =    -28.23076  eV     1   --> A              
     e( 13 - 13) =    -28.20628  eV     1   --> B              
     e( 14 - 14) =    -28.12990  eV     1   --> B              
     e( 15 - 15) =    -28.12737  eV     1   --> A              
     e( 16 - 16) =    -28.06412  eV     1   --> B              
     e( 17 - 17) =     -7.99112  eV     1   --> A              
     e( 18 - 18) =     -7.29515  eV     1   --> A              
     e( 19 - 19) =     -6.74591  eV     1   --> A              
     e( 20 - 20) =     -6.69030  eV     1   --> B              
     e( 21 - 21) =     -6.56632  eV     1   --> B              
     e( 22 - 22) =     -6.39914  eV     1   --> A              
     e( 23 - 23) =     -6.17676  eV     1   --> B              
     e( 24 - 24) =     -5.92701  eV     1   --> B              
     e( 25 - 25) =      3.99688  eV     1   --> A              
     e( 26 - 26) =      4.05172  eV     1   --> B              
     e( 27 - 27) =      4.20003  eV     1   --> B              
     e( 28 - 28) =      4.20909  eV     1   --> A              
     e( 29 - 29) =      4.39737  eV     1   --> A              
     e( 30 - 30) =      4.75243  eV     1   --> A              
     e( 31 - 31) =      4.87552  eV     1   --> B              
     e( 32 - 32) =      4.88542  eV     1   --> A              
     e( 33 - 33) =      5.23255  eV     1   --> A              
     e( 34 - 34) =      5.31701  eV     1   --> B              
     e( 35 - 35) =      5.51468  eV     1   --> A              
     e( 36 - 36) =      5.94387  eV     1   --> A              
     e( 37 - 37) =      5.96584  eV     1   --> B              
     e( 38 - 38) =      6.50976  eV     1   --> A              
     e( 39 - 39) =      6.77370  eV     1   --> A              
     e( 40 - 40) =      7.03389  eV     1   --> B              
     e( 41 - 41) =      7.23616  eV     1   --> B              
     e( 42 - 42) =      7.24960  eV     1   --> A              
     e( 43 - 43) =      7.67595  eV     1   --> A              
     e( 44 - 44) =      7.84019  eV     1   --> B              
     e( 45 - 45) =      7.98537  eV     1   --> A              
     e( 46 - 46) =      8.28556  eV     1   --> B              
     e( 47 - 47) =      8.41095  eV     1   --> B              
     e( 48 - 48) =      8.45915  eV     1   --> A              
     e( 49 - 49) =      8.70301  eV     1   --> A              
     e( 50 - 50) =      8.88070  eV     1   --> B              
     e( 51 - 51) =      9.27589  eV     1   --> B              
     e( 52 - 52) =      9.49659  eV     1   --> B              
     e( 53 - 53) =      9.60459  eV     1   --> B              
     e( 54 - 54) =      9.62566  eV     1   --> A              
     e( 55 - 55) =      9.90886  eV     1   --> A              
     e( 56 - 56) =     10.22027  eV     1   --> B              
     e( 57 - 57) =     10.83455  eV     1   --> A              
     e( 58 - 58) =     11.22095  eV     1   --> B              
     e( 59 - 59) =     13.57227  eV     1   --> A              
     e( 60 - 60) =     14.06860  eV     1   --> A              
     e( 61 - 61) =     14.56104  eV     1   --> A              
     e( 62 - 62) =     14.60839  eV     1   --> B              
     e( 63 - 63) =     15.16347  eV     1   --> B              
     e( 64 - 64) =     15.25351  eV     1   --> A              
     e( 65 - 65) =     17.96484  eV     1   --> A              
     e( 66 - 66) =     18.09713  eV     1   --> A              
     e( 67 - 67) =     18.20414  eV     1   --> B              
     e( 68 - 68) =     18.89660  eV     1   --> A              
     e( 69 - 69) =     19.62404  eV     1   --> B              
     e( 70 - 70) =     20.38552  eV     1   --> A              
     e( 71 - 71) =     22.32516  eV     1   --> B              
     e( 72 - 72) =     22.47427  eV     1   --> A              
     e( 73 - 73) =     23.03820  eV     1   --> B              
     e( 74 - 74) =     23.05365  eV     1   --> A              
     e( 75 - 75) =     23.45144  eV     1   --> A              
     e( 76 - 76) =     23.49699  eV     1   --> B              
     e( 77 - 77) =     24.19700  eV     1   --> A              
     e( 78 - 78) =     24.22685  eV     1   --> B              
     e( 79 - 79) =     24.70041  eV     1   --> A              
     e( 80 - 80) =     25.03224  eV     1   --> A              

 **************************************************************************

 **************************************************************************

                    xk=(   0.00000,   0.36634,   0.00000  )

     Band symmetry, C_2  (2)    point group:

     e(  1 -  1) =    -76.62523  eV     1   --> A              
     e(  2 -  2) =    -68.26428  eV     1   --> A              
     e(  3 -  3) =    -63.81268  eV     1   --> A              
     e(  4 -  4) =    -63.79092  eV     1   --> A              
     e(  5 -  5) =    -44.02563  eV     1   --> A              
     e(  6 -  6) =    -42.43399  eV     1   --> B              
     e(  7 -  7) =    -42.30025  eV     1   --> B              
     e(  8 -  8) =    -37.33035  eV     1   --> B              
     e(  9 -  9) =    -37.31767  eV     1   --> A              
     e( 10 - 10) =    -37.30135  eV     1   --> B              
     e( 11 - 11) =    -28.28845  eV     1   --> B              
     e( 12 - 12) =    -28.23064  eV     1   --> A              
     e( 13 - 13) =    -28.20628  eV     1   --> B              
     e( 14 - 14) =    -28.12993  eV     1   --> B              
     e( 15 - 15) =    -28.12751  eV     1   --> A              
     e( 16 - 16) =    -28.06415  eV     1   --> B              
     e( 17 - 17) =     -7.97556  eV     1   --> A              
     e( 18 - 18) =     -7.31470  eV     1   --> A              
     e( 19 - 19) =     -6.74077  eV     1   --> A              
     e( 20 - 20) =     -6.69037  eV     1   --> B              
     e( 21 - 21) =     -6.56506  eV     1   --> B              
     e( 22 - 22) =     -6.40301  eV     1   --> A              
     e( 23 - 23) =     -6.17799  eV     1   --> B              
     e( 24 - 24) =     -5.92749  eV     1   --> B              
     e( 25 - 25) =      4.01750  eV     1   --> A              
     e( 26 - 26) =      4.06938  eV     1   --> B              
     e( 27 - 27) =      4.20033  eV     1   --> B              
     e( 28 - 28) =      4.21470  eV     1   --> A              
     e( 29 - 29) =      4.42612  eV     1   --> A              
     e( 30 - 30) =      4.74557  eV     1   --> A              
     e( 31 - 31) =      4.87022  eV     1   --> B              
     e( 32 - 32) =      4.87059  eV     1   --> A              
     e( 33 - 33) =      5.21415  eV     1   --> A              
     e( 34 - 34) =      5.29827  eV     1   --> B              
     e( 35 - 35) =      5.53485  eV     1   --> A              
     e( 36 - 36) =      5.93505  eV     1   --> A              
     e( 37 - 37) =      5.95144  eV     1   --> B              
     e( 38 - 38) =      6.51258  eV     1   --> A              
     e( 39 - 39) =      6.77768  eV     1   --> A              
     e( 40 - 40) =      7.05921  eV     1   --> B              
     e( 41 - 41) =      7.19824  eV     1   --> A              
     e( 42 - 42) =      7.22600  eV     1   --> B              
     e( 43 - 43) =      7.66788  eV     1   --> A              
     e( 44 - 44) =      7.84056  eV     1   --> B              
     e( 45 - 45) =      7.98146  eV     1   --> A              
     e( 46 - 46) =      8.30532  eV     1   --> B              
     e( 47 - 47) =      8.40710  eV     1   --> B              
     e( 48 - 48) =      8.45659  eV     1   --> A              
     e( 49 - 49) =      8.69850  eV     1   --> A              
     e( 50 - 50) =      8.86841  eV     1   --> B              
     e( 51 - 51) =      9.27937  eV     1   --> B              
     e( 52 - 52) =      9.49786  eV     1   --> B              
     e( 53 - 53) =      9.60332  eV     1   --> B              
     e( 54 - 54) =      9.64284  eV     1   --> A              
     e( 55 - 55) =      9.91541  eV     1   --> A              
     e( 56 - 56) =     10.21977  eV     1   --> B              
     e( 57 - 57) =     10.84781  eV     1   --> A              
     e( 58 - 58) =     11.22156  eV     1   --> B              
     e( 59 - 59) =     13.55794  eV     1   --> A              
     e( 60 - 60) =     14.08674  eV     1   --> A              
     e( 61 - 61) =     14.54434  eV     1   --> A              
     e( 62 - 62) =     14.63632  eV     1   --> B              
     e( 63 - 63) =     15.13632  eV     1   --> B              
     e( 64 - 64) =     15.26276  eV     1   --> A              
     e( 65 - 65) =     17.98807  eV     1   --> A              
     e( 66 - 66) =     18.17378  eV     1   --> A              
     e( 67 - 67) =     18.18314  eV     1   --> B              
     e( 68 - 68) =     18.82374  eV     1   --> A              
     e( 69 - 69) =     19.61905  eV     1   --> B              
     e( 70 - 70) =     20.36084  eV     1   --> A              
     e( 71 - 71) =     22.42059  eV     1   --> B              
     e( 72 - 72) =     22.47086  eV     1   --> A              
     e( 73 - 73) =     23.02852  eV     1   --> B              
     e( 74 - 74) =     23.04704  eV     1   --> A              
     e( 75 - 75) =     23.44578  eV     1   --> B              
     e( 76 - 76) =     23.45000  eV     1   --> A              
     e( 77 - 77) =     24.19286  eV     1   --> B              
     e( 78 - 78) =     24.26937  eV     1   --> A              
     e( 79 - 79) =     24.71197  eV     1   --> A              
     e( 80 - 80) =     24.96236  eV     1   --> A              

 **************************************************************************

 **************************************************************************

                    xk=(   0.00000,   0.38670,   0.00000  )

     Band symmetry, C_2  (2)    point group:

     e(  1 -  1) =    -76.62523  eV     1   --> A              
     e(  2 -  2) =    -68.26428  eV     1   --> A              
     e(  3 -  3) =    -63.81267  eV     1   --> A              
     e(  4 -  4) =    -63.79092  eV     1   --> A              
     e(  5 -  5) =    -44.02563  eV     1   --> A              
     e(  6 -  6) =    -42.43399  eV     1   --> B              
     e(  7 -  7) =    -42.30025  eV     1   --> B              
     e(  8 -  8) =    -37.33035  eV     1   --> B              
     e(  9 -  9) =    -37.31767  eV     1   --> A              
     e( 10 - 10) =    -37.30135  eV     1   --> B              
     e( 11 - 11) =    -28.28842  eV     1   --> B              
     e( 12 - 12) =    -28.23056  eV     1   --> A              
     e( 13 - 13) =    -28.20629  eV     1   --> B              
     e( 14 - 14) =    -28.12994  eV     1   --> B              
     e( 15 - 15) =    -28.12760  eV     1   --> A              
     e( 16 - 16) =    -28.06417  eV     1   --> B              
     e( 17 - 17) =     -7.96563  eV     1   --> A              
     e( 18 - 18) =     -7.32708  eV     1   --> A              
     e( 19 - 19) =     -6.73751  eV     1   --> A              
     e( 20 - 20) =     -6.69041  eV     1   --> B              
     e( 21 - 21) =     -6.56429  eV     1   --> B              
     e( 22 - 22) =     -6.40549  eV     1   --> A              
     e( 23 - 23) =     -6.17875  eV     1   --> B              
     e( 24 - 24) =     -5.92778  eV     1   --> B              
     e( 25 - 25) =      4.03063  eV     1   --> A              
     e( 26 - 26) =      4.08050  eV     1   --> B              
     e( 27 - 27) =      4.20054  eV     1   --> B              
     e( 28 - 28) =      4.21845  eV     1   --> A              
     e( 29 - 29) =      4.44517  eV     1   --> A              
     e( 30 - 30) =      4.73928  eV     1   --> A              
     e( 31 - 31) =      4.86114  eV     1   --> A              
     e( 32 - 32) =      4.86676  eV     1   --> B              
     e( 33 - 33) =      5.20157  eV     1   --> A              
     e( 34 - 34) =      5.28654  eV     1   --> B              
     e( 35 - 35) =      5.55066  eV     1   --> A              
     e( 36 - 36) =      5.92674  eV     1   --> A              
     e( 37 - 37) =      5.94293  eV     1   --> B              
     e( 38 - 38) =      6.51560  eV     1   --> A              
     e( 39 - 39) =      6.78510  eV     1   --> A              
     e( 40 - 40) =      7.07719  eV     1   --> B              
     e( 41 - 41) =      7.16083  eV     1   --> A              
     e( 42 - 42) =      7.21740  eV     1   --> B              
     e( 43 - 43) =      7.66353  eV     1   --> A              
     e( 44 - 44) =      7.84029  eV     1   --> B              
     e( 45 - 45) =      7.97923  eV     1   --> A              
     e( 46 - 46) =      8.31931  eV     1   --> B              
     e( 47 - 47) =      8.40343  eV     1   --> B              
     e( 48 - 48) =      8.45506  eV     1   --> A              
     e( 49 - 49) =      8.69583  eV     1   --> A              
     e( 50 - 50) =      8.86025  eV     1   --> B              
     e( 51 - 51) =      9.28123  eV     1   --> B              
     e( 52 - 52) =      9.49911  eV     1   --> B              
     e( 53 - 53) =      9.60280  eV     1   --> B              
     e( 54 - 54) =      9.65326  eV     1   --> A              
     e( 55 - 55) =      9.91940  eV     1   --> A              
     e( 56 - 56) =     10.21928  eV     1   --> B              
     e( 57 - 57) =     10.85589  eV     1   --> A              
     e( 58 - 58) =     11.22194  eV     1   --> B              
     e( 59 - 59) =     13.54922  eV     1   --> A              
     e( 60 - 60) =     14.09858  eV     1   --> A              
     e( 61 - 61) =     14.53333  eV     1   --> A              
     e( 62 - 62) =     14.65504  eV     1   --> B              
     e( 63 - 63) =     15.11808  eV     1   --> B              
     e( 64 - 64) =     15.26840  eV     1   --> A              
     e( 65 - 65) =     17.99659  eV     1   --> A              
     e( 66 - 66) =     18.17041  eV     1   --> B              
     e( 67 - 67) =     18.23954  eV     1   --> A              
     e( 68 - 68) =     18.76565  eV     1   --> A              
     e( 69 - 69) =     19.61593  eV     1   --> B              
     e( 70 - 70) =     20.34617  eV     1   --> A              
     e( 71 - 71) =     22.46869  eV     1   --> A              
     e( 72 - 72) =     22.49468  eV     1   --> B              
     e( 73 - 73) =     22.99857  eV     1   --> B              
     e( 74 - 74) =     23.04281  eV     1   --> A              
     e( 75 - 75) =     23.42437  eV     1   --> B              
     e( 76 - 76) =     23.44935  eV     1   --> A              
     e( 77 - 77) =     24.17042  eV     1   --> B              
     e( 78 - 78) =     24.32038  eV     1   --> A              
     e( 79 - 79) =     24.72627  eV     1   --> A              
     e( 80 - 80) =     24.90472  eV     1   --> A              

 **************************************************************************

 **************************************************************************

                    xk=(   0.00000,   0.40705,   0.00000  )

     Band symmetry, C_2  (2)    point group:

     e(  1 -  1) =    -76.62523  eV     1   --> A              
     e(  2 -  2) =    -68.26428  eV     1   --> A              
     e(  3 -  3) =    -63.81267  eV     1   --> A              
     e(  4 -  4) =    -63.79092  eV     1   --> A              
     e(  5 -  5) =    -44.02563  eV     1   --> A              
     e(  6 -  6) =    -42.43399  eV     1   --> B              
     e(  7 -  7) =    -42.30025  eV     1   --> B              
     e(  8 -  8) =    -37.33035  eV     1   --> B              
     e(  9 -  9) =    -37.31767  eV     1   --> A              
     e( 10 - 10) =    -37.30135  eV     1   --> B              
     e( 11 - 11) =    -28.28842  eV     1   --> B              
     e( 12 - 12) =    -28.23054  eV     1   --> A              
     e( 13 - 13) =    -28.20629  eV     1   --> B              
     e( 14 - 14) =    -28.12995  eV     1   --> B              
     e( 15 - 15) =    -28.12763  eV     1   --> A              
     e( 16 - 16) =    -28.06418  eV     1   --> B              
     e( 17 - 17) =     -7.96220  eV     1   --> A              
     e( 18 - 18) =     -7.33133  eV     1   --> A              
     e( 19 - 19) =     -6.73640  eV     1   --> A              
     e( 20 - 20) =     -6.69043  eV     1   --> B              
     e( 21 - 21) =     -6.56404  eV     1   --> B              
     e( 22 - 22) =     -6.40634  eV     1   --> A              
     e( 23 - 23) =     -6.17900  eV     1   --> B              
     e( 24 - 24) =     -5.92787  eV     1   --> B              
     e( 25 - 25) =      4.03513  eV     1   --> A              
     e( 26 - 26) =      4.08430  eV     1   --> B              
     e( 27 - 27) =      4.20062  eV     1   --> B              
     e( 28 - 28) =      4.21979  eV     1   --> A              
     e( 29 - 29) =      4.45186  eV     1   --> A              
     e( 30 - 30) =      4.73682  eV     1   --> A              
     e( 31 - 31) =      4.85782  eV     1   --> A              
     e( 32 - 32) =      4.86556  eV     1   --> B              
     e( 33 - 33) =      5.19714  eV     1   --> A              
     e( 34 - 34) =      5.28255  eV     1   --> B              
     e( 35 - 35) =      5.55668  eV     1   --> A              
     e( 36 - 36) =      5.92331  eV     1   --> A              
     e( 37 - 37) =      5.94012  eV     1   --> B              
     e( 38 - 38) =      6.51682  eV     1   --> A              
     e( 39 - 39) =      6.78887  eV     1   --> A              
     e( 40 - 40) =      7.08391  eV     1   --> B              
     e( 41 - 41) =      7.14684  eV     1   --> A              
     e( 42 - 42) =      7.21386  eV     1   --> B              
     e( 43 - 43) =      7.66215  eV     1   --> A              
     e( 44 - 44) =      7.84011  eV     1   --> B              
     e( 45 - 45) =      7.97850  eV     1   --> A              
     e( 46 - 46) =      8.32451  eV     1   --> B              
     e( 47 - 47) =      8.40182  eV     1   --> B              
     e( 48 - 48) =      8.45456  eV     1   --> A              
     e( 49 - 49) =      8.69494  eV     1   --> A              
     e( 50 - 50) =      8.85738  eV     1   --> B              
     e( 51 - 51) =      9.28180  eV     1   --> B              
     e( 52 - 52) =      9.49961  eV     1   --> B              
     e( 53 - 53) =      9.60267  eV     1   --> B              
     e( 54 - 54) =      9.65675  eV     1   --> A              
     e( 55 - 55) =      9.92075  eV     1   --> A              
     e( 56 - 56) =     10.21909  eV     1   --> B              
     e( 57 - 57) =     10.85861  eV     1   --> A              
     e( 58 - 58) =     11.22206  eV     1   --> B              
     e( 59 - 59) =     13.54630  eV     1   --> A              
     e( 60 - 60) =     14.10271  eV     1   --> A              
     e( 61 - 61) =     14.52947  eV     1   --> A              
     e( 62 - 62) =     14.66168  eV     1   --> B              
     e( 63 - 63) =     15.11160  eV     1   --> B              
     e( 64 - 64) =     15.27029  eV     1   --> A              
     e( 65 - 65) =     17.99890  eV     1   --> A              
     e( 66 - 66) =     18.16615  eV     1   --> B              
     e( 67 - 67) =     18.26622  eV     1   --> A              
     e( 68 - 68) =     18.74207  eV     1   --> A              
     e( 69 - 69) =     19.61487  eV     1   --> B              
     e( 70 - 70) =     20.34130  eV     1   --> A              
     e( 71 - 71) =     22.46794  eV     1   --> A              
     e( 72 - 72) =     22.52444  eV     1   --> B              
     e( 73 - 73) =     22.98161  eV     1   --> B              
     e( 74 - 74) =     23.04136  eV     1   --> A              
     e( 75 - 75) =     23.41954  eV     1   --> B              
     e( 76 - 76) =     23.44917  eV     1   --> A              
     e( 77 - 77) =     24.16254  eV     1   --> B              
     e( 78 - 78) =     24.33916  eV     1   --> A              
     e( 79 - 79) =     24.73477  eV     1   --> A              
     e( 80 - 80) =     24.87986  eV     1   --> A              

 **************************************************************************

 **************************************************************************

                    xk=(   0.02500,   0.40705,   0.00027  )

     point group C_1 (1)    
     there are  1 classes
     the character table:

       E    
A      1.00

     the symmetry operations in each class and the name of the first element:

     E        1
                                                                 

     Band symmetry, C_1 (1)     point group:

     e(  1 -  1) =    -76.62523  eV     1   --> A              
     e(  2 -  2) =    -68.26428  eV     1   --> A              
     e(  3 -  3) =    -63.81268  eV     1   --> A              
     e(  4 -  4) =    -63.79092  eV     1   --> A              
     e(  5 -  5) =    -44.02563  eV     1   --> A              
     e(  6 -  6) =    -42.43399  eV     1   --> A              
     e(  7 -  7) =    -42.30025  eV     1   --> A              
     e(  8 -  8) =    -37.33035  eV     1   --> A              
     e(  9 -  9) =    -37.31767  eV     1   --> A              
     e( 10 - 10) =    -37.30135  eV     1   --> A              
     e( 11 - 11) =    -28.28842  eV     1   --> A              
     e( 12 - 12) =    -28.23053  eV     1   --> A              
     e( 13 - 13) =    -28.20630  eV     1   --> A              
     e( 14 - 14) =    -28.12996  eV     1   --> A              
     e( 15 - 15) =    -28.12762  eV     1   --> A              
     e( 16 - 16) =    -28.06418  eV     1   --> A              
     e( 17 - 17) =     -7.96106  eV     1   --> A              
     e( 18 - 18) =     -7.33086  eV     1   --> A              
     e( 19 - 19) =     -6.73887  eV     1   --> A              
     e( 20 - 20) =     -6.68911  eV     1   --> A              
     e( 21 - 21) =     -6.56681  eV     1   --> A              
     e( 22 - 22) =     -6.40360  eV     1   --> A              
     e( 23 - 23) =     -6.17805  eV     1   --> A              
     e( 24 - 24) =     -5.92933  eV     1   --> A              
     e( 25 - 25) =      4.02413  eV     1   --> A              
     e( 26 - 26) =      4.09093  eV     1   --> A              
     e( 27 - 27) =      4.19188  eV     1   --> A              
     e( 28 - 28) =      4.23057  eV     1   --> A              
     e( 29 - 29) =      4.45558  eV     1   --> A              
     e( 30 - 30) =      4.72791  eV     1   --> A              
     e( 31 - 31) =      4.83108  eV     1   --> A              
     e( 32 - 32) =      4.89532  eV     1   --> A              
     e( 33 - 33) =      5.18091  eV     1   --> A              
     e( 34 - 34) =      5.29528  eV     1   --> A              
     e( 35 - 35) =      5.56612  eV     1   --> A              
     e( 36 - 36) =      5.92424  eV     1   --> A              
     e( 37 - 37) =      5.93995  eV     1   --> A              
     e( 38 - 38) =      6.52168  eV     1   --> A              
     e( 39 - 39) =      6.78411  eV     1   --> A              
     e( 40 - 40) =      7.08801  eV     1   --> A              
     e( 41 - 41) =      7.14918  eV     1   --> A              
     e( 42 - 42) =      7.21782  eV     1   --> A              
     e( 43 - 43) =      7.65988  eV     1   --> A              
     e( 44 - 44) =      7.83606  eV     1   --> A              
     e( 45 - 45) =      7.98524  eV     1   --> A              
     e( 46 - 46) =      8.31513  eV     1   --> A              
     e( 47 - 47) =      8.39554  eV     1   --> A              
     e( 48 - 48) =      8.45294  eV     1   --> A              
     e( 49 - 49) =      8.70517  eV     1   --> A              
     e( 50 - 50) =      8.85854  eV     1   --> A              
     e( 51 - 51) =      9.28033  eV     1   --> A              
     e( 52 - 52) =      9.49685  eV     1   --> A              
     e( 53 - 53) =      9.57953  eV     1   --> A              
     e( 54 - 54) =      9.67619  eV     1   --> A              
     e( 55 - 55) =      9.92279  eV     1   --> A              
     e( 56 - 56) =     10.21686  eV     1   --> A              
     e( 57 - 57) =     10.86146  eV     1   --> A              
     e( 58 - 58) =     11.21887  eV     1   --> A              
     e( 59 - 59) =     13.54728  eV     1   --> A              
     e( 60 - 60) =     14.10247  eV     1   --> A              
     e( 61 - 61) =     14.53019  eV     1   --> A              
     e( 62 - 62) =     14.66408  eV     1   --> A              
     e( 63 - 63) =     15.10364  eV     1   --> A              
     e( 64 - 64) =     15.27440  eV     1   --> A              
     e( 65 - 65) =     18.00155  eV     1   --> A              
     e( 66 - 66) =     18.16646  eV     1   --> A              
     e( 67 - 67) =     18.27617  eV     1   --> A              
     e( 68 - 68) =     18.73080  eV     1   --> A              
     e( 69 - 69) =     19.62533  eV     1   --> A              
     e( 70 - 70) =     20.34166  eV     1   --> A              
     e( 71 - 71) =     22.41054  eV     1   --> A              
     e( 72 - 72) =     22.57144  eV     1   --> A              
     e( 73 - 73) =     22.94985  eV     1   --> A              
     e( 74 - 74) =     23.05089  eV     1   --> A              
     e( 75 - 75) =     23.41779  eV     1   --> A              
     e( 76 - 76) =     23.46367  eV     1   --> A              
     e( 77 - 77) =     24.17145  eV     1   --> A              
     e( 78 - 78) =     24.34152  eV     1   --> A              
     e( 79 - 79) =     24.73674  eV     1   --> A              
     e( 80 - 80) =     24.88574  eV     1   --> A              

 **************************************************************************

 **************************************************************************

                    xk=(   0.05000,   0.40705,   0.00053  )

     Band symmetry, C_1 (1)     point group:

     e(  1 -  1) =    -76.62523  eV     1   --> A              
     e(  2 -  2) =    -68.26428  eV     1   --> A              
     e(  3 -  3) =    -63.81268  eV     1   --> A              
     e(  4 -  4) =    -63.79092  eV     1   --> A              
     e(  5 -  5) =    -44.02563  eV     1   --> A              
     e(  6 -  6) =    -42.43399  eV     1   --> A              
     e(  7 -  7) =    -42.30025  eV     1   --> A              
     e(  8 -  8) =    -37.33035  eV     1   --> A              
     e(  9 -  9) =    -37.31767  eV     1   --> A              
     e( 10 - 10) =    -37.30135  eV     1   --> A              
     e( 11 - 11) =    -28.28842  eV     1   --> A              
     e( 12 - 12) =    -28.23052  eV     1   --> A              
     e( 13 - 13) =    -28.20635  eV     1   --> A              
     e( 14 - 14) =    -28.13000  eV     1   --> A              
     e( 15 - 15) =    -28.12761  eV     1   --> A              
     e( 16 - 16) =    -28.06420  eV     1   --> A              
     e( 17 - 17) =     -7.95764  eV     1   --> A              
     e( 18 - 18) =     -7.32946  eV     1   --> A              
     e( 19 - 19) =     -6.74579  eV     1   --> A              
     e( 20 - 20) =     -6.68562  eV     1   --> A              
     e( 21 - 21) =     -6.57455  eV     1   --> A              
     e( 22 - 22) =     -6.39594  eV     1   --> A              
     e( 23 - 23) =     -6.17527  eV     1   --> A              
     e( 24 - 24) =     -5.93369  eV     1   --> A              
     e( 25 - 25) =      4.00032  eV     1   --> A              
     e( 26 - 26) =      4.10317  eV     1   --> A              
     e( 27 - 27) =      4.17584  eV     1   --> A              
     e( 28 - 28) =      4.25152  eV     1   --> A              
     e( 29 - 29) =      4.46585  eV     1   --> A              
     e( 30 - 30) =      4.69680  eV     1   --> A              
     e( 31 - 31) =      4.81718  eV     1   --> A              
     e( 32 - 32) =      4.92303  eV     1   --> A              
     e( 33 - 33) =      5.14885  eV     1   --> A              
     e( 34 - 34) =      5.32007  eV     1   --> A              
     e( 35 - 35) =      5.59089  eV     1   --> A              
     e( 36 - 36) =      5.92580  eV     1   --> A              
     e( 37 - 37) =      5.94196  eV     1   --> A              
     e( 38 - 38) =      6.53371  eV     1   --> A              
     e( 39 - 39) =      6.77278  eV     1   --> A              
     e( 40 - 40) =      7.09969  eV     1   --> A              
     e( 41 - 41) =      7.15141  eV     1   --> A              
     e( 42 - 42) =      7.23316  eV     1   --> A              
     e( 43 - 43) =      7.65474  eV     1   --> A              
     e( 44 - 44) =      7.82544  eV     1   --> A              
     e( 45 - 45) =      8.00221  eV     1   --> A              
     e( 46 - 46) =      8.29098  eV     1   --> A              
     e( 47 - 47) =      8.37787  eV     1   --> A              
     e( 48 - 48) =      8.44715  eV     1   --> A              
     e( 49 - 49) =      8.73203  eV     1   --> A              
     e( 50 - 50) =      8.86168  eV     1   --> A              
     e( 51 - 51) =      9.27578  eV     1   --> A              
     e( 52 - 52) =      9.48894  eV     1   --> A              
     e( 53 - 53) =      9.54040  eV     1   --> A              
     e( 54 - 54) =      9.70463  eV     1   --> A              
     e( 55 - 55) =      9.92902  eV     1   --> A              
     e( 56 - 56) =     10.21041  eV     1   --> A              
     e( 57 - 57) =     10.86971  eV     1   --> A              
     e( 58 - 58) =     11.20941  eV     1   --> A              
     e( 59 - 59) =     13.55025  eV     1   --> A              
     e( 60 - 60) =     14.10177  eV     1   --> A              
     e( 61 - 61) =     14.53156  eV     1   --> A              
     e( 62 - 62) =     14.67189  eV     1   --> A              
     e( 63 - 63) =     15.08235  eV     1   --> A              
     e( 64 - 64) =     15.28426  eV     1   --> A              
     e( 65 - 65) =     18.00944  eV     1   --> A              
     e( 66 - 66) =     18.16920  eV     1   --> A              
     e( 67 - 67) =     18.30405  eV     1   --> A              
     e( 68 - 68) =     18.69879  eV     1   --> A              
     e( 69 - 69) =     19.65494  eV     1   --> A              
     e( 70 - 70) =     20.34276  eV     1   --> A              
     e( 71 - 71) =     22.32552  eV     1   --> A              
     e( 72 - 72) =     22.62175  eV     1   --> A              
     e( 73 - 73) =     22.88733  eV     1   --> A              
     e( 74 - 74) =     23.05912  eV     1   --> A              
     e( 75 - 75) =     23.41422  eV     1   --> A              
     e( 76 - 76) =     23.49621  eV     1   --> A              
     e( 77 - 77) =     24.19853  eV     1   --> A              
     e( 78 - 78) =     24.34861  eV     1   --> A              
     e( 79 - 79) =     24.74245  eV     1   --> A              
     e( 80 - 80) =     24.90352  eV     1   --> A              

 **************************************************************************

 **************************************************************************

                    xk=(   0.07500,   0.40705,   0.00080  )

     Band symmetry, C_1 (1)     point group:

     e(  1 -  1) =    -76.62523  eV     1   --> A              
     e(  2 -  2) =    -68.26428  eV     1   --> A              
     e(  3 -  3) =    -63.81270  eV     1   --> A              
     e(  4 -  4) =    -63.79093  eV     1   --> A              
     e(  5 -  5) =    -44.02563  eV     1   --> A              
     e(  6 -  6) =    -42.43399  eV     1   --> A              
     e(  7 -  7) =    -42.30025  eV     1   --> A              
     e(  8 -  8) =    -37.33035  eV     1   --> A              
     e(  9 -  9) =    -37.31767  eV     1   --> A              
     e( 10 - 10) =    -37.30135  eV     1   --> A              
     e( 11 - 11) =    -28.28842  eV     1   --> A              
     e( 12 - 12) =    -28.23049  eV     1   --> A              
     e( 13 - 13) =    -28.20642  eV     1   --> A              
     e( 14 - 14) =    -28.13007  eV     1   --> A              
     e( 15 - 15) =    -28.12760  eV     1   --> A              
     e( 16 - 16) =    -28.06422  eV     1   --> A              
     e( 17 - 17) =     -7.95201  eV     1   --> A              
     e( 18 - 18) =     -7.32713  eV     1   --> A              
     e( 19 - 19) =     -6.75623  eV     1   --> A              
     e( 20 - 20) =     -6.68073  eV     1   --> A              
     e( 21 - 21) =     -6.58593  eV     1   --> A              
     e( 22 - 22) =     -6.38466  eV     1   --> A              
     e( 23 - 23) =     -6.17083  eV     1   --> A              
     e( 24 - 24) =     -5.94085  eV     1   --> A              
     e( 25 - 25) =      3.97183  eV     1   --> A              
     e( 26 - 26) =      4.11580  eV     1   --> A              
     e( 27 - 27) =      4.15643  eV     1   --> A              
     e( 28 - 28) =      4.27599  eV     1   --> A              
     e( 29 - 29) =      4.48067  eV     1   --> A              
     e( 30 - 30) =      4.64802  eV     1   --> A              
     e( 31 - 31) =      4.81958  eV     1   --> A              
     e( 32 - 32) =      4.94110  eV     1   --> A              
     e( 33 - 33) =      5.11875  eV     1   --> A              
     e( 34 - 34) =      5.34758  eV     1   --> A              
     e( 35 - 35) =      5.62255  eV     1   --> A              
     e( 36 - 36) =      5.92368  eV     1   --> A              
     e( 37 - 37) =      5.95389  eV     1   --> A              
     e( 38 - 38) =      6.54523  eV     1   --> A              
     e( 39 - 39) =      6.76285  eV     1   --> A              
     e( 40 - 40) =      7.11828  eV     1   --> A              
     e( 41 - 41) =      7.14570  eV     1   --> A              
     e( 42 - 42) =      7.26388  eV     1   --> A              
     e( 43 - 43) =      7.65093  eV     1   --> A              
     e( 44 - 44) =      7.81066  eV     1   --> A              
     e( 45 - 45) =      8.02278  eV     1   --> A              
     e( 46 - 46) =      8.25993  eV     1   --> A              
     e( 47 - 47) =      8.35161  eV     1   --> A              
     e( 48 - 48) =      8.43565  eV     1   --> A              
     e( 49 - 49) =      8.76722  eV     1   --> A              
     e( 50 - 50) =      8.86630  eV     1   --> A              
     e( 51 - 51) =      9.26757  eV     1   --> A              
     e( 52 - 52) =      9.47708  eV     1   --> A              
     e( 53 - 53) =      9.50112  eV     1   --> A              
     e( 54 - 54) =      9.72757  eV     1   --> A              
     e( 55 - 55) =      9.93945  eV     1   --> A              
     e( 56 - 56) =     10.20045  eV     1   --> A              
     e( 57 - 57) =     10.88244  eV     1   --> A              
     e( 58 - 58) =     11.19399  eV     1   --> A              
     e( 59 - 59) =     13.55532  eV     1   --> A              
     e( 60 - 60) =     14.10066  eV     1   --> A              
     e( 61 - 61) =     14.53157  eV     1   --> A              
     e( 62 - 62) =     14.68650  eV     1   --> A              
     e( 63 - 63) =     15.05239  eV     1   --> A              
     e( 64 - 64) =     15.29552  eV     1   --> A              
     e( 65 - 65) =     18.02240  eV     1   --> A              
     e( 66 - 66) =     18.17717  eV     1   --> A              
     e( 67 - 67) =     18.34651  eV     1   --> A              
     e( 68 - 68) =     18.65035  eV     1   --> A              
     e( 69 - 69) =     19.69943  eV     1   --> A              
     e( 70 - 70) =     20.34465  eV     1   --> A              
     e( 71 - 71) =     22.23436  eV     1   --> A              
     e( 72 - 72) =     22.63728  eV     1   --> A              
     e( 73 - 73) =     22.83218  eV     1   --> A              
     e( 74 - 74) =     23.06064  eV     1   --> A              
     e( 75 - 75) =     23.40988  eV     1   --> A              
     e( 76 - 76) =     23.52946  eV     1   --> A              
     e( 77 - 77) =     24.24400  eV     1   --> A              
     e( 78 - 78) =     24.36041  eV     1   --> A              
     e( 79 - 79) =     24.75133  eV     1   --> A              
     e( 80 - 80) =     24.93354  eV     1   --> A              

 **************************************************************************

 **************************************************************************

                    xk=(   0.10000,   0.40705,   0.00107  )

     Band symmetry, C_1 (1)     point group:

     e(  1 -  1) =    -76.62523  eV     1   --> A              
     e(  2 -  2) =    -68.26428  eV     1   --> A              
     e(  3 -  3) =    -63.81271  eV     1   --> A              
     e(  4 -  4) =    -63.79093  eV     1   --> A              
     e(  5 -  5) =    -44.02563  eV     1   --> A              
     e(  6 -  6) =    -42.43399  eV     1   --> A              
     e(  7 -  7) =    -42.30025  eV     1   --> A              
     e(  8 -  8) =    -37.33035  eV     1   --> A              
     e(  9 -  9) =    -37.31767  eV     1   --> A              
     e( 10 - 10) =    -37.30136  eV     1   --> A              
     e( 11 - 11) =    -28.28843  eV     1   --> A              
     e( 12 - 12) =    -28.23046  eV     1   --> A              
     e( 13 - 13) =    -28.20652  eV     1   --> A              
     e( 14 - 14) =    -28.13017  eV     1   --> A              
     e( 15 - 15) =    -28.12757  eV     1   --> A              
     e( 16 - 16) =    -28.06424  eV     1   --> A              
     e( 17 - 17) =     -7.94427  eV     1   --> A              
     e( 18 - 18) =     -7.32387  eV     1   --> A              
     e( 19 - 19) =     -6.76951  eV     1   --> A              
     e( 20 - 20) =     -6.67498  eV     1   --> A              
     e( 21 - 21) =     -6.59960  eV     1   --> A              
     e( 22 - 22) =     -6.37107  eV     1   --> A              
     e( 23 - 23) =     -6.16500  eV     1   --> A              
     e( 24 - 24) =     -5.95067  eV     1   --> A              
     e( 25 - 25) =      3.94159  eV     1   --> A              
     e( 26 - 26) =      4.12334  eV     1   --> A              
     e( 27 - 27) =      4.14008  eV     1   --> A              
     e( 28 - 28) =      4.29794  eV     1   --> A              
     e( 29 - 29) =      4.49795  eV     1   --> A              
     e( 30 - 30) =      4.59528  eV     1   --> A              
     e( 31 - 31) =      4.82741  eV     1   --> A              
     e( 32 - 32) =      4.94779  eV     1   --> A              
     e( 33 - 33) =      5.10196  eV     1   --> A              
     e( 34 - 34) =      5.37698  eV     1   --> A              
     e( 35 - 35) =      5.65230  eV     1   --> A              
     e( 36 - 36) =      5.91801  eV     1   --> A              
     e( 37 - 37) =      5.97972  eV     1   --> A              
     e( 38 - 38) =      6.54504  eV     1   --> A              
     e( 39 - 39) =      6.76421  eV     1   --> A              
     e( 40 - 40) =      7.13073  eV     1   --> A              
     e( 41 - 41) =      7.14337  eV     1   --> A              
     e( 42 - 42) =      7.30694  eV     1   --> A              
     e( 43 - 43) =      7.65339  eV     1   --> A              
     e( 44 - 44) =      7.79298  eV     1   --> A              
     e( 45 - 45) =      8.04050  eV     1   --> A              
     e( 46 - 46) =      8.22764  eV     1   --> A              
     e( 47 - 47) =      8.32136  eV     1   --> A              
     e( 48 - 48) =      8.41743  eV     1   --> A              
     e( 49 - 49) =      8.80111  eV     1   --> A              
     e( 50 - 50) =      8.87344  eV     1   --> A              
     e( 51 - 51) =      9.25460  eV     1   --> A              
     e( 52 - 52) =      9.46301  eV     1   --> A              
     e( 53 - 53) =      9.46731  eV     1   --> A              
     e( 54 - 54) =      9.74268  eV     1   --> A              
     e( 55 - 55) =      9.95325  eV     1   --> A              
     e( 56 - 56) =     10.18818  eV     1   --> A              
     e( 57 - 57) =     10.89831  eV     1   --> A              
     e( 58 - 58) =     11.17304  eV     1   --> A              
     e( 59 - 59) =     13.56266  eV     1   --> A              
     e( 60 - 60) =     14.09920  eV     1   --> A              
     e( 61 - 61) =     14.52830  eV     1   --> A              
     e( 62 - 62) =     14.70893  eV     1   --> A              
     e( 63 - 63) =     15.01740  eV     1   --> A              
     e( 64 - 64) =     15.30504  eV     1   --> A              
     e( 65 - 65) =     18.04013  eV     1   --> A              
     e( 66 - 66) =     18.19177  eV     1   --> A              
     e( 67 - 67) =     18.40123  eV     1   --> A              
     e( 68 - 68) =     18.59048  eV     1   --> A              
     e( 69 - 69) =     19.75399  eV     1   --> A              
     e( 70 - 70) =     20.34742  eV     1   --> A              
     e( 71 - 71) =     22.14012  eV     1   --> A              
     e( 72 - 72) =     22.59078  eV     1   --> A              
     e( 73 - 73) =     22.81814  eV     1   --> A              
     e( 74 - 74) =     23.05776  eV     1   --> A              
     e( 75 - 75) =     23.40589  eV     1   --> A              
     e( 76 - 76) =     23.55233  eV     1   --> A              
     e( 77 - 77) =     24.30590  eV     1   --> A              
     e( 78 - 78) =     24.37692  eV     1   --> A              
     e( 79 - 79) =     24.76243  eV     1   --> A              
     e( 80 - 80) =     24.97607  eV     1   --> A              

 **************************************************************************

 **************************************************************************

                    xk=(   0.12500,   0.40705,   0.00133  )

     Band symmetry, C_1 (1)     point group:

     e(  1 -  1) =    -76.62523  eV     1   --> A              
     e(  2 -  2) =    -68.26428  eV     1   --> A              
     e(  3 -  3) =    -63.81274  eV     1   --> A              
     e(  4 -  4) =    -63.79094  eV     1   --> A              
     e(  5 -  5) =    -44.02563  eV     1   --> A              
     e(  6 -  6) =    -42.43400  eV     1   --> A              
     e(  7 -  7) =    -42.30025  eV     1   --> A              
     e(  8 -  8) =    -37.33035  eV     1   --> A              
     e(  9 -  9) =    -37.31767  eV     1   --> A              
     e( 10 - 10) =    -37.30136  eV     1   --> A              
     e( 11 - 11) =    -28.28844  eV     1   --> A              
     e( 12 - 12) =    -28.23041  eV     1   --> A              
     e( 13 - 13) =    -28.20665  eV     1   --> A              
     e( 14 - 14) =    -28.13028  eV     1   --> A              
     e( 15 - 15) =    -28.12755  eV     1   --> A              
     e( 16 - 16) =    -28.06428  eV     1   --> A              
     e( 17 - 17) =     -7.93453  eV     1   --> A              
     e( 18 - 18) =     -7.31969  eV     1   --> A              
     e( 19 - 19) =     -6.78513  eV     1   --> A              
     e( 20 - 20) =     -6.66875  eV     1   --> A              
     e( 21 - 21) =     -6.61434  eV     1   --> A              
     e( 22 - 22) =     -6.35619  eV     1   --> A              
     e( 23 - 23) =     -6.15809  eV     1   --> A              
     e( 24 - 24) =     -5.96295  eV     1   --> A              
     e( 25 - 25) =      3.91093  eV     1   --> A              
     e( 26 - 26) =      4.10546  eV     1   --> A              
     e( 27 - 27) =      4.14828  eV     1   --> A              
     e( 28 - 28) =      4.30787  eV     1   --> A              
     e( 29 - 29) =      4.51620  eV     1   --> A              
     e( 30 - 30) =      4.55195  eV     1   --> A              
     e( 31 - 31) =      4.82888  eV     1   --> A              
     e( 32 - 32) =      4.95089  eV     1   --> A              
     e( 33 - 33) =      5.10300  eV     1   --> A              
     e( 34 - 34) =      5.40872  eV     1   --> A              
     e( 35 - 35) =      5.67495  eV     1   --> A              
     e( 36 - 36) =      5.91078  eV     1   --> A              
     e( 37 - 37) =      6.01940  eV     1   --> A              
     e( 38 - 38) =      6.52707  eV     1   --> A              
     e( 39 - 39) =      6.77978  eV     1   --> A              
     e( 40 - 40) =      7.11038  eV     1   --> A              
     e( 41 - 41) =      7.17201  eV     1   --> A              
     e( 42 - 42) =      7.35764  eV     1   --> A              
     e( 43 - 43) =      7.66647  eV     1   --> A              
     e( 44 - 44) =      7.77296  eV     1   --> A              
     e( 45 - 45) =      8.05123  eV     1   --> A              
     e( 46 - 46) =      8.19328  eV     1   --> A              
     e( 47 - 47) =      8.29519  eV     1   --> A              
     e( 48 - 48) =      8.39188  eV     1   --> A              
     e( 49 - 49) =      8.82192  eV     1   --> A              
     e( 50 - 50) =      8.88798  eV     1   --> A              
     e( 51 - 51) =      9.23603  eV     1   --> A              
     e( 52 - 52) =      9.43728  eV     1   --> A              
     e( 53 - 53) =      9.45459  eV     1   --> A              
     e( 54 - 54) =      9.75034  eV     1   --> A              
     e( 55 - 55) =      9.96828  eV     1   --> A              
     e( 56 - 56) =     10.17527  eV     1   --> A              
     e( 57 - 57) =     10.91568  eV     1   --> A              
     e( 58 - 58) =     11.14713  eV     1   --> A              
     e( 59 - 59) =     13.57243  eV     1   --> A              
     e( 60 - 60) =     14.09752  eV     1   --> A              
     e( 61 - 61) =     14.52079  eV     1   --> A              
     e( 62 - 62) =     14.73897  eV     1   --> A              
     e( 63 - 63) =     14.97983  eV     1   --> A              
     e( 64 - 64) =     15.31111  eV     1   --> A              
     e( 65 - 65) =     18.06215  eV     1   --> A              
     e( 66 - 66) =     18.21324  eV     1   --> A              
     e( 67 - 67) =     18.46647  eV     1   --> A              
     e( 68 - 68) =     18.52384  eV     1   --> A              
     e( 69 - 69) =     19.81443  eV     1   --> A              
     e( 70 - 70) =     20.35123  eV     1   --> A              
     e( 71 - 71) =     22.04460  eV     1   --> A              
     e( 72 - 72) =     22.50257  eV     1   --> A              
     e( 73 - 73) =     22.82867  eV     1   --> A              
     e( 74 - 74) =     23.05195  eV     1   --> A              
     e( 75 - 75) =     23.40400  eV     1   --> A              
     e( 76 - 76) =     23.56100  eV     1   --> A              
     e( 77 - 77) =     24.37853  eV     1   --> A              
     e( 78 - 78) =     24.39862  eV     1   --> A              
     e( 79 - 79) =     24.77426  eV     1   --> A              
     e( 80 - 80) =     25.03101  eV     1   --> A              

 **************************************************************************

 **************************************************************************

                    xk=(   0.15000,   0.40705,   0.00160  )

     Band symmetry, C_1 (1)     point group:

     e(  1 -  1) =    -76.62523  eV     1   --> A              
     e(  2 -  2) =    -68.26428  eV     1   --> A              
     e(  3 -  3) =    -63.81276  eV     1   --> A              
     e(  4 -  4) =    -63.79096  eV     1   --> A              
     e(  5 -  5) =    -44.02563  eV     1   --> A              
     e(  6 -  6) =    -42.43400  eV     1   --> A              
     e(  7 -  7) =    -42.30025  eV     1   --> A              
     e(  8 -  8) =    -37.33036  eV     1   --> A              
     e(  9 -  9) =    -37.31767  eV     1   --> A              
     e( 10 - 10) =    -37.30136  eV     1   --> A              
     e( 11 - 11) =    -28.28845  eV     1   --> A              
     e( 12 - 12) =    -28.23036  eV     1   --> A              
     e( 13 - 13) =    -28.20679  eV     1   --> A              
     e( 14 - 14) =    -28.13042  eV     1   --> A              
     e( 15 - 15) =    -28.12752  eV     1   --> A              
     e( 16 - 16) =    -28.06432  eV     1   --> A              
     e( 17 - 17) =     -7.92299  eV     1   --> A              
     e( 18 - 18) =     -7.31460  eV     1   --> A              
     e( 19 - 19) =     -6.80271  eV     1   --> A              
     e( 20 - 20) =     -6.66279  eV     1   --> A              
     e( 21 - 21) =     -6.62878  eV     1   --> A              
     e( 22 - 22) =     -6.34072  eV     1   --> A              
     e( 23 - 23) =     -6.15045  eV     1   --> A              
     e( 24 - 24) =     -5.97744  eV     1   --> A              
     e( 25 - 25) =      3.88053  eV     1   --> A              
     e( 26 - 26) =      4.08132  eV     1   --> A              
     e( 27 - 27) =      4.16144  eV     1   --> A              
     e( 28 - 28) =      4.29559  eV     1   --> A              
     e( 29 - 29) =      4.52687  eV     1   --> A              
     e( 30 - 30) =      4.53767  eV     1   --> A              
     e( 31 - 31) =      4.81587  eV     1   --> A              
     e( 32 - 32) =      4.96550  eV     1   --> A              
     e( 33 - 33) =      5.11734  eV     1   --> A              
     e( 34 - 34) =      5.44295  eV     1   --> A              
     e( 35 - 35) =      5.69037  eV     1   --> A              
     e( 36 - 36) =      5.90311  eV     1   --> A              
     e( 37 - 37) =      6.06995  eV     1   --> A              
     e( 38 - 38) =      6.49559  eV     1   --> A              
     e( 39 - 39) =      6.79995  eV     1   --> A              
     e( 40 - 40) =      7.09082  eV     1   --> A              
     e( 41 - 41) =      7.19871  eV     1   --> A              
     e( 42 - 42) =      7.41443  eV     1   --> A              
     e( 43 - 43) =      7.69257  eV     1   --> A              
     e( 44 - 44) =      7.75121  eV     1   --> A              
     e( 45 - 45) =      8.05595  eV     1   --> A              
     e( 46 - 46) =      8.15001  eV     1   --> A              
     e( 47 - 47) =      8.28183  eV     1   --> A              
     e( 48 - 48) =      8.35845  eV     1   --> A              
     e( 49 - 49) =      8.82472  eV     1   --> A              
     e( 50 - 50) =      8.90968  eV     1   --> A              
     e( 51 - 51) =      9.21329  eV     1   --> A              
     e( 52 - 52) =      9.41279  eV     1   --> A              
     e( 53 - 53) =      9.45376  eV     1   --> A              
     e( 54 - 54) =      9.75216  eV     1   --> A              
     e( 55 - 55) =      9.98130  eV     1   --> A              
     e( 56 - 56) =     10.16400  eV     1   --> A              
     e( 57 - 57) =     10.93273  eV     1   --> A              
     e( 58 - 58) =     11.11688  eV     1   --> A              
     e( 59 - 59) =     13.58482  eV     1   --> A              
     e( 60 - 60) =     14.09576  eV     1   --> A              
     e( 61 - 61) =     14.50906  eV     1   --> A              
     e( 62 - 62) =     14.77530  eV     1   --> A              
     e( 63 - 63) =     14.94147  eV     1   --> A              
     e( 64 - 64) =     15.31285  eV     1   --> A              
     e( 65 - 65) =     18.08780  eV     1   --> A              
     e( 66 - 66) =     18.24092  eV     1   --> A              
     e( 67 - 67) =     18.45294  eV     1   --> A              
     e( 68 - 68) =     18.54235  eV     1   --> A              
     e( 69 - 69) =     19.87757  eV     1   --> A              
     e( 70 - 70) =     20.35626  eV     1   --> A              
     e( 71 - 71) =     21.94920  eV     1   --> A              
     e( 72 - 72) =     22.40033  eV     1   --> A              
     e( 73 - 73) =     22.83821  eV     1   --> A              
     e( 74 - 74) =     23.04397  eV     1   --> A              
     e( 75 - 75) =     23.40646  eV     1   --> A              
     e( 76 - 76) =     23.55606  eV     1   --> A              
     e( 77 - 77) =     24.42157  eV     1   --> A              
     e( 78 - 78) =     24.45827  eV     1   --> A              
     e( 79 - 79) =     24.78417  eV     1   --> A              
     e( 80 - 80) =     25.09774  eV     1   --> A              

 **************************************************************************

 **************************************************************************

                    xk=(   0.17500,   0.40705,   0.00186  )

     Band symmetry, C_1 (1)     point group:

     e(  1 -  1) =    -76.62523  eV     1   --> A              
     e(  2 -  2) =    -68.26427  eV     1   --> A              
     e(  3 -  3) =    -63.81279  eV     1   --> A              
     e(  4 -  4) =    -63.79097  eV     1   --> A              
     e(  5 -  5) =    -44.02563  eV     1   --> A              
     e(  6 -  6) =    -42.43400  eV     1   --> A              
     e(  7 -  7) =    -42.30025  eV     1   --> A              
     e(  8 -  8) =    -37.33036  eV     1   --> A              
     e(  9 -  9) =    -37.31767  eV     1   --> A              
     e( 10 - 10) =    -37.30137  eV     1   --> A              
     e( 11 - 11) =    -28.28846  eV     1   --> A              
     e( 12 - 12) =    -28.23030  eV     1   --> A              
     e( 13 - 13) =    -28.20696  eV     1   --> A              
     e( 14 - 14) =    -28.13057  eV     1   --> A              
     e( 15 - 15) =    -28.12749  eV     1   --> A              
     e( 16 - 16) =    -28.06436  eV     1   --> A              
     e( 17 - 17) =     -7.90984  eV     1   --> A              
     e( 18 - 18) =     -7.30860  eV     1   --> A              
     e( 19 - 19) =     -6.82189  eV     1   --> A              
     e( 20 - 20) =     -6.66065  eV     1   --> A              
     e( 21 - 21) =     -6.63894  eV     1   --> A              
     e( 22 - 22) =     -6.32518  eV     1   --> A              
     e( 23 - 23) =     -6.14241  eV     1   --> A              
     e( 24 - 24) =     -5.99384  eV     1   --> A              
     e( 25 - 25) =      3.85080  eV     1   --> A              
     e( 26 - 26) =      4.05681  eV     1   --> A              
     e( 27 - 27) =      4.16850  eV     1   --> A              
     e( 28 - 28) =      4.26649  eV     1   --> A              
     e( 29 - 29) =      4.51981  eV     1   --> A              
     e( 30 - 30) =      4.56079  eV     1   --> A              
     e( 31 - 31) =      4.79480  eV     1   --> A              
     e( 32 - 32) =      4.99433  eV     1   --> A              
     e( 33 - 33) =      5.13944  eV     1   --> A              
     e( 34 - 34) =      5.47928  eV     1   --> A              
     e( 35 - 35) =      5.70170  eV     1   --> A              
     e( 36 - 36) =      5.89574  eV     1   --> A              
     e( 37 - 37) =      6.12604  eV     1   --> A              
     e( 38 - 38) =      6.45840  eV     1   --> A              
     e( 39 - 39) =      6.80964  eV     1   --> A              
     e( 40 - 40) =      7.08176  eV     1   --> A              
     e( 41 - 41) =      7.21600  eV     1   --> A              
     e( 42 - 42) =      7.47846  eV     1   --> A              
     e( 43 - 43) =      7.72355  eV     1   --> A              
     e( 44 - 44) =      7.73578  eV     1   --> A              
     e( 45 - 45) =      8.05998  eV     1   --> A              
     e( 46 - 46) =      8.09671  eV     1   --> A              
     e( 47 - 47) =      8.28050  eV     1   --> A              
     e( 48 - 48) =      8.31662  eV     1   --> A              
     e( 49 - 49) =      8.81669  eV     1   --> A              
     e( 50 - 50) =      8.92778  eV     1   --> A              
     e( 51 - 51) =      9.19046  eV     1   --> A              
     e( 52 - 52) =      9.39020  eV     1   --> A              
     e( 53 - 53) =      9.46451  eV     1   --> A              
     e( 54 - 54) =      9.75011  eV     1   --> A              
     e( 55 - 55) =      9.98867  eV     1   --> A              
     e( 56 - 56) =     10.15709  eV     1   --> A              
     e( 57 - 57) =     10.94750  eV     1   --> A              
     e( 58 - 58) =     11.08311  eV     1   --> A              
     e( 59 - 59) =     13.59993  eV     1   --> A              
     e( 60 - 60) =     14.09413  eV     1   --> A              
     e( 61 - 61) =     14.49359  eV     1   --> A              
     e( 62 - 62) =     14.81604  eV     1   --> A              
     e( 63 - 63) =     14.90390  eV     1   --> A              
     e( 64 - 64) =     15.30984  eV     1   --> A              
     e( 65 - 65) =     18.11610  eV     1   --> A              
     e( 66 - 66) =     18.27232  eV     1   --> A              
     e( 67 - 67) =     18.38436  eV     1   --> A              
     e( 68 - 68) =     18.62578  eV     1   --> A              
     e( 69 - 69) =     19.94113  eV     1   --> A              
     e( 70 - 70) =     20.36283  eV     1   --> A              
     e( 71 - 71) =     21.85509  eV     1   --> A              
     e( 72 - 72) =     22.29391  eV     1   --> A              
     e( 73 - 73) =     22.83844  eV     1   --> A              
     e( 74 - 74) =     23.03427  eV     1   --> A              
     e( 75 - 75) =     23.41570  eV     1   --> A              
     e( 76 - 76) =     23.53971  eV     1   --> A              
     e( 77 - 77) =     24.45034  eV     1   --> A              
     e( 78 - 78) =     24.53218  eV     1   --> A              
     e( 79 - 79) =     24.78758  eV     1   --> A              
     e( 80 - 80) =     25.17504  eV     1   --> A              

 **************************************************************************

 **************************************************************************

                    xk=(   0.20000,   0.40705,   0.00213  )

     Band symmetry, C_1 (1)     point group:

     e(  1 -  1) =    -76.62523  eV     1   --> A              
     e(  2 -  2) =    -68.26427  eV     1   --> A              
     e(  3 -  3) =    -63.81282  eV     1   --> A              
     e(  4 -  4) =    -63.79099  eV     1   --> A              
     e(  5 -  5) =    -44.02564  eV     1   --> A              
     e(  6 -  6) =    -42.43401  eV     1   --> A              
     e(  7 -  7) =    -42.30025  eV     1   --> A              
     e(  8 -  8) =    -37.33036  eV     1   --> A              
     e(  9 -  9) =    -37.31767  eV     1   --> A              
     e( 10 - 10) =    -37.30137  eV     1   --> A              
     e( 11 - 11) =    -28.28847  eV     1   --> A              
     e( 12 - 12) =    -28.23024  eV     1   --> A              
     e( 13 - 13) =    -28.20714  eV     1   --> A              
     e( 14 - 14) =    -28.13073  eV     1   --> A              
     e( 15 - 15) =    -28.12745  eV     1   --> A              
     e( 16 - 16) =    -28.06441  eV     1   --> A              
     e( 17 - 17) =     -7.89534  eV     1   --> A              
     e( 18 - 18) =     -7.30172  eV     1   --> A              
     e( 19 - 19) =     -6.84233  eV     1   --> A              
     e( 20 - 20) =     -6.66929  eV     1   --> A              
     e( 21 - 21) =     -6.63764  eV     1   --> A              
     e( 22 - 22) =     -6.30991  eV     1   --> A              
     e( 23 - 23) =     -6.13427  eV     1   --> A              
     e( 24 - 24) =     -6.01179  eV     1   --> A              
     e( 25 - 25) =      3.82201  eV     1   --> A              
     e( 26 - 26) =      4.03255  eV     1   --> A              
     e( 27 - 27) =      4.15186  eV     1   --> A              
     e( 28 - 28) =      4.24913  eV     1   --> A              
     e( 29 - 29) =      4.51124  eV     1   --> A              
     e( 30 - 30) =      4.59072  eV     1   --> A              
     e( 31 - 31) =      4.77747  eV     1   --> A              
     e( 32 - 32) =      5.03213  eV     1   --> A              
     e( 33 - 33) =      5.16648  eV     1   --> A              
     e( 34 - 34) =      5.51666  eV     1   --> A              
     e( 35 - 35) =      5.71297  eV     1   --> A              
     e( 36 - 36) =      5.88912  eV     1   --> A              
     e( 37 - 37) =      6.18140  eV     1   --> A              
     e( 38 - 38) =      6.42273  eV     1   --> A              
     e( 39 - 39) =      6.79802  eV     1   --> A              
     e( 40 - 40) =      7.09090  eV     1   --> A              
     e( 41 - 41) =      7.21967  eV     1   --> A              
     e( 42 - 42) =      7.54764  eV     1   --> A              
     e( 43 - 43) =      7.70731  eV     1   --> A              
     e( 44 - 44) =      7.77671  eV     1   --> A              
     e( 45 - 45) =      8.02991  eV     1   --> A              
     e( 46 - 46) =      8.07847  eV     1   --> A              
     e( 47 - 47) =      8.26616  eV     1   --> A              
     e( 48 - 48) =      8.28453  eV     1   --> A              
     e( 49 - 49) =      8.80379  eV     1   --> A              
     e( 50 - 50) =      8.93496  eV     1   --> A              
     e( 51 - 51) =      9.17150  eV     1   --> A              
     e( 52 - 52) =      9.36954  eV     1   --> A              
     e( 53 - 53) =      9.48545  eV     1   --> A              
     e( 54 - 54) =      9.74610  eV     1   --> A              
     e( 55 - 55) =      9.98764  eV     1   --> A              
     e( 56 - 56) =     10.15668  eV     1   --> A              
     e( 57 - 57) =     10.95751  eV     1   --> A              
     e( 58 - 58) =     11.04724  eV     1   --> A              
     e( 59 - 59) =     13.61780  eV     1   --> A              
     e( 60 - 60) =     14.09283  eV     1   --> A              
     e( 61 - 61) =     14.47488  eV     1   --> A              
     e( 62 - 62) =     14.85628  eV     1   --> A              
     e( 63 - 63) =     14.87156  eV     1   --> A              
     e( 64 - 64) =     15.30195  eV     1   --> A              
     e( 65 - 65) =     18.14530  eV     1   --> A              
     e( 66 - 66) =     18.28433  eV     1   --> A              
     e( 67 - 67) =     18.34219  eV     1   --> A              
     e( 68 - 68) =     18.71649  eV     1   --> A              
     e( 69 - 69) =     20.00351  eV     1   --> A              
     e( 70 - 70) =     20.37134  eV     1   --> A              
     e( 71 - 71) =     21.76321  eV     1   --> A              
     e( 72 - 72) =     22.18666  eV     1   --> A              
     e( 73 - 73) =     22.82747  eV     1   --> A              
     e( 74 - 74) =     23.02316  eV     1   --> A              
     e( 75 - 75) =     23.43389  eV     1   --> A              
     e( 76 - 76) =     23.51427  eV     1   --> A              
     e( 77 - 77) =     24.48171  eV     1   --> A              
     e( 78 - 78) =     24.59499  eV     1   --> A              
     e( 79 - 79) =     24.77842  eV     1   --> A              
     e( 80 - 80) =     25.26104  eV     1   --> A              

 **************************************************************************

 **************************************************************************

                    xk=(   0.22500,   0.40705,   0.00240  )

     Band symmetry, C_1 (1)     point group:

     e(  1 -  1) =    -76.62523  eV     1   --> A              
     e(  2 -  2) =    -68.26427  eV     1   --> A              
     e(  3 -  3) =    -63.81286  eV     1   --> A              
     e(  4 -  4) =    -63.79100  eV     1   --> A              
     e(  5 -  5) =    -44.02564  eV     1   --> A              
     e(  6 -  6) =    -42.43401  eV     1   --> A              
     e(  7 -  7) =    -42.30025  eV     1   --> A              
     e(  8 -  8) =    -37.33037  eV     1   --> A              
     e(  9 -  9) =    -37.31767  eV     1   --> A              
     e( 10 - 10) =    -37.30138  eV     1   --> A              
     e( 11 - 11) =    -28.28848  eV     1   --> A              
     e( 12 - 12) =    -28.23017  eV     1   --> A              
     e( 13 - 13) =    -28.20732  eV     1   --> A              
     e( 14 - 14) =    -28.13090  eV     1   --> A              
     e( 15 - 15) =    -28.12742  eV     1   --> A              
     e( 16 - 16) =    -28.06446  eV     1   --> A              
     e( 17 - 17) =     -7.87978  eV     1   --> A              
     e( 18 - 18) =     -7.29397  eV     1   --> A              
     e( 19 - 19) =     -6.86370  eV     1   --> A              
     e( 20 - 20) =     -6.68298  eV     1   --> A              
     e( 21 - 21) =     -6.63043  eV     1   --> A              
     e( 22 - 22) =     -6.29518  eV     1   --> A              
     e( 23 - 23) =     -6.12631  eV     1   --> A              
     e( 24 - 24) =     -6.03090  eV     1   --> A              
     e( 25 - 25) =      3.79436  eV     1   --> A              
     e( 26 - 26) =      4.00807  eV     1   --> A              
     e( 27 - 27) =      4.10876  eV     1   --> A              
     e( 28 - 28) =      4.25597  eV     1   --> A              
     e( 29 - 29) =      4.49312  eV     1   --> A              
     e( 30 - 30) =      4.62440  eV     1   --> A              
     e( 31 - 31) =      4.77097  eV     1   --> A              
     e( 32 - 32) =      5.07466  eV     1   --> A              
     e( 33 - 33) =      5.19745  eV     1   --> A              
     e( 34 - 34) =      5.55317  eV     1   --> A              
     e( 35 - 35) =      5.72823  eV     1   --> A              
     e( 36 - 36) =      5.88336  eV     1   --> A              
     e( 37 - 37) =      6.22808  eV     1   --> A              
     e( 38 - 38) =      6.39661  eV     1   --> A              
     e( 39 - 39) =      6.76638  eV     1   --> A              
     e( 40 - 40) =      7.11500  eV     1   --> A              
     e( 41 - 41) =      7.21159  eV     1   --> A              
     e( 42 - 42) =      7.60034  eV     1   --> A              
     e( 43 - 43) =      7.71006  eV     1   --> A              
     e( 44 - 44) =      7.81545  eV     1   --> A              
     e( 45 - 45) =      7.96971  eV     1   --> A              
     e( 46 - 46) =      8.10425  eV     1   --> A              
     e( 47 - 47) =      8.20802  eV     1   --> A              
     e( 48 - 48) =      8.29035  eV     1   --> A              
     e( 49 - 49) =      8.78913  eV     1   --> A              
     e( 50 - 50) =      8.93014  eV     1   --> A              
     e( 51 - 51) =      9.15644  eV     1   --> A              
     e( 52 - 52) =      9.35207  eV     1   --> A              
     e( 53 - 53) =      9.51400  eV     1   --> A              
     e( 54 - 54) =      9.74174  eV     1   --> A              
     e( 55 - 55) =      9.97779  eV     1   --> A              
     e( 56 - 56) =     10.16283  eV     1   --> A              
     e( 57 - 57) =     10.95785  eV     1   --> A              
     e( 58 - 58) =     11.01335  eV     1   --> A              
     e( 59 - 59) =     13.63835  eV     1   --> A              
     e( 60 - 60) =     14.09208  eV     1   --> A              
     e( 61 - 61) =     14.45344  eV     1   --> A              
     e( 62 - 62) =     14.83404  eV     1   --> A              
     e( 63 - 63) =     14.90603  eV     1   --> A              
     e( 64 - 64) =     15.28923  eV     1   --> A              
     e( 65 - 65) =     18.16801  eV     1   --> A              
     e( 66 - 66) =     18.23908  eV     1   --> A              
     e( 67 - 67) =     18.37137  eV     1   --> A              
     e( 68 - 68) =     18.81288  eV     1   --> A              
     e( 69 - 69) =     20.06357  eV     1   --> A              
     e( 70 - 70) =     20.38236  eV     1   --> A              
     e( 71 - 71) =     21.67440  eV     1   --> A              
     e( 72 - 72) =     22.07988  eV     1   --> A              
     e( 73 - 73) =     22.80586  eV     1   --> A              
     e( 74 - 74) =     23.01093  eV     1   --> A              
     e( 75 - 75) =     23.46195  eV     1   --> A              
     e( 76 - 76) =     23.48236  eV     1   --> A              
     e( 77 - 77) =     24.51503  eV     1   --> A              
     e( 78 - 78) =     24.63519  eV     1   --> A              
     e( 79 - 79) =     24.75647  eV     1   --> A              
     e( 80 - 80) =     25.35316  eV     1   --> A              

 **************************************************************************

 **************************************************************************

                    xk=(   0.25000,   0.40705,   0.00266  )

     Band symmetry, C_1 (1)     point group:

     e(  1 -  1) =    -76.62522  eV     1   --> A              
     e(  2 -  2) =    -68.26427  eV     1   --> A              
     e(  3 -  3) =    -63.81289  eV     1   --> A              
     e(  4 -  4) =    -63.79102  eV     1   --> A              
     e(  5 -  5) =    -44.02564  eV     1   --> A              
     e(  6 -  6) =    -42.43402  eV     1   --> A              
     e(  7 -  7) =    -42.30025  eV     1   --> A              
     e(  8 -  8) =    -37.33037  eV     1   --> A              
     e(  9 -  9) =    -37.31767  eV     1   --> A              
     e( 10 - 10) =    -37.30138  eV     1   --> A              
     e( 11 - 11) =    -28.28849  eV     1   --> A              
     e( 12 - 12) =    -28.23010  eV     1   --> A              
     e( 13 - 13) =    -28.20752  eV     1   --> A              
     e( 14 - 14) =    -28.13107  eV     1   --> A              
     e( 15 - 15) =    -28.12738  eV     1   --> A              
     e( 16 - 16) =    -28.06451  eV     1   --> A              
     e( 17 - 17) =     -7.86350  eV     1   --> A              
     e( 18 - 18) =     -7.28538  eV     1   --> A              
     e( 19 - 19) =     -6.88566  eV     1   --> A              
     e( 20 - 20) =     -6.69722  eV     1   --> A              
     e( 21 - 21) =     -6.62178  eV     1   --> A              
     e( 22 - 22) =     -6.28120  eV     1   --> A              
     e( 23 - 23) =     -6.11877  eV     1   --> A              
     e( 24 - 24) =     -6.05070  eV     1   --> A              
     e( 25 - 25) =      3.76799  eV     1   --> A              
     e( 26 - 26) =      3.98123  eV     1   --> A              
     e( 27 - 27) =      4.06091  eV     1   --> A              
     e( 28 - 28) =      4.27168  eV     1   --> A              
     e( 29 - 29) =      4.46614  eV     1   --> A              
     e( 30 - 30) =      4.65812  eV     1   --> A              
     e( 31 - 31) =      4.77665  eV     1   --> A              
     e( 32 - 32) =      5.11864  eV     1   --> A              
     e( 33 - 33) =      5.23223  eV     1   --> A              
     e( 34 - 34) =      5.58608  eV     1   --> A              
     e( 35 - 35) =      5.75118  eV     1   --> A              
     e( 36 - 36) =      5.87860  eV     1   --> A              
     e( 37 - 37) =      6.25569  eV     1   --> A              
     e( 38 - 38) =      6.38983  eV     1   --> A              
     e( 39 - 39) =      6.72388  eV     1   --> A              
     e( 40 - 40) =      7.13932  eV     1   --> A              
     e( 41 - 41) =      7.20156  eV     1   --> A              
     e( 42 - 42) =      7.59957  eV     1   --> A              
     e( 43 - 43) =      7.76572  eV     1   --> A              
     e( 44 - 44) =      7.82024  eV     1   --> A              
     e( 45 - 45) =      7.93481  eV     1   --> A              
     e( 46 - 46) =      8.13077  eV     1   --> A              
     e( 47 - 47) =      8.15836  eV     1   --> A              
     e( 48 - 48) =      8.30008  eV     1   --> A              
     e( 49 - 49) =      8.77406  eV     1   --> A              
     e( 50 - 50) =      8.91707  eV     1   --> A              
     e( 51 - 51) =      9.14114  eV     1   --> A              
     e( 52 - 52) =      9.33929  eV     1   --> A              
     e( 53 - 53) =      9.54766  eV     1   --> A              
     e( 54 - 54) =      9.73832  eV     1   --> A              
     e( 55 - 55) =      9.96082  eV     1   --> A              
     e( 56 - 56) =     10.17366  eV     1   --> A              
     e( 57 - 57) =     10.93793  eV     1   --> A              
     e( 58 - 58) =     10.99155  eV     1   --> A              
     e( 59 - 59) =     13.66138  eV     1   --> A              
     e( 60 - 60) =     14.09209  eV     1   --> A              
     e( 61 - 61) =     14.42972  eV     1   --> A              
     e( 62 - 62) =     14.80576  eV     1   --> A              
     e( 63 - 63) =     14.95054  eV     1   --> A              
     e( 64 - 64) =     15.27186  eV     1   --> A              
     e( 65 - 65) =     18.14355  eV     1   --> A              
     e( 66 - 66) =     18.23146  eV     1   --> A              
     e( 67 - 67) =     18.41684  eV     1   --> A              
     e( 68 - 68) =     18.91321  eV     1   --> A              
     e( 69 - 69) =     20.12056  eV     1   --> A              
     e( 70 - 70) =     20.39663  eV     1   --> A              
     e( 71 - 71) =     21.58934  eV     1   --> A              
     e( 72 - 72) =     21.97403  eV     1   --> A              
     e( 73 - 73) =     22.77537  eV     1   --> A              
     e( 74 - 74) =     22.99787  eV     1   --> A              
     e( 75 - 75) =     23.44205  eV     1   --> A              
     e( 76 - 76) =     23.50422  eV     1   --> A              
     e( 77 - 77) =     24.54865  eV     1   --> A              
     e( 78 - 78) =     24.62546  eV     1   --> A              
     e( 79 - 79) =     24.74711  eV     1   --> A              
     e( 80 - 80) =     25.44787  eV     1   --> A              

 **************************************************************************

 **************************************************************************

                    xk=(   0.27500,   0.40705,   0.00293  )

     Band symmetry, C_1 (1)     point group:

     e(  1 -  1) =    -76.62522  eV     1   --> A              
     e(  2 -  2) =    -68.26427  eV     1   --> A              
     e(  3 -  3) =    -63.81293  eV     1   --> A              
     e(  4 -  4) =    -63.79103  eV     1   --> A              
     e(  5 -  5) =    -44.02564  eV     1   --> A              
     e(  6 -  6) =    -42.43402  eV     1   --> A              
     e(  7 -  7) =    -42.30025  eV     1   --> A              
     e(  8 -  8) =    -37.33038  eV     1   --> A              
     e(  9 -  9) =    -37.31767  eV     1   --> A              
     e( 10 - 10) =    -37.30139  eV     1   --> A              
     e( 11 - 11) =    -28.28850  eV     1   --> A              
     e( 12 - 12) =    -28.23003  eV     1   --> A              
     e( 13 - 13) =    -28.20771  eV     1   --> A              
     e( 14 - 14) =    -28.13124  eV     1   --> A              
     e( 15 - 15) =    -28.12735  eV     1   --> A              
     e( 16 - 16) =    -28.06456  eV     1   --> A              
     e( 17 - 17) =     -7.84685  eV     1   --> A              
     e( 18 - 18) =     -7.27600  eV     1   --> A              
     e( 19 - 19) =     -6.90793  eV     1   --> A              
     e( 20 - 20) =     -6.71097  eV     1   --> A              
     e( 21 - 21) =     -6.61272  eV     1   --> A              
     e( 22 - 22) =     -6.26810  eV     1   --> A              
     e( 23 - 23) =     -6.11188  eV     1   --> A              
     e( 24 - 24) =     -6.07068  eV     1   --> A              
     e( 25 - 25) =      3.74305  eV     1   --> A              
     e( 26 - 26) =      3.94781  eV     1   --> A              
     e( 27 - 27) =      4.02203  eV     1   --> A              
     e( 28 - 28) =      4.28751  eV     1   --> A              
     e( 29 - 29) =      4.43562  eV     1   --> A              
     e( 30 - 30) =      4.68901  eV     1   --> A              
     e( 31 - 31) =      4.79251  eV     1   --> A              
     e( 32 - 32) =      5.16087  eV     1   --> A              
     e( 33 - 33) =      5.27114  eV     1   --> A              
     e( 34 - 34) =      5.61303  eV     1   --> A              
     e( 35 - 35) =      5.78336  eV     1   --> A              
     e( 36 - 36) =      5.87614  eV     1   --> A              
     e( 37 - 37) =      6.26279  eV     1   --> A              
     e( 38 - 38) =      6.40139  eV     1   --> A              
     e( 39 - 39) =      6.68055  eV     1   --> A              
     e( 40 - 40) =      7.13696  eV     1   --> A              
     e( 41 - 41) =      7.21255  eV     1   --> A              
     e( 42 - 42) =      7.57189  eV     1   --> A              
     e( 43 - 43) =      7.76804  eV     1   --> A              
     e( 44 - 44) =      7.83957  eV     1   --> A              
     e( 45 - 45) =      7.94417  eV     1   --> A              
     e( 46 - 46) =      8.07836  eV     1   --> A              
     e( 47 - 47) =      8.19787  eV     1   --> A              
     e( 48 - 48) =      8.32260  eV     1   --> A              
     e( 49 - 49) =      8.75853  eV     1   --> A              
     e( 50 - 50) =      8.90109  eV     1   --> A              
     e( 51 - 51) =      9.12118  eV     1   --> A              
     e( 52 - 52) =      9.33159  eV     1   --> A              
     e( 53 - 53) =      9.58424  eV     1   --> A              
     e( 54 - 54) =      9.73653  eV     1   --> A              
     e( 55 - 55) =      9.93899  eV     1   --> A              
     e( 56 - 56) =     10.18695  eV     1   --> A              
     e( 57 - 57) =     10.90032  eV     1   --> A              
     e( 58 - 58) =     10.97932  eV     1   --> A              
     e( 59 - 59) =     13.68657  eV     1   --> A              
     e( 60 - 60) =     14.09300  eV     1   --> A              
     e( 61 - 61) =     14.40418  eV     1   --> A              
     e( 62 - 62) =     14.78239  eV     1   --> A              
     e( 63 - 63) =     14.99390  eV     1   --> A              
     e( 64 - 64) =     15.25014  eV     1   --> A              
     e( 65 - 65) =     18.08620  eV     1   --> A              
     e( 66 - 66) =     18.25877  eV     1   --> A              
     e( 67 - 67) =     18.46582  eV     1   --> A              
     e( 68 - 68) =     19.01544  eV     1   --> A              
     e( 69 - 69) =     20.17394  eV     1   --> A              
     e( 70 - 70) =     20.41516  eV     1   --> A              
     e( 71 - 71) =     21.50863  eV     1   --> A              
     e( 72 - 72) =     21.86914  eV     1   --> A              
     e( 73 - 73) =     22.73838  eV     1   --> A              
     e( 74 - 74) =     22.98437  eV     1   --> A              
     e( 75 - 75) =     23.39876  eV     1   --> A              
     e( 76 - 76) =     23.55671  eV     1   --> A              
     e( 77 - 77) =     24.55129  eV     1   --> A              
     e( 78 - 78) =     24.59378  eV     1   --> A              
     e( 79 - 79) =     24.76066  eV     1   --> A              
     e( 80 - 80) =     25.53984  eV     1   --> A              

 **************************************************************************

 **************************************************************************

                    xk=(   0.30000,   0.40705,   0.00320  )

     Band symmetry, C_1 (1)     point group:

     e(  1 -  1) =    -76.62522  eV     1   --> A              
     e(  2 -  2) =    -68.26427  eV     1   --> A              
     e(  3 -  3) =    -63.81296  eV     1   --> A              
     e(  4 -  4) =    -63.79105  eV     1   --> A              
     e(  5 -  5) =    -44.02564  eV     1   --> A              
     e(  6 -  6) =    -42.43403  eV     1   --> A              
     e(  7 -  7) =    -42.30025  eV     1   --> A              
     e(  8 -  8) =    -37.33038  eV     1   --> A              
     e(  9 -  9) =    -37.31767  eV     1   --> A              
     e( 10 - 10) =    -37.30139  eV     1   --> A              
     e( 11 - 11) =    -28.28851  eV     1   --> A              
     e( 12 - 12) =    -28.22997  eV     1   --> A              
     e( 13 - 13) =    -28.20790  eV     1   --> A              
     e( 14 - 14) =    -28.13141  eV     1   --> A              
     e( 15 - 15) =    -28.12732  eV     1   --> A              
     e( 16 - 16) =    -28.06461  eV     1   --> A              
     e( 17 - 17) =     -7.83024  eV     1   --> A              
     e( 18 - 18) =     -7.26588  eV     1   --> A              
     e( 19 - 19) =     -6.93019  eV     1   --> A              
     e( 20 - 20) =     -6.72388  eV     1   --> A              
     e( 21 - 21) =     -6.60366  eV     1   --> A              
     e( 22 - 22) =     -6.25604  eV     1   --> A              
     e( 23 - 23) =     -6.10629  eV     1   --> A              
     e( 24 - 24) =     -6.08983  eV     1   --> A              
     e( 25 - 25) =      3.71965  eV     1   --> A              
     e( 26 - 26) =      3.90707  eV     1   --> A              
     e( 27 - 27) =      3.99635  eV     1   --> A              
     e( 28 - 28) =      4.29703  eV     1   --> A              
     e( 29 - 29) =      4.40935  eV     1   --> A              
     e( 30 - 30) =      4.71576  eV     1   --> A              
     e( 31 - 31) =      4.81552  eV     1   --> A              
     e( 32 - 32) =      5.19829  eV     1   --> A              
     e( 33 - 33) =      5.31428  eV     1   --> A              
     e( 34 - 34) =      5.63350  eV     1   --> A              
     e( 35 - 35) =      5.81868  eV     1   --> A              
     e( 36 - 36) =      5.88302  eV     1   --> A              
     e( 37 - 37) =      6.26344  eV     1   --> A              
     e( 38 - 38) =      6.41114  eV     1   --> A              
     e( 39 - 39) =      6.64723  eV     1   --> A              
     e( 40 - 40) =      7.11196  eV     1   --> A              
     e( 41 - 41) =      7.23709  eV     1   --> A              
     e( 42 - 42) =      7.53483  eV     1   --> A              
     e( 43 - 43) =      7.70219  eV     1   --> A              
     e( 44 - 44) =      7.88259  eV     1   --> A              
     e( 45 - 45) =      7.95460  eV     1   --> A              
     e( 46 - 46) =      8.04871  eV     1   --> A              
     e( 47 - 47) =      8.24609  eV     1   --> A              
     e( 48 - 48) =      8.36875  eV     1   --> A              
     e( 49 - 49) =      8.74197  eV     1   --> A              
     e( 50 - 50) =      8.88637  eV     1   --> A              
     e( 51 - 51) =      9.09499  eV     1   --> A              
     e( 52 - 52) =      9.32758  eV     1   --> A              
     e( 53 - 53) =      9.62190  eV     1   --> A              
     e( 54 - 54) =      9.73627  eV     1   --> A              
     e( 55 - 55) =      9.91444  eV     1   --> A              
     e( 56 - 56) =     10.20107  eV     1   --> A              
     e( 57 - 57) =     10.85720  eV     1   --> A              
     e( 58 - 58) =     10.96511  eV     1   --> A              
     e( 59 - 59) =     13.71346  eV     1   --> A              
     e( 60 - 60) =     14.09485  eV     1   --> A              
     e( 61 - 61) =     14.37727  eV     1   --> A              
     e( 62 - 62) =     14.76487  eV     1   --> A              
     e( 63 - 63) =     15.03495  eV     1   --> A              
     e( 64 - 64) =     15.22446  eV     1   --> A              
     e( 65 - 65) =     18.02820  eV     1   --> A              
     e( 66 - 66) =     18.28994  eV     1   --> A              
     e( 67 - 67) =     18.51572  eV     1   --> A              
     e( 68 - 68) =     19.11719  eV     1   --> A              
     e( 69 - 69) =     20.22335  eV     1   --> A              
     e( 70 - 70) =     20.43914  eV     1   --> A              
     e( 71 - 71) =     21.43281  eV     1   --> A              
     e( 72 - 72) =     21.76499  eV     1   --> A              
     e( 73 - 73) =     22.69746  eV     1   --> A              
     e( 74 - 74) =     22.97094  eV     1   --> A              
     e( 75 - 75) =     23.35145  eV     1   --> A              
     e( 76 - 76) =     23.62127  eV     1   --> A              
     e( 77 - 77) =     24.47287  eV     1   --> A              
     e( 78 - 78) =     24.62433  eV     1   --> A              
     e( 79 - 79) =     24.77444  eV     1   --> A              
     e( 80 - 80) =     25.61976  eV     1   --> A              

 **************************************************************************

 **************************************************************************

                    xk=(   0.32500,   0.40705,   0.00346  )

     Band symmetry, C_1 (1)     point group:

     e(  1 -  1) =    -76.62522  eV     1   --> A              
     e(  2 -  2) =    -68.26427  eV     1   --> A              
     e(  3 -  3) =    -63.81299  eV     1   --> A              
     e(  4 -  4) =    -63.79107  eV     1   --> A              
     e(  5 -  5) =    -44.02564  eV     1   --> A              
     e(  6 -  6) =    -42.43403  eV     1   --> A              
     e(  7 -  7) =    -42.30025  eV     1   --> A              
     e(  8 -  8) =    -37.33038  eV     1   --> A              
     e(  9 -  9) =    -37.31767  eV     1   --> A              
     e( 10 - 10) =    -37.30140  eV     1   --> A              
     e( 11 - 11) =    -28.28852  eV     1   --> A              
     e( 12 - 12) =    -28.22990  eV     1   --> A              
     e( 13 - 13) =    -28.20807  eV     1   --> A              
     e( 14 - 14) =    -28.13157  eV     1   --> A              
     e( 15 - 15) =    -28.12729  eV     1   --> A              
     e( 16 - 16) =    -28.06466  eV     1   --> A              
     e( 17 - 17) =     -7.81409  eV     1   --> A              
     e( 18 - 18) =     -7.25511  eV     1   --> A              
     e( 19 - 19) =     -6.95214  eV     1   --> A              
     e( 20 - 20) =     -6.73574  eV     1   --> A              
     e( 21 - 21) =     -6.59489  eV     1   --> A              
     e( 22 - 22) =     -6.24511  eV     1   --> A              
     e( 23 - 23) =     -6.11197  eV     1   --> A              
     e( 24 - 24) =     -6.09775  eV     1   --> A              
     e( 25 - 25) =      3.69794  eV     1   --> A              
     e( 26 - 26) =      3.86464  eV     1   --> A              
     e( 27 - 27) =      3.97995  eV     1   --> A              
     e( 28 - 28) =      4.29203  eV     1   --> A              
     e( 29 - 29) =      4.39706  eV     1   --> A              
     e( 30 - 30) =      4.73868  eV     1   --> A              
     e( 31 - 31) =      4.84237  eV     1   --> A              
     e( 32 - 32) =      5.22865  eV     1   --> A              
     e( 33 - 33) =      5.36077  eV     1   --> A              
     e( 34 - 34) =      5.64851  eV     1   --> A              
     e( 35 - 35) =      5.83860  eV     1   --> A              
     e( 36 - 36) =      5.91756  eV     1   --> A              
     e( 37 - 37) =      6.26707  eV     1   --> A              
     e( 38 - 38) =      6.40245  eV     1   --> A              
     e( 39 - 39) =      6.63381  eV     1   --> A              
     e( 40 - 40) =      7.08064  eV     1   --> A              
     e( 41 - 41) =      7.25434  eV     1   --> A              
     e( 42 - 42) =      7.48656  eV     1   --> A              
     e( 43 - 43) =      7.64635  eV     1   --> A              
     e( 44 - 44) =      7.84859  eV     1   --> A              
     e( 45 - 45) =      7.98101  eV     1   --> A              
     e( 46 - 46) =      8.05746  eV     1   --> A              
     e( 47 - 47) =      8.30327  eV     1   --> A              
     e( 48 - 48) =      8.43520  eV     1   --> A              
     e( 49 - 49) =      8.72468  eV     1   --> A              
     e( 50 - 50) =      8.87517  eV     1   --> A              
     e( 51 - 51) =      9.06359  eV     1   --> A              
     e( 52 - 52) =      9.32493  eV     1   --> A              
     e( 53 - 53) =      9.65871  eV     1   --> A              
     e( 54 - 54) =      9.73632  eV     1   --> A              
     e( 55 - 55) =      9.88973  eV     1   --> A              
     e( 56 - 56) =     10.21497  eV     1   --> A              
     e( 57 - 57) =     10.81326  eV     1   --> A              
     e( 58 - 58) =     10.94562  eV     1   --> A              
     e( 59 - 59) =     13.74150  eV     1   --> A              
     e( 60 - 60) =     14.09757  eV     1   --> A              
     e( 61 - 61) =     14.34951  eV     1   --> A              
     e( 62 - 62) =     14.75380  eV     1   --> A              
     e( 63 - 63) =     15.07281  eV     1   --> A              
     e( 64 - 64) =     15.19535  eV     1   --> A              
     e( 65 - 65) =     17.97423  eV     1   --> A              
     e( 66 - 66) =     18.32050  eV     1   --> A              
     e( 67 - 67) =     18.56475  eV     1   --> A              
     e( 68 - 68) =     19.21578  eV     1   --> A              
     e( 69 - 69) =     20.26857  eV     1   --> A              
     e( 70 - 70) =     20.46994  eV     1   --> A              
     e( 71 - 71) =     21.36239  eV     1   --> A              
     e( 72 - 72) =     21.66128  eV     1   --> A              
     e( 73 - 73) =     22.65509  eV     1   --> A              
     e( 74 - 74) =     22.95828  eV     1   --> A              
     e( 75 - 75) =     23.30120  eV     1   --> A              
     e( 76 - 76) =     23.69720  eV     1   --> A              
     e( 77 - 77) =     24.38967  eV     1   --> A              
     e( 78 - 78) =     24.65789  eV     1   --> A              
     e( 79 - 79) =     24.78116  eV     1   --> A              
     e( 80 - 80) =     25.67397  eV     1   --> A              

 **************************************************************************

 **************************************************************************

                    xk=(   0.35000,   0.40705,   0.00373  )

     Band symmetry, C_1 (1)     point group:

     e(  1 -  1) =    -76.62522  eV     1   --> A              
     e(  2 -  2) =    -68.26427  eV     1   --> A              
     e(  3 -  3) =    -63.81303  eV     1   --> A              
     e(  4 -  4) =    -63.79108  eV     1   --> A              
     e(  5 -  5) =    -44.02564  eV     1   --> A              
     e(  6 -  6) =    -42.43403  eV     1   --> A              
     e(  7 -  7) =    -42.30025  eV     1   --> A              
     e(  8 -  8) =    -37.33039  eV     1   --> A              
     e(  9 -  9) =    -37.31767  eV     1   --> A              
     e( 10 - 10) =    -37.30140  eV     1   --> A              
     e( 11 - 11) =    -28.28853  eV     1   --> A              
     e( 12 - 12) =    -28.22984  eV     1   --> A              
     e( 13 - 13) =    -28.20824  eV     1   --> A              
     e( 14 - 14) =    -28.13171  eV     1   --> A              
     e( 15 - 15) =    -28.12726  eV     1   --> A              
     e( 16 - 16) =    -28.06470  eV     1   --> A              
     e( 17 - 17) =     -7.79885  eV     1   --> A              
     e( 18 - 18) =     -7.24385  eV     1   --> A              
     e( 19 - 19) =     -6.97347  eV     1   --> A              
     e( 20 - 20) =     -6.74637  eV     1   --> A              
     e( 21 - 21) =     -6.58666  eV     1   --> A              
     e( 22 - 22) =     -6.23539  eV     1   --> A              
     e( 23 - 23) =     -6.12907  eV     1   --> A              
     e( 24 - 24) =     -6.09387  eV     1   --> A              
     e( 25 - 25) =      3.67806  eV     1   --> A              
     e( 26 - 26) =      3.82514  eV     1   --> A              
     e( 27 - 27) =      3.96909  eV     1   --> A              
     e( 28 - 28) =      4.27178  eV     1   --> A              
     e( 29 - 29) =      4.40044  eV     1   --> A              
     e( 30 - 30) =      4.75880  eV     1   --> A              
     e( 31 - 31) =      4.87013  eV     1   --> A              
     e( 32 - 32) =      5.25063  eV     1   --> A              
     e( 33 - 33) =      5.40889  eV     1   --> A              
     e( 34 - 34) =      5.65971  eV     1   --> A              
     e( 35 - 35) =      5.84520  eV     1   --> A              
     e( 36 - 36) =      5.97659  eV     1   --> A              
     e( 37 - 37) =      6.27296  eV     1   --> A              
     e( 38 - 38) =      6.37796  eV     1   --> A              
     e( 39 - 39) =      6.64013  eV     1   --> A              
     e( 40 - 40) =      7.04695  eV     1   --> A              
     e( 41 - 41) =      7.25526  eV     1   --> A              
     e( 42 - 42) =      7.41993  eV     1   --> A              
     e( 43 - 43) =      7.61793  eV     1   --> A              
     e( 44 - 44) =      7.78372  eV     1   --> A              
     e( 45 - 45) =      8.01493  eV     1   --> A              
     e( 46 - 46) =      8.06513  eV     1   --> A              
     e( 47 - 47) =      8.37642  eV     1   --> A              
     e( 48 - 48) =      8.50902  eV     1   --> A              
     e( 49 - 49) =      8.70888  eV     1   --> A              
     e( 50 - 50) =      8.86834  eV     1   --> A              
     e( 51 - 51) =      9.02898  eV     1   --> A              
     e( 52 - 52) =      9.32154  eV     1   --> A              
     e( 53 - 53) =      9.69055  eV     1   --> A              
     e( 54 - 54) =      9.73588  eV     1   --> A              
     e( 55 - 55) =      9.86882  eV     1   --> A              
     e( 56 - 56) =     10.22798  eV     1   --> A              
     e( 57 - 57) =     10.77060  eV     1   --> A              
     e( 58 - 58) =     10.92090  eV     1   --> A              
     e( 59 - 59) =     13.77001  eV     1   --> A              
     e( 60 - 60) =     14.10094  eV     1   --> A              
     e( 61 - 61) =     14.32151  eV     1   --> A              
     e( 62 - 62) =     14.74947  eV     1   --> A              
     e( 63 - 63) =     15.10671  eV     1   --> A              
     e( 64 - 64) =     15.16353  eV     1   --> A              
     e( 65 - 65) =     17.92571  eV     1   --> A              
     e( 66 - 66) =     18.34901  eV     1   --> A              
     e( 67 - 67) =     18.61131  eV     1   --> A              
     e( 68 - 68) =     19.30827  eV     1   --> A              
     e( 69 - 69) =     20.30961  eV     1   --> A              
     e( 70 - 70) =     20.50885  eV     1   --> A              
     e( 71 - 71) =     21.29791  eV     1   --> A              
     e( 72 - 72) =     21.55771  eV     1   --> A              
     e( 73 - 73) =     22.61353  eV     1   --> A              
     e( 74 - 74) =     22.94725  eV     1   --> A              
     e( 75 - 75) =     23.24922  eV     1   --> A              
     e( 76 - 76) =     23.78340  eV     1   --> A              
     e( 77 - 77) =     24.31368  eV     1   --> A              
     e( 78 - 78) =     24.68974  eV     1   --> A              
     e( 79 - 79) =     24.78007  eV     1   --> A              
     e( 80 - 80) =     25.68164  eV     1   --> A              

 **************************************************************************

 **************************************************************************

                    xk=(   0.37500,   0.40705,   0.00399  )

     Band symmetry, C_1 (1)     point group:

     e(  1 -  1) =    -76.62522  eV     1   --> A              
     e(  2 -  2) =    -68.26427  eV     1   --> A              
     e(  3 -  3) =    -63.81305  eV     1   --> A              
     e(  4 -  4) =    -63.79109  eV     1   --> A              
     e(  5 -  5) =    -44.02564  eV     1   --> A              
     e(  6 -  6) =    -42.43404  eV     1   --> A              
     e(  7 -  7) =    -42.30025  eV     1   --> A              
     e(  8 -  8) =    -37.33039  eV     1   --> A              
     e(  9 -  9) =    -37.31767  eV     1   --> A              
     e( 10 - 10) =    -37.30141  eV     1   --> A              
     e( 11 - 11) =    -28.28854  eV     1   --> A              
     e( 12 - 12) =    -28.22979  eV     1   --> A              
     e( 13 - 13) =    -28.20838  eV     1   --> A              
     e( 14 - 14) =    -28.13184  eV     1   --> A              
     e( 15 - 15) =    -28.12724  eV     1   --> A              
     e( 16 - 16) =    -28.06474  eV     1   --> A              
     e( 17 - 17) =     -7.78497  eV     1   --> A              
     e( 18 - 18) =     -7.23230  eV     1   --> A              
     e( 19 - 19) =     -6.99378  eV     1   --> A              
     e( 20 - 20) =     -6.75563  eV     1   --> A              
     e( 21 - 21) =     -6.57922  eV     1   --> A              
     e( 22 - 22) =     -6.22692  eV     1   --> A              
     e( 23 - 23) =     -6.14529  eV     1   --> A              
     e( 24 - 24) =     -6.09001  eV     1   --> A              
     e( 25 - 25) =      3.66021  eV     1   --> A              
     e( 26 - 26) =      3.79078  eV     1   --> A              
     e( 27 - 27) =      3.96203  eV     1   --> A              
     e( 28 - 28) =      4.24531  eV     1   --> A              
     e( 29 - 29) =      4.41108  eV     1   --> A              
     e( 30 - 30) =      4.77682  eV     1   --> A              
     e( 31 - 31) =      4.89672  eV     1   --> A              
     e( 32 - 32) =      5.26354  eV     1   --> A              
     e( 33 - 33) =      5.45676  eV     1   --> A              
     e( 34 - 34) =      5.66957  eV     1   --> A              
     e( 35 - 35) =      5.84929  eV     1   --> A              
     e( 36 - 36) =      6.04564  eV     1   --> A              
     e( 37 - 37) =      6.26970  eV     1   --> A              
     e( 38 - 38) =      6.35946  eV     1   --> A              
     e( 39 - 39) =      6.65823  eV     1   --> A              
     e( 40 - 40) =      7.01131  eV     1   --> A              
     e( 41 - 41) =      7.23712  eV     1   --> A              
     e( 42 - 42) =      7.33788  eV     1   --> A              
     e( 43 - 43) =      7.61815  eV     1   --> A              
     e( 44 - 44) =      7.72039  eV     1   --> A              
     e( 45 - 45) =      8.04376  eV     1   --> A              
     e( 46 - 46) =      8.06365  eV     1   --> A              
     e( 47 - 47) =      8.45727  eV     1   --> A              
     e( 48 - 48) =      8.57874  eV     1   --> A              
     e( 49 - 49) =      8.69966  eV     1   --> A              
     e( 50 - 50) =      8.86638  eV     1   --> A              
     e( 51 - 51) =      8.99354  eV     1   --> A              
     e( 52 - 52) =      9.31597  eV     1   --> A              
     e( 53 - 53) =      9.69960  eV     1   --> A              
     e( 54 - 54) =      9.74694  eV     1   --> A              
     e( 55 - 55) =      9.85656  eV     1   --> A              
     e( 56 - 56) =     10.23965  eV     1   --> A              
     e( 57 - 57) =     10.73077  eV     1   --> A              
     e( 58 - 58) =     10.89233  eV     1   --> A              
     e( 59 - 59) =     13.79813  eV     1   --> A              
     e( 60 - 60) =     14.10467  eV     1   --> A              
     e( 61 - 61) =     14.29400  eV     1   --> A              
     e( 62 - 62) =     14.75178  eV     1   --> A              
     e( 63 - 63) =     15.12756  eV     1   --> A              
     e( 64 - 64) =     15.13842  eV     1   --> A              
     e( 65 - 65) =     17.88345  eV     1   --> A              
     e( 66 - 66) =     18.37456  eV     1   --> A              
     e( 67 - 67) =     18.65387  eV     1   --> A              
     e( 68 - 68) =     19.39163  eV     1   --> A              
     e( 69 - 69) =     20.34652  eV     1   --> A              
     e( 70 - 70) =     20.55691  eV     1   --> A              
     e( 71 - 71) =     21.24002  eV     1   --> A              
     e( 72 - 72) =     21.45410  eV     1   --> A              
     e( 73 - 73) =     22.57483  eV     1   --> A              
     e( 74 - 74) =     22.93886  eV     1   --> A              
     e( 75 - 75) =     23.19702  eV     1   --> A              
     e( 76 - 76) =     23.87807  eV     1   --> A              
     e( 77 - 77) =     24.24921  eV     1   --> A              
     e( 78 - 78) =     24.71855  eV     1   --> A              
     e( 79 - 79) =     24.77227  eV     1   --> A              
     e( 80 - 80) =     25.61433  eV     1   --> A              

 **************************************************************************

 **************************************************************************

                    xk=(   0.40000,   0.40705,   0.00426  )

     Band symmetry, C_1 (1)     point group:

     e(  1 -  1) =    -76.62521  eV     1   --> A              
     e(  2 -  2) =    -68.26427  eV     1   --> A              
     e(  3 -  3) =    -63.81308  eV     1   --> A              
     e(  4 -  4) =    -63.79110  eV     1   --> A              
     e(  5 -  5) =    -44.02564  eV     1   --> A              
     e(  6 -  6) =    -42.43404  eV     1   --> A              
     e(  7 -  7) =    -42.30025  eV     1   --> A              
     e(  8 -  8) =    -37.33039  eV     1   --> A              
     e(  9 -  9) =    -37.31767  eV     1   --> A              
     e( 10 - 10) =    -37.30141  eV     1   --> A              
     e( 11 - 11) =    -28.28855  eV     1   --> A              
     e( 12 - 12) =    -28.22974  eV     1   --> A              
     e( 13 - 13) =    -28.20851  eV     1   --> A              
     e( 14 - 14) =    -28.13195  eV     1   --> A              
     e( 15 - 15) =    -28.12722  eV     1   --> A              
     e( 16 - 16) =    -28.06477  eV     1   --> A              
     e( 17 - 17) =     -7.77289  eV     1   --> A              
     e( 18 - 18) =     -7.22083  eV     1   --> A              
     e( 19 - 19) =     -7.01260  eV     1   --> A              
     e( 20 - 20) =     -6.76341  eV     1   --> A              
     e( 21 - 21) =     -6.57278  eV     1   --> A              
     e( 22 - 22) =     -6.21974  eV     1   --> A              
     e( 23 - 23) =     -6.15957  eV     1   --> A              
     e( 24 - 24) =     -6.08683  eV     1   --> A              
     e( 25 - 25) =      3.64465  eV     1   --> A              
     e( 26 - 26) =      3.76252  eV     1   --> A              
     e( 27 - 27) =      3.95781  eV     1   --> A              
     e( 28 - 28) =      4.21917  eV     1   --> A              
     e( 29 - 29) =      4.42291  eV     1   --> A              
     e( 30 - 30) =      4.79288  eV     1   --> A              
     e( 31 - 31) =      4.92086  eV     1   --> A              
     e( 32 - 32) =      5.26762  eV     1   --> A              
     e( 33 - 33) =      5.50262  eV     1   --> A              
     e( 34 - 34) =      5.68101  eV     1   --> A              
     e( 35 - 35) =      5.85098  eV     1   --> A              
     e( 36 - 36) =      6.11511  eV     1   --> A              
     e( 37 - 37) =      6.24957  eV     1   --> A              
     e( 38 - 38) =      6.36577  eV     1   --> A              
     e( 39 - 39) =      6.68280  eV     1   --> A              
     e( 40 - 40) =      6.97336  eV     1   --> A              
     e( 41 - 41) =      7.19940  eV     1   --> A              
     e( 42 - 42) =      7.25402  eV     1   --> A              
     e( 43 - 43) =      7.63568  eV     1   --> A              
     e( 44 - 44) =      7.66798  eV     1   --> A              
     e( 45 - 45) =      8.05193  eV     1   --> A              
     e( 46 - 46) =      8.07070  eV     1   --> A              
     e( 47 - 47) =      8.53298  eV     1   --> A              
     e( 48 - 48) =      8.63097  eV     1   --> A              
     e( 49 - 49) =      8.70734  eV     1   --> A              
     e( 50 - 50) =      8.87005  eV     1   --> A              
     e( 51 - 51) =      8.96093  eV     1   --> A              
     e( 52 - 52) =      9.30733  eV     1   --> A              
     e( 53 - 53) =      9.67986  eV     1   --> A              
     e( 54 - 54) =      9.77308  eV     1   --> A              
     e( 55 - 55) =      9.85461  eV     1   --> A              
     e( 56 - 56) =     10.24965  eV     1   --> A              
     e( 57 - 57) =     10.69511  eV     1   --> A              
     e( 58 - 58) =     10.86227  eV     1   --> A              
     e( 59 - 59) =     13.82483  eV     1   --> A              
     e( 60 - 60) =     14.10838  eV     1   --> A              
     e( 61 - 61) =     14.26792  eV     1   --> A              
     e( 62 - 62) =     14.76010  eV     1   --> A              
     e( 63 - 63) =     15.09443  eV     1   --> A              
     e( 64 - 64) =     15.16171  eV     1   --> A              
     e( 65 - 65) =     17.84808  eV     1   --> A              
     e( 66 - 66) =     18.39644  eV     1   --> A              
     e( 67 - 67) =     18.69101  eV     1   --> A              
     e( 68 - 68) =     19.46305  eV     1   --> A              
     e( 69 - 69) =     20.37918  eV     1   --> A              
     e( 70 - 70) =     20.61480  eV     1   --> A              
     e( 71 - 71) =     21.18947  eV     1   --> A              
     e( 72 - 72) =     21.35055  eV     1   --> A              
     e( 73 - 73) =     22.54071  eV     1   --> A              
     e( 74 - 74) =     22.93418  eV     1   --> A              
     e( 75 - 75) =     23.14643  eV     1   --> A              
     e( 76 - 76) =     23.97821  eV     1   --> A              
     e( 77 - 77) =     24.19804  eV     1   --> A              
     e( 78 - 78) =     24.74244  eV     1   --> A              
     e( 79 - 79) =     24.76036  eV     1   --> A              
     e( 80 - 80) =     25.49699  eV     1   --> A              

 **************************************************************************

 **************************************************************************

                    xk=(   0.42500,   0.40705,   0.00453  )

     Band symmetry, C_1 (1)     point group:

     e(  1 -  1) =    -76.62521  eV     1   --> A              
     e(  2 -  2) =    -68.26427  eV     1   --> A              
     e(  3 -  3) =    -63.81310  eV     1   --> A              
     e(  4 -  4) =    -63.79111  eV     1   --> A              
     e(  5 -  5) =    -44.02564  eV     1   --> A              
     e(  6 -  6) =    -42.43404  eV     1   --> A              
     e(  7 -  7) =    -42.30025  eV     1   --> A              
     e(  8 -  8) =    -37.33039  eV     1   --> A              
     e(  9 -  9) =    -37.31767  eV     1   --> A              
     e( 10 - 10) =    -37.30141  eV     1   --> A              
     e( 11 - 11) =    -28.28855  eV     1   --> A              
     e( 12 - 12) =    -28.22971  eV     1   --> A              
     e( 13 - 13) =    -28.20861  eV     1   --> A              
     e( 14 - 14) =    -28.13204  eV     1   --> A              
     e( 15 - 15) =    -28.12720  eV     1   --> A              
     e( 16 - 16) =    -28.06480  eV     1   --> A              
     e( 17 - 17) =     -7.76300  eV     1   --> A              
     e( 18 - 18) =     -7.21001  eV     1   --> A              
     e( 19 - 19) =     -7.02925  eV     1   --> A              
     e( 20 - 20) =     -6.76959  eV     1   --> A              
     e( 21 - 21) =     -6.56755  eV     1   --> A              
     e( 22 - 22) =     -6.21381  eV     1   --> A              
     e( 23 - 23) =     -6.17147  eV     1   --> A              
     e( 24 - 24) =     -6.08437  eV     1   --> A              
     e( 25 - 25) =      3.63180  eV     1   --> A              
     e( 26 - 26) =      3.74069  eV     1   --> A              
     e( 27 - 27) =      3.95571  eV     1   --> A              
     e( 28 - 28) =      4.19648  eV     1   --> A              
     e( 29 - 29) =      4.43334  eV     1   --> A              
     e( 30 - 30) =      4.80658  eV     1   --> A              
     e( 31 - 31) =      4.94166  eV     1   --> A              
     e( 32 - 32) =      5.26464  eV     1   --> A              
     e( 33 - 33) =      5.54434  eV     1   --> A              
     e( 34 - 34) =      5.69613  eV     1   --> A              
     e( 35 - 35) =      5.84726  eV     1   --> A              
     e( 36 - 36) =      6.15752  eV     1   --> A              
     e( 37 - 37) =      6.24855  eV     1   --> A              
     e( 38 - 38) =      6.38716  eV     1   --> A              
     e( 39 - 39) =      6.71199  eV     1   --> A              
     e( 40 - 40) =      6.93312  eV     1   --> A              
     e( 41 - 41) =      7.13290  eV     1   --> A              
     e( 42 - 42) =      7.19259  eV     1   --> A              
     e( 43 - 43) =      7.62452  eV     1   --> A              
     e( 44 - 44) =      7.66514  eV     1   --> A              
     e( 45 - 45) =      8.04185  eV     1   --> A              
     e( 46 - 46) =      8.08649  eV     1   --> A              
     e( 47 - 47) =      8.59037  eV     1   --> A              
     e( 48 - 48) =      8.66141  eV     1   --> A              
     e( 49 - 49) =      8.73440  eV     1   --> A              
     e( 50 - 50) =      8.87627  eV     1   --> A              
     e( 51 - 51) =      8.94072  eV     1   --> A              
     e( 52 - 52) =      9.29527  eV     1   --> A              
     e( 53 - 53) =      9.65033  eV     1   --> A              
     e( 54 - 54) =      9.79827  eV     1   --> A              
     e( 55 - 55) =      9.86002  eV     1   --> A              
     e( 56 - 56) =     10.25776  eV     1   --> A              
     e( 57 - 57) =     10.66493  eV     1   --> A              
     e( 58 - 58) =     10.83378  eV     1   --> A              
     e( 59 - 59) =     13.84873  eV     1   --> A              
     e( 60 - 60) =     14.11172  eV     1   --> A              
     e( 61 - 61) =     14.24454  eV     1   --> A              
     e( 62 - 62) =     14.77305  eV     1   --> A              
     e( 63 - 63) =     15.06088  eV     1   --> A              
     e( 64 - 64) =     15.18124  eV     1   --> A              
     e( 65 - 65) =     17.82006  eV     1   --> A              
     e( 66 - 66) =     18.41408  eV     1   --> A              
     e( 67 - 67) =     18.72141  eV     1   --> A              
     e( 68 - 68) =     19.52026  eV     1   --> A              
     e( 69 - 69) =     20.40692  eV     1   --> A              
     e( 70 - 70) =     20.68270  eV     1   --> A              
     e( 71 - 71) =     21.14697  eV     1   --> A              
     e( 72 - 72) =     21.24782  eV     1   --> A              
     e( 73 - 73) =     22.51263  eV     1   --> A              
     e( 74 - 74) =     22.93412  eV     1   --> A              
     e( 75 - 75) =     23.09952  eV     1   --> A              
     e( 76 - 76) =     24.07724  eV     1   --> A              
     e( 77 - 77) =     24.16213  eV     1   --> A              
     e( 78 - 78) =     24.74091  eV     1   --> A              
     e( 79 - 79) =     24.76585  eV     1   --> A              
     e( 80 - 80) =     25.36923  eV     1   --> A              

 **************************************************************************

 **************************************************************************

                    xk=(   0.45000,   0.40705,   0.00479  )

     Band symmetry, C_1 (1)     point group:

     e(  1 -  1) =    -76.62521  eV     1   --> A              
     e(  2 -  2) =    -68.26427  eV     1   --> A              
     e(  3 -  3) =    -63.81311  eV     1   --> A              
     e(  4 -  4) =    -63.79112  eV     1   --> A              
     e(  5 -  5) =    -44.02564  eV     1   --> A              
     e(  6 -  6) =    -42.43404  eV     1   --> A              
     e(  7 -  7) =    -42.30025  eV     1   --> A              
     e(  8 -  8) =    -37.33040  eV     1   --> A              
     e(  9 -  9) =    -37.31767  eV     1   --> A              
     e( 10 - 10) =    -37.30142  eV     1   --> A              
     e( 11 - 11) =    -28.28856  eV     1   --> A              
     e( 12 - 12) =    -28.22968  eV     1   --> A              
     e( 13 - 13) =    -28.20868  eV     1   --> A              
     e( 14 - 14) =    -28.13210  eV     1   --> A              
     e( 15 - 15) =    -28.12719  eV     1   --> A              
     e( 16 - 16) =    -28.06482  eV     1   --> A              
     e( 17 - 17) =     -7.75567  eV     1   --> A              
     e( 18 - 18) =     -7.20073  eV     1   --> A              
     e( 19 - 19) =     -7.04275  eV     1   --> A              
     e( 20 - 20) =     -6.77408  eV     1   --> A              
     e( 21 - 21) =     -6.56368  eV     1   --> A              
     e( 22 - 22) =     -6.20910  eV     1   --> A              
     e( 23 - 23) =     -6.18070  eV     1   --> A              
     e( 24 - 24) =     -6.08264  eV     1   --> A              
     e( 25 - 25) =      3.62212  eV     1   --> A              
     e( 26 - 26) =      3.72529  eV     1   --> A              
     e( 27 - 27) =      3.95501  eV     1   --> A              
     e( 28 - 28) =      4.17900  eV     1   --> A              
     e( 29 - 29) =      4.44126  eV     1   --> A              
     e( 30 - 30) =      4.81722  eV     1   --> A              
     e( 31 - 31) =      4.95813  eV     1   --> A              
     e( 32 - 32) =      5.25790  eV     1   --> A              
     e( 33 - 33) =      5.57878  eV     1   --> A              
     e( 34 - 34) =      5.71533  eV     1   --> A              
     e( 35 - 35) =      5.83619  eV     1   --> A              
     e( 36 - 36) =      6.14845  eV     1   --> A              
     e( 37 - 37) =      6.29611  eV     1   --> A              
     e( 38 - 38) =      6.41271  eV     1   --> A              
     e( 39 - 39) =      6.74454  eV     1   --> A              
     e( 40 - 40) =      6.89173  eV     1   --> A              
     e( 41 - 41) =      7.05544  eV     1   --> A              
     e( 42 - 42) =      7.15226  eV     1   --> A              
     e( 43 - 43) =      7.59788  eV     1   --> A              
     e( 44 - 44) =      7.69082  eV     1   --> A              
     e( 45 - 45) =      8.03095  eV     1   --> A              
     e( 46 - 46) =      8.09634  eV     1   --> A              
     e( 47 - 47) =      8.62229  eV     1   --> A              
     e( 48 - 48) =      8.68789  eV     1   --> A              
     e( 49 - 49) =      8.75844  eV     1   --> A              
     e( 50 - 50) =      8.87081  eV     1   --> A              
     e( 51 - 51) =      8.95047  eV     1   --> A              
     e( 52 - 52) =      9.28055  eV     1   --> A              
     e( 53 - 53) =      9.62128  eV     1   --> A              
     e( 54 - 54) =      9.81732  eV     1   --> A              
     e( 55 - 55) =      9.86866  eV     1   --> A              
     e( 56 - 56) =     10.26379  eV     1   --> A              
     e( 57 - 57) =     10.64161  eV     1   --> A              
     e( 58 - 58) =     10.81022  eV     1   --> A              
     e( 59 - 59) =     13.86812  eV     1   --> A              
     e( 60 - 60) =     14.11438  eV     1   --> A              
     e( 61 - 61) =     14.22552  eV     1   --> A              
     e( 62 - 62) =     14.78812  eV     1   --> A              
     e( 63 - 63) =     15.03099  eV     1   --> A              
     e( 64 - 64) =     15.19541  eV     1   --> A              
     e( 65 - 65) =     17.79978  eV     1   --> A              
     e( 66 - 66) =     18.42700  eV     1   --> A              
     e( 67 - 67) =     18.74398  eV     1   --> A              
     e( 68 - 68) =     19.56177  eV     1   --> A              
     e( 69 - 69) =     20.42848  eV     1   --> A              
     e( 70 - 70) =     20.76016  eV     1   --> A              
     e( 71 - 71) =     21.10950  eV     1   --> A              
     e( 72 - 72) =     21.15106  eV     1   --> A              
     e( 73 - 73) =     22.49175  eV     1   --> A              
     e( 74 - 74) =     22.93916  eV     1   --> A              
     e( 75 - 75) =     23.05864  eV     1   --> A              
     e( 76 - 76) =     24.12306  eV     1   --> A              
     e( 77 - 77) =     24.18455  eV     1   --> A              
     e( 78 - 78) =     24.72369  eV     1   --> A              
     e( 79 - 79) =     24.78003  eV     1   --> A              
     e( 80 - 80) =     25.25506  eV     1   --> A              

 **************************************************************************

 **************************************************************************

                    xk=(   0.47500,   0.40705,   0.00506  )

     Band symmetry, C_1 (1)     point group:

     e(  1 -  1) =    -76.62521  eV     1   --> A              
     e(  2 -  2) =    -68.26427  eV     1   --> A              
     e(  3 -  3) =    -63.81312  eV     1   --> A              
     e(  4 -  4) =    -63.79113  eV     1   --> A              
     e(  5 -  5) =    -44.02564  eV     1   --> A              
     e(  6 -  6) =    -42.43404  eV     1   --> A              
     e(  7 -  7) =    -42.30025  eV     1   --> A              
     e(  8 -  8) =    -37.33040  eV     1   --> A              
     e(  9 -  9) =    -37.31767  eV     1   --> A              
     e( 10 - 10) =    -37.30142  eV     1   --> A              
     e( 11 - 11) =    -28.28856  eV     1   --> A              
     e( 12 - 12) =    -28.22966  eV     1   --> A              
     e( 13 - 13) =    -28.20873  eV     1   --> A              
     e( 14 - 14) =    -28.13214  eV     1   --> A              
     e( 15 - 15) =    -28.12718  eV     1   --> A              
     e( 16 - 16) =    -28.06483  eV     1   --> A              
     e( 17 - 17) =     -7.75116  eV     1   --> A              
     e( 18 - 18) =     -7.19425  eV     1   --> A              
     e( 19 - 19) =     -7.05179  eV     1   --> A              
     e( 20 - 20) =     -6.77681  eV     1   --> A              
     e( 21 - 21) =     -6.56131  eV     1   --> A              
     e( 22 - 22) =     -6.20568  eV     1   --> A              
     e( 23 - 23) =     -6.18694  eV     1   --> A              
     e( 24 - 24) =     -6.08161  eV     1   --> A              
     e( 25 - 25) =      3.61608  eV     1   --> A              
     e( 26 - 26) =      3.71618  eV     1   --> A              
     e( 27 - 27) =      3.95499  eV     1   --> A              
     e( 28 - 28) =      4.16796  eV     1   --> A              
     e( 29 - 29) =      4.44615  eV     1   --> A              
     e( 30 - 30) =      4.82400  eV     1   --> A              
     e( 31 - 31) =      4.96895  eV     1   --> A              
     e( 32 - 32) =      5.25150  eV     1   --> A              
     e( 33 - 33) =      5.60180  eV     1   --> A              
     e( 34 - 34) =      5.73621  eV     1   --> A              
     e( 35 - 35) =      5.81979  eV     1   --> A              
     e( 36 - 36) =      6.13236  eV     1   --> A              
     e( 37 - 37) =      6.34110  eV     1   --> A              
     e( 38 - 38) =      6.43619  eV     1   --> A              
     e( 39 - 39) =      6.77786  eV     1   --> A              
     e( 40 - 40) =      6.85239  eV     1   --> A              
     e( 41 - 41) =      6.99537  eV     1   --> A              
     e( 42 - 42) =      7.12508  eV     1   --> A              
     e( 43 - 43) =      7.58255  eV     1   --> A              
     e( 44 - 44) =      7.71021  eV     1   --> A              
     e( 45 - 45) =      8.02248  eV     1   --> A              
     e( 46 - 46) =      8.10107  eV     1   --> A              
     e( 47 - 47) =      8.63873  eV     1   --> A              
     e( 48 - 48) =      8.70554  eV     1   --> A              
     e( 49 - 49) =      8.77141  eV     1   --> A              
     e( 50 - 50) =      8.86027  eV     1   --> A              
     e( 51 - 51) =      8.97540  eV     1   --> A              
     e( 52 - 52) =      9.26663  eV     1   --> A              
     e( 53 - 53) =      9.60018  eV     1   --> A              
     e( 54 - 54) =      9.82860  eV     1   --> A              
     e( 55 - 55) =      9.87642  eV     1   --> A              
     e( 56 - 56) =     10.26752  eV     1   --> A              
     e( 57 - 57) =     10.62667  eV     1   --> A              
     e( 58 - 58) =     10.79465  eV     1   --> A              
     e( 59 - 59) =     13.88099  eV     1   --> A              
     e( 60 - 60) =     14.11611  eV     1   --> A              
     e( 61 - 61) =     14.21285  eV     1   --> A              
     e( 62 - 62) =     14.80107  eV     1   --> A              
     e( 63 - 63) =     15.00913  eV     1   --> A              
     e( 64 - 64) =     15.20398  eV     1   --> A              
     e( 65 - 65) =     17.78750  eV     1   --> A              
     e( 66 - 66) =     18.43489  eV     1   --> A              
     e( 67 - 67) =     18.75788  eV     1   --> A              
     e( 68 - 68) =     19.58684  eV     1   --> A              
     e( 69 - 69) =     20.44230  eV     1   --> A              
     e( 70 - 70) =     20.84574  eV     1   --> A              
     e( 71 - 71) =     21.03572  eV     1   --> A              
     e( 72 - 72) =     21.10449  eV     1   --> A              
     e( 73 - 73) =     22.47888  eV     1   --> A              
     e( 74 - 74) =     22.94808  eV     1   --> A              
     e( 75 - 75) =     23.02723  eV     1   --> A              
     e( 76 - 76) =     24.11182  eV     1   --> A              
     e( 77 - 77) =     24.25318  eV     1   --> A              
     e( 78 - 78) =     24.70750  eV     1   --> A              
     e( 79 - 79) =     24.78879  eV     1   --> A              
     e( 80 - 80) =     25.17408  eV     1   --> A              

 **************************************************************************

 **************************************************************************

                    xk=(   0.50000,   0.40705,   0.00533  )

     point group C_2  (2)   
     there are  2 classes
     the character table:

       E     C2   
A      1.00  1.00
B      1.00 -1.00

     the symmetry operations in each class and the name of the first element:

     E        1
                                                                 
     C2       2
                                                                 

     Band symmetry, C_2  (2)    point group:

     e(  1 -  1) =    -76.62521  eV     1   --> B              
     e(  2 -  2) =    -68.26427  eV     1   --> B              
     e(  3 -  3) =    -63.81312  eV     1   --> A              
     e(  4 -  4) =    -63.79113  eV     1   --> A              
     e(  5 -  5) =    -44.02564  eV     1   --> B              
     e(  6 -  6) =    -42.43405  eV     1   --> A              
     e(  7 -  7) =    -42.30025  eV     1   --> A              
     e(  8 -  8) =    -37.33040  eV     1   --> A              
     e(  9 -  9) =    -37.31767  eV     1   --> B              
     e( 10 - 10) =    -37.30142  eV     1   --> A              
     e( 11 - 11) =    -28.28856  eV     1   --> B              
     e( 12 - 12) =    -28.22966  eV     1   --> A              
     e( 13 - 13) =    -28.20874  eV     1   --> B              
     e( 14 - 14) =    -28.13215  eV     1   --> B              
     e( 15 - 15) =    -28.12718  eV     1   --> A              
     e( 16 - 16) =    -28.06483  eV     1   --> B              
     e( 17 - 17) =     -7.74963  eV     1   --> A              
     e( 18 - 18) =     -7.19189  eV     1   --> B              
     e( 19 - 19) =     -7.05501  eV     1   --> A              
     e( 20 - 20) =     -6.77772  eV     1   --> B              
     e( 21 - 21) =     -6.56051  eV     1   --> A              
     e( 22 - 22) =     -6.20425  eV     1   --> A              
     e( 23 - 23) =     -6.18933  eV     1   --> B              
     e( 24 - 24) =     -6.08127  eV     1   --> B              
     e( 25 - 25) =      3.61402  eV     1   --> B              
     e( 26 - 26) =      3.71316  eV     1   --> A              
     e( 27 - 27) =      3.95505  eV     1   --> A              
     e( 28 - 28) =      4.16418  eV     1   --> B              
     e( 29 - 29) =      4.44780  eV     1   --> B              
     e( 30 - 30) =      4.82634  eV     1   --> A              
     e( 31 - 31) =      4.97277  eV     1   --> B              
     e( 32 - 32) =      5.24890  eV     1   --> A              
     e( 33 - 33) =      5.60989  eV     1   --> A              
     e( 34 - 34) =      5.74782  eV     1   --> B              
     e( 35 - 35) =      5.80958  eV     1   --> A              
     e( 36 - 36) =      6.12612  eV     1   --> B              
     e( 37 - 37) =      6.35776  eV     1   --> A              
     e( 38 - 38) =      6.44702  eV     1   --> A              
     e( 39 - 39) =      6.80139  eV     1   --> A              
     e( 40 - 40) =      6.82677  eV     1   --> B              
     e( 41 - 41) =      6.97194  eV     1   --> B              
     e( 42 - 42) =      7.11515  eV     1   --> B              
     e( 43 - 43) =      7.57762  eV     1   --> A              
     e( 44 - 44) =      7.71743  eV     1   --> B              
     e( 45 - 45) =      8.01923  eV     1   --> A              
     e( 46 - 46) =      8.10238  eV     1   --> B              
     e( 47 - 47) =      8.64474  eV     1   --> B              
     e( 48 - 48) =      8.71031  eV     1   --> A              
     e( 49 - 49) =      8.77545  eV     1   --> B              
     e( 50 - 50) =      8.85634  eV     1   --> A              
     e( 51 - 51) =      8.98733  eV     1   --> B              
     e( 52 - 52) =      9.26048  eV     1   --> A              
     e( 53 - 53) =      9.59246  eV     1   --> B              
     e( 54 - 54) =      9.83226  eV     1   --> A              
     e( 55 - 55) =      9.87954  eV     1   --> B              
     e( 56 - 56) =     10.26880  eV     1   --> B              
     e( 57 - 57) =     10.62150  eV     1   --> A              
     e( 58 - 58) =     10.78921  eV     1   --> B              
     e( 59 - 59) =     13.88553  eV     1   --> A              
     e( 60 - 60) =     14.11671  eV     1   --> A              
     e( 61 - 61) =     14.20837  eV     1   --> B              
     e( 62 - 62) =     14.80639  eV     1   --> A              
     e( 63 - 63) =     15.00085  eV     1   --> B              
     e( 64 - 64) =     15.20685  eV     1   --> A              
     e( 65 - 65) =     17.78339  eV     1   --> B              
     e( 66 - 66) =     18.43755  eV     1   --> A              
     e( 67 - 67) =     18.76257  eV     1   --> B              
     e( 68 - 68) =     19.59521  eV     1   --> A              
     e( 69 - 69) =     20.44708  eV     1   --> A              
     e( 70 - 70) =     20.92587  eV     1   --> A              
     e( 71 - 71) =     20.95255  eV     1   --> B              
     e( 72 - 72) =     21.09581  eV     1   --> B              
     e( 73 - 73) =     22.47454  eV     1   --> B              
     e( 74 - 74) =     22.95394  eV     1   --> A              
     e( 75 - 75) =     23.01371  eV     1   --> B              
     e( 76 - 76) =     24.10724  eV     1   --> A              
     e( 77 - 77) =     24.28139  eV     1   --> A              
     e( 78 - 78) =     24.70013  eV     1   --> B              
     e( 79 - 79) =     24.79168  eV     1   --> B              
     e( 80 - 80) =     25.14437  eV     1   --> B              

 **************************************************************************

 **************************************************************************

                    xk=(   0.47500,   0.38670,   0.00506  )

     point group C_1 (1)    
     there are  1 classes
     the character table:

       E    
A      1.00

     the symmetry operations in each class and the name of the first element:

     E        1
                                                                 

     Band symmetry, C_1 (1)     point group:

     e(  1 -  1) =    -76.62521  eV     1   --> A              
     e(  2 -  2) =    -68.26427  eV     1   --> A              
     e(  3 -  3) =    -63.81312  eV     1   --> A              
     e(  4 -  4) =    -63.79112  eV     1   --> A              
     e(  5 -  5) =    -44.02564  eV     1   --> A              
     e(  6 -  6) =    -42.43404  eV     1   --> A              
     e(  7 -  7) =    -42.30025  eV     1   --> A              
     e(  8 -  8) =    -37.33040  eV     1   --> A              
     e(  9 -  9) =    -37.31767  eV     1   --> A              
     e( 10 - 10) =    -37.30142  eV     1   --> A              
     e( 11 - 11) =    -28.28857  eV     1   --> A              
     e( 12 - 12) =    -28.22969  eV     1   --> A              
     e( 13 - 13) =    -28.20873  eV     1   --> A              
     e( 14 - 14) =    -28.13214  eV     1   --> A              
     e( 15 - 15) =    -28.12715  eV     1   --> A              
     e( 16 - 16) =    -28.06482  eV     1   --> A              
     e( 17 - 17) =     -7.75190  eV     1   --> A              
     e( 18 - 18) =     -7.19336  eV     1   --> A              
     e( 19 - 19) =     -7.05117  eV     1   --> A              
     e( 20 - 20) =     -6.77635  eV     1   --> A              
     e( 21 - 21) =     -6.56096  eV     1   --> A              
     e( 22 - 22) =     -6.20585  eV     1   --> A              
     e( 23 - 23) =     -6.18858  eV     1   --> A              
     e( 24 - 24) =     -6.08161  eV     1   --> A              
     e( 25 - 25) =      3.61757  eV     1   --> A              
     e( 26 - 26) =      3.71731  eV     1   --> A              
     e( 27 - 27) =      3.95552  eV     1   --> A              
     e( 28 - 28) =      4.16963  eV     1   --> A              
     e( 29 - 29) =      4.44661  eV     1   --> A              
     e( 30 - 30) =      4.82360  eV     1   --> A              
     e( 31 - 31) =      4.96788  eV     1   --> A              
     e( 32 - 32) =      5.24303  eV     1   --> A              
     e( 33 - 33) =      5.59882  eV     1   --> A              
     e( 34 - 34) =      5.73580  eV     1   --> A              
     e( 35 - 35) =      5.82504  eV     1   --> A              
     e( 36 - 36) =      6.13040  eV     1   --> A              
     e( 37 - 37) =      6.33482  eV     1   --> A              
     e( 38 - 38) =      6.44019  eV     1   --> A              
     e( 39 - 39) =      6.78518  eV     1   --> A              
     e( 40 - 40) =      6.85049  eV     1   --> A              
     e( 41 - 41) =      6.99884  eV     1   --> A              
     e( 42 - 42) =      7.12529  eV     1   --> A              
     e( 43 - 43) =      7.57824  eV     1   --> A              
     e( 44 - 44) =      7.71436  eV     1   --> A              
     e( 45 - 45) =      8.02238  eV     1   --> A              
     e( 46 - 46) =      8.09910  eV     1   --> A              
     e( 47 - 47) =      8.62588  eV     1   --> A              
     e( 48 - 48) =      8.69155  eV     1   --> A              
     e( 49 - 49) =      8.77677  eV     1   --> A              
     e( 50 - 50) =      8.86296  eV     1   --> A              
     e( 51 - 51) =      8.98519  eV     1   --> A              
     e( 52 - 52) =      9.27923  eV     1   --> A              
     e( 53 - 53) =      9.59760  eV     1   --> A              
     e( 54 - 54) =      9.82827  eV     1   --> A              
     e( 55 - 55) =      9.87799  eV     1   --> A              
     e( 56 - 56) =     10.26739  eV     1   --> A              
     e( 57 - 57) =     10.62929  eV     1   --> A              
     e( 58 - 58) =     10.79606  eV     1   --> A              
     e( 59 - 59) =     13.88094  eV     1   --> A              
     e( 60 - 60) =     14.11559  eV     1   --> A              
     e( 61 - 61) =     14.21247  eV     1   --> A              
     e( 62 - 62) =     14.79738  eV     1   --> A              
     e( 63 - 63) =     15.00831  eV     1   --> A              
     e( 64 - 64) =     15.20564  eV     1   --> A              
     e( 65 - 65) =     17.79155  eV     1   --> A              
     e( 66 - 66) =     18.43063  eV     1   --> A              
     e( 67 - 67) =     18.75848  eV     1   --> A              
     e( 68 - 68) =     19.58244  eV     1   --> A              
     e( 69 - 69) =     20.42608  eV     1   --> A              
     e( 70 - 70) =     20.85602  eV     1   --> A              
     e( 71 - 71) =     21.01910  eV     1   --> A              
     e( 72 - 72) =     21.12834  eV     1   --> A              
     e( 73 - 73) =     22.47406  eV     1   --> A              
     e( 74 - 74) =     22.94671  eV     1   --> A              
     e( 75 - 75) =     23.02775  eV     1   --> A              
     e( 76 - 76) =     24.09631  eV     1   --> A              
     e( 77 - 77) =     24.27337  eV     1   --> A              
     e( 78 - 78) =     24.66461  eV     1   --> A              
     e( 79 - 79) =     24.81234  eV     1   --> A              
     e( 80 - 80) =     25.17962  eV     1   --> A              

 **************************************************************************

 **************************************************************************

                    xk=(   0.45000,   0.36634,   0.00479  )

     Band symmetry, C_1 (1)     point group:

     e(  1 -  1) =    -76.62521  eV     1   --> A              
     e(  2 -  2) =    -68.26427  eV     1   --> A              
     e(  3 -  3) =    -63.81310  eV     1   --> A              
     e(  4 -  4) =    -63.79112  eV     1   --> A              
     e(  5 -  5) =    -44.02564  eV     1   --> A              
     e(  6 -  6) =    -42.43404  eV     1   --> A              
     e(  7 -  7) =    -42.30024  eV     1   --> A              
     e(  8 -  8) =    -37.33040  eV     1   --> A              
     e(  9 -  9) =    -37.31767  eV     1   --> A              
     e( 10 - 10) =    -37.30141  eV     1   --> A              
     e( 11 - 11) =    -28.28861  eV     1   --> A              
     e( 12 - 12) =    -28.22980  eV     1   --> A              
     e( 13 - 13) =    -28.20869  eV     1   --> A              
     e( 14 - 14) =    -28.13208  eV     1   --> A              
     e( 15 - 15) =    -28.12708  eV     1   --> A              
     e( 16 - 16) =    -28.06479  eV     1   --> A              
     e( 17 - 17) =     -7.75890  eV     1   --> A              
     e( 18 - 18) =     -7.19668  eV     1   --> A              
     e( 19 - 19) =     -7.04058  eV     1   --> A              
     e( 20 - 20) =     -6.77228  eV     1   --> A              
     e( 21 - 21) =     -6.56230  eV     1   --> A              
     e( 22 - 22) =     -6.20990  eV     1   --> A              
     e( 23 - 23) =     -6.18715  eV     1   --> A              
     e( 24 - 24) =     -6.08253  eV     1   --> A              
     e( 25 - 25) =      3.62631  eV     1   --> A              
     e( 26 - 26) =      3.73138  eV     1   --> A              
     e( 27 - 27) =      3.95714  eV     1   --> A              
     e( 28 - 28) =      4.18529  eV     1   --> A              
     e( 29 - 29) =      4.44303  eV     1   --> A              
     e( 30 - 30) =      4.81473  eV     1   --> A              
     e( 31 - 31) =      4.95330  eV     1   --> A              
     e( 32 - 32) =      5.22721  eV     1   --> A              
     e( 33 - 33) =      5.57060  eV     1   --> A              
     e( 34 - 34) =      5.71590  eV     1   --> A              
     e( 35 - 35) =      5.84684  eV     1   --> A              
     e( 36 - 36) =      6.14265  eV     1   --> A              
     e( 37 - 37) =      6.27815  eV     1   --> A              
     e( 38 - 38) =      6.42795  eV     1   --> A              
     e( 39 - 39) =      6.77096  eV     1   --> A              
     e( 40 - 40) =      6.88424  eV     1   --> A              
     e( 41 - 41) =      7.05565  eV     1   --> A              
     e( 42 - 42) =      7.16257  eV     1   --> A              
     e( 43 - 43) =      7.58120  eV     1   --> A              
     e( 44 - 44) =      7.70947  eV     1   --> A              
     e( 45 - 45) =      8.02662  eV     1   --> A              
     e( 46 - 46) =      8.09124  eV     1   --> A              
     e( 47 - 47) =      8.57818  eV     1   --> A              
     e( 48 - 48) =      8.63797  eV     1   --> A              
     e( 49 - 49) =      8.78015  eV     1   --> A              
     e( 50 - 50) =      8.87482  eV     1   --> A              
     e( 51 - 51) =      8.99170  eV     1   --> A              
     e( 52 - 52) =      9.32220  eV     1   --> A              
     e( 53 - 53) =      9.61143  eV     1   --> A              
     e( 54 - 54) =      9.81651  eV     1   --> A              
     e( 55 - 55) =      9.87513  eV     1   --> A              
     e( 56 - 56) =     10.26310  eV     1   --> A              
     e( 57 - 57) =     10.64875  eV     1   --> A              
     e( 58 - 58) =     10.81777  eV     1   --> A              
     e( 59 - 59) =     13.86843  eV     1   --> A              
     e( 60 - 60) =     14.11176  eV     1   --> A              
     e( 61 - 61) =     14.22380  eV     1   --> A              
     e( 62 - 62) =     14.77525  eV     1   --> A              
     e( 63 - 63) =     15.02616  eV     1   --> A              
     e( 64 - 64) =     15.20243  eV     1   --> A              
     e( 65 - 65) =     17.81545  eV     1   --> A              
     e( 66 - 66) =     18.40984  eV     1   --> A              
     e( 67 - 67) =     18.74668  eV     1   --> A              
     e( 68 - 68) =     19.54408  eV     1   --> A              
     e( 69 - 69) =     20.36998  eV     1   --> A              
     e( 70 - 70) =     20.80659  eV     1   --> A              
     e( 71 - 71) =     21.04076  eV     1   --> A              
     e( 72 - 72) =     21.23720  eV     1   --> A              
     e( 73 - 73) =     22.47369  eV     1   --> A              
     e( 74 - 74) =     22.93690  eV     1   --> A              
     e( 75 - 75) =     23.05547  eV     1   --> A              
     e( 76 - 76) =     24.05550  eV     1   --> A              
     e( 77 - 77) =     24.27218  eV     1   --> A              
     e( 78 - 78) =     24.59764  eV     1   --> A              
     e( 79 - 79) =     24.83775  eV     1   --> A              
     e( 80 - 80) =     25.26885  eV     1   --> A              

 **************************************************************************

 **************************************************************************

                    xk=(   0.42500,   0.34599,   0.00453  )

     Band symmetry, C_1 (1)     point group:

     e(  1 -  1) =    -76.62522  eV     1   --> A              
     e(  2 -  2) =    -68.26427  eV     1   --> A              
     e(  3 -  3) =    -63.81307  eV     1   --> A              
     e(  4 -  4) =    -63.79110  eV     1   --> A              
     e(  5 -  5) =    -44.02564  eV     1   --> A              
     e(  6 -  6) =    -42.43404  eV     1   --> A              
     e(  7 -  7) =    -42.30024  eV     1   --> A              
     e(  8 -  8) =    -37.33039  eV     1   --> A              
     e(  9 -  9) =    -37.31767  eV     1   --> A              
     e( 10 - 10) =    -37.30141  eV     1   --> A              
     e( 11 - 11) =    -28.28867  eV     1   --> A              
     e( 12 - 12) =    -28.22999  eV     1   --> A              
     e( 13 - 13) =    -28.20862  eV     1   --> A              
     e( 14 - 14) =    -28.13199  eV     1   --> A              
     e( 15 - 15) =    -28.12695  eV     1   --> A              
     e( 16 - 16) =    -28.06473  eV     1   --> A              
     e( 17 - 17) =     -7.77114  eV     1   --> A              
     e( 18 - 18) =     -7.19940  eV     1   --> A              
     e( 19 - 19) =     -7.02523  eV     1   --> A              
     e( 20 - 20) =     -6.76562  eV     1   --> A              
     e( 21 - 21) =     -6.56445  eV     1   --> A              
     e( 22 - 22) =     -6.21566  eV     1   --> A              
     e( 23 - 23) =     -6.18575  eV     1   --> A              
     e( 24 - 24) =     -6.08371  eV     1   --> A              
     e( 25 - 25) =      3.63578  eV     1   --> A              
     e( 26 - 26) =      3.75898  eV     1   --> A              
     e( 27 - 27) =      3.96041  eV     1   --> A              
     e( 28 - 28) =      4.20918  eV     1   --> A              
     e( 29 - 29) =      4.43707  eV     1   --> A              
     e( 30 - 30) =      4.79779  eV     1   --> A              
     e( 31 - 31) =      4.93030  eV     1   --> A              
     e( 32 - 32) =      5.20598  eV     1   --> A              
     e( 33 - 33) =      5.53102  eV     1   --> A              
     e( 34 - 34) =      5.69508  eV     1   --> A              
     e( 35 - 35) =      5.85707  eV     1   --> A              
     e( 36 - 36) =      6.14629  eV     1   --> A              
     e( 37 - 37) =      6.22828  eV     1   --> A              
     e( 38 - 38) =      6.41747  eV     1   --> A              
     e( 39 - 39) =      6.76342  eV     1   --> A              
     e( 40 - 40) =      6.91889  eV     1   --> A              
     e( 41 - 41) =      7.10318  eV     1   --> A              
     e( 42 - 42) =      7.23271  eV     1   --> A              
     e( 43 - 43) =      7.59239  eV     1   --> A              
     e( 44 - 44) =      7.71094  eV     1   --> A              
     e( 45 - 45) =      8.01792  eV     1   --> A              
     e( 46 - 46) =      8.08531  eV     1   --> A              
     e( 47 - 47) =      8.50658  eV     1   --> A              
     e( 48 - 48) =      8.57480  eV     1   --> A              
     e( 49 - 49) =      8.78393  eV     1   --> A              
     e( 50 - 50) =      8.88575  eV     1   --> A              
     e( 51 - 51) =      9.01038  eV     1   --> A              
     e( 52 - 52) =      9.37152  eV     1   --> A              
     e( 53 - 53) =      9.62957  eV     1   --> A              
     e( 54 - 54) =      9.79960  eV     1   --> A              
     e( 55 - 55) =      9.87374  eV     1   --> A              
     e( 56 - 56) =     10.25578  eV     1   --> A              
     e( 57 - 57) =     10.67131  eV     1   --> A              
     e( 58 - 58) =     10.85574  eV     1   --> A              
     e( 59 - 59) =     13.85098  eV     1   --> A              
     e( 60 - 60) =     14.10448  eV     1   --> A              
     e( 61 - 61) =     14.23949  eV     1   --> A              
     e( 62 - 62) =     14.74874  eV     1   --> A              
     e( 63 - 63) =     15.04672  eV     1   --> A              
     e( 64 - 64) =     15.19848  eV     1   --> A              
     e( 65 - 65) =     17.85326  eV     1   --> A              
     e( 66 - 66) =     18.37540  eV     1   --> A              
     e( 67 - 67) =     18.72809  eV     1   --> A              
     e( 68 - 68) =     19.48118  eV     1   --> A              
     e( 69 - 69) =     20.29716  eV     1   --> A              
     e( 70 - 70) =     20.78735  eV     1   --> A              
     e( 71 - 71) =     21.04055  eV     1   --> A              
     e( 72 - 72) =     21.37098  eV     1   --> A              
     e( 73 - 73) =     22.47628  eV     1   --> A              
     e( 74 - 74) =     22.93282  eV     1   --> A              
     e( 75 - 75) =     23.08196  eV     1   --> A              
     e( 76 - 76) =     23.99184  eV     1   --> A              
     e( 77 - 77) =     24.29325  eV     1   --> A              
     e( 78 - 78) =     24.53151  eV     1   --> A              
     e( 79 - 79) =     24.84875  eV     1   --> A              
     e( 80 - 80) =     25.37759  eV     1   --> A              

 **************************************************************************

 **************************************************************************

                    xk=(   0.40000,   0.32564,   0.00426  )

     Band symmetry, C_1 (1)     point group:

     e(  1 -  1) =    -76.62522  eV     1   --> A              
     e(  2 -  2) =    -68.26427  eV     1   --> A              
     e(  3 -  3) =    -63.81304  eV     1   --> A              
     e(  4 -  4) =    -63.79109  eV     1   --> A              
     e(  5 -  5) =    -44.02564  eV     1   --> A              
     e(  6 -  6) =    -42.43404  eV     1   --> A              
     e(  7 -  7) =    -42.30024  eV     1   --> A              
     e(  8 -  8) =    -37.33039  eV     1   --> A              
     e(  9 -  9) =    -37.31767  eV     1   --> A              
     e( 10 - 10) =    -37.30141  eV     1   --> A              
     e( 11 - 11) =    -28.28875  eV     1   --> A              
     e( 12 - 12) =    -28.23023  eV     1   --> A              
     e( 13 - 13) =    -28.20853  eV     1   --> A              
     e( 14 - 14) =    -28.13187  eV     1   --> A              
     e( 15 - 15) =    -28.12678  eV     1   --> A              
     e( 16 - 16) =    -28.06465  eV     1   --> A              
     e( 17 - 17) =     -7.78919  eV     1   --> A              
     e( 18 - 18) =     -7.19908  eV     1   --> A              
     e( 19 - 19) =     -7.00705  eV     1   --> A              
     e( 20 - 20) =     -6.75656  eV     1   --> A              
     e( 21 - 21) =     -6.56731  eV     1   --> A              
     e( 22 - 22) =     -6.22342  eV     1   --> A              
     e( 23 - 23) =     -6.18395  eV     1   --> A              
     e( 24 - 24) =     -6.08483  eV     1   --> A              
     e( 25 - 25) =      3.64264  eV     1   --> A              
     e( 26 - 26) =      3.80196  eV     1   --> A              
     e( 27 - 27) =      3.96577  eV     1   --> A              
     e( 28 - 28) =      4.23788  eV     1   --> A              
     e( 29 - 29) =      4.42869  eV     1   --> A              
     e( 30 - 30) =      4.77071  eV     1   --> A              
     e( 31 - 31) =      4.90271  eV     1   --> A              
     e( 32 - 32) =      5.18416  eV     1   --> A              
     e( 33 - 33) =      5.47885  eV     1   --> A              
     e( 34 - 34) =      5.67375  eV     1   --> A              
     e( 35 - 35) =      5.85807  eV     1   --> A              
     e( 36 - 36) =      6.10311  eV     1   --> A              
     e( 37 - 37) =      6.23423  eV     1   --> A              
     e( 38 - 38) =      6.41202  eV     1   --> A              
     e( 39 - 39) =      6.76068  eV     1   --> A              
     e( 40 - 40) =      6.94956  eV     1   --> A              
     e( 41 - 41) =      7.14188  eV     1   --> A              
     e( 42 - 42) =      7.30752  eV     1   --> A              
     e( 43 - 43) =      7.62402  eV     1   --> A              
     e( 44 - 44) =      7.72329  eV     1   --> A              
     e( 45 - 45) =      7.98622  eV     1   --> A              
     e( 46 - 46) =      8.08287  eV     1   --> A              
     e( 47 - 47) =      8.42324  eV     1   --> A              
     e( 48 - 48) =      8.52506  eV     1   --> A              
     e( 49 - 49) =      8.78689  eV     1   --> A              
     e( 50 - 50) =      8.89513  eV     1   --> A              
     e( 51 - 51) =      9.02976  eV     1   --> A              
     e( 52 - 52) =      9.41825  eV     1   --> A              
     e( 53 - 53) =      9.64563  eV     1   --> A              
     e( 54 - 54) =      9.78369  eV     1   --> A              
     e( 55 - 55) =      9.87541  eV     1   --> A              
     e( 56 - 56) =     10.24544  eV     1   --> A              
     e( 57 - 57) =     10.69089  eV     1   --> A              
     e( 58 - 58) =     10.90702  eV     1   --> A              
     e( 59 - 59) =     13.83198  eV     1   --> A              
     e( 60 - 60) =     14.09342  eV     1   --> A              
     e( 61 - 61) =     14.25554  eV     1   --> A              
     e( 62 - 62) =     14.72468  eV     1   --> A              
     e( 63 - 63) =     15.06490  eV     1   --> A              
     e( 64 - 64) =     15.19553  eV     1   --> A              
     e( 65 - 65) =     17.90143  eV     1   --> A              
     e( 66 - 66) =     18.32865  eV     1   --> A              
     e( 67 - 67) =     18.70304  eV     1   --> A              
     e( 68 - 68) =     19.39862  eV     1   --> A              
     e( 69 - 69) =     20.22490  eV     1   --> A              
     e( 70 - 70) =     20.78846  eV     1   --> A              
     e( 71 - 71) =     21.03471  eV     1   --> A              
     e( 72 - 72) =     21.50305  eV     1   --> A              
     e( 73 - 73) =     22.48578  eV     1   --> A              
     e( 74 - 74) =     22.93441  eV     1   --> A              
     e( 75 - 75) =     23.09958  eV     1   --> A              
     e( 76 - 76) =     23.93045  eV     1   --> A              
     e( 77 - 77) =     24.30598  eV     1   --> A              
     e( 78 - 78) =     24.50175  eV     1   --> A              
     e( 79 - 79) =     24.84617  eV     1   --> A              
     e( 80 - 80) =     25.46760  eV     1   --> A              

 **************************************************************************

 **************************************************************************

                    xk=(   0.37500,   0.30529,   0.00399  )

     Band symmetry, C_1 (1)     point group:

     e(  1 -  1) =    -76.62522  eV     1   --> A              
     e(  2 -  2) =    -68.26428  eV     1   --> A              
     e(  3 -  3) =    -63.81299  eV     1   --> A              
     e(  4 -  4) =    -63.79107  eV     1   --> A              
     e(  5 -  5) =    -44.02564  eV     1   --> A              
     e(  6 -  6) =    -42.43404  eV     1   --> A              
     e(  7 -  7) =    -42.30024  eV     1   --> A              
     e(  8 -  8) =    -37.33039  eV     1   --> A              
     e(  9 -  9) =    -37.31767  eV     1   --> A              
     e( 10 - 10) =    -37.30140  eV     1   --> A              
     e( 11 - 11) =    -28.28885  eV     1   --> A              
     e( 12 - 12) =    -28.23052  eV     1   --> A              
     e( 13 - 13) =    -28.20841  eV     1   --> A              
     e( 14 - 14) =    -28.13172  eV     1   --> A              
     e( 15 - 15) =    -28.12657  eV     1   --> A              
     e( 16 - 16) =    -28.06456  eV     1   --> A              
     e( 17 - 17) =     -7.81343  eV     1   --> A              
     e( 18 - 18) =     -7.19398  eV     1   --> A              
     e( 19 - 19) =     -6.98755  eV     1   --> A              
     e( 20 - 20) =     -6.74536  eV     1   --> A              
     e( 21 - 21) =     -6.57068  eV     1   --> A              
     e( 22 - 22) =     -6.23385  eV     1   --> A              
     e( 23 - 23) =     -6.18066  eV     1   --> A              
     e( 24 - 24) =     -6.08567  eV     1   --> A              
     e( 25 - 25) =      3.64655  eV     1   --> A              
     e( 26 - 26) =      3.85826  eV     1   --> A              
     e( 27 - 27) =      3.97360  eV     1   --> A              
     e( 28 - 28) =      4.26576  eV     1   --> A              
     e( 29 - 29) =      4.41803  eV     1   --> A              
     e( 30 - 30) =      4.73428  eV     1   --> A              
     e( 31 - 31) =      4.87563  eV     1   --> A              
     e( 32 - 32) =      5.16414  eV     1   --> A              
     e( 33 - 33) =      5.41280  eV     1   --> A              
     e( 34 - 34) =      5.65204  eV     1   --> A              
     e( 35 - 35) =      5.85908  eV     1   --> A              
     e( 36 - 36) =      6.04921  eV     1   --> A              
     e( 37 - 37) =      6.25692  eV     1   --> A              
     e( 38 - 38) =      6.41475  eV     1   --> A              
     e( 39 - 39) =      6.76151  eV     1   --> A              
     e( 40 - 40) =      6.97062  eV     1   --> A              
     e( 41 - 41) =      7.17834  eV     1   --> A              
     e( 42 - 42) =      7.36620  eV     1   --> A              
     e( 43 - 43) =      7.67761  eV     1   --> A              
     e( 44 - 44) =      7.74568  eV     1   --> A              
     e( 45 - 45) =      7.93865  eV     1   --> A              
     e( 46 - 46) =      8.07683  eV     1   --> A              
     e( 47 - 47) =      8.35847  eV     1   --> A              
     e( 48 - 48) =      8.48729  eV     1   --> A              
     e( 49 - 49) =      8.78925  eV     1   --> A              
     e( 50 - 50) =      8.89988  eV     1   --> A              
     e( 51 - 51) =      9.04322  eV     1   --> A              
     e( 52 - 52) =      9.45762  eV     1   --> A              
     e( 53 - 53) =      9.65266  eV     1   --> A              
     e( 54 - 54) =      9.77547  eV     1   --> A              
     e( 55 - 55) =      9.88136  eV     1   --> A              
     e( 56 - 56) =     10.23256  eV     1   --> A              
     e( 57 - 57) =     10.70644  eV     1   --> A              
     e( 58 - 58) =     10.96382  eV     1   --> A              
     e( 59 - 59) =     13.81450  eV     1   --> A              
     e( 60 - 60) =     14.07860  eV     1   --> A              
     e( 61 - 61) =     14.26797  eV     1   --> A              
     e( 62 - 62) =     14.70742  eV     1   --> A              
     e( 63 - 63) =     15.07897  eV     1   --> A              
     e( 64 - 64) =     15.19500  eV     1   --> A              
     e( 65 - 65) =     17.95364  eV     1   --> A              
     e( 66 - 66) =     18.27257  eV     1   --> A              
     e( 67 - 67) =     18.67090  eV     1   --> A              
     e( 68 - 68) =     19.30692  eV     1   --> A              
     e( 69 - 69) =     20.16085  eV     1   --> A              
     e( 70 - 70) =     20.80286  eV     1   --> A              
     e( 71 - 71) =     21.02659  eV     1   --> A              
     e( 72 - 72) =     21.62278  eV     1   --> A              
     e( 73 - 73) =     22.50620  eV     1   --> A              
     e( 74 - 74) =     22.93813  eV     1   --> A              
     e( 75 - 75) =     23.10779  eV     1   --> A              
     e( 76 - 76) =     23.88481  eV     1   --> A              
     e( 77 - 77) =     24.27349  eV     1   --> A              
     e( 78 - 78) =     24.54257  eV     1   --> A              
     e( 79 - 79) =     24.83802  eV     1   --> A              
     e( 80 - 80) =     25.50091  eV     1   --> A              

 **************************************************************************

 **************************************************************************

                    xk=(   0.35000,   0.28493,   0.00373  )

     Band symmetry, C_1 (1)     point group:

     e(  1 -  1) =    -76.62522  eV     1   --> A              
     e(  2 -  2) =    -68.26428  eV     1   --> A              
     e(  3 -  3) =    -63.81295  eV     1   --> A              
     e(  4 -  4) =    -63.79106  eV     1   --> A              
     e(  5 -  5) =    -44.02563  eV     1   --> A              
     e(  6 -  6) =    -42.43403  eV     1   --> A              
     e(  7 -  7) =    -42.30024  eV     1   --> A              
     e(  8 -  8) =    -37.33038  eV     1   --> A              
     e(  9 -  9) =    -37.31767  eV     1   --> A              
     e( 10 - 10) =    -37.30140  eV     1   --> A              
     e( 11 - 11) =    -28.28895  eV     1   --> A              
     e( 12 - 12) =    -28.23086  eV     1   --> A              
     e( 13 - 13) =    -28.20828  eV     1   --> A              
     e( 14 - 14) =    -28.13154  eV     1   --> A              
     e( 15 - 15) =    -28.12633  eV     1   --> A              
     e( 16 - 16) =    -28.06445  eV     1   --> A              
     e( 17 - 17) =     -7.84377  eV     1   --> A              
     e( 18 - 18) =     -7.18326  eV     1   --> A              
     e( 19 - 19) =     -6.96785  eV     1   --> A              
     e( 20 - 20) =     -6.73241  eV     1   --> A              
     e( 21 - 21) =     -6.57431  eV     1   --> A              
     e( 22 - 22) =     -6.24721  eV     1   --> A              
     e( 23 - 23) =     -6.17499  eV     1   --> A              
     e( 24 - 24) =     -6.08615  eV     1   --> A              
     e( 25 - 25) =      3.64839  eV     1   --> A              
     e( 26 - 26) =      3.92230  eV     1   --> A              
     e( 27 - 27) =      3.98548  eV     1   --> A              
     e( 28 - 28) =      4.28319  eV     1   --> A              
     e( 29 - 29) =      4.40698  eV     1   --> A              
     e( 30 - 30) =      4.69268  eV     1   --> A              
     e( 31 - 31) =      4.85418  eV     1   --> A              
     e( 32 - 32) =      5.14564  eV     1   --> A              
     e( 33 - 33) =      5.33878  eV     1   --> A              
     e( 34 - 34) =      5.62829  eV     1   --> A              
     e( 35 - 35) =      5.86522  eV     1   --> A              
     e( 36 - 36) =      6.00527  eV     1   --> A              
     e( 37 - 37) =      6.27134  eV     1   --> A              
     e( 38 - 38) =      6.42750  eV     1   --> A              
     e( 39 - 39) =      6.76431  eV     1   --> A              
     e( 40 - 40) =      6.98127  eV     1   --> A              
     e( 41 - 41) =      7.20568  eV     1   --> A              
     e( 42 - 42) =      7.41692  eV     1   --> A              
     e( 43 - 43) =      7.71154  eV     1   --> A              
     e( 44 - 44) =      7.77201  eV     1   --> A              
     e( 45 - 45) =      7.91571  eV     1   --> A              
     e( 46 - 46) =      8.06878  eV     1   --> A              
     e( 47 - 47) =      8.32572  eV     1   --> A              
     e( 48 - 48) =      8.45910  eV     1   --> A              
     e( 49 - 49) =      8.79168  eV     1   --> A              
     e( 50 - 50) =      8.89607  eV     1   --> A              
     e( 51 - 51) =      9.05040  eV     1   --> A              
     e( 52 - 52) =      9.48617  eV     1   --> A              
     e( 53 - 53) =      9.64851  eV     1   --> A              
     e( 54 - 54) =      9.77551  eV     1   --> A              
     e( 55 - 55) =      9.89237  eV     1   --> A              
     e( 56 - 56) =     10.21835  eV     1   --> A              
     e( 57 - 57) =     10.71913  eV     1   --> A              
     e( 58 - 58) =     11.01762  eV     1   --> A              
     e( 59 - 59) =     13.80120  eV     1   --> A              
     e( 60 - 60) =     14.06015  eV     1   --> A              
     e( 61 - 61) =     14.27400  eV     1   --> A              
     e( 62 - 62) =     14.69863  eV     1   --> A              
     e( 63 - 63) =     15.09039  eV     1   --> A              
     e( 64 - 64) =     15.19696  eV     1   --> A              
     e( 65 - 65) =     17.99852  eV     1   --> A              
     e( 66 - 66) =     18.21184  eV     1   --> A              
     e( 67 - 67) =     18.63223  eV     1   --> A              
     e( 68 - 68) =     19.22100  eV     1   --> A              
     e( 69 - 69) =     20.10559  eV     1   --> A              
     e( 70 - 70) =     20.82650  eV     1   --> A              
     e( 71 - 71) =     21.01836  eV     1   --> A              
     e( 72 - 72) =     21.72309  eV     1   --> A              
     e( 73 - 73) =     22.54030  eV     1   --> A              
     e( 74 - 74) =     22.93798  eV     1   --> A              
     e( 75 - 75) =     23.11565  eV     1   --> A              
     e( 76 - 76) =     23.85168  eV     1   --> A              
     e( 77 - 77) =     24.22351  eV     1   --> A              
     e( 78 - 78) =     24.61733  eV     1   --> A              
     e( 79 - 79) =     24.84261  eV     1   --> A              
     e( 80 - 80) =     25.46456  eV     1   --> A              

 **************************************************************************

 **************************************************************************

                    xk=(   0.32500,   0.26458,   0.00346  )

     Band symmetry, C_1 (1)     point group:

     e(  1 -  1) =    -76.62522  eV     1   --> A              
     e(  2 -  2) =    -68.26428  eV     1   --> A              
     e(  3 -  3) =    -63.81290  eV     1   --> A              
     e(  4 -  4) =    -63.79104  eV     1   --> A              
     e(  5 -  5) =    -44.02563  eV     1   --> A              
     e(  6 -  6) =    -42.43403  eV     1   --> A              
     e(  7 -  7) =    -42.30024  eV     1   --> A              
     e(  8 -  8) =    -37.33038  eV     1   --> A              
     e(  9 -  9) =    -37.31766  eV     1   --> A              
     e( 10 - 10) =    -37.30139  eV     1   --> A              
     e( 11 - 11) =    -28.28906  eV     1   --> A              
     e( 12 - 12) =    -28.23122  eV     1   --> A              
     e( 13 - 13) =    -28.20811  eV     1   --> A              
     e( 14 - 14) =    -28.13135  eV     1   --> A              
     e( 15 - 15) =    -28.12605  eV     1   --> A              
     e( 16 - 16) =    -28.06432  eV     1   --> A              
     e( 17 - 17) =     -7.87958  eV     1   --> A              
     e( 18 - 18) =     -7.16688  eV     1   --> A              
     e( 19 - 19) =     -6.94872  eV     1   --> A              
     e( 20 - 20) =     -6.71833  eV     1   --> A              
     e( 21 - 21) =     -6.57788  eV     1   --> A              
     e( 22 - 22) =     -6.26306  eV     1   --> A              
     e( 23 - 23) =     -6.16668  eV     1   --> A              
     e( 24 - 24) =     -6.08613  eV     1   --> A              
     e( 25 - 25) =      3.64896  eV     1   --> A              
     e( 26 - 26) =      3.97314  eV     1   --> A              
     e( 27 - 27) =      4.01708  eV     1   --> A              
     e( 28 - 28) =      4.27721  eV     1   --> A              
     e( 29 - 29) =      4.40126  eV     1   --> A              
     e( 30 - 30) =      4.64665  eV     1   --> A              
     e( 31 - 31) =      4.84684  eV     1   --> A              
     e( 32 - 32) =      5.12579  eV     1   --> A              
     e( 33 - 33) =      5.26850  eV     1   --> A              
     e( 34 - 34) =      5.60156  eV     1   --> A              
     e( 35 - 35) =      5.87088  eV     1   --> A              
     e( 36 - 36) =      5.97896  eV     1   --> A              
     e( 37 - 37) =      6.27515  eV     1   --> A              
     e( 38 - 38) =      6.44871  eV     1   --> A              
     e( 39 - 39) =      6.76727  eV     1   --> A              
     e( 40 - 40) =      6.98472  eV     1   --> A              
     e( 41 - 41) =      7.21546  eV     1   --> A              
     e( 42 - 42) =      7.46047  eV     1   --> A              
     e( 43 - 43) =      7.68438  eV     1   --> A              
     e( 44 - 44) =      7.80780  eV     1   --> A              
     e( 45 - 45) =      7.95080  eV     1   --> A              
     e( 46 - 46) =      8.07596  eV     1   --> A              
     e( 47 - 47) =      8.31775  eV     1   --> A              
     e( 48 - 48) =      8.43954  eV     1   --> A              
     e( 49 - 49) =      8.79367  eV     1   --> A              
     e( 50 - 50) =      8.88229  eV     1   --> A              
     e( 51 - 51) =      9.05405  eV     1   --> A              
     e( 52 - 52) =      9.50213  eV     1   --> A              
     e( 53 - 53) =      9.63808  eV     1   --> A              
     e( 54 - 54) =      9.77712  eV     1   --> A              
     e( 55 - 55) =      9.90637  eV     1   --> A              
     e( 56 - 56) =     10.20488  eV     1   --> A              
     e( 57 - 57) =     10.73022  eV     1   --> A              
     e( 58 - 58) =     11.06180  eV     1   --> A              
     e( 59 - 59) =     13.79429  eV     1   --> A              
     e( 60 - 60) =     14.03834  eV     1   --> A              
     e( 61 - 61) =     14.27290  eV     1   --> A              
     e( 62 - 62) =     14.69694  eV     1   --> A              
     e( 63 - 63) =     15.10279  eV     1   --> A              
     e( 64 - 64) =     15.20037  eV     1   --> A              
     e( 65 - 65) =     18.01621  eV     1   --> A              
     e( 66 - 66) =     18.15244  eV     1   --> A              
     e( 67 - 67) =     18.59494  eV     1   --> A              
     e( 68 - 68) =     19.15551  eV     1   --> A              
     e( 69 - 69) =     20.05706  eV     1   --> A              
     e( 70 - 70) =     20.85630  eV     1   --> A              
     e( 71 - 71) =     21.01296  eV     1   --> A              
     e( 72 - 72) =     21.80000  eV     1   --> A              
     e( 73 - 73) =     22.58754  eV     1   --> A              
     e( 74 - 74) =     22.92925  eV     1   --> A              
     e( 75 - 75) =     23.13682  eV     1   --> A              
     e( 76 - 76) =     23.81585  eV     1   --> A              
     e( 77 - 77) =     24.18755  eV     1   --> A              
     e( 78 - 78) =     24.67030  eV     1   --> A              
     e( 79 - 79) =     24.89652  eV     1   --> A              
     e( 80 - 80) =     25.38033  eV     1   --> A              

 **************************************************************************

 **************************************************************************

                    xk=(   0.30000,   0.24423,   0.00320  )

     Band symmetry, C_1 (1)     point group:

     e(  1 -  1) =    -76.62523  eV     1   --> A              
     e(  2 -  2) =    -68.26428  eV     1   --> A              
     e(  3 -  3) =    -63.81286  eV     1   --> A              
     e(  4 -  4) =    -63.79103  eV     1   --> A              
     e(  5 -  5) =    -44.02563  eV     1   --> A              
     e(  6 -  6) =    -42.43402  eV     1   --> A              
     e(  7 -  7) =    -42.30024  eV     1   --> A              
     e(  8 -  8) =    -37.33037  eV     1   --> A              
     e(  9 -  9) =    -37.31766  eV     1   --> A              
     e( 10 - 10) =    -37.30139  eV     1   --> A              
     e( 11 - 11) =    -28.28917  eV     1   --> A              
     e( 12 - 12) =    -28.23160  eV     1   --> A              
     e( 13 - 13) =    -28.20794  eV     1   --> A              
     e( 14 - 14) =    -28.13113  eV     1   --> A              
     e( 15 - 15) =    -28.12576  eV     1   --> A              
     e( 16 - 16) =    -28.06419  eV     1   --> A              
     e( 17 - 17) =     -7.91981  eV     1   --> A              
     e( 18 - 18) =     -7.14549  eV     1   --> A              
     e( 19 - 19) =     -6.93061  eV     1   --> A              
     e( 20 - 20) =     -6.70403  eV     1   --> A              
     e( 21 - 21) =     -6.58099  eV     1   --> A              
     e( 22 - 22) =     -6.28048  eV     1   --> A              
     e( 23 - 23) =     -6.15623  eV     1   --> A              
     e( 24 - 24) =     -6.08514  eV     1   --> A              
     e( 25 - 25) =      3.64875  eV     1   --> A              
     e( 26 - 26) =      3.99090  eV     1   --> A              
     e( 27 - 27) =      4.08091  eV     1   --> A              
     e( 28 - 28) =      4.24495  eV     1   --> A              
     e( 29 - 29) =      4.40365  eV     1   --> A              
     e( 30 - 30) =      4.59062  eV     1   --> A              
     e( 31 - 31) =      4.86173  eV     1   --> A              
     e( 32 - 32) =      5.09881  eV     1   --> A              
     e( 33 - 33) =      5.21688  eV     1   --> A              
     e( 34 - 34) =      5.57356  eV     1   --> A              
     e( 35 - 35) =      5.85998  eV     1   --> A              
     e( 36 - 36) =      5.98069  eV     1   --> A              
     e( 37 - 37) =      6.27342  eV     1   --> A              
     e( 38 - 38) =      6.47493  eV     1   --> A              
     e( 39 - 39) =      6.76932  eV     1   --> A              
     e( 40 - 40) =      6.98332  eV     1   --> A              
     e( 41 - 41) =      7.20730  eV     1   --> A              
     e( 42 - 42) =      7.45858  eV     1   --> A              
     e( 43 - 43) =      7.68996  eV     1   --> A              
     e( 44 - 44) =      7.84598  eV     1   --> A              
     e( 45 - 45) =      7.97651  eV     1   --> A              
     e( 46 - 46) =      8.12476  eV     1   --> A              
     e( 47 - 47) =      8.32351  eV     1   --> A              
     e( 48 - 48) =      8.42829  eV     1   --> A              
     e( 49 - 49) =      8.79008  eV     1   --> A              
     e( 50 - 50) =      8.86401  eV     1   --> A              
     e( 51 - 51) =      9.05725  eV     1   --> A              
     e( 52 - 52) =      9.50597  eV     1   --> A              
     e( 53 - 53) =      9.62611  eV     1   --> A              
     e( 54 - 54) =      9.77513  eV     1   --> A              
     e( 55 - 55) =      9.91775  eV     1   --> A              
     e( 56 - 56) =     10.19427  eV     1   --> A              
     e( 57 - 57) =     10.74044  eV     1   --> A              
     e( 58 - 58) =     11.09245  eV     1   --> A              
     e( 59 - 59) =     13.79535  eV     1   --> A              
     e( 60 - 60) =     14.01367  eV     1   --> A              
     e( 61 - 61) =     14.26589  eV     1   --> A              
     e( 62 - 62) =     14.69859  eV     1   --> A              
     e( 63 - 63) =     15.11924  eV     1   --> A              
     e( 64 - 64) =     15.20478  eV     1   --> A              
     e( 65 - 65) =     17.98491  eV     1   --> A              
     e( 66 - 66) =     18.09655  eV     1   --> A              
     e( 67 - 67) =     18.57700  eV     1   --> A              
     e( 68 - 68) =     19.11918  eV     1   --> A              
     e( 69 - 69) =     20.01308  eV     1   --> A              
     e( 70 - 70) =     20.88843  eV     1   --> A              
     e( 71 - 71) =     21.01492  eV     1   --> A              
     e( 72 - 72) =     21.85378  eV     1   --> A              
     e( 73 - 73) =     22.64278  eV     1   --> A              
     e( 74 - 74) =     22.91429  eV     1   --> A              
     e( 75 - 75) =     23.17821  eV     1   --> A              
     e( 76 - 76) =     23.76299  eV     1   --> A              
     e( 77 - 77) =     24.17976  eV     1   --> A              
     e( 78 - 78) =     24.68580  eV     1   --> A              
     e( 79 - 79) =     25.00933  eV     1   --> A              
     e( 80 - 80) =     25.27208  eV     1   --> A              

 **************************************************************************

 **************************************************************************

                    xk=(   0.27500,   0.22388,   0.00293  )

     Band symmetry, C_1 (1)     point group:

     e(  1 -  1) =    -76.62523  eV     1   --> A              
     e(  2 -  2) =    -68.26428  eV     1   --> A              
     e(  3 -  3) =    -63.81282  eV     1   --> A              
     e(  4 -  4) =    -63.79103  eV     1   --> A              
     e(  5 -  5) =    -44.02563  eV     1   --> A              
     e(  6 -  6) =    -42.43402  eV     1   --> A              
     e(  7 -  7) =    -42.30024  eV     1   --> A              
     e(  8 -  8) =    -37.33037  eV     1   --> A              
     e(  9 -  9) =    -37.31766  eV     1   --> A              
     e( 10 - 10) =    -37.30138  eV     1   --> A              
     e( 11 - 11) =    -28.28927  eV     1   --> A              
     e( 12 - 12) =    -28.23198  eV     1   --> A              
     e( 13 - 13) =    -28.20774  eV     1   --> A              
     e( 14 - 14) =    -28.13090  eV     1   --> A              
     e( 15 - 15) =    -28.12544  eV     1   --> A              
     e( 16 - 16) =    -28.06405  eV     1   --> A              
     e( 17 - 17) =     -7.96312  eV     1   --> A              
     e( 18 - 18) =     -7.12029  eV     1   --> A              
     e( 19 - 19) =     -6.91358  eV     1   --> A              
     e( 20 - 20) =     -6.69072  eV     1   --> A              
     e( 21 - 21) =     -6.58318  eV     1   --> A              
     e( 22 - 22) =     -6.29834  eV     1   --> A              
     e( 23 - 23) =     -6.14511  eV     1   --> A              
     e( 24 - 24) =     -6.08198  eV     1   --> A              
     e( 25 - 25) =      3.64805  eV     1   --> A              
     e( 26 - 26) =      4.00000  eV     1   --> A              
     e( 27 - 27) =      4.13557  eV     1   --> A              
     e( 28 - 28) =      4.20500  eV     1   --> A              
     e( 29 - 29) =      4.41119  eV     1   --> A              
     e( 30 - 30) =      4.52369  eV     1   --> A              
     e( 31 - 31) =      4.88869  eV     1   --> A              
     e( 32 - 32) =      5.06997  eV     1   --> A              
     e( 33 - 33) =      5.19289  eV     1   --> A              
     e( 34 - 34) =      5.54740  eV     1   --> A              
     e( 35 - 35) =      5.83002  eV     1   --> A              
     e( 36 - 36) =      6.00417  eV     1   --> A              
     e( 37 - 37) =      6.27354  eV     1   --> A              
     e( 38 - 38) =      6.50358  eV     1   --> A              
     e( 39 - 39) =      6.77060  eV     1   --> A              
     e( 40 - 40) =      6.97646  eV     1   --> A              
     e( 41 - 41) =      7.18477  eV     1   --> A              
     e( 42 - 42) =      7.41920  eV     1   --> A              
     e( 43 - 43) =      7.75378  eV     1   --> A              
     e( 44 - 44) =      7.87842  eV     1   --> A              
     e( 45 - 45) =      7.98395  eV     1   --> A              
     e( 46 - 46) =      8.19583  eV     1   --> A              
     e( 47 - 47) =      8.33733  eV     1   --> A              
     e( 48 - 48) =      8.42564  eV     1   --> A              
     e( 49 - 49) =      8.76942  eV     1   --> A              
     e( 50 - 50) =      8.85498  eV     1   --> A              
     e( 51 - 51) =      9.06225  eV     1   --> A              
     e( 52 - 52) =      9.50000  eV     1   --> A              
     e( 53 - 53) =      9.61453  eV     1   --> A              
     e( 54 - 54) =      9.76797  eV     1   --> A              
     e( 55 - 55) =      9.92169  eV     1   --> A              
     e( 56 - 56) =     10.18680  eV     1   --> A              
     e( 57 - 57) =     10.74958  eV     1   --> A              
     e( 58 - 58) =     11.10857  eV     1   --> A              
     e( 59 - 59) =     13.80501  eV     1   --> A              
     e( 60 - 60) =     13.98713  eV     1   --> A              
     e( 61 - 61) =     14.25515  eV     1   --> A              
     e( 62 - 62) =     14.69943  eV     1   --> A              
     e( 63 - 63) =     15.13843  eV     1   --> A              
     e( 64 - 64) =     15.21310  eV     1   --> A              
     e( 65 - 65) =     17.90197  eV     1   --> A              
     e( 66 - 66) =     18.04015  eV     1   --> A              
     e( 67 - 67) =     18.58897  eV     1   --> A              
     e( 68 - 68) =     19.11328  eV     1   --> A              
     e( 69 - 69) =     19.97205  eV     1   --> A              
     e( 70 - 70) =     20.91778  eV     1   --> A              
     e( 71 - 71) =     21.03062  eV     1   --> A              
     e( 72 - 72) =     21.88863  eV     1   --> A              
     e( 73 - 73) =     22.69770  eV     1   --> A              
     e( 74 - 74) =     22.89918  eV     1   --> A              
     e( 75 - 75) =     23.23696  eV     1   --> A              
     e( 76 - 76) =     23.69438  eV     1   --> A              
     e( 77 - 77) =     24.19934  eV     1   --> A              
     e( 78 - 78) =     24.69172  eV     1   --> A              
     e( 79 - 79) =     25.13386  eV     1   --> A              
     e( 80 - 80) =     25.16694  eV     1   --> A              

 **************************************************************************

 **************************************************************************

                    xk=(   0.25000,   0.20352,   0.00266  )

     Band symmetry, C_1 (1)     point group:

     e(  1 -  1) =    -76.62523  eV     1   --> A              
     e(  2 -  2) =    -68.26428  eV     1   --> A              
     e(  3 -  3) =    -63.81279  eV     1   --> A              
     e(  4 -  4) =    -63.79103  eV     1   --> A              
     e(  5 -  5) =    -44.02563  eV     1   --> A              
     e(  6 -  6) =    -42.43401  eV     1   --> A              
     e(  7 -  7) =    -42.30024  eV     1   --> A              
     e(  8 -  8) =    -37.33036  eV     1   --> A              
     e(  9 -  9) =    -37.31766  eV     1   --> A              
     e( 10 - 10) =    -37.30137  eV     1   --> A              
     e( 11 - 11) =    -28.28936  eV     1   --> A              
     e( 12 - 12) =    -28.23236  eV     1   --> A              
     e( 13 - 13) =    -28.20754  eV     1   --> A              
     e( 14 - 14) =    -28.13066  eV     1   --> A              
     e( 15 - 15) =    -28.12512  eV     1   --> A              
     e( 16 - 16) =    -28.06391  eV     1   --> A              
     e( 17 - 17) =     -8.00808  eV     1   --> A              
     e( 18 - 18) =     -7.09283  eV     1   --> A              
     e( 19 - 19) =     -6.89727  eV     1   --> A              
     e( 20 - 20) =     -6.67980  eV     1   --> A              
     e( 21 - 21) =     -6.58409  eV     1   --> A              
     e( 22 - 22) =     -6.31546  eV     1   --> A              
     e( 23 - 23) =     -6.13589  eV     1   --> A              
     e( 24 - 24) =     -6.07442  eV     1   --> A              
     e( 25 - 25) =      3.64704  eV     1   --> A              
     e( 26 - 26) =      4.00312  eV     1   --> A              
     e( 27 - 27) =      4.11905  eV     1   --> A              
     e( 28 - 28) =      4.21572  eV     1   --> A              
     e( 29 - 29) =      4.41488  eV     1   --> A              
     e( 30 - 30) =      4.46314  eV     1   --> A              
     e( 31 - 31) =      4.88911  eV     1   --> A              
     e( 32 - 32) =      5.07545  eV     1   --> A              
     e( 33 - 33) =      5.19090  eV     1   --> A              
     e( 34 - 34) =      5.52590  eV     1   --> A              
     e( 35 - 35) =      5.78963  eV     1   --> A              
     e( 36 - 36) =      6.03236  eV     1   --> A              
     e( 37 - 37) =      6.28361  eV     1   --> A              
     e( 38 - 38) =      6.53268  eV     1   --> A              
     e( 39 - 39) =      6.77217  eV     1   --> A              
     e( 40 - 40) =      6.96286  eV     1   --> A              
     e( 41 - 41) =      7.15488  eV     1   --> A              
     e( 42 - 42) =      7.39173  eV     1   --> A              
     e( 43 - 43) =      7.81654  eV     1   --> A              
     e( 44 - 44) =      7.91023  eV     1   --> A              
     e( 45 - 45) =      7.99610  eV     1   --> A              
     e( 46 - 46) =      8.25743  eV     1   --> A              
     e( 47 - 47) =      8.35876  eV     1   --> A              
     e( 48 - 48) =      8.43211  eV     1   --> A              
     e( 49 - 49) =      8.73327  eV     1   --> A              
     e( 50 - 50) =      8.85633  eV     1   --> A              
     e( 51 - 51) =      9.07102  eV     1   --> A              
     e( 52 - 52) =      9.48649  eV     1   --> A              
     e( 53 - 53) =      9.60512  eV     1   --> A              
     e( 54 - 54) =      9.75526  eV     1   --> A              
     e( 55 - 55) =      9.91803  eV     1   --> A              
     e( 56 - 56) =     10.17965  eV     1   --> A              
     e( 57 - 57) =     10.75562  eV     1   --> A              
     e( 58 - 58) =     11.11240  eV     1   --> A              
     e( 59 - 59) =     13.82206  eV     1   --> A              
     e( 60 - 60) =     13.96097  eV     1   --> A              
     e( 61 - 61) =     14.24274  eV     1   --> A              
     e( 62 - 62) =     14.69656  eV     1   --> A              
     e( 63 - 63) =     15.15174  eV     1   --> A              
     e( 64 - 64) =     15.23382  eV     1   --> A              
     e( 65 - 65) =     17.77689  eV     1   --> A              
     e( 66 - 66) =     17.99040  eV     1   --> A              
     e( 67 - 67) =     18.62106  eV     1   --> A              
     e( 68 - 68) =     19.13425  eV     1   --> A              
     e( 69 - 69) =     19.93282  eV     1   --> A              
     e( 70 - 70) =     20.94218  eV     1   --> A              
     e( 71 - 71) =     21.06386  eV     1   --> A              
     e( 72 - 72) =     21.91068  eV     1   --> A              
     e( 73 - 73) =     22.74377  eV     1   --> A              
     e( 74 - 74) =     22.88779  eV     1   --> A              
     e( 75 - 75) =     23.29859  eV     1   --> A              
     e( 76 - 76) =     23.62979  eV     1   --> A              
     e( 77 - 77) =     24.23783  eV     1   --> A              
     e( 78 - 78) =     24.70322  eV     1   --> A              
     e( 79 - 79) =     25.02996  eV     1   --> A              
     e( 80 - 80) =     25.28076  eV     1   --> A              

 **************************************************************************

 **************************************************************************

                    xk=(   0.22500,   0.18317,   0.00240  )

     Band symmetry, C_1 (1)     point group:

     e(  1 -  1) =    -76.62522  eV     1   --> A              
     e(  2 -  2) =    -68.26428  eV     1   --> A              
     e(  3 -  3) =    -63.81276  eV     1   --> A              
     e(  4 -  4) =    -63.79103  eV     1   --> A              
     e(  5 -  5) =    -44.02563  eV     1   --> A              
     e(  6 -  6) =    -42.43401  eV     1   --> A              
     e(  7 -  7) =    -42.30024  eV     1   --> A              
     e(  8 -  8) =    -37.33036  eV     1   --> A              
     e(  9 -  9) =    -37.31767  eV     1   --> A              
     e( 10 - 10) =    -37.30137  eV     1   --> A              
     e( 11 - 11) =    -28.28943  eV     1   --> A              
     e( 12 - 12) =    -28.23272  eV     1   --> A              
     e( 13 - 13) =    -28.20733  eV     1   --> A              
     e( 14 - 14) =    -28.13043  eV     1   --> A              
     e( 15 - 15) =    -28.12480  eV     1   --> A              
     e( 16 - 16) =    -28.06377  eV     1   --> A              
     e( 17 - 17) =     -8.05326  eV     1   --> A              
     e( 18 - 18) =     -7.06499  eV     1   --> A              
     e( 19 - 19) =     -6.88089  eV     1   --> A              
     e( 20 - 20) =     -6.67241  eV     1   --> A              
     e( 21 - 21) =     -6.58366  eV     1   --> A              
     e( 22 - 22) =     -6.33075  eV     1   --> A              
     e( 23 - 23) =     -6.13083  eV     1   --> A              
     e( 24 - 24) =     -6.06069  eV     1   --> A              
     e( 25 - 25) =      3.64581  eV     1   --> A              
     e( 26 - 26) =      3.99210  eV     1   --> A              
     e( 27 - 27) =      4.07513  eV     1   --> A              
     e( 28 - 28) =      4.23486  eV     1   --> A              
     e( 29 - 29) =      4.36780  eV     1   --> A              
     e( 30 - 30) =      4.46997  eV     1   --> A              
     e( 31 - 31) =      4.85149  eV     1   --> A              
     e( 32 - 32) =      5.11481  eV     1   --> A              
     e( 33 - 33) =      5.21114  eV     1   --> A              
     e( 34 - 34) =      5.51083  eV     1   --> A              
     e( 35 - 35) =      5.74527  eV     1   --> A              
     e( 36 - 36) =      6.05622  eV     1   --> A              
     e( 37 - 37) =      6.30956  eV     1   --> A              
     e( 38 - 38) =      6.56011  eV     1   --> A              
     e( 39 - 39) =      6.77560  eV     1   --> A              
     e( 40 - 40) =      6.94521  eV     1   --> A              
     e( 41 - 41) =      7.12845  eV     1   --> A              
     e( 42 - 42) =      7.38712  eV     1   --> A              
     e( 43 - 43) =      7.83028  eV     1   --> A              
     e( 44 - 44) =      7.95282  eV     1   --> A              
     e( 45 - 45) =      8.02726  eV     1   --> A              
     e( 46 - 46) =      8.29781  eV     1   --> A              
     e( 47 - 47) =      8.38632  eV     1   --> A              
     e( 48 - 48) =      8.44804  eV     1   --> A              
     e( 49 - 49) =      8.69666  eV     1   --> A              
     e( 50 - 50) =      8.85654  eV     1   --> A              
     e( 51 - 51) =      9.08569  eV     1   --> A              
     e( 52 - 52) =      9.46612  eV     1   --> A              
     e( 53 - 53) =      9.60181  eV     1   --> A              
     e( 54 - 54) =      9.73719  eV     1   --> A              
     e( 55 - 55) =      9.90995  eV     1   --> A              
     e( 56 - 56) =     10.16861  eV     1   --> A              
     e( 57 - 57) =     10.75410  eV     1   --> A              
     e( 58 - 58) =     11.10950  eV     1   --> A              
     e( 59 - 59) =     13.84070  eV     1   --> A              
     e( 60 - 60) =     13.94145  eV     1   --> A              
     e( 61 - 61) =     14.23021  eV     1   --> A              
     e( 62 - 62) =     14.68875  eV     1   --> A              
     e( 63 - 63) =     15.15315  eV     1   --> A              
     e( 64 - 64) =     15.27124  eV     1   --> A              
     e( 65 - 65) =     17.62582  eV     1   --> A              
     e( 66 - 66) =     17.95257  eV     1   --> A              
     e( 67 - 67) =     18.66015  eV     1   --> A              
     e( 68 - 68) =     19.17549  eV     1   --> A              
     e( 69 - 69) =     19.89433  eV     1   --> A              
     e( 70 - 70) =     20.96700  eV     1   --> A              
     e( 71 - 71) =     21.11114  eV     1   --> A              
     e( 72 - 72) =     21.92594  eV     1   --> A              
     e( 73 - 73) =     22.77125  eV     1   --> A              
     e( 74 - 74) =     22.88361  eV     1   --> A              
     e( 75 - 75) =     23.32643  eV     1   --> A              
     e( 76 - 76) =     23.61011  eV     1   --> A              
     e( 77 - 77) =     24.28844  eV     1   --> A              
     e( 78 - 78) =     24.72336  eV     1   --> A              
     e( 79 - 79) =     24.91541  eV     1   --> A              
     e( 80 - 80) =     25.33307  eV     1   --> A              

 **************************************************************************

 **************************************************************************

                    xk=(   0.20000,   0.16282,   0.00213  )

     Band symmetry, C_1 (1)     point group:

     e(  1 -  1) =    -76.62522  eV     1   --> A              
     e(  2 -  2) =    -68.26429  eV     1   --> A              
     e(  3 -  3) =    -63.81274  eV     1   --> A              
     e(  4 -  4) =    -63.79104  eV     1   --> A              
     e(  5 -  5) =    -44.02563  eV     1   --> A              
     e(  6 -  6) =    -42.43400  eV     1   --> A              
     e(  7 -  7) =    -42.30023  eV     1   --> A              
     e(  8 -  8) =    -37.33035  eV     1   --> A              
     e(  9 -  9) =    -37.31767  eV     1   --> A              
     e( 10 - 10) =    -37.30136  eV     1   --> A              
     e( 11 - 11) =    -28.28950  eV     1   --> A              
     e( 12 - 12) =    -28.23306  eV     1   --> A              
     e( 13 - 13) =    -28.20712  eV     1   --> A              
     e( 14 - 14) =    -28.13020  eV     1   --> A              
     e( 15 - 15) =    -28.12449  eV     1   --> A              
     e( 16 - 16) =    -28.06364  eV     1   --> A              
     e( 17 - 17) =     -8.09731  eV     1   --> A              
     e( 18 - 18) =     -7.03882  eV     1   --> A              
     e( 19 - 19) =     -6.86336  eV     1   --> A              
     e( 20 - 20) =     -6.66887  eV     1   --> A              
     e( 21 - 21) =     -6.58250  eV     1   --> A              
     e( 22 - 22) =     -6.34340  eV     1   --> A              
     e( 23 - 23) =     -6.12973  eV     1   --> A              
     e( 24 - 24) =     -6.04152  eV     1   --> A              
     e( 25 - 25) =      3.64438  eV     1   --> A              
     e( 26 - 26) =      3.95450  eV     1   --> A              
     e( 27 - 27) =      4.04993  eV     1   --> A              
     e( 28 - 28) =      4.22105  eV     1   --> A              
     e( 29 - 29) =      4.32384  eV     1   --> A              
     e( 30 - 30) =      4.50153  eV     1   --> A              
     e( 31 - 31) =      4.80534  eV     1   --> A              
     e( 32 - 32) =      5.13962  eV     1   --> A              
     e( 33 - 33) =      5.25924  eV     1   --> A              
     e( 34 - 34) =      5.50255  eV     1   --> A              
     e( 35 - 35) =      5.70705  eV     1   --> A              
     e( 36 - 36) =      6.07601  eV     1   --> A              
     e( 37 - 37) =      6.35110  eV     1   --> A              
     e( 38 - 38) =      6.58428  eV     1   --> A              
     e( 39 - 39) =      6.78152  eV     1   --> A              
     e( 40 - 40) =      6.93181  eV     1   --> A              
     e( 41 - 41) =      7.11244  eV     1   --> A              
     e( 42 - 42) =      7.39934  eV     1   --> A              
     e( 43 - 43) =      7.81066  eV     1   --> A              
     e( 44 - 44) =      7.96702  eV     1   --> A              
     e( 45 - 45) =      8.08649  eV     1   --> A              
     e( 46 - 46) =      8.31949  eV     1   --> A              
     e( 47 - 47) =      8.40856  eV     1   --> A              
     e( 48 - 48) =      8.47337  eV     1   --> A              
     e( 49 - 49) =      8.67479  eV     1   --> A              
     e( 50 - 50) =      8.84793  eV     1   --> A              
     e( 51 - 51) =      9.10775  eV     1   --> A              
     e( 52 - 52) =      9.43885  eV     1   --> A              
     e( 53 - 53) =      9.60919  eV     1   --> A              
     e( 54 - 54) =      9.71463  eV     1   --> A              
     e( 55 - 55) =      9.90022  eV     1   --> A              
     e( 56 - 56) =     10.15089  eV     1   --> A              
     e( 57 - 57) =     10.73897  eV     1   --> A              
     e( 58 - 58) =     11.10749  eV     1   --> A              
     e( 59 - 59) =     13.84490  eV     1   --> A              
     e( 60 - 60) =     13.94459  eV     1   --> A              
     e( 61 - 61) =     14.21863  eV     1   --> A              
     e( 62 - 62) =     14.67569  eV     1   --> A              
     e( 63 - 63) =     15.14667  eV     1   --> A              
     e( 64 - 64) =     15.31892  eV     1   --> A              
     e( 65 - 65) =     17.46385  eV     1   --> A              
     e( 66 - 66) =     17.92630  eV     1   --> A              
     e( 67 - 67) =     18.70087  eV     1   --> A              
     e( 68 - 68) =     19.22822  eV     1   --> A              
     e( 69 - 69) =     19.85533  eV     1   --> A              
     e( 70 - 70) =     20.99943  eV     1   --> A              
     e( 71 - 71) =     21.16701  eV     1   --> A              
     e( 72 - 72) =     21.93927  eV     1   --> A              
     e( 73 - 73) =     22.76605  eV     1   --> A              
     e( 74 - 74) =     22.89319  eV     1   --> A              
     e( 75 - 75) =     23.29822  eV     1   --> A              
     e( 76 - 76) =     23.65856  eV     1   --> A              
     e( 77 - 77) =     24.34831  eV     1   --> A              
     e( 78 - 78) =     24.74277  eV     1   --> A              
     e( 79 - 79) =     24.82127  eV     1   --> A              
     e( 80 - 80) =     25.26755  eV     1   --> A              

 **************************************************************************

 **************************************************************************

                    xk=(   0.17500,   0.14247,   0.00186  )

     Band symmetry, C_1 (1)     point group:

     e(  1 -  1) =    -76.62522  eV     1   --> A              
     e(  2 -  2) =    -68.26429  eV     1   --> A              
     e(  3 -  3) =    -63.81272  eV     1   --> A              
     e(  4 -  4) =    -63.79105  eV     1   --> A              
     e(  5 -  5) =    -44.02563  eV     1   --> A              
     e(  6 -  6) =    -42.43400  eV     1   --> A              
     e(  7 -  7) =    -42.30023  eV     1   --> A              
     e(  8 -  8) =    -37.33035  eV     1   --> A              
     e(  9 -  9) =    -37.31767  eV     1   --> A              
     e( 10 - 10) =    -37.30135  eV     1   --> A              
     e( 11 - 11) =    -28.28954  eV     1   --> A              
     e( 12 - 12) =    -28.23337  eV     1   --> A              
     e( 13 - 13) =    -28.20691  eV     1   --> A              
     e( 14 - 14) =    -28.12997  eV     1   --> A              
     e( 15 - 15) =    -28.12420  eV     1   --> A              
     e( 16 - 16) =    -28.06352  eV     1   --> A              
     e( 17 - 17) =     -8.13903  eV     1   --> A              
     e( 18 - 18) =     -7.01623  eV     1   --> A              
     e( 19 - 19) =     -6.84364  eV     1   --> A              
     e( 20 - 20) =     -6.66869  eV     1   --> A              
     e( 21 - 21) =     -6.58167  eV     1   --> A              
     e( 22 - 22) =     -6.35301  eV     1   --> A              
     e( 23 - 23) =     -6.13100  eV     1   --> A              
     e( 24 - 24) =     -6.01918  eV     1   --> A              
     e( 25 - 25) =      3.64278  eV     1   --> A              
     e( 26 - 26) =      3.90170  eV     1   --> A              
     e( 27 - 27) =      4.03316  eV     1   --> A              
     e( 28 - 28) =      4.18385  eV     1   --> A              
     e( 29 - 29) =      4.30268  eV     1   --> A              
     e( 30 - 30) =      4.52661  eV     1   --> A              
     e( 31 - 31) =      4.76963  eV     1   --> A              
     e( 32 - 32) =      5.14444  eV     1   --> A              
     e( 33 - 33) =      5.30538  eV     1   --> A              
     e( 34 - 34) =      5.50114  eV     1   --> A              
     e( 35 - 35) =      5.69119  eV     1   --> A              
     e( 36 - 36) =      6.09850  eV     1   --> A              
     e( 37 - 37) =      6.40282  eV     1   --> A              
     e( 38 - 38) =      6.60637  eV     1   --> A              
     e( 39 - 39) =      6.78586  eV     1   --> A              
     e( 40 - 40) =      6.93337  eV     1   --> A              
     e( 41 - 41) =      7.10795  eV     1   --> A              
     e( 42 - 42) =      7.42072  eV     1   --> A              
     e( 43 - 43) =      7.77557  eV     1   --> A              
     e( 44 - 44) =      7.95737  eV     1   --> A              
     e( 45 - 45) =      8.14174  eV     1   --> A              
     e( 46 - 46) =      8.32721  eV     1   --> A              
     e( 47 - 47) =      8.41505  eV     1   --> A              
     e( 48 - 48) =      8.50428  eV     1   --> A              
     e( 49 - 49) =      8.68200  eV     1   --> A              
     e( 50 - 50) =      8.82904  eV     1   --> A              
     e( 51 - 51) =      9.13647  eV     1   --> A              
     e( 52 - 52) =      9.40714  eV     1   --> A              
     e( 53 - 53) =      9.62771  eV     1   --> A              
     e( 54 - 54) =      9.68971  eV     1   --> A              
     e( 55 - 55) =      9.88940  eV     1   --> A              
     e( 56 - 56) =     10.12630  eV     1   --> A              
     e( 57 - 57) =     10.70621  eV     1   --> A              
     e( 58 - 58) =     11.11245  eV     1   --> A              
     e( 59 - 59) =     13.82820  eV     1   --> A              
     e( 60 - 60) =     13.97647  eV     1   --> A              
     e( 61 - 61) =     14.20869  eV     1   --> A              
     e( 62 - 62) =     14.65736  eV     1   --> A              
     e( 63 - 63) =     15.13646  eV     1   --> A              
     e( 64 - 64) =     15.37026  eV     1   --> A              
     e( 65 - 65) =     17.30146  eV     1   --> A              
     e( 66 - 66) =     17.90997  eV     1   --> A              
     e( 67 - 67) =     18.74356  eV     1   --> A              
     e( 68 - 68) =     19.28348  eV     1   --> A              
     e( 69 - 69) =     19.81432  eV     1   --> A              
     e( 70 - 70) =     21.04391  eV     1   --> A              
     e( 71 - 71) =     21.22811  eV     1   --> A              
     e( 72 - 72) =     21.95393  eV     1   --> A              
     e( 73 - 73) =     22.72418  eV     1   --> A              
     e( 74 - 74) =     22.91292  eV     1   --> A              
     e( 75 - 75) =     23.25288  eV     1   --> A              
     e( 76 - 76) =     23.73339  eV     1   --> A              
     e( 77 - 77) =     24.41759  eV     1   --> A              
     e( 78 - 78) =     24.69815  eV     1   --> A              
     e( 79 - 79) =     24.81513  eV     1   --> A              
     e( 80 - 80) =     25.16472  eV     1   --> A              

 **************************************************************************

 **************************************************************************

                    xk=(   0.15000,   0.12211,   0.00160  )

     Band symmetry, C_1 (1)     point group:

     e(  1 -  1) =    -76.62522  eV     1   --> A              
     e(  2 -  2) =    -68.26429  eV     1   --> A              
     e(  3 -  3) =    -63.81272  eV     1   --> A              
     e(  4 -  4) =    -63.79107  eV     1   --> A              
     e(  5 -  5) =    -44.02564  eV     1   --> A              
     e(  6 -  6) =    -42.43399  eV     1   --> A              
     e(  7 -  7) =    -42.30023  eV     1   --> A              
     e(  8 -  8) =    -37.33034  eV     1   --> A              
     e(  9 -  9) =    -37.31767  eV     1   --> A              
     e( 10 - 10) =    -37.30135  eV     1   --> A              
     e( 11 - 11) =    -28.28958  eV     1   --> A              
     e( 12 - 12) =    -28.23364  eV     1   --> A              
     e( 13 - 13) =    -28.20672  eV     1   --> A              
     e( 14 - 14) =    -28.12977  eV     1   --> A              
     e( 15 - 15) =    -28.12392  eV     1   --> A              
     e( 16 - 16) =    -28.06340  eV     1   --> A              
     e( 17 - 17) =     -8.17733  eV     1   --> A              
     e( 18 - 18) =     -6.99846  eV     1   --> A              
     e( 19 - 19) =     -6.82130  eV     1   --> A              
     e( 20 - 20) =     -6.67086  eV     1   --> A              
     e( 21 - 21) =     -6.58209  eV     1   --> A              
     e( 22 - 22) =     -6.35976  eV     1   --> A              
     e( 23 - 23) =     -6.13331  eV     1   --> A              
     e( 24 - 24) =     -5.99580  eV     1   --> A              
     e( 25 - 25) =      3.64099  eV     1   --> A              
     e( 26 - 26) =      3.84784  eV     1   --> A              
     e( 27 - 27) =      4.00844  eV     1   --> A              
     e( 28 - 28) =      4.15316  eV     1   --> A              
     e( 29 - 29) =      4.28751  eV     1   --> A              
     e( 30 - 30) =      4.53270  eV     1   --> A              
     e( 31 - 31) =      4.75487  eV     1   --> A              
     e( 32 - 32) =      5.13587  eV     1   --> A              
     e( 33 - 33) =      5.31933  eV     1   --> A              
     e( 34 - 34) =      5.51069  eV     1   --> A              
     e( 35 - 35) =      5.70552  eV     1   --> A              
     e( 36 - 36) =      6.13282  eV     1   --> A              
     e( 37 - 37) =      6.45802  eV     1   --> A              
     e( 38 - 38) =      6.63107  eV     1   --> A              
     e( 39 - 39) =      6.78246  eV     1   --> A              
     e( 40 - 40) =      6.95662  eV     1   --> A              
     e( 41 - 41) =      7.11361  eV     1   --> A              
     e( 42 - 42) =      7.44466  eV     1   --> A              
     e( 43 - 43) =      7.73001  eV     1   --> A              
     e( 44 - 44) =      7.93541  eV     1   --> A              
     e( 45 - 45) =      8.17275  eV     1   --> A              
     e( 46 - 46) =      8.32093  eV     1   --> A              
     e( 47 - 47) =      8.41109  eV     1   --> A              
     e( 48 - 48) =      8.53376  eV     1   --> A              
     e( 49 - 49) =      8.71679  eV     1   --> A              
     e( 50 - 50) =      8.80945  eV     1   --> A              
     e( 51 - 51) =      9.16703  eV     1   --> A              
     e( 52 - 52) =      9.37801  eV     1   --> A              
     e( 53 - 53) =      9.63962  eV     1   --> A              
     e( 54 - 54) =      9.67787  eV     1   --> A              
     e( 55 - 55) =      9.87607  eV     1   --> A              
     e( 56 - 56) =     10.09701  eV     1   --> A              
     e( 57 - 57) =     10.65727  eV     1   --> A              
     e( 58 - 58) =     11.12562  eV     1   --> A              
     e( 59 - 59) =     13.80395  eV     1   --> A              
     e( 60 - 60) =     14.02306  eV     1   --> A              
     e( 61 - 61) =     14.20100  eV     1   --> A              
     e( 62 - 62) =     14.63372  eV     1   --> A              
     e( 63 - 63) =     15.12473  eV     1   --> A              
     e( 64 - 64) =     15.42096  eV     1   --> A              
     e( 65 - 65) =     17.14617  eV     1   --> A              
     e( 66 - 66) =     17.90146  eV     1   --> A              
     e( 67 - 67) =     18.79019  eV     1   --> A              
     e( 68 - 68) =     19.33428  eV     1   --> A              
     e( 69 - 69) =     19.76991  eV     1   --> A              
     e( 70 - 70) =     21.10166  eV     1   --> A              
     e( 71 - 71) =     21.29271  eV     1   --> A              
     e( 72 - 72) =     21.97144  eV     1   --> A              
     e( 73 - 73) =     22.65348  eV     1   --> A              
     e( 74 - 74) =     22.93091  eV     1   --> A              
     e( 75 - 75) =     23.21955  eV     1   --> A              
     e( 76 - 76) =     23.79739  eV     1   --> A              
     e( 77 - 77) =     24.49707  eV     1   --> A              
     e( 78 - 78) =     24.63319  eV     1   --> A              
     e( 79 - 79) =     24.85677  eV     1   --> A              
     e( 80 - 80) =     25.05895  eV     1   --> A              

 **************************************************************************

 **************************************************************************

                    xk=(   0.12500,   0.10176,   0.00133  )

     Band symmetry, C_1 (1)     point group:

     e(  1 -  1) =    -76.62521  eV     1   --> A              
     e(  2 -  2) =    -68.26429  eV     1   --> A              
     e(  3 -  3) =    -63.81271  eV     1   --> A              
     e(  4 -  4) =    -63.79109  eV     1   --> A              
     e(  5 -  5) =    -44.02564  eV     1   --> A              
     e(  6 -  6) =    -42.43399  eV     1   --> A              
     e(  7 -  7) =    -42.30023  eV     1   --> A              
     e(  8 -  8) =    -37.33034  eV     1   --> A              
     e(  9 -  9) =    -37.31767  eV     1   --> A              
     e( 10 - 10) =    -37.30134  eV     1   --> A              
     e( 11 - 11) =    -28.28960  eV     1   --> A              
     e( 12 - 12) =    -28.23387  eV     1   --> A              
     e( 13 - 13) =    -28.20654  eV     1   --> A              
     e( 14 - 14) =    -28.12959  eV     1   --> A              
     e( 15 - 15) =    -28.12368  eV     1   --> A              
     e( 16 - 16) =    -28.06330  eV     1   --> A              
     e( 17 - 17) =     -8.21130  eV     1   --> A              
     e( 18 - 18) =     -6.98568  eV     1   --> A              
     e( 19 - 19) =     -6.79694  eV     1   --> A              
     e( 20 - 20) =     -6.67439  eV     1   --> A              
     e( 21 - 21) =     -6.58416  eV     1   --> A              
     e( 22 - 22) =     -6.36427  eV     1   --> A              
     e( 23 - 23) =     -6.13580  eV     1   --> A              
     e( 24 - 24) =     -5.97307  eV     1   --> A              
     e( 25 - 25) =      3.63898  eV     1   --> A              
     e( 26 - 26) =      3.79818  eV     1   --> A              
     e( 27 - 27) =      3.97475  eV     1   --> A              
     e( 28 - 28) =      4.13826  eV     1   --> A              
     e( 29 - 29) =      4.27101  eV     1   --> A              
     e( 30 - 30) =      4.52104  eV     1   --> A              
     e( 31 - 31) =      4.75973  eV     1   --> A              
     e( 32 - 32) =      5.11344  eV     1   --> A              
     e( 33 - 33) =      5.30738  eV     1   --> A              
     e( 34 - 34) =      5.53273  eV     1   --> A              
     e( 35 - 35) =      5.73317  eV     1   --> A              
     e( 36 - 36) =      6.18659  eV     1   --> A              
     e( 37 - 37) =      6.50972  eV     1   --> A              
     e( 38 - 38) =      6.66285  eV     1   --> A              
     e( 39 - 39) =      6.77426  eV     1   --> A              
     e( 40 - 40) =      6.99713  eV     1   --> A              
     e( 41 - 41) =      7.12703  eV     1   --> A              
     e( 42 - 42) =      7.46504  eV     1   --> A              
     e( 43 - 43) =      7.67709  eV     1   --> A              
     e( 44 - 44) =      7.90760  eV     1   --> A              
     e( 45 - 45) =      8.17449  eV     1   --> A              
     e( 46 - 46) =      8.30015  eV     1   --> A              
     e( 47 - 47) =      8.40919  eV     1   --> A              
     e( 48 - 48) =      8.55973  eV     1   --> A              
     e( 49 - 49) =      8.72808  eV     1   --> A              
     e( 50 - 50) =      8.83588  eV     1   --> A              
     e( 51 - 51) =      9.18855  eV     1   --> A              
     e( 52 - 52) =      9.36403  eV     1   --> A              
     e( 53 - 53) =      9.61384  eV     1   --> A              
     e( 54 - 54) =      9.70422  eV     1   --> A              
     e( 55 - 55) =      9.85839  eV     1   --> A              
     e( 56 - 56) =     10.06671  eV     1   --> A              
     e( 57 - 57) =     10.59832  eV     1   --> A              
     e( 58 - 58) =     11.14428  eV     1   --> A              
     e( 59 - 59) =     13.77966  eV     1   --> A              
     e( 60 - 60) =     14.07546  eV     1   --> A              
     e( 61 - 61) =     14.19642  eV     1   --> A              
     e( 62 - 62) =     14.60472  eV     1   --> A              
     e( 63 - 63) =     15.11283  eV     1   --> A              
     e( 64 - 64) =     15.46794  eV     1   --> A              
     e( 65 - 65) =     17.00401  eV     1   --> A              
     e( 66 - 66) =     17.89848  eV     1   --> A              
     e( 67 - 67) =     18.84211  eV     1   --> A              
     e( 68 - 68) =     19.37643  eV     1   --> A              
     e( 69 - 69) =     19.72133  eV     1   --> A              
     e( 70 - 70) =     21.17043  eV     1   --> A              
     e( 71 - 71) =     21.36014  eV     1   --> A              
     e( 72 - 72) =     21.99169  eV     1   --> A              
     e( 73 - 73) =     22.56379  eV     1   --> A              
     e( 74 - 74) =     22.93931  eV     1   --> A              
     e( 75 - 75) =     23.20501  eV     1   --> A              
     e( 76 - 76) =     23.83354  eV     1   --> A              
     e( 77 - 77) =     24.57763  eV     1   --> A              
     e( 78 - 78) =     24.59651  eV     1   --> A              
     e( 79 - 79) =     24.90214  eV     1   --> A              
     e( 80 - 80) =     24.96575  eV     1   --> A              

 **************************************************************************

 **************************************************************************

                    xk=(   0.10000,   0.08141,   0.00107  )

     Band symmetry, C_1 (1)     point group:

     e(  1 -  1) =    -76.62521  eV     1   --> A              
     e(  2 -  2) =    -68.26429  eV     1   --> A              
     e(  3 -  3) =    -63.81271  eV     1   --> A              
     e(  4 -  4) =    -63.79111  eV     1   --> A              
     e(  5 -  5) =    -44.02564  eV     1   --> A              
     e(  6 -  6) =    -42.43399  eV     1   --> A              
     e(  7 -  7) =    -42.30023  eV     1   --> A              
     e(  8 -  8) =    -37.33034  eV     1   --> A              
     e(  9 -  9) =    -37.31767  eV     1   --> A              
     e( 10 - 10) =    -37.30134  eV     1   --> A              
     e( 11 - 11) =    -28.28962  eV     1   --> A              
     e( 12 - 12) =    -28.23406  eV     1   --> A              
     e( 13 - 13) =    -28.20639  eV     1   --> A              
     e( 14 - 14) =    -28.12943  eV     1   --> A              
     e( 15 - 15) =    -28.12347  eV     1   --> A              
     e( 16 - 16) =    -28.06322  eV     1   --> A              
     e( 17 - 17) =     -8.24014  eV     1   --> A              
     e( 18 - 18) =     -6.97719  eV     1   --> A              
     e( 19 - 19) =     -6.77209  eV     1   --> A              
     e( 20 - 20) =     -6.67840  eV     1   --> A              
     e( 21 - 21) =     -6.58777  eV     1   --> A              
     e( 22 - 22) =     -6.36733  eV     1   --> A              
     e( 23 - 23) =     -6.13800  eV     1   --> A              
     e( 24 - 24) =     -5.95241  eV     1   --> A              
     e( 25 - 25) =      3.63674  eV     1   --> A              
     e( 26 - 26) =      3.75526  eV     1   --> A              
     e( 27 - 27) =      3.94006  eV     1   --> A              
     e( 28 - 28) =      4.13370  eV     1   --> A              
     e( 29 - 29) =      4.25252  eV     1   --> A              
     e( 30 - 30) =      4.50271  eV     1   --> A              
     e( 31 - 31) =      4.77399  eV     1   --> A              
     e( 32 - 32) =      5.07824  eV     1   --> A              
     e( 33 - 33) =      5.29119  eV     1   --> A              
     e( 34 - 34) =      5.56228  eV     1   --> A              
     e( 35 - 35) =      5.75291  eV     1   --> A              
     e( 36 - 36) =      6.26016  eV     1   --> A              
     e( 37 - 37) =      6.55172  eV     1   --> A              
     e( 38 - 38) =      6.69242  eV     1   --> A              
     e( 39 - 39) =      6.78004  eV     1   --> A              
     e( 40 - 40) =      7.04474  eV     1   --> A              
     e( 41 - 41) =      7.14534  eV     1   --> A              
     e( 42 - 42) =      7.47458  eV     1   --> A              
     e( 43 - 43) =      7.62276  eV     1   --> A              
     e( 44 - 44) =      7.87994  eV     1   --> A              
     e( 45 - 45) =      8.14693  eV     1   --> A              
     e( 46 - 46) =      8.27613  eV     1   --> A              
     e( 47 - 47) =      8.41053  eV     1   --> A              
     e( 48 - 48) =      8.57716  eV     1   --> A              
     e( 49 - 49) =      8.70995  eV     1   --> A              
     e( 50 - 50) =      8.91120  eV     1   --> A              
     e( 51 - 51) =      9.19082  eV     1   --> A              
     e( 52 - 52) =      9.37668  eV     1   --> A              
     e( 53 - 53) =      9.57742  eV     1   --> A              
     e( 54 - 54) =      9.73041  eV     1   --> A              
     e( 55 - 55) =      9.84005  eV     1   --> A              
     e( 56 - 56) =     10.03897  eV     1   --> A              
     e( 57 - 57) =     10.53715  eV     1   --> A              
     e( 58 - 58) =     11.16464  eV     1   --> A              
     e( 59 - 59) =     13.75814  eV     1   --> A              
     e( 60 - 60) =     14.12684  eV     1   --> A              
     e( 61 - 61) =     14.19824  eV     1   --> A              
     e( 62 - 62) =     14.57040  eV     1   --> A              
     e( 63 - 63) =     15.10169  eV     1   --> A              
     e( 64 - 64) =     15.50898  eV     1   --> A              
     e( 65 - 65) =     16.88008  eV     1   --> A              
     e( 66 - 66) =     17.89885  eV     1   --> A              
     e( 67 - 67) =     18.89911  eV     1   --> A              
     e( 68 - 68) =     19.40798  eV     1   --> A              
     e( 69 - 69) =     19.66931  eV     1   --> A              
     e( 70 - 70) =     21.24419  eV     1   --> A              
     e( 71 - 71) =     21.43067  eV     1   --> A              
     e( 72 - 72) =     22.01287  eV     1   --> A              
     e( 73 - 73) =     22.46535  eV     1   --> A              
     e( 74 - 74) =     22.93544  eV     1   --> A              
     e( 75 - 75) =     23.20636  eV     1   --> A              
     e( 76 - 76) =     23.83994  eV     1   --> A              
     e( 77 - 77) =     24.56685  eV     1   --> A              
     e( 78 - 78) =     24.67234  eV     1   --> A              
     e( 79 - 79) =     24.86693  eV     1   --> A              
     e( 80 - 80) =     24.97351  eV     1   --> A              

 **************************************************************************

 **************************************************************************

                    xk=(   0.07500,   0.06106,   0.00080  )

     Band symmetry, C_1 (1)     point group:

     e(  1 -  1) =    -76.62521  eV     1   --> A              
     e(  2 -  2) =    -68.26429  eV     1   --> A              
     e(  3 -  3) =    -63.81271  eV     1   --> A              
     e(  4 -  4) =    -63.79113  eV     1   --> A              
     e(  5 -  5) =    -44.02564  eV     1   --> A              
     e(  6 -  6) =    -42.43398  eV     1   --> A              
     e(  7 -  7) =    -42.30023  eV     1   --> A              
     e(  8 -  8) =    -37.33033  eV     1   --> A              
     e(  9 -  9) =    -37.31767  eV     1   --> A              
     e( 10 - 10) =    -37.30133  eV     1   --> A              
     e( 11 - 11) =    -28.28962  eV     1   --> A              
     e( 12 - 12) =    -28.23421  eV     1   --> A              
     e( 13 - 13) =    -28.20626  eV     1   --> A              
     e( 14 - 14) =    -28.12931  eV     1   --> A              
     e( 15 - 15) =    -28.12330  eV     1   --> A              
     e( 16 - 16) =    -28.06315  eV     1   --> A              
     e( 17 - 17) =     -8.26322  eV     1   --> A              
     e( 18 - 18) =     -6.97191  eV     1   --> A              
     e( 19 - 19) =     -6.74876  eV     1   --> A              
     e( 20 - 20) =     -6.68218  eV     1   --> A              
     e( 21 - 21) =     -6.59252  eV     1   --> A              
     e( 22 - 22) =     -6.36955  eV     1   --> A              
     e( 23 - 23) =     -6.13967  eV     1   --> A              
     e( 24 - 24) =     -5.93501  eV     1   --> A              
     e( 25 - 25) =      3.63425  eV     1   --> A              
     e( 26 - 26) =      3.72084  eV     1   --> A              
     e( 27 - 27) =      3.91041  eV     1   --> A              
     e( 28 - 28) =      4.13394  eV     1   --> A              
     e( 29 - 29) =      4.23362  eV     1   --> A              
     e( 30 - 30) =      4.48588  eV     1   --> A              
     e( 31 - 31) =      4.79011  eV     1   --> A              
     e( 32 - 32) =      5.03705  eV     1   --> A              
     e( 33 - 33) =      5.27986  eV     1   --> A              
     e( 34 - 34) =      5.59530  eV     1   --> A              
     e( 35 - 35) =      5.75771  eV     1   --> A              
     e( 36 - 36) =      6.34457  eV     1   --> A              
     e( 37 - 37) =      6.58217  eV     1   --> A              
     e( 38 - 38) =      6.69208  eV     1   --> A              
     e( 39 - 39) =      6.82819  eV     1   --> A              
     e( 40 - 40) =      7.08986  eV     1   --> A              
     e( 41 - 41) =      7.16522  eV     1   --> A              
     e( 42 - 42) =      7.46214  eV     1   --> A              
     e( 43 - 43) =      7.58001  eV     1   --> A              
     e( 44 - 44) =      7.85819  eV     1   --> A              
     e( 45 - 45) =      8.09593  eV     1   --> A              
     e( 46 - 46) =      8.26060  eV     1   --> A              
     e( 47 - 47) =      8.41041  eV     1   --> A              
     e( 48 - 48) =      8.57271  eV     1   --> A              
     e( 49 - 49) =      8.71111  eV     1   --> A              
     e( 50 - 50) =      8.98865  eV     1   --> A              
     e( 51 - 51) =      9.18525  eV     1   --> A              
     e( 52 - 52) =      9.40887  eV     1   --> A              
     e( 53 - 53) =      9.53799  eV     1   --> A              
     e( 54 - 54) =      9.72590  eV     1   --> A              
     e( 55 - 55) =      9.84111  eV     1   --> A              
     e( 56 - 56) =     10.01489  eV     1   --> A              
     e( 57 - 57) =     10.48121  eV     1   --> A              
     e( 58 - 58) =     11.18352  eV     1   --> A              
     e( 59 - 59) =     13.74070  eV     1   --> A              
     e( 60 - 60) =     14.16026  eV     1   --> A              
     e( 61 - 61) =     14.22101  eV     1   --> A              
     e( 62 - 62) =     14.53097  eV     1   --> A              
     e( 63 - 63) =     15.09204  eV     1   --> A              
     e( 64 - 64) =     15.54241  eV     1   --> A              
     e( 65 - 65) =     16.77878  eV     1   --> A              
     e( 66 - 66) =     17.90078  eV     1   --> A              
     e( 67 - 67) =     18.95884  eV     1   --> A              
     e( 68 - 68) =     19.42789  eV     1   --> A              
     e( 69 - 69) =     19.61716  eV     1   --> A              
     e( 70 - 70) =     21.31358  eV     1   --> A              
     e( 71 - 71) =     21.50483  eV     1   --> A              
     e( 72 - 72) =     22.03136  eV     1   --> A              
     e( 73 - 73) =     22.36802  eV     1   --> A              
     e( 74 - 74) =     22.92193  eV     1   --> A              
     e( 75 - 75) =     23.21689  eV     1   --> A              
     e( 76 - 76) =     23.82608  eV     1   --> A              
     e( 77 - 77) =     24.56250  eV     1   --> A              
     e( 78 - 78) =     24.73383  eV     1   --> A              
     e( 79 - 79) =     24.81157  eV     1   --> A              
     e( 80 - 80) =     25.03460  eV     1   --> A              

 **************************************************************************

 **************************************************************************

                    xk=(   0.05000,   0.04070,   0.00053  )

     Band symmetry, C_1 (1)     point group:

     e(  1 -  1) =    -76.62520  eV     1   --> A              
     e(  2 -  2) =    -68.26429  eV     1   --> A              
     e(  3 -  3) =    -63.81272  eV     1   --> A              
     e(  4 -  4) =    -63.79114  eV     1   --> A              
     e(  5 -  5) =    -44.02564  eV     1   --> A              
     e(  6 -  6) =    -42.43398  eV     1   --> A              
     e(  7 -  7) =    -42.30023  eV     1   --> A              
     e(  8 -  8) =    -37.33033  eV     1   --> A              
     e(  9 -  9) =    -37.31767  eV     1   --> A              
     e( 10 - 10) =    -37.30133  eV     1   --> A              
     e( 11 - 11) =    -28.28963  eV     1   --> A              
     e( 12 - 12) =    -28.23431  eV     1   --> A              
     e( 13 - 13) =    -28.20617  eV     1   --> A              
     e( 14 - 14) =    -28.12922  eV     1   --> A              
     e( 15 - 15) =    -28.12318  eV     1   --> A              
     e( 16 - 16) =    -28.06310  eV     1   --> A              
     e( 17 - 17) =     -8.28006  eV     1   --> A              
     e( 18 - 18) =     -6.96888  eV     1   --> A              
     e( 19 - 19) =     -6.72921  eV     1   --> A              
     e( 20 - 20) =     -6.68512  eV     1   --> A              
     e( 21 - 21) =     -6.59765  eV     1   --> A              
     e( 22 - 22) =     -6.37123  eV     1   --> A              
     e( 23 - 23) =     -6.14076  eV     1   --> A              
     e( 24 - 24) =     -5.92186  eV     1   --> A              
     e( 25 - 25) =      3.63164  eV     1   --> A              
     e( 26 - 26) =      3.69614  eV     1   --> A              
     e( 27 - 27) =      3.88845  eV     1   --> A              
     e( 28 - 28) =      4.13607  eV     1   --> A              
     e( 29 - 29) =      4.21694  eV     1   --> A              
     e( 30 - 30) =      4.47360  eV     1   --> A              
     e( 31 - 31) =      4.80484  eV     1   --> A              
     e( 32 - 32) =      4.99874  eV     1   --> A              
     e( 33 - 33) =      5.27338  eV     1   --> A              
     e( 34 - 34) =      5.62874  eV     1   --> A              
     e( 35 - 35) =      5.74985  eV     1   --> A              
     e( 36 - 36) =      6.42707  eV     1   --> A              
     e( 37 - 37) =      6.60277  eV     1   --> A              
     e( 38 - 38) =      6.67205  eV     1   --> A              
     e( 39 - 39) =      6.89952  eV     1   --> A              
     e( 40 - 40) =      7.12398  eV     1   --> A              
     e( 41 - 41) =      7.18291  eV     1   --> A              
     e( 42 - 42) =      7.42412  eV     1   --> A              
     e( 43 - 43) =      7.55921  eV     1   --> A              
     e( 44 - 44) =      7.84702  eV     1   --> A              
     e( 45 - 45) =      8.03663  eV     1   --> A              
     e( 46 - 46) =      8.25309  eV     1   --> A              
     e( 47 - 47) =      8.40703  eV     1   --> A              
     e( 48 - 48) =      8.55240  eV     1   --> A              
     e( 49 - 49) =      8.73364  eV     1   --> A              
     e( 50 - 50) =      9.03679  eV     1   --> A              
     e( 51 - 51) =      9.20306  eV     1   --> A              
     e( 52 - 52) =      9.43928  eV     1   --> A              
     e( 53 - 53) =      9.50387  eV     1   --> A              
     e( 54 - 54) =      9.68736  eV     1   --> A              
     e( 55 - 55) =      9.86583  eV     1   --> A              
     e( 56 - 56) =      9.99283  eV     1   --> A              
     e( 57 - 57) =     10.43678  eV     1   --> A              
     e( 58 - 58) =     11.19857  eV     1   --> A              
     e( 59 - 59) =     13.72799  eV     1   --> A              
     e( 60 - 60) =     14.16887  eV     1   --> A              
     e( 61 - 61) =     14.26950  eV     1   --> A              
     e( 62 - 62) =     14.48697  eV     1   --> A              
     e( 63 - 63) =     15.08451  eV     1   --> A              
     e( 64 - 64) =     15.56705  eV     1   --> A              
     e( 65 - 65) =     16.70371  eV     1   --> A              
     e( 66 - 66) =     17.90298  eV     1   --> A              
     e( 67 - 67) =     19.01602  eV     1   --> A              
     e( 68 - 68) =     19.43456  eV     1   --> A              
     e( 69 - 69) =     19.57233  eV     1   --> A              
     e( 70 - 70) =     21.36884  eV     1   --> A              
     e( 71 - 71) =     21.57987  eV     1   --> A              
     e( 72 - 72) =     22.04138  eV     1   --> A              
     e( 73 - 73) =     22.28332  eV     1   --> A              
     e( 74 - 74) =     22.90483  eV     1   --> A              
     e( 75 - 75) =     23.22965  eV     1   --> A              
     e( 76 - 76) =     23.80521  eV     1   --> A              
     e( 77 - 77) =     24.56477  eV     1   --> A              
     e( 78 - 78) =     24.72787  eV     1   --> A              
     e( 79 - 79) =     24.81887  eV     1   --> A              
     e( 80 - 80) =     25.09762  eV     1   --> A              

 **************************************************************************

 **************************************************************************

                    xk=(   0.02500,   0.02035,   0.00027  )

     Band symmetry, C_1 (1)     point group:

     e(  1 -  1) =    -76.62520  eV     1   --> A              
     e(  2 -  2) =    -68.26429  eV     1   --> A              
     e(  3 -  3) =    -63.81272  eV     1   --> A              
     e(  4 -  4) =    -63.79115  eV     1   --> A              
     e(  5 -  5) =    -44.02564  eV     1   --> A              
     e(  6 -  6) =    -42.43398  eV     1   --> A              
     e(  7 -  7) =    -42.30023  eV     1   --> A              
     e(  8 -  8) =    -37.33033  eV     1   --> A              
     e(  9 -  9) =    -37.31767  eV     1   --> A              
     e( 10 - 10) =    -37.30133  eV     1   --> A              
     e( 11 - 11) =    -28.28963  eV     1   --> A              
     e( 12 - 12) =    -28.23437  eV     1   --> A              
     e( 13 - 13) =    -28.20611  eV     1   --> A              
     e( 14 - 14) =    -28.12916  eV     1   --> A              
     e( 15 - 15) =    -28.12310  eV     1   --> A              
     e( 16 - 16) =    -28.06307  eV     1   --> A              
     e( 17 - 17) =     -8.29030  eV     1   --> A              
     e( 18 - 18) =     -6.96735  eV     1   --> A              
     e( 19 - 19) =     -6.71598  eV     1   --> A              
     e( 20 - 20) =     -6.68681  eV     1   --> A              
     e( 21 - 21) =     -6.60191  eV     1   --> A              
     e( 22 - 22) =     -6.37234  eV     1   --> A              
     e( 23 - 23) =     -6.14135  eV     1   --> A              
     e( 24 - 24) =     -5.91367  eV     1   --> A              
     e( 25 - 25) =      3.62936  eV     1   --> A              
     e( 26 - 26) =      3.68164  eV     1   --> A              
     e( 27 - 27) =      3.87509  eV     1   --> A              
     e( 28 - 28) =      4.13835  eV     1   --> A              
     e( 29 - 29) =      4.20525  eV     1   --> A              
     e( 30 - 30) =      4.46639  eV     1   --> A              
     e( 31 - 31) =      4.81602  eV     1   --> A              
     e( 32 - 32) =      4.97107  eV     1   --> A              
     e( 33 - 33) =      5.27016  eV     1   --> A              
     e( 34 - 34) =      5.65873  eV     1   --> A              
     e( 35 - 35) =      5.73459  eV     1   --> A              
     e( 36 - 36) =      6.49485  eV     1   --> A              
     e( 37 - 37) =      6.61520  eV     1   --> A              
     e( 38 - 38) =      6.64538  eV     1   --> A              
     e( 39 - 39) =      6.96544  eV     1   --> A              
     e( 40 - 40) =      7.14051  eV     1   --> A              
     e( 41 - 41) =      7.19500  eV     1   --> A              
     e( 42 - 42) =      7.38310  eV     1   --> A              
     e( 43 - 43) =      7.55132  eV     1   --> A              
     e( 44 - 44) =      7.84750  eV     1   --> A              
     e( 45 - 45) =      7.98611  eV     1   --> A              
     e( 46 - 46) =      8.25006  eV     1   --> A              
     e( 47 - 47) =      8.40208  eV     1   --> A              
     e( 48 - 48) =      8.53517  eV     1   --> A              
     e( 49 - 49) =      8.75745  eV     1   --> A              
     e( 50 - 50) =      9.04500  eV     1   --> A              
     e( 51 - 51) =      9.25488  eV     1   --> A              
     e( 52 - 52) =      9.42318  eV     1   --> A              
     e( 53 - 53) =      9.51220  eV     1   --> A              
     e( 54 - 54) =      9.64065  eV     1   --> A              
     e( 55 - 55) =      9.89453  eV     1   --> A              
     e( 56 - 56) =      9.97157  eV     1   --> A              
     e( 57 - 57) =     10.40842  eV     1   --> A              
     e( 58 - 58) =     11.20822  eV     1   --> A              
     e( 59 - 59) =     13.72029  eV     1   --> A              
     e( 60 - 60) =     14.17059  eV     1   --> A              
     e( 61 - 61) =     14.32316  eV     1   --> A              
     e( 62 - 62) =     14.43991  eV     1   --> A              
     e( 63 - 63) =     15.07970  eV     1   --> A              
     e( 64 - 64) =     15.58213  eV     1   --> A              
     e( 65 - 65) =     16.65756  eV     1   --> A              
     e( 66 - 66) =     17.90459  eV     1   --> A              
     e( 67 - 67) =     19.06075  eV     1   --> A              
     e( 68 - 68) =     19.42850  eV     1   --> A              
     e( 69 - 69) =     19.54479  eV     1   --> A              
     e( 70 - 70) =     21.40364  eV     1   --> A              
     e( 71 - 71) =     21.64332  eV     1   --> A              
     e( 72 - 72) =     22.03786  eV     1   --> A              
     e( 73 - 73) =     22.22670  eV     1   --> A              
     e( 74 - 74) =     22.89092  eV     1   --> A              
     e( 75 - 75) =     23.23941  eV     1   --> A              
     e( 76 - 76) =     23.78827  eV     1   --> A              
     e( 77 - 77) =     24.56705  eV     1   --> A              
     e( 78 - 78) =     24.70492  eV     1   --> A              
     e( 79 - 79) =     24.84103  eV     1   --> A              
     e( 80 - 80) =     25.14623  eV     1   --> A              

 **************************************************************************

 **************************************************************************

                    xk=(   0.00000,   0.00000,   0.00000  )

     point group C_2  (2)   
     there are  2 classes
     the character table:

       E     C2   
A      1.00  1.00
B      1.00 -1.00

     the symmetry operations in each class and the name of the first element:

     E        1
                                                                 
     C2       2
                                                                 

     Band symmetry, C_2  (2)    point group:

     e(  1 -  1) =    -76.62520  eV     1   --> A              
     e(  2 -  2) =    -68.26429  eV     1   --> A              
     e(  3 -  3) =    -63.81272  eV     1   --> A              
     e(  4 -  4) =    -63.79115  eV     1   --> A              
     e(  5 -  5) =    -44.02564  eV     1   --> A              
     e(  6 -  6) =    -42.43398  eV     1   --> B              
     e(  7 -  7) =    -42.30023  eV     1   --> B              
     e(  8 -  8) =    -37.33033  eV     1   --> B              
     e(  9 -  9) =    -37.31767  eV     1   --> A              
     e( 10 - 10) =    -37.30133  eV     1   --> B              
     e( 11 - 11) =    -28.28963  eV     1   --> B              
     e( 12 - 12) =    -28.23439  eV     1   --> A              
     e( 13 - 13) =    -28.20609  eV     1   --> B              
     e( 14 - 14) =    -28.12914  eV     1   --> B              
     e( 15 - 15) =    -28.12308  eV     1   --> A              
     e( 16 - 16) =    -28.06306  eV     1   --> B              
     e( 17 - 17) =     -8.29374  eV     1   --> A              
     e( 18 - 18) =     -6.96689  eV     1   --> A              
     e( 19 - 19) =     -6.71129  eV     1   --> A              
     e( 20 - 20) =     -6.68728  eV     1   --> B              
     e( 21 - 21) =     -6.60363  eV     1   --> B              
     e( 22 - 22) =     -6.37273  eV     1   --> A              
     e( 23 - 23) =     -6.14154  eV     1   --> B              
     e( 24 - 24) =     -5.91088  eV     1   --> B              
     e( 25 - 25) =      3.62840  eV     1   --> A              
     e( 26 - 26) =      3.67694  eV     1   --> B              
     e( 27 - 27) =      3.87062  eV     1   --> A              
     e( 28 - 28) =      4.13934  eV     1   --> A              
     e( 29 - 29) =      4.20100  eV     1   --> B              
     e( 30 - 30) =      4.46403  eV     1   --> A              
     e( 31 - 31) =      4.82046  eV     1   --> A              
     e( 32 - 32) =      4.96074  eV     1   --> B              
     e( 33 - 33) =      5.26919  eV     1   --> A              
     e( 34 - 34) =      5.67421  eV     1   --> B              
     e( 35 - 35) =      5.72393  eV     1   --> A              
     e( 36 - 36) =      6.52612  eV     1   --> A              
     e( 37 - 37) =      6.62216  eV     1   --> B              
     e( 38 - 38) =      6.62590  eV     1   --> A              
     e( 39 - 39) =      6.99503  eV     1   --> B              
     e( 40 - 40) =      7.14264  eV     1   --> A              
     e( 41 - 41) =      7.19933  eV     1   --> B              
     e( 42 - 42) =      7.36555  eV     1   --> B              
     e( 43 - 43) =      7.54906  eV     1   --> A              
     e( 44 - 44) =      7.85115  eV     1   --> B              
     e( 45 - 45) =      7.96445  eV     1   --> A              
     e( 46 - 46) =      8.24930  eV     1   --> B              
     e( 47 - 47) =      8.39965  eV     1   --> A              
     e( 48 - 48) =      8.52899  eV     1   --> A              
     e( 49 - 49) =      8.76743  eV     1   --> A              
     e( 50 - 50) =      9.04284  eV     1   --> B              
     e( 51 - 51) =      9.29133  eV     1   --> A              
     e( 52 - 52) =      9.39621  eV     1   --> B              
     e( 53 - 53) =      9.53117  eV     1   --> B              
     e( 54 - 54) =      9.61452  eV     1   --> A              
     e( 55 - 55) =      9.91029  eV     1   --> B              
     e( 56 - 56) =      9.95897  eV     1   --> B              
     e( 57 - 57) =     10.39870  eV     1   --> A              
     e( 58 - 58) =     11.21153  eV     1   --> B              
     e( 59 - 59) =     13.71772  eV     1   --> A              
     e( 60 - 60) =     14.17091  eV     1   --> B              
     e( 61 - 61) =     14.36076  eV     1   --> A              
     e( 62 - 62) =     14.40485  eV     1   --> A              
     e( 63 - 63) =     15.07805  eV     1   --> A              
     e( 64 - 64) =     15.58720  eV     1   --> B              
     e( 65 - 65) =     16.64200  eV     1   --> A              
     e( 66 - 66) =     17.90517  eV     1   --> A              
     e( 67 - 67) =     19.07852  eV     1   --> B              
     e( 68 - 68) =     19.42256  eV     1   --> A              
     e( 69 - 69) =     19.53662  eV     1   --> B              
     e( 70 - 70) =     21.41544  eV     1   --> B              
     e( 71 - 71) =     21.67017  eV     1   --> A              
     e( 72 - 72) =     22.03140  eV     1   --> B              
     e( 73 - 73) =     22.20812  eV     1   --> A              
     e( 74 - 74) =     22.88559  eV     1   --> A              
     e( 75 - 75) =     23.24300  eV     1   --> A              
     e( 76 - 76) =     23.78189  eV     1   --> A              
     e( 77 - 77) =     24.56762  eV     1   --> A              
     e( 78 - 78) =     24.69691  eV     1   --> B              
     e( 79 - 79) =     24.84869  eV     1   --> B              
     e( 80 - 80) =     25.16460  eV     1   --> A              

 **************************************************************************

 **************************************************************************

                    xk=(  -0.00000,   0.00000,   0.02314  )

     point group C_1 (1)    
     there are  1 classes
     the character table:

       E    
A      1.00

     the symmetry operations in each class and the name of the first element:

     E        1
                                                                 

     Band symmetry, C_1 (1)     point group:

     e(  1 -  1) =    -76.62520  eV     1   --> A              
     e(  2 -  2) =    -68.26429  eV     1   --> A              
     e(  3 -  3) =    -63.81271  eV     1   --> A              
     e(  4 -  4) =    -63.79116  eV     1   --> A              
     e(  5 -  5) =    -44.02564  eV     1   --> A              
     e(  6 -  6) =    -42.43398  eV     1   --> A              
     e(  7 -  7) =    -42.30023  eV     1   --> A              
     e(  8 -  8) =    -37.33033  eV     1   --> A              
     e(  9 -  9) =    -37.31768  eV     1   --> A              
     e( 10 - 10) =    -37.30133  eV     1   --> A              
     e( 11 - 11) =    -28.28961  eV     1   --> A              
     e( 12 - 12) =    -28.23456  eV     1   --> A              
     e( 13 - 13) =    -28.20598  eV     1   --> A              
     e( 14 - 14) =    -28.12999  eV     1   --> A              
     e( 15 - 15) =    -28.12223  eV     1   --> A              
     e( 16 - 16) =    -28.06303  eV     1   --> A              
     e( 17 - 17) =     -8.29143  eV     1   --> A              
     e( 18 - 18) =     -6.96697  eV     1   --> A              
     e( 19 - 19) =     -6.71771  eV     1   --> A              
     e( 20 - 20) =     -6.68998  eV     1   --> A              
     e( 21 - 21) =     -6.59687  eV     1   --> A              
     e( 22 - 22) =     -6.37168  eV     1   --> A              
     e( 23 - 23) =     -6.14207  eV     1   --> A              
     e( 24 - 24) =     -5.91174  eV     1   --> A              
     e( 25 - 25) =      3.63049  eV     1   --> A              
     e( 26 - 26) =      3.67720  eV     1   --> A              
     e( 27 - 27) =      3.87481  eV     1   --> A              
     e( 28 - 28) =      4.14040  eV     1   --> A              
     e( 29 - 29) =      4.19468  eV     1   --> A              
     e( 30 - 30) =      4.46362  eV     1   --> A              
     e( 31 - 31) =      4.81956  eV     1   --> A              
     e( 32 - 32) =      4.96989  eV     1   --> A              
     e( 33 - 33) =      5.26818  eV     1   --> A              
     e( 34 - 34) =      5.65266  eV     1   --> A              
     e( 35 - 35) =      5.73814  eV     1   --> A              
     e( 36 - 36) =      6.50039  eV     1   --> A              
     e( 37 - 37) =      6.56088  eV     1   --> A              
     e( 38 - 38) =      6.72179  eV     1   --> A              
     e( 39 - 39) =      6.99200  eV     1   --> A              
     e( 40 - 40) =      7.14609  eV     1   --> A              
     e( 41 - 41) =      7.19563  eV     1   --> A              
     e( 42 - 42) =      7.36253  eV     1   --> A              
     e( 43 - 43) =      7.54593  eV     1   --> A              
     e( 44 - 44) =      7.84333  eV     1   --> A              
     e( 45 - 45) =      7.97235  eV     1   --> A              
     e( 46 - 46) =      8.24048  eV     1   --> A              
     e( 47 - 47) =      8.40094  eV     1   --> A              
     e( 48 - 48) =      8.54284  eV     1   --> A              
     e( 49 - 49) =      8.76268  eV     1   --> A              
     e( 50 - 50) =      9.04055  eV     1   --> A              
     e( 51 - 51) =      9.28016  eV     1   --> A              
     e( 52 - 52) =      9.40746  eV     1   --> A              
     e( 53 - 53) =      9.52957  eV     1   --> A              
     e( 54 - 54) =      9.61214  eV     1   --> A              
     e( 55 - 55) =      9.90777  eV     1   --> A              
     e( 56 - 56) =      9.95491  eV     1   --> A              
     e( 57 - 57) =     10.41152  eV     1   --> A              
     e( 58 - 58) =     11.21197  eV     1   --> A              
     e( 59 - 59) =     13.72019  eV     1   --> A              
     e( 60 - 60) =     14.16581  eV     1   --> A              
     e( 61 - 61) =     14.35985  eV     1   --> A              
     e( 62 - 62) =     14.40519  eV     1   --> A              
     e( 63 - 63) =     15.07747  eV     1   --> A              
     e( 64 - 64) =     15.58259  eV     1   --> A              
     e( 65 - 65) =     16.65165  eV     1   --> A              
     e( 66 - 66) =     17.90484  eV     1   --> A              
     e( 67 - 67) =     19.05375  eV     1   --> A              
     e( 68 - 68) =     19.44734  eV     1   --> A              
     e( 69 - 69) =     19.53833  eV     1   --> A              
     e( 70 - 70) =     21.41874  eV     1   --> A              
     e( 71 - 71) =     21.66625  eV     1   --> A              
     e( 72 - 72) =     22.01806  eV     1   --> A              
     e( 73 - 73) =     22.20604  eV     1   --> A              
     e( 74 - 74) =     22.88736  eV     1   --> A              
     e( 75 - 75) =     23.25842  eV     1   --> A              
     e( 76 - 76) =     23.77714  eV     1   --> A              
     e( 77 - 77) =     24.54944  eV     1   --> A              
     e( 78 - 78) =     24.69698  eV     1   --> A              
     e( 79 - 79) =     24.87146  eV     1   --> A              
     e( 80 - 80) =     25.16277  eV     1   --> A              

 **************************************************************************

 **************************************************************************

                    xk=(  -0.00001,   0.00000,   0.04627  )

     Band symmetry, C_1 (1)     point group:

     e(  1 -  1) =    -76.62520  eV     1   --> A              
     e(  2 -  2) =    -68.26429  eV     1   --> A              
     e(  3 -  3) =    -63.81269  eV     1   --> A              
     e(  4 -  4) =    -63.79117  eV     1   --> A              
     e(  5 -  5) =    -44.02564  eV     1   --> A              
     e(  6 -  6) =    -42.43398  eV     1   --> A              
     e(  7 -  7) =    -42.30023  eV     1   --> A              
     e(  8 -  8) =    -37.33033  eV     1   --> A              
     e(  9 -  9) =    -37.31768  eV     1   --> A              
     e( 10 - 10) =    -37.30133  eV     1   --> A              
     e( 11 - 11) =    -28.28956  eV     1   --> A              
     e( 12 - 12) =    -28.23506  eV     1   --> A              
     e( 13 - 13) =    -28.20565  eV     1   --> A              
     e( 14 - 14) =    -28.13183  eV     1   --> A              
     e( 15 - 15) =    -28.12041  eV     1   --> A              
     e( 16 - 16) =    -28.06296  eV     1   --> A              
     e( 17 - 17) =     -8.28451  eV     1   --> A              
     e( 18 - 18) =     -6.96722  eV     1   --> A              
     e( 19 - 19) =     -6.73340  eV     1   --> A              
     e( 20 - 20) =     -6.69816  eV     1   --> A              
     e( 21 - 21) =     -6.57996  eV     1   --> A              
     e( 22 - 22) =     -6.36879  eV     1   --> A              
     e( 23 - 23) =     -6.14352  eV     1   --> A              
     e( 24 - 24) =     -5.91431  eV     1   --> A              
     e( 25 - 25) =      3.63664  eV     1   --> A              
     e( 26 - 26) =      3.67805  eV     1   --> A              
     e( 27 - 27) =      3.88701  eV     1   --> A              
     e( 28 - 28) =      4.14210  eV     1   --> A              
     e( 29 - 29) =      4.17873  eV     1   --> A              
     e( 30 - 30) =      4.46238  eV     1   --> A              
     e( 31 - 31) =      4.81753  eV     1   --> A              
     e( 32 - 32) =      4.99510  eV     1   --> A              
     e( 33 - 33) =      5.26494  eV     1   --> A              
     e( 34 - 34) =      5.61220  eV     1   --> A              
     e( 35 - 35) =      5.75644  eV     1   --> A              
     e( 36 - 36) =      6.43386  eV     1   --> A              
     e( 37 - 37) =      6.55013  eV     1   --> A              
     e( 38 - 38) =      6.82144  eV     1   --> A              
     e( 39 - 39) =      6.98905  eV     1   --> A              
     e( 40 - 40) =      7.15337  eV     1   --> A              
     e( 41 - 41) =      7.18604  eV     1   --> A              
     e( 42 - 42) =      7.35413  eV     1   --> A              
     e( 43 - 43) =      7.53688  eV     1   --> A              
     e( 44 - 44) =      7.82073  eV     1   --> A              
     e( 45 - 45) =      7.99481  eV     1   --> A              
     e( 46 - 46) =      8.22158  eV     1   --> A              
     e( 47 - 47) =      8.40098  eV     1   --> A              
     e( 48 - 48) =      8.57994  eV     1   --> A              
     e( 49 - 49) =      8.74866  eV     1   --> A              
     e( 50 - 50) =      9.03398  eV     1   --> A              
     e( 51 - 51) =      9.25476  eV     1   --> A              
     e( 52 - 52) =      9.43281  eV     1   --> A              
     e( 53 - 53) =      9.52487  eV     1   --> A              
     e( 54 - 54) =      9.60611  eV     1   --> A              
     e( 55 - 55) =      9.89125  eV     1   --> A              
     e( 56 - 56) =      9.95435  eV     1   --> A              
     e( 57 - 57) =     10.44633  eV     1   --> A              
     e( 58 - 58) =     11.21329  eV     1   --> A              
     e( 59 - 59) =     13.72755  eV     1   --> A              
     e( 60 - 60) =     14.15145  eV     1   --> A              
     e( 61 - 61) =     14.35683  eV     1   --> A              
     e( 62 - 62) =     14.40594  eV     1   --> A              
     e( 63 - 63) =     15.07564  eV     1   --> A              
     e( 64 - 64) =     15.56885  eV     1   --> A              
     e( 65 - 65) =     16.68033  eV     1   --> A              
     e( 66 - 66) =     17.90386  eV     1   --> A              
     e( 67 - 67) =     18.99448  eV     1   --> A              
     e( 68 - 68) =     19.50300  eV     1   --> A              
     e( 69 - 69) =     19.54697  eV     1   --> A              
     e( 70 - 70) =     21.42840  eV     1   --> A              
     e( 71 - 71) =     21.65310  eV     1   --> A              
     e( 72 - 72) =     21.98207  eV     1   --> A              
     e( 73 - 73) =     22.20003  eV     1   --> A              
     e( 74 - 74) =     22.89221  eV     1   --> A              
     e( 75 - 75) =     23.30287  eV     1   --> A              
     e( 76 - 76) =     23.76365  eV     1   --> A              
     e( 77 - 77) =     24.50693  eV     1   --> A              
     e( 78 - 78) =     24.69400  eV     1   --> A              
     e( 79 - 79) =     24.92917  eV     1   --> A              
     e( 80 - 80) =     25.15833  eV     1   --> A              

 **************************************************************************

 **************************************************************************

                    xk=(  -0.00001,   0.00000,   0.06941  )

     Band symmetry, C_1 (1)     point group:

     e(  1 -  1) =    -76.62521  eV     1   --> A              
     e(  2 -  2) =    -68.26429  eV     1   --> A              
     e(  3 -  3) =    -63.81266  eV     1   --> A              
     e(  4 -  4) =    -63.79120  eV     1   --> A              
     e(  5 -  5) =    -44.02564  eV     1   --> A              
     e(  6 -  6) =    -42.43398  eV     1   --> A              
     e(  7 -  7) =    -42.30022  eV     1   --> A              
     e(  8 -  8) =    -37.33033  eV     1   --> A              
     e(  9 -  9) =    -37.31768  eV     1   --> A              
     e( 10 - 10) =    -37.30133  eV     1   --> A              
     e( 11 - 11) =    -28.28946  eV     1   --> A              
     e( 12 - 12) =    -28.23586  eV     1   --> A              
     e( 13 - 13) =    -28.20512  eV     1   --> A              
     e( 14 - 14) =    -28.13399  eV     1   --> A              
     e( 15 - 15) =    -28.11828  eV     1   --> A              
     e( 16 - 16) =    -28.06284  eV     1   --> A              
     e( 17 - 17) =     -8.27300  eV     1   --> A              
     e( 18 - 18) =     -6.96768  eV     1   --> A              
     e( 19 - 19) =     -6.75329  eV     1   --> A              
     e( 20 - 20) =     -6.71155  eV     1   --> A              
     e( 21 - 21) =     -6.55789  eV     1   --> A              
     e( 22 - 22) =     -6.36476  eV     1   --> A              
     e( 23 - 23) =     -6.14545  eV     1   --> A              
     e( 24 - 24) =     -5.91853  eV     1   --> A              
     e( 25 - 25) =      3.64647  eV     1   --> A              
     e( 26 - 26) =      3.67971  eV     1   --> A              
     e( 27 - 27) =      3.90588  eV     1   --> A              
     e( 28 - 28) =      4.13391  eV     1   --> A              
     e( 29 - 29) =      4.16784  eV     1   --> A              
     e( 30 - 30) =      4.46034  eV     1   --> A              
     e( 31 - 31) =      4.81539  eV     1   --> A              
     e( 32 - 32) =      5.03108  eV     1   --> A              
     e( 33 - 33) =      5.25892  eV     1   --> A              
     e( 34 - 34) =      5.56591  eV     1   --> A              
     e( 35 - 35) =      5.76612  eV     1   --> A              
     e( 36 - 36) =      6.37664  eV     1   --> A              
     e( 37 - 37) =      6.54873  eV     1   --> A              
     e( 38 - 38) =      6.88793  eV     1   --> A              
     e( 39 - 39) =      7.01701  eV     1   --> A              
     e( 40 - 40) =      7.15025  eV     1   --> A              
     e( 41 - 41) =      7.18223  eV     1   --> A              
     e( 42 - 42) =      7.34166  eV     1   --> A              
     e( 43 - 43) =      7.52318  eV     1   --> A              
     e( 44 - 44) =      7.78612  eV     1   --> A              
     e( 45 - 45) =      8.02863  eV     1   --> A              
     e( 46 - 46) =      8.20337  eV     1   --> A              
     e( 47 - 47) =      8.39695  eV     1   --> A              
     e( 48 - 48) =      8.62916  eV     1   --> A              
     e( 49 - 49) =      8.72715  eV     1   --> A              
     e( 50 - 50) =      9.02395  eV     1   --> A              
     e( 51 - 51) =      9.22394  eV     1   --> A              
     e( 52 - 52) =      9.46229  eV     1   --> A              
     e( 53 - 53) =      9.51778  eV     1   --> A              
     e( 54 - 54) =      9.59912  eV     1   --> A              
     e( 55 - 55) =      9.85786  eV     1   --> A              
     e( 56 - 56) =      9.96514  eV     1   --> A              
     e( 57 - 57) =     10.49572  eV     1   --> A              
     e( 58 - 58) =     11.21553  eV     1   --> A              
     e( 59 - 59) =     13.73968  eV     1   --> A              
     e( 60 - 60) =     14.13020  eV     1   --> A              
     e( 61 - 61) =     14.35121  eV     1   --> A              
     e( 62 - 62) =     14.40629  eV     1   --> A              
     e( 63 - 63) =     15.07230  eV     1   --> A              
     e( 64 - 64) =     15.54618  eV     1   --> A              
     e( 65 - 65) =     16.72728  eV     1   --> A              
     e( 66 - 66) =     17.90232  eV     1   --> A              
     e( 67 - 67) =     18.92095  eV     1   --> A              
     e( 68 - 68) =     19.53538  eV     1   --> A              
     e( 69 - 69) =     19.59593  eV     1   --> A              
     e( 70 - 70) =     21.44354  eV     1   --> A              
     e( 71 - 71) =     21.62630  eV     1   --> A              
     e( 72 - 72) =     21.93383  eV     1   --> A              
     e( 73 - 73) =     22.19133  eV     1   --> A              
     e( 74 - 74) =     22.89933  eV     1   --> A              
     e( 75 - 75) =     23.37165  eV     1   --> A              
     e( 76 - 76) =     23.74351  eV     1   --> A              
     e( 77 - 77) =     24.45464  eV     1   --> A              
     e( 78 - 78) =     24.68436  eV     1   --> A              
     e( 79 - 79) =     25.00584  eV     1   --> A              
     e( 80 - 80) =     25.15422  eV     1   --> A              

 **************************************************************************

 **************************************************************************

                    xk=(  -0.00002,   0.00000,   0.09255  )

     Band symmetry, C_1 (1)     point group:

     e(  1 -  1) =    -76.62521  eV     1   --> A              
     e(  2 -  2) =    -68.26430  eV     1   --> A              
     e(  3 -  3) =    -63.81262  eV     1   --> A              
     e(  4 -  4) =    -63.79124  eV     1   --> A              
     e(  5 -  5) =    -44.02564  eV     1   --> A              
     e(  6 -  6) =    -42.43398  eV     1   --> A              
     e(  7 -  7) =    -42.30022  eV     1   --> A              
     e(  8 -  8) =    -37.33033  eV     1   --> A              
     e(  9 -  9) =    -37.31768  eV     1   --> A              
     e( 10 - 10) =    -37.30133  eV     1   --> A              
     e( 11 - 11) =    -28.28933  eV     1   --> A              
     e( 12 - 12) =    -28.23694  eV     1   --> A              
     e( 13 - 13) =    -28.20440  eV     1   --> A              
     e( 14 - 14) =    -28.13627  eV     1   --> A              
     e( 15 - 15) =    -28.11606  eV     1   --> A              
     e( 16 - 16) =    -28.06267  eV     1   --> A              
     e( 17 - 17) =     -8.25697  eV     1   --> A              
     e( 18 - 18) =     -6.96840  eV     1   --> A              
     e( 19 - 19) =     -6.77466  eV     1   --> A              
     e( 20 - 20) =     -6.72965  eV     1   --> A              
     e( 21 - 21) =     -6.53350  eV     1   --> A              
     e( 22 - 22) =     -6.36053  eV     1   --> A              
     e( 23 - 23) =     -6.14725  eV     1   --> A              
     e( 24 - 24) =     -5.92432  eV     1   --> A              
     e( 25 - 25) =      3.65901  eV     1   --> A              
     e( 26 - 26) =      3.68284  eV     1   --> A              
     e( 27 - 27) =      3.92781  eV     1   --> A              
     e( 28 - 28) =      4.11070  eV     1   --> A              
     e( 29 - 29) =      4.17393  eV     1   --> A              
     e( 30 - 30) =      4.45763  eV     1   --> A              
     e( 31 - 31) =      4.81353  eV     1   --> A              
     e( 32 - 32) =      5.07115  eV     1   --> A              
     e( 33 - 33) =      5.24942  eV     1   --> A              
     e( 34 - 34) =      5.51862  eV     1   --> A              
     e( 35 - 35) =      5.76547  eV     1   --> A              
     e( 36 - 36) =      6.33919  eV     1   --> A              
     e( 37 - 37) =      6.54851  eV     1   --> A              
     e( 38 - 38) =      6.89356  eV     1   --> A              
     e( 39 - 39) =      7.09853  eV     1   --> A              
     e( 40 - 40) =      7.12777  eV     1   --> A              
     e( 41 - 41) =      7.19367  eV     1   --> A              
     e( 42 - 42) =      7.32653  eV     1   --> A              
     e( 43 - 43) =      7.50743  eV     1   --> A              
     e( 44 - 44) =      7.74371  eV     1   --> A              
     e( 45 - 45) =      8.06935  eV     1   --> A              
     e( 46 - 46) =      8.19059  eV     1   --> A              
     e( 47 - 47) =      8.39011  eV     1   --> A              
     e( 48 - 48) =      8.66468  eV     1   --> A              
     e( 49 - 49) =      8.71628  eV     1   --> A              
     e( 50 - 50) =      9.01159  eV     1   --> A              
     e( 51 - 51) =      9.19098  eV     1   --> A              
     e( 52 - 52) =      9.48618  eV     1   --> A              
     e( 53 - 53) =      9.51375  eV     1   --> A              
     e( 54 - 54) =      9.59441  eV     1   --> A              
     e( 55 - 55) =      9.81776  eV     1   --> A              
     e( 56 - 56) =      9.98088  eV     1   --> A              
     e( 57 - 57) =     10.55328  eV     1   --> A              
     e( 58 - 58) =     11.21873  eV     1   --> A              
     e( 59 - 59) =     13.75639  eV     1   --> A              
     e( 60 - 60) =     14.10479  eV     1   --> A              
     e( 61 - 61) =     14.34289  eV     1   --> A              
     e( 62 - 62) =     14.40523  eV     1   --> A              
     e( 63 - 63) =     15.06708  eV     1   --> A              
     e( 64 - 64) =     15.51497  eV     1   --> A              
     e( 65 - 65) =     16.79130  eV     1   --> A              
     e( 66 - 66) =     17.90035  eV     1   --> A              
     e( 67 - 67) =     18.84329  eV     1   --> A              
     e( 68 - 68) =     19.54484  eV     1   --> A              
     e( 69 - 69) =     19.67397  eV     1   --> A              
     e( 70 - 70) =     21.46250  eV     1   --> A              
     e( 71 - 71) =     21.57890  eV     1   --> A              
     e( 72 - 72) =     21.88658  eV     1   --> A              
     e( 73 - 73) =     22.18287  eV     1   --> A              
     e( 74 - 74) =     22.90822  eV     1   --> A              
     e( 75 - 75) =     23.45846  eV     1   --> A              
     e( 76 - 76) =     23.72011  eV     1   --> A              
     e( 77 - 77) =     24.39826  eV     1   --> A              
     e( 78 - 78) =     24.66533  eV     1   --> A              
     e( 79 - 79) =     25.09114  eV     1   --> A              
     e( 80 - 80) =     25.15468  eV     1   --> A              

 **************************************************************************

 **************************************************************************

                    xk=(  -0.00002,   0.00000,   0.11568  )

     Band symmetry, C_1 (1)     point group:

     e(  1 -  1) =    -76.62521  eV     1   --> A              
     e(  2 -  2) =    -68.26430  eV     1   --> A              
     e(  3 -  3) =    -63.81257  eV     1   --> A              
     e(  4 -  4) =    -63.79128  eV     1   --> A              
     e(  5 -  5) =    -44.02564  eV     1   --> A              
     e(  6 -  6) =    -42.43398  eV     1   --> A              
     e(  7 -  7) =    -42.30022  eV     1   --> A              
     e(  8 -  8) =    -37.33033  eV     1   --> A              
     e(  9 -  9) =    -37.31768  eV     1   --> A              
     e( 10 - 10) =    -37.30133  eV     1   --> A              
     e( 11 - 11) =    -28.28915  eV     1   --> A              
     e( 12 - 12) =    -28.23827  eV     1   --> A              
     e( 13 - 13) =    -28.20352  eV     1   --> A              
     e( 14 - 14) =    -28.13859  eV     1   --> A              
     e( 15 - 15) =    -28.11382  eV     1   --> A              
     e( 16 - 16) =    -28.06248  eV     1   --> A              
     e( 17 - 17) =     -8.23648  eV     1   --> A              
     e( 18 - 18) =     -6.96943  eV     1   --> A              
     e( 19 - 19) =     -6.79625  eV     1   --> A              
     e( 20 - 20) =     -6.75201  eV     1   --> A              
     e( 21 - 21) =     -6.50819  eV     1   --> A              
     e( 22 - 22) =     -6.35705  eV     1   --> A              
     e( 23 - 23) =     -6.14813  eV     1   --> A              
     e( 24 - 24) =     -5.93158  eV     1   --> A              
     e( 25 - 25) =      3.67147  eV     1   --> A              
     e( 26 - 26) =      3.68972  eV     1   --> A              
     e( 27 - 27) =      3.94379  eV     1   --> A              
     e( 28 - 28) =      4.09380  eV     1   --> A              
     e( 29 - 29) =      4.18738  eV     1   --> A              
     e( 30 - 30) =      4.45447  eV     1   --> A              
     e( 31 - 31) =      4.81178  eV     1   --> A              
     e( 32 - 32) =      5.10577  eV     1   --> A              
     e( 33 - 33) =      5.23761  eV     1   --> A              
     e( 34 - 34) =      5.47604  eV     1   --> A              
     e( 35 - 35) =      5.75657  eV     1   --> A              
     e( 36 - 36) =      6.32086  eV     1   --> A              
     e( 37 - 37) =      6.54800  eV     1   --> A              
     e( 38 - 38) =      6.87744  eV     1   --> A              
     e( 39 - 39) =      7.09461  eV     1   --> A              
     e( 40 - 40) =      7.17709  eV     1   --> A              
     e( 41 - 41) =      7.21825  eV     1   --> A              
     e( 42 - 42) =      7.31566  eV     1   --> A              
     e( 43 - 43) =      7.49416  eV     1   --> A              
     e( 44 - 44) =      7.69807  eV     1   --> A              
     e( 45 - 45) =      8.11121  eV     1   --> A              
     e( 46 - 46) =      8.18398  eV     1   --> A              
     e( 47 - 47) =      8.38332  eV     1   --> A              
     e( 48 - 48) =      8.64028  eV     1   --> A              
     e( 49 - 49) =      8.75876  eV     1   --> A              
     e( 50 - 50) =      8.99820  eV     1   --> A              
     e( 51 - 51) =      9.15712  eV     1   --> A              
     e( 52 - 52) =      9.48403  eV     1   --> A              
     e( 53 - 53) =      9.52933  eV     1   --> A              
     e( 54 - 54) =      9.59612  eV     1   --> A              
     e( 55 - 55) =      9.77754  eV     1   --> A              
     e( 56 - 56) =      9.99709  eV     1   --> A              
     e( 57 - 57) =     10.61473  eV     1   --> A              
     e( 58 - 58) =     11.22288  eV     1   --> A              
     e( 59 - 59) =     13.77741  eV     1   --> A              
     e( 60 - 60) =     14.07779  eV     1   --> A              
     e( 61 - 61) =     14.33212  eV     1   --> A              
     e( 62 - 62) =     14.40195  eV     1   --> A              
     e( 63 - 63) =     15.05958  eV     1   --> A              
     e( 64 - 64) =     15.47570  eV     1   --> A              
     e( 65 - 65) =     16.87088  eV     1   --> A              
     e( 66 - 66) =     17.89813  eV     1   --> A              
     e( 67 - 67) =     18.76598  eV     1   --> A              
     e( 68 - 68) =     19.55313  eV     1   --> A              
     e( 69 - 69) =     19.75397  eV     1   --> A              
     e( 70 - 70) =     21.48209  eV     1   --> A              
     e( 71 - 71) =     21.50641  eV     1   --> A              
     e( 72 - 72) =     21.85034  eV     1   --> A              
     e( 73 - 73) =     22.17931  eV     1   --> A              
     e( 74 - 74) =     22.91877  eV     1   --> A              
     e( 75 - 75) =     23.55370  eV     1   --> A              
     e( 76 - 76) =     23.70067  eV     1   --> A              
     e( 77 - 77) =     24.33935  eV     1   --> A              
     e( 78 - 78) =     24.63463  eV     1   --> A              
     e( 79 - 79) =     25.15424  eV     1   --> A              
     e( 80 - 80) =     25.18751  eV     1   --> A              

 **************************************************************************

 **************************************************************************

                    xk=(  -0.00003,   0.00000,   0.13882  )

     Band symmetry, C_1 (1)     point group:

     e(  1 -  1) =    -76.62522  eV     1   --> A              
     e(  2 -  2) =    -68.26431  eV     1   --> A              
     e(  3 -  3) =    -63.81250  eV     1   --> A              
     e(  4 -  4) =    -63.79133  eV     1   --> A              
     e(  5 -  5) =    -44.02564  eV     1   --> A              
     e(  6 -  6) =    -42.43398  eV     1   --> A              
     e(  7 -  7) =    -42.30022  eV     1   --> A              
     e(  8 -  8) =    -37.33033  eV     1   --> A              
     e(  9 -  9) =    -37.31768  eV     1   --> A              
     e( 10 - 10) =    -37.30133  eV     1   --> A              
     e( 11 - 11) =    -28.28891  eV     1   --> A              
     e( 12 - 12) =    -28.23981  eV     1   --> A              
     e( 13 - 13) =    -28.20250  eV     1   --> A              
     e( 14 - 14) =    -28.14094  eV     1   --> A              
     e( 15 - 15) =    -28.11159  eV     1   --> A              
     e( 16 - 16) =    -28.06225  eV     1   --> A              
     e( 17 - 17) =     -8.21162  eV     1   --> A              
     e( 18 - 18) =     -6.97088  eV     1   --> A              
     e( 19 - 19) =     -6.81748  eV     1   --> A              
     e( 20 - 20) =     -6.77823  eV     1   --> A              
     e( 21 - 21) =     -6.48275  eV     1   --> A              
     e( 22 - 22) =     -6.35505  eV     1   --> A              
     e( 23 - 23) =     -6.14741  eV     1   --> A              
     e( 24 - 24) =     -5.94016  eV     1   --> A              
     e( 25 - 25) =      3.67968  eV     1   --> A              
     e( 26 - 26) =      3.70367  eV     1   --> A              
     e( 27 - 27) =      3.94045  eV     1   --> A              
     e( 28 - 28) =      4.10068  eV     1   --> A              
     e( 29 - 29) =      4.20592  eV     1   --> A              
     e( 30 - 30) =      4.45126  eV     1   --> A              
     e( 31 - 31) =      4.80974  eV     1   --> A              
     e( 32 - 32) =      5.11760  eV     1   --> A              
     e( 33 - 33) =      5.23268  eV     1   --> A              
     e( 34 - 34) =      5.44496  eV     1   --> A              
     e( 35 - 35) =      5.74366  eV     1   --> A              
     e( 36 - 36) =      6.31675  eV     1   --> A              
     e( 37 - 37) =      6.54609  eV     1   --> A              
     e( 38 - 38) =      6.85724  eV     1   --> A              
     e( 39 - 39) =      7.05922  eV     1   --> A              
     e( 40 - 40) =      7.20269  eV     1   --> A              
     e( 41 - 41) =      7.23714  eV     1   --> A              
     e( 42 - 42) =      7.34295  eV     1   --> A              
     e( 43 - 43) =      7.49313  eV     1   --> A              
     e( 44 - 44) =      7.65339  eV     1   --> A              
     e( 45 - 45) =      8.14537  eV     1   --> A              
     e( 46 - 46) =      8.18394  eV     1   --> A              
     e( 47 - 47) =      8.38105  eV     1   --> A              
     e( 48 - 48) =      8.59963  eV     1   --> A              
     e( 49 - 49) =      8.81050  eV     1   --> A              
     e( 50 - 50) =      8.98556  eV     1   --> A              
     e( 51 - 51) =      9.12326  eV     1   --> A              
     e( 52 - 52) =      9.46991  eV     1   --> A              
     e( 53 - 53) =      9.54484  eV     1   --> A              
     e( 54 - 54) =      9.60926  eV     1   --> A              
     e( 55 - 55) =      9.74119  eV     1   --> A              
     e( 56 - 56) =     10.01145  eV     1   --> A              
     e( 57 - 57) =     10.67741  eV     1   --> A              
     e( 58 - 58) =     11.22792  eV     1   --> A              
     e( 59 - 59) =     13.80242  eV     1   --> A              
     e( 60 - 60) =     14.05135  eV     1   --> A              
     e( 61 - 61) =     14.31933  eV     1   --> A              
     e( 62 - 62) =     14.39605  eV     1   --> A              
     e( 63 - 63) =     15.04941  eV     1   --> A              
     e( 64 - 64) =     15.42900  eV     1   --> A              
     e( 65 - 65) =     16.96430  eV     1   --> A              
     e( 66 - 66) =     17.89583  eV     1   --> A              
     e( 67 - 67) =     18.69120  eV     1   --> A              
     e( 68 - 68) =     19.56199  eV     1   --> A              
     e( 69 - 69) =     19.83100  eV     1   --> A              
     e( 70 - 70) =     21.40916  eV     1   --> A              
     e( 71 - 71) =     21.50031  eV     1   --> A              
     e( 72 - 72) =     21.82677  eV     1   --> A              
     e( 73 - 73) =     22.18662  eV     1   --> A              
     e( 74 - 74) =     22.93102  eV     1   --> A              
     e( 75 - 75) =     23.61697  eV     1   --> A              
     e( 76 - 76) =     23.72392  eV     1   --> A              
     e( 77 - 77) =     24.27830  eV     1   --> A              
     e( 78 - 78) =     24.59140  eV     1   --> A              
     e( 79 - 79) =     25.16989  eV     1   --> A              
     e( 80 - 80) =     25.27405  eV     1   --> A              

 **************************************************************************

 **************************************************************************

                    xk=(  -0.00003,   0.00000,   0.16196  )

     Band symmetry, C_1 (1)     point group:

     e(  1 -  1) =    -76.62523  eV     1   --> A              
     e(  2 -  2) =    -68.26431  eV     1   --> A              
     e(  3 -  3) =    -63.81243  eV     1   --> A              
     e(  4 -  4) =    -63.79139  eV     1   --> A              
     e(  5 -  5) =    -44.02564  eV     1   --> A              
     e(  6 -  6) =    -42.43398  eV     1   --> A              
     e(  7 -  7) =    -42.30022  eV     1   --> A              
     e(  8 -  8) =    -37.33032  eV     1   --> A              
     e(  9 -  9) =    -37.31768  eV     1   --> A              
     e( 10 - 10) =    -37.30133  eV     1   --> A              
     e( 11 - 11) =    -28.28862  eV     1   --> A              
     e( 12 - 12) =    -28.24153  eV     1   --> A              
     e( 13 - 13) =    -28.20136  eV     1   --> A              
     e( 14 - 14) =    -28.14329  eV     1   --> A              
     e( 15 - 15) =    -28.10939  eV     1   --> A              
     e( 16 - 16) =    -28.06200  eV     1   --> A              
     e( 17 - 17) =     -8.18251  eV     1   --> A              
     e( 18 - 18) =     -6.97281  eV     1   --> A              
     e( 19 - 19) =     -6.83824  eV     1   --> A              
     e( 20 - 20) =     -6.80789  eV     1   --> A              
     e( 21 - 21) =     -6.45771  eV     1   --> A              
     e( 22 - 22) =     -6.35481  eV     1   --> A              
     e( 23 - 23) =     -6.14465  eV     1   --> A              
     e( 24 - 24) =     -5.94987  eV     1   --> A              
     e( 25 - 25) =      3.68528  eV     1   --> A              
     e( 26 - 26) =      3.72148  eV     1   --> A              
     e( 27 - 27) =      3.91947  eV     1   --> A              
     e( 28 - 28) =      4.12843  eV     1   --> A              
     e( 29 - 29) =      4.23201  eV     1   --> A              
     e( 30 - 30) =      4.44860  eV     1   --> A              
     e( 31 - 31) =      4.80684  eV     1   --> A              
     e( 32 - 32) =      5.09384  eV     1   --> A              
     e( 33 - 33) =      5.24298  eV     1   --> A              
     e( 34 - 34) =      5.42980  eV     1   --> A              
     e( 35 - 35) =      5.73117  eV     1   --> A              
     e( 36 - 36) =      6.32047  eV     1   --> A              
     e( 37 - 37) =      6.54129  eV     1   --> A              
     e( 38 - 38) =      6.83752  eV     1   --> A              
     e( 39 - 39) =      7.02309  eV     1   --> A              
     e( 40 - 40) =      7.20887  eV     1   --> A              
     e( 41 - 41) =      7.22120  eV     1   --> A              
     e( 42 - 42) =      7.37419  eV     1   --> A              
     e( 43 - 43) =      7.52854  eV     1   --> A              
     e( 44 - 44) =      7.61392  eV     1   --> A              
     e( 45 - 45) =      8.15998  eV     1   --> A              
     e( 46 - 46) =      8.19160  eV     1   --> A              
     e( 47 - 47) =      8.38876  eV     1   --> A              
     e( 48 - 48) =      8.56059  eV     1   --> A              
     e( 49 - 49) =      8.85464  eV     1   --> A              
     e( 50 - 50) =      8.97710  eV     1   --> A              
     e( 51 - 51) =      9.09068  eV     1   --> A              
     e( 52 - 52) =      9.45282  eV     1   --> A              
     e( 53 - 53) =      9.55134  eV     1   --> A              
     e( 54 - 54) =      9.63005  eV     1   --> A              
     e( 55 - 55) =      9.71368  eV     1   --> A              
     e( 56 - 56) =     10.02269  eV     1   --> A              
     e( 57 - 57) =     10.73963  eV     1   --> A              
     e( 58 - 58) =     11.23370  eV     1   --> A              
     e( 59 - 59) =     13.83103  eV     1   --> A              
     e( 60 - 60) =     14.02727  eV     1   --> A              
     e( 61 - 61) =     14.30501  eV     1   --> A              
     e( 62 - 62) =     14.38751  eV     1   --> A              
     e( 63 - 63) =     15.03626  eV     1   --> A              
     e( 64 - 64) =     15.37560  eV     1   --> A              
     e( 65 - 65) =     17.06975  eV     1   --> A              
     e( 66 - 66) =     17.89370  eV     1   --> A              
     e( 67 - 67) =     18.62016  eV     1   --> A              
     e( 68 - 68) =     19.57147  eV     1   --> A              
     e( 69 - 69) =     19.90284  eV     1   --> A              
     e( 70 - 70) =     21.29570  eV     1   --> A              
     e( 71 - 71) =     21.51087  eV     1   --> A              
     e( 72 - 72) =     21.81215  eV     1   --> A              
     e( 73 - 73) =     22.21108  eV     1   --> A              
     e( 74 - 74) =     22.94507  eV     1   --> A              
     e( 75 - 75) =     23.61026  eV     1   --> A              
     e( 76 - 76) =     23.82643  eV     1   --> A              
     e( 77 - 77) =     24.21564  eV     1   --> A              
     e( 78 - 78) =     24.53647  eV     1   --> A              
     e( 79 - 79) =     25.18736  eV     1   --> A              
     e( 80 - 80) =     25.35908  eV     1   --> A              

 **************************************************************************

 **************************************************************************

                    xk=(  -0.00004,   0.00000,   0.18510  )

     Band symmetry, C_1 (1)     point group:

     e(  1 -  1) =    -76.62523  eV     1   --> A              
     e(  2 -  2) =    -68.26432  eV     1   --> A              
     e(  3 -  3) =    -63.81235  eV     1   --> A              
     e(  4 -  4) =    -63.79146  eV     1   --> A              
     e(  5 -  5) =    -44.02564  eV     1   --> A              
     e(  6 -  6) =    -42.43398  eV     1   --> A              
     e(  7 -  7) =    -42.30022  eV     1   --> A              
     e(  8 -  8) =    -37.33032  eV     1   --> A              
     e(  9 -  9) =    -37.31768  eV     1   --> A              
     e( 10 - 10) =    -37.30133  eV     1   --> A              
     e( 11 - 11) =    -28.28825  eV     1   --> A              
     e( 12 - 12) =    -28.24339  eV     1   --> A              
     e( 13 - 13) =    -28.20012  eV     1   --> A              
     e( 14 - 14) =    -28.14565  eV     1   --> A              
     e( 15 - 15) =    -28.10726  eV     1   --> A              
     e( 16 - 16) =    -28.06174  eV     1   --> A              
     e( 17 - 17) =     -8.14928  eV     1   --> A              
     e( 18 - 18) =     -6.97534  eV     1   --> A              
     e( 19 - 19) =     -6.85949  eV     1   --> A              
     e( 20 - 20) =     -6.83968  eV     1   --> A              
     e( 21 - 21) =     -6.43350  eV     1   --> A              
     e( 22 - 22) =     -6.35614  eV     1   --> A              
     e( 23 - 23) =     -6.13981  eV     1   --> A              
     e( 24 - 24) =     -5.96049  eV     1   --> A              
     e( 25 - 25) =      3.69066  eV     1   --> A              
     e( 26 - 26) =      3.73792  eV     1   --> A              
     e( 27 - 27) =      3.89482  eV     1   --> A              
     e( 28 - 28) =      4.15801  eV     1   --> A              
     e( 29 - 29) =      4.27194  eV     1   --> A              
     e( 30 - 30) =      4.44730  eV     1   --> A              
     e( 31 - 31) =      4.80243  eV     1   --> A              
     e( 32 - 32) =      5.04935  eV     1   --> A              
     e( 33 - 33) =      5.25564  eV     1   --> A              
     e( 34 - 34) =      5.42981  eV     1   --> A              
     e( 35 - 35) =      5.72220  eV     1   --> A              
     e( 36 - 36) =      6.32591  eV     1   --> A              
     e( 37 - 37) =      6.53166  eV     1   --> A              
     e( 38 - 38) =      6.82007  eV     1   --> A              
     e( 39 - 39) =      6.99008  eV     1   --> A              
     e( 40 - 40) =      7.18399  eV     1   --> A              
     e( 41 - 41) =      7.22605  eV     1   --> A              
     e( 42 - 42) =      7.36028  eV     1   --> A              
     e( 43 - 43) =      7.58375  eV     1   --> A              
     e( 44 - 44) =      7.59983  eV     1   --> A              
     e( 45 - 45) =      8.15795  eV     1   --> A              
     e( 46 - 46) =      8.19613  eV     1   --> A              
     e( 47 - 47) =      8.40651  eV     1   --> A              
     e( 48 - 48) =      8.53427  eV     1   --> A              
     e( 49 - 49) =      8.88100  eV     1   --> A              
     e( 50 - 50) =      8.97913  eV     1   --> A              
     e( 51 - 51) =      9.06238  eV     1   --> A              
     e( 52 - 52) =      9.43413  eV     1   --> A              
     e( 53 - 53) =      9.55324  eV     1   --> A              
     e( 54 - 54) =      9.63962  eV     1   --> A              
     e( 55 - 55) =      9.70814  eV     1   --> A              
     e( 56 - 56) =     10.03023  eV     1   --> A              
     e( 57 - 57) =     10.80025  eV     1   --> A              
     e( 58 - 58) =     11.24000  eV     1   --> A              
     e( 59 - 59) =     13.86278  eV     1   --> A              
     e( 60 - 60) =     14.00698  eV     1   --> A              
     e( 61 - 61) =     14.28969  eV     1   --> A              
     e( 62 - 62) =     14.37652  eV     1   --> A              
     e( 63 - 63) =     15.01990  eV     1   --> A              
     e( 64 - 64) =     15.31633  eV     1   --> A              
     e( 65 - 65) =     17.18535  eV     1   --> A              
     e( 66 - 66) =     17.89196  eV     1   --> A              
     e( 67 - 67) =     18.55363  eV     1   --> A              
     e( 68 - 68) =     19.58132  eV     1   --> A              
     e( 69 - 69) =     19.96808  eV     1   --> A              
     e( 70 - 70) =     21.17083  eV     1   --> A              
     e( 71 - 71) =     21.51210  eV     1   --> A              
     e( 72 - 72) =     21.80261  eV     1   --> A              
     e( 73 - 73) =     22.25744  eV     1   --> A              
     e( 74 - 74) =     22.96096  eV     1   --> A              
     e( 75 - 75) =     23.58855  eV     1   --> A              
     e( 76 - 76) =     23.95041  eV     1   --> A              
     e( 77 - 77) =     24.15377  eV     1   --> A              
     e( 78 - 78) =     24.47173  eV     1   --> A              
     e( 79 - 79) =     25.20386  eV     1   --> A              
     e( 80 - 80) =     25.43764  eV     1   --> A              

 **************************************************************************

 **************************************************************************

                    xk=(  -0.00004,   0.00000,   0.20823  )

     Band symmetry, C_1 (1)     point group:

     e(  1 -  1) =    -76.62524  eV     1   --> A              
     e(  2 -  2) =    -68.26433  eV     1   --> A              
     e(  3 -  3) =    -63.81227  eV     1   --> A              
     e(  4 -  4) =    -63.79153  eV     1   --> A              
     e(  5 -  5) =    -44.02564  eV     1   --> A              
     e(  6 -  6) =    -42.43398  eV     1   --> A              
     e(  7 -  7) =    -42.30022  eV     1   --> A              
     e(  8 -  8) =    -37.33032  eV     1   --> A              
     e(  9 -  9) =    -37.31768  eV     1   --> A              
     e( 10 - 10) =    -37.30133  eV     1   --> A              
     e( 11 - 11) =    -28.28781  eV     1   --> A              
     e( 12 - 12) =    -28.24537  eV     1   --> A              
     e( 13 - 13) =    -28.19878  eV     1   --> A              
     e( 14 - 14) =    -28.14799  eV     1   --> A              
     e( 15 - 15) =    -28.10521  eV     1   --> A              
     e( 16 - 16) =    -28.06148  eV     1   --> A              
     e( 17 - 17) =     -8.11209  eV     1   --> A              
     e( 18 - 18) =     -6.97869  eV     1   --> A              
     e( 19 - 19) =     -6.88727  eV     1   --> A              
     e( 20 - 20) =     -6.86718  eV     1   --> A              
     e( 21 - 21) =     -6.41053  eV     1   --> A              
     e( 22 - 22) =     -6.35845  eV     1   --> A              
     e( 23 - 23) =     -6.13318  eV     1   --> A              
     e( 24 - 24) =     -5.97178  eV     1   --> A              
     e( 25 - 25) =      3.69639  eV     1   --> A              
     e( 26 - 26) =      3.74745  eV     1   --> A              
     e( 27 - 27) =      3.87766  eV     1   --> A              
     e( 28 - 28) =      4.17651  eV     1   --> A              
     e( 29 - 29) =      4.32953  eV     1   --> A              
     e( 30 - 30) =      4.44834  eV     1   --> A              
     e( 31 - 31) =      4.79591  eV     1   --> A              
     e( 32 - 32) =      5.00098  eV     1   --> A              
     e( 33 - 33) =      5.26170  eV     1   --> A              
     e( 34 - 34) =      5.43959  eV     1   --> A              
     e( 35 - 35) =      5.71804  eV     1   --> A              
     e( 36 - 36) =      6.32795  eV     1   --> A              
     e( 37 - 37) =      6.51545  eV     1   --> A              
     e( 38 - 38) =      6.80523  eV     1   --> A              
     e( 39 - 39) =      6.96500  eV     1   --> A              
     e( 40 - 40) =      7.15777  eV     1   --> A              
     e( 41 - 41) =      7.23330  eV     1   --> A              
     e( 42 - 42) =      7.31820  eV     1   --> A              
     e( 43 - 43) =      7.56584  eV     1   --> A              
     e( 44 - 44) =      7.67364  eV     1   --> A              
     e( 45 - 45) =      8.14512  eV     1   --> A              
     e( 46 - 46) =      8.19193  eV     1   --> A              
     e( 47 - 47) =      8.42335  eV     1   --> A              
     e( 48 - 48) =      8.53423  eV     1   --> A              
     e( 49 - 49) =      8.88429  eV     1   --> A              
     e( 50 - 50) =      8.98810  eV     1   --> A              
     e( 51 - 51) =      9.04807  eV     1   --> A              
     e( 52 - 52) =      9.41461  eV     1   --> A              
     e( 53 - 53) =      9.55236  eV     1   --> A              
     e( 54 - 54) =      9.62948  eV     1   --> A              
     e( 55 - 55) =      9.72992  eV     1   --> A              
     e( 56 - 56) =     10.03397  eV     1   --> A              
     e( 57 - 57) =     10.85846  eV     1   --> A              
     e( 58 - 58) =     11.24655  eV     1   --> A              
     e( 59 - 59) =     13.89711  eV     1   --> A              
     e( 60 - 60) =     13.99164  eV     1   --> A              
     e( 61 - 61) =     14.27392  eV     1   --> A              
     e( 62 - 62) =     14.36347  eV     1   --> A              
     e( 63 - 63) =     15.00018  eV     1   --> A              
     e( 64 - 64) =     15.25213  eV     1   --> A              
     e( 65 - 65) =     17.30920  eV     1   --> A              
     e( 66 - 66) =     17.89087  eV     1   --> A              
     e( 67 - 67) =     18.49221  eV     1   --> A              
     e( 68 - 68) =     19.59109  eV     1   --> A              
     e( 69 - 69) =     20.02573  eV     1   --> A              
     e( 70 - 70) =     21.03875  eV     1   --> A              
     e( 71 - 71) =     21.50411  eV     1   --> A              
     e( 72 - 72) =     21.79551  eV     1   --> A              
     e( 73 - 73) =     22.32731  eV     1   --> A              
     e( 74 - 74) =     22.97872  eV     1   --> A              
     e( 75 - 75) =     23.56637  eV     1   --> A              
     e( 76 - 76) =     24.04493  eV     1   --> A              
     e( 77 - 77) =     24.12898  eV     1   --> A              
     e( 78 - 78) =     24.39942  eV     1   --> A              
     e( 79 - 79) =     25.21243  eV     1   --> A              
     e( 80 - 80) =     25.50784  eV     1   --> A              

 **************************************************************************

 **************************************************************************

                    xk=(  -0.00005,   0.00000,   0.23137  )

     Band symmetry, C_1 (1)     point group:

     e(  1 -  1) =    -76.62524  eV     1   --> A              
     e(  2 -  2) =    -68.26433  eV     1   --> A              
     e(  3 -  3) =    -63.81218  eV     1   --> A              
     e(  4 -  4) =    -63.79160  eV     1   --> A              
     e(  5 -  5) =    -44.02565  eV     1   --> A              
     e(  6 -  6) =    -42.43398  eV     1   --> A              
     e(  7 -  7) =    -42.30022  eV     1   --> A              
     e(  8 -  8) =    -37.33032  eV     1   --> A              
     e(  9 -  9) =    -37.31768  eV     1   --> A              
     e( 10 - 10) =    -37.30133  eV     1   --> A              
     e( 11 - 11) =    -28.28730  eV     1   --> A              
     e( 12 - 12) =    -28.24743  eV     1   --> A              
     e( 13 - 13) =    -28.19737  eV     1   --> A              
     e( 14 - 14) =    -28.15031  eV     1   --> A              
     e( 15 - 15) =    -28.10324  eV     1   --> A              
     e( 16 - 16) =    -28.06123  eV     1   --> A              
     e( 17 - 17) =     -8.07111  eV     1   --> A              
     e( 18 - 18) =     -6.98352  eV     1   --> A              
     e( 19 - 19) =     -6.92500  eV     1   --> A              
     e( 20 - 20) =     -6.88616  eV     1   --> A              
     e( 21 - 21) =     -6.38921  eV     1   --> A              
     e( 22 - 22) =     -6.36094  eV     1   --> A              
     e( 23 - 23) =     -6.12528  eV     1   --> A              
     e( 24 - 24) =     -5.98344  eV     1   --> A              
     e( 25 - 25) =      3.70219  eV     1   --> A              
     e( 26 - 26) =      3.74569  eV     1   --> A              
     e( 27 - 27) =      3.87467  eV     1   --> A              
     e( 28 - 28) =      4.18201  eV     1   --> A              
     e( 29 - 29) =      4.40064  eV     1   --> A              
     e( 30 - 30) =      4.45264  eV     1   --> A              
     e( 31 - 31) =      4.78743  eV     1   --> A              
     e( 32 - 32) =      4.95851  eV     1   --> A              
     e( 33 - 33) =      5.26124  eV     1   --> A              
     e( 34 - 34) =      5.45271  eV     1   --> A              
     e( 35 - 35) =      5.71800  eV     1   --> A              
     e( 36 - 36) =      6.32275  eV     1   --> A              
     e( 37 - 37) =      6.49213  eV     1   --> A              
     e( 38 - 38) =      6.79257  eV     1   --> A              
     e( 39 - 39) =      6.95207  eV     1   --> A              
     e( 40 - 40) =      7.13751  eV     1   --> A              
     e( 41 - 41) =      7.22985  eV     1   --> A              
     e( 42 - 42) =      7.26885  eV     1   --> A              
     e( 43 - 43) =      7.55724  eV     1   --> A              
     e( 44 - 44) =      7.73551  eV     1   --> A              
     e( 45 - 45) =      8.12274  eV     1   --> A              
     e( 46 - 46) =      8.18277  eV     1   --> A              
     e( 47 - 47) =      8.43458  eV     1   --> A              
     e( 48 - 48) =      8.56228  eV     1   --> A              
     e( 49 - 49) =      8.87302  eV     1   --> A              
     e( 50 - 50) =      8.98389  eV     1   --> A              
     e( 51 - 51) =      9.06113  eV     1   --> A              
     e( 52 - 52) =      9.39519  eV     1   --> A              
     e( 53 - 53) =      9.54733  eV     1   --> A              
     e( 54 - 54) =      9.61713  eV     1   --> A              
     e( 55 - 55) =      9.76112  eV     1   --> A              
     e( 56 - 56) =     10.03415  eV     1   --> A              
     e( 57 - 57) =     10.91359  eV     1   --> A              
     e( 58 - 58) =     11.25307  eV     1   --> A              
     e( 59 - 59) =     13.93328  eV     1   --> A              
     e( 60 - 60) =     13.98224  eV     1   --> A              
     e( 61 - 61) =     14.25827  eV     1   --> A              
     e( 62 - 62) =     14.34880  eV     1   --> A              
     e( 63 - 63) =     14.97711  eV     1   --> A              
     e( 64 - 64) =     15.18404  eV     1   --> A              
     e( 65 - 65) =     17.43920  eV     1   --> A              
     e( 66 - 66) =     17.89071  eV     1   --> A              
     e( 67 - 67) =     18.43656  eV     1   --> A              
     e( 68 - 68) =     19.60012  eV     1   --> A              
     e( 69 - 69) =     20.07499  eV     1   --> A              
     e( 70 - 70) =     20.90261  eV     1   --> A              
     e( 71 - 71) =     21.48972  eV     1   --> A              
     e( 72 - 72) =     21.78916  eV     1   --> A              
     e( 73 - 73) =     22.41922  eV     1   --> A              
     e( 74 - 74) =     22.99835  eV     1   --> A              
     e( 75 - 75) =     23.54628  eV     1   --> A              
     e( 76 - 76) =     24.00166  eV     1   --> A              
     e( 77 - 77) =     24.24647  eV     1   --> A              
     e( 78 - 78) =     24.32250  eV     1   --> A              
     e( 79 - 79) =     25.20496  eV     1   --> A              
     e( 80 - 80) =     25.56916  eV     1   --> A              

 **************************************************************************

 **************************************************************************

                    xk=(  -0.00005,   0.00000,   0.25451  )

     Band symmetry, C_1 (1)     point group:

     e(  1 -  1) =    -76.62525  eV     1   --> A              
     e(  2 -  2) =    -68.26434  eV     1   --> A              
     e(  3 -  3) =    -63.81209  eV     1   --> A              
     e(  4 -  4) =    -63.79168  eV     1   --> A              
     e(  5 -  5) =    -44.02565  eV     1   --> A              
     e(  6 -  6) =    -42.43398  eV     1   --> A              
     e(  7 -  7) =    -42.30021  eV     1   --> A              
     e(  8 -  8) =    -37.33032  eV     1   --> A              
     e(  9 -  9) =    -37.31768  eV     1   --> A              
     e( 10 - 10) =    -37.30133  eV     1   --> A              
     e( 11 - 11) =    -28.28670  eV     1   --> A              
     e( 12 - 12) =    -28.24954  eV     1   --> A              
     e( 13 - 13) =    -28.19588  eV     1   --> A              
     e( 14 - 14) =    -28.15261  eV     1   --> A              
     e( 15 - 15) =    -28.10139  eV     1   --> A              
     e( 16 - 16) =    -28.06098  eV     1   --> A              
     e( 17 - 17) =     -8.02654  eV     1   --> A              
     e( 18 - 18) =     -6.99440  eV     1   --> A              
     e( 19 - 19) =     -6.96291  eV     1   --> A              
     e( 20 - 20) =     -6.90157  eV     1   --> A              
     e( 21 - 21) =     -6.37027  eV     1   --> A              
     e( 22 - 22) =     -6.36252  eV     1   --> A              
     e( 23 - 23) =     -6.11668  eV     1   --> A              
     e( 24 - 24) =     -5.99514  eV     1   --> A              
     e( 25 - 25) =      3.70616  eV     1   --> A              
     e( 26 - 26) =      3.73691  eV     1   --> A              
     e( 27 - 27) =      3.88371  eV     1   --> A              
     e( 28 - 28) =      4.17558  eV     1   --> A              
     e( 29 - 29) =      4.46073  eV     1   --> A              
     e( 30 - 30) =      4.47916  eV     1   --> A              
     e( 31 - 31) =      4.77937  eV     1   --> A              
     e( 32 - 32) =      4.92673  eV     1   --> A              
     e( 33 - 33) =      5.25652  eV     1   --> A              
     e( 34 - 34) =      5.46505  eV     1   --> A              
     e( 35 - 35) =      5.71974  eV     1   --> A              
     e( 36 - 36) =      6.30847  eV     1   --> A              
     e( 37 - 37) =      6.46290  eV     1   --> A              
     e( 38 - 38) =      6.78218  eV     1   --> A              
     e( 39 - 39) =      6.95152  eV     1   --> A              
     e( 40 - 40) =      7.12160  eV     1   --> A              
     e( 41 - 41) =      7.17482  eV     1   --> A              
     e( 42 - 42) =      7.26353  eV     1   --> A              
     e( 43 - 43) =      7.55429  eV     1   --> A              
     e( 44 - 44) =      7.77992  eV     1   --> A              
     e( 45 - 45) =      8.09440  eV     1   --> A              
     e( 46 - 46) =      8.17092  eV     1   --> A              
     e( 47 - 47) =      8.44854  eV     1   --> A              
     e( 48 - 48) =      8.60435  eV     1   --> A              
     e( 49 - 49) =      8.85425  eV     1   --> A              
     e( 50 - 50) =      8.97672  eV     1   --> A              
     e( 51 - 51) =      9.08645  eV     1   --> A              
     e( 52 - 52) =      9.37707  eV     1   --> A              
     e( 53 - 53) =      9.53621  eV     1   --> A              
     e( 54 - 54) =      9.61082  eV     1   --> A              
     e( 55 - 55) =      9.79358  eV     1   --> A              
     e( 56 - 56) =     10.03121  eV     1   --> A              
     e( 57 - 57) =     10.96510  eV     1   --> A              
     e( 58 - 58) =     11.25932  eV     1   --> A              
     e( 59 - 59) =     13.96811  eV     1   --> A              
     e( 60 - 60) =     13.98178  eV     1   --> A              
     e( 61 - 61) =     14.24336  eV     1   --> A              
     e( 62 - 62) =     14.33302  eV     1   --> A              
     e( 63 - 63) =     14.95074  eV     1   --> A              
     e( 64 - 64) =     15.11322  eV     1   --> A              
     e( 65 - 65) =     17.57280  eV     1   --> A              
     e( 66 - 66) =     17.89186  eV     1   --> A              
     e( 67 - 67) =     18.38774  eV     1   --> A              
     e( 68 - 68) =     19.60732  eV     1   --> A              
     e( 69 - 69) =     20.11516  eV     1   --> A              
     e( 70 - 70) =     20.76520  eV     1   --> A              
     e( 71 - 71) =     21.47308  eV     1   --> A              
     e( 72 - 72) =     21.78244  eV     1   --> A              
     e( 73 - 73) =     22.52997  eV     1   --> A              
     e( 74 - 74) =     23.01987  eV     1   --> A              
     e( 75 - 75) =     23.52918  eV     1   --> A              
     e( 76 - 76) =     23.93606  eV     1   --> A              
     e( 77 - 77) =     24.23915  eV     1   --> A              
     e( 78 - 78) =     24.39420  eV     1   --> A              
     e( 79 - 79) =     25.17438  eV     1   --> A              
     e( 80 - 80) =     25.62225  eV     1   --> A              

 **************************************************************************

 **************************************************************************

                    xk=(  -0.00006,   0.00000,   0.27764  )

     Band symmetry, C_1 (1)     point group:

     e(  1 -  1) =    -76.62526  eV     1   --> A              
     e(  2 -  2) =    -68.26434  eV     1   --> A              
     e(  3 -  3) =    -63.81201  eV     1   --> A              
     e(  4 -  4) =    -63.79175  eV     1   --> A              
     e(  5 -  5) =    -44.02565  eV     1   --> A              
     e(  6 -  6) =    -42.43398  eV     1   --> A              
     e(  7 -  7) =    -42.30021  eV     1   --> A              
     e(  8 -  8) =    -37.33032  eV     1   --> A              
     e(  9 -  9) =    -37.31769  eV     1   --> A              
     e( 10 - 10) =    -37.30133  eV     1   --> A              
     e( 11 - 11) =    -28.28602  eV     1   --> A              
     e( 12 - 12) =    -28.25167  eV     1   --> A              
     e( 13 - 13) =    -28.19435  eV     1   --> A              
     e( 14 - 14) =    -28.15487  eV     1   --> A              
     e( 15 - 15) =    -28.09967  eV     1   --> A              
     e( 16 - 16) =    -28.06075  eV     1   --> A              
     e( 17 - 17) =     -7.97861  eV     1   --> A              
     e( 18 - 18) =     -7.02928  eV     1   --> A              
     e( 19 - 19) =     -6.98132  eV     1   --> A              
     e( 20 - 20) =     -6.91487  eV     1   --> A              
     e( 21 - 21) =     -6.36449  eV     1   --> A              
     e( 22 - 22) =     -6.35221  eV     1   --> A              
     e( 23 - 23) =     -6.10790  eV     1   --> A              
     e( 24 - 24) =     -6.00653  eV     1   --> A              
     e( 25 - 25) =      3.70253  eV     1   --> A              
     e( 26 - 26) =      3.73354  eV     1   --> A              
     e( 27 - 27) =      3.89753  eV     1   --> A              
     e( 28 - 28) =      4.15814  eV     1   --> A              
     e( 29 - 29) =      4.47293  eV     1   --> A              
     e( 30 - 30) =      4.55878  eV     1   --> A              
     e( 31 - 31) =      4.77736  eV     1   --> A              
     e( 32 - 32) =      4.90633  eV     1   --> A              
     e( 33 - 33) =      5.24949  eV     1   --> A              
     e( 34 - 34) =      5.47494  eV     1   --> A              
     e( 35 - 35) =      5.72031  eV     1   --> A              
     e( 36 - 36) =      6.28624  eV     1   --> A              
     e( 37 - 37) =      6.42968  eV     1   --> A              
     e( 38 - 38) =      6.77402  eV     1   --> A              
     e( 39 - 39) =      6.95842  eV     1   --> A              
     e( 40 - 40) =      7.07307  eV     1   --> A              
     e( 41 - 41) =      7.14125  eV     1   --> A              
     e( 42 - 42) =      7.27419  eV     1   --> A              
     e( 43 - 43) =      7.55383  eV     1   --> A              
     e( 44 - 44) =      7.80652  eV     1   --> A              
     e( 45 - 45) =      8.06428  eV     1   --> A              
     e( 46 - 46) =      8.15732  eV     1   --> A              
     e( 47 - 47) =      8.46669  eV     1   --> A              
     e( 48 - 48) =      8.65099  eV     1   --> A              
     e( 49 - 49) =      8.83134  eV     1   --> A              
     e( 50 - 50) =      8.97867  eV     1   --> A              
     e( 51 - 51) =      9.11068  eV     1   --> A              
     e( 52 - 52) =      9.36159  eV     1   --> A              
     e( 53 - 53) =      9.51956  eV     1   --> A              
     e( 54 - 54) =      9.61078  eV     1   --> A              
     e( 55 - 55) =      9.82478  eV     1   --> A              
     e( 56 - 56) =     10.02569  eV     1   --> A              
     e( 57 - 57) =     11.01246  eV     1   --> A              
     e( 58 - 58) =     11.26511  eV     1   --> A              
     e( 59 - 59) =     13.97969  eV     1   --> A              
     e( 60 - 60) =     14.01158  eV     1   --> A              
     e( 61 - 61) =     14.22982  eV     1   --> A              
     e( 62 - 62) =     14.31670  eV     1   --> A              
     e( 63 - 63) =     14.92122  eV     1   --> A              
     e( 64 - 64) =     15.04104  eV     1   --> A              
     e( 65 - 65) =     17.70602  eV     1   --> A              
     e( 66 - 66) =     17.89505  eV     1   --> A              
     e( 67 - 67) =     18.34794  eV     1   --> A              
     e( 68 - 68) =     19.61096  eV     1   --> A              
     e( 69 - 69) =     20.14550  eV     1   --> A              
     e( 70 - 70) =     20.62973  eV     1   --> A              
     e( 71 - 71) =     21.45832  eV     1   --> A              
     e( 72 - 72) =     21.77443  eV     1   --> A              
     e( 73 - 73) =     22.65582  eV     1   --> A              
     e( 74 - 74) =     23.04333  eV     1   --> A              
     e( 75 - 75) =     23.51558  eV     1   --> A              
     e( 76 - 76) =     23.86908  eV     1   --> A              
     e( 77 - 77) =     24.15681  eV     1   --> A              
     e( 78 - 78) =     24.54587  eV     1   --> A              
     e( 79 - 79) =     25.11723  eV     1   --> A              
     e( 80 - 80) =     25.66843  eV     1   --> A              

 **************************************************************************

 **************************************************************************

                    xk=(  -0.00006,   0.00000,   0.30078  )

     Band symmetry, C_1 (1)     point group:

     e(  1 -  1) =    -76.62526  eV     1   --> A              
     e(  2 -  2) =    -68.26435  eV     1   --> A              
     e(  3 -  3) =    -63.81192  eV     1   --> A              
     e(  4 -  4) =    -63.79182  eV     1   --> A              
     e(  5 -  5) =    -44.02565  eV     1   --> A              
     e(  6 -  6) =    -42.43398  eV     1   --> A              
     e(  7 -  7) =    -42.30021  eV     1   --> A              
     e(  8 -  8) =    -37.33032  eV     1   --> A              
     e(  9 -  9) =    -37.31769  eV     1   --> A              
     e( 10 - 10) =    -37.30133  eV     1   --> A              
     e( 11 - 11) =    -28.28526  eV     1   --> A              
     e( 12 - 12) =    -28.25377  eV     1   --> A              
     e( 13 - 13) =    -28.19278  eV     1   --> A              
     e( 14 - 14) =    -28.15708  eV     1   --> A              
     e( 15 - 15) =    -28.09810  eV     1   --> A              
     e( 16 - 16) =    -28.06055  eV     1   --> A              
     e( 17 - 17) =     -7.92756  eV     1   --> A              
     e( 18 - 18) =     -7.07939  eV     1   --> A              
     e( 19 - 19) =     -6.98823  eV     1   --> A              
     e( 20 - 20) =     -6.92635  eV     1   --> A              
     e( 21 - 21) =     -6.36381  eV     1   --> A              
     e( 22 - 22) =     -6.33809  eV     1   --> A              
     e( 23 - 23) =     -6.09939  eV     1   --> A              
     e( 24 - 24) =     -6.01723  eV     1   --> A              
     e( 25 - 25) =      3.69210  eV     1   --> A              
     e( 26 - 26) =      3.73916  eV     1   --> A              
     e( 27 - 27) =      3.91076  eV     1   --> A              
     e( 28 - 28) =      4.13132  eV     1   --> A              
     e( 29 - 29) =      4.48908  eV     1   --> A              
     e( 30 - 30) =      4.63095  eV     1   --> A              
     e( 31 - 31) =      4.78857  eV     1   --> A              
     e( 32 - 32) =      4.89714  eV     1   --> A              
     e( 33 - 33) =      5.24179  eV     1   --> A              
     e( 34 - 34) =      5.48148  eV     1   --> A              
     e( 35 - 35) =      5.71765  eV     1   --> A              
     e( 36 - 36) =      6.26027  eV     1   --> A              
     e( 37 - 37) =      6.39371  eV     1   --> A              
     e( 38 - 38) =      6.76430  eV     1   --> A              
     e( 39 - 39) =      6.95767  eV     1   --> A              
     e( 40 - 40) =      7.00208  eV     1   --> A              
     e( 41 - 41) =      7.14963  eV     1   --> A              
     e( 42 - 42) =      7.28811  eV     1   --> A              
     e( 43 - 43) =      7.55364  eV     1   --> A              
     e( 44 - 44) =      7.81878  eV     1   --> A              
     e( 45 - 45) =      8.03524  eV     1   --> A              
     e( 46 - 46) =      8.14201  eV     1   --> A              
     e( 47 - 47) =      8.48385  eV     1   --> A              
     e( 48 - 48) =      8.69852  eV     1   --> A              
     e( 49 - 49) =      8.80836  eV     1   --> A              
     e( 50 - 50) =      8.99168  eV     1   --> A              
     e( 51 - 51) =      9.12973  eV     1   --> A              
     e( 52 - 52) =      9.34987  eV     1   --> A              
     e( 53 - 53) =      9.49960  eV     1   --> A              
     e( 54 - 54) =      9.61460  eV     1   --> A              
     e( 55 - 55) =      9.85358  eV     1   --> A              
     e( 56 - 56) =     10.01818  eV     1   --> A              
     e( 57 - 57) =     11.05522  eV     1   --> A              
     e( 58 - 58) =     11.27032  eV     1   --> A              
     e( 59 - 59) =     13.98988  eV     1   --> A              
     e( 60 - 60) =     14.04856  eV     1   --> A              
     e( 61 - 61) =     14.21836  eV     1   --> A              
     e( 62 - 62) =     14.30048  eV     1   --> A              
     e( 63 - 63) =     14.88869  eV     1   --> A              
     e( 64 - 64) =     14.96923  eV     1   --> A              
     e( 65 - 65) =     17.82896  eV     1   --> A              
     e( 66 - 66) =     17.90387  eV     1   --> A              
     e( 67 - 67) =     18.32243  eV     1   --> A              
     e( 68 - 68) =     19.60809  eV     1   --> A              
     e( 69 - 69) =     20.16514  eV     1   --> A              
     e( 70 - 70) =     20.50056  eV     1   --> A              
     e( 71 - 71) =     21.44887  eV     1   --> A              
     e( 72 - 72) =     21.76431  eV     1   --> A              
     e( 73 - 73) =     22.79292  eV     1   --> A              
     e( 74 - 74) =     23.06885  eV     1   --> A              
     e( 75 - 75) =     23.50584  eV     1   --> A              
     e( 76 - 76) =     23.80343  eV     1   --> A              
     e( 77 - 77) =     24.07478  eV     1   --> A              
     e( 78 - 78) =     24.70184  eV     1   --> A              
     e( 79 - 79) =     25.03443  eV     1   --> A              
     e( 80 - 80) =     25.70900  eV     1   --> A              

 **************************************************************************

 **************************************************************************

                    xk=(  -0.00007,   0.00000,   0.32392  )

     Band symmetry, C_1 (1)     point group:

     e(  1 -  1) =    -76.62527  eV     1   --> A              
     e(  2 -  2) =    -68.26435  eV     1   --> A              
     e(  3 -  3) =    -63.81185  eV     1   --> A              
     e(  4 -  4) =    -63.79188  eV     1   --> A              
     e(  5 -  5) =    -44.02565  eV     1   --> A              
     e(  6 -  6) =    -42.43398  eV     1   --> A              
     e(  7 -  7) =    -42.30021  eV     1   --> A              
     e(  8 -  8) =    -37.33032  eV     1   --> A              
     e(  9 -  9) =    -37.31769  eV     1   --> A              
     e( 10 - 10) =    -37.30133  eV     1   --> A              
     e( 11 - 11) =    -28.28444  eV     1   --> A              
     e( 12 - 12) =    -28.25582  eV     1   --> A              
     e( 13 - 13) =    -28.19120  eV     1   --> A              
     e( 14 - 14) =    -28.15922  eV     1   --> A              
     e( 15 - 15) =    -28.09669  eV     1   --> A              
     e( 16 - 16) =    -28.06037  eV     1   --> A              
     e( 17 - 17) =     -7.87367  eV     1   --> A              
     e( 18 - 18) =     -7.13447  eV     1   --> A              
     e( 19 - 19) =     -6.99330  eV     1   --> A              
     e( 20 - 20) =     -6.93609  eV     1   --> A              
     e( 21 - 21) =     -6.36170  eV     1   --> A              
     e( 22 - 22) =     -6.32684  eV     1   --> A              
     e( 23 - 23) =     -6.09150  eV     1   --> A              
     e( 24 - 24) =     -6.02688  eV     1   --> A              
     e( 25 - 25) =      3.68231  eV     1   --> A              
     e( 26 - 26) =      3.74824  eV     1   --> A              
     e( 27 - 27) =      3.92045  eV     1   --> A              
     e( 28 - 28) =      4.09794  eV     1   --> A              
     e( 29 - 29) =      4.50916  eV     1   --> A              
     e( 30 - 30) =      4.68497  eV     1   --> A              
     e( 31 - 31) =      4.81245  eV     1   --> A              
     e( 32 - 32) =      4.90600  eV     1   --> A              
     e( 33 - 33) =      5.23507  eV     1   --> A              
     e( 34 - 34) =      5.48294  eV     1   --> A              
     e( 35 - 35) =      5.71232  eV     1   --> A              
     e( 36 - 36) =      6.23602  eV     1   --> A              
     e( 37 - 37) =      6.35537  eV     1   --> A              
     e( 38 - 38) =      6.73948  eV     1   --> A              
     e( 39 - 39) =      6.90552  eV     1   --> A              
     e( 40 - 40) =      6.99213  eV     1   --> A              
     e( 41 - 41) =      7.17230  eV     1   --> A              
     e( 42 - 42) =      7.30401  eV     1   --> A              
     e( 43 - 43) =      7.55200  eV     1   --> A              
     e( 44 - 44) =      7.82205  eV     1   --> A              
     e( 45 - 45) =      8.00901  eV     1   --> A              
     e( 46 - 46) =      8.12447  eV     1   --> A              
     e( 47 - 47) =      8.49468  eV     1   --> A              
     e( 48 - 48) =      8.73953  eV     1   --> A              
     e( 49 - 49) =      8.79508  eV     1   --> A              
     e( 50 - 50) =      9.01379  eV     1   --> A              
     e( 51 - 51) =      9.14219  eV     1   --> A              
     e( 52 - 52) =      9.34224  eV     1   --> A              
     e( 53 - 53) =      9.47841  eV     1   --> A              
     e( 54 - 54) =      9.62025  eV     1   --> A              
     e( 55 - 55) =      9.87929  eV     1   --> A              
     e( 56 - 56) =     10.00932  eV     1   --> A              
     e( 57 - 57) =     11.09295  eV     1   --> A              
     e( 58 - 58) =     11.27493  eV     1   --> A              
     e( 59 - 59) =     14.00604  eV     1   --> A              
     e( 60 - 60) =     14.08327  eV     1   --> A              
     e( 61 - 61) =     14.20988  eV     1   --> A              
     e( 62 - 62) =     14.28512  eV     1   --> A              
     e( 63 - 63) =     14.85268  eV     1   --> A              
     e( 64 - 64) =     14.90050  eV     1   --> A              
     e( 65 - 65) =     17.89092  eV     1   --> A              
     e( 66 - 66) =     17.95528  eV     1   --> A              
     e( 67 - 67) =     18.32404  eV     1   --> A              
     e( 68 - 68) =     19.59404  eV     1   --> A              
     e( 69 - 69) =     20.17268  eV     1   --> A              
     e( 70 - 70) =     20.38452  eV     1   --> A              
     e( 71 - 71) =     21.44707  eV     1   --> A              
     e( 72 - 72) =     21.75138  eV     1   --> A              
     e( 73 - 73) =     22.93690  eV     1   --> A              
     e( 74 - 74) =     23.09688  eV     1   --> A              
     e( 75 - 75) =     23.50024  eV     1   --> A              
     e( 76 - 76) =     23.74117  eV     1   --> A              
     e( 77 - 77) =     23.99544  eV     1   --> A              
     e( 78 - 78) =     24.85997  eV     1   --> A              
     e( 79 - 79) =     24.93025  eV     1   --> A              
     e( 80 - 80) =     25.74483  eV     1   --> A              

 **************************************************************************

 **************************************************************************

                    xk=(  -0.00007,   0.00000,   0.34705  )

     Band symmetry, C_1 (1)     point group:

     e(  1 -  1) =    -76.62527  eV     1   --> A              
     e(  2 -  2) =    -68.26436  eV     1   --> A              
     e(  3 -  3) =    -63.81178  eV     1   --> A              
     e(  4 -  4) =    -63.79194  eV     1   --> A              
     e(  5 -  5) =    -44.02565  eV     1   --> A              
     e(  6 -  6) =    -42.43398  eV     1   --> A              
     e(  7 -  7) =    -42.30021  eV     1   --> A              
     e(  8 -  8) =    -37.33032  eV     1   --> A              
     e(  9 -  9) =    -37.31769  eV     1   --> A              
     e( 10 - 10) =    -37.30133  eV     1   --> A              
     e( 11 - 11) =    -28.28358  eV     1   --> A              
     e( 12 - 12) =    -28.25777  eV     1   --> A              
     e( 13 - 13) =    -28.18964  eV     1   --> A              
     e( 14 - 14) =    -28.16124  eV     1   --> A              
     e( 15 - 15) =    -28.09546  eV     1   --> A              
     e( 16 - 16) =    -28.06023  eV     1   --> A              
     e( 17 - 17) =     -7.81722  eV     1   --> A              
     e( 18 - 18) =     -7.19267  eV     1   --> A              
     e( 19 - 19) =     -6.99771  eV     1   --> A              
     e( 20 - 20) =     -6.94417  eV     1   --> A              
     e( 21 - 21) =     -6.35808  eV     1   --> A              
     e( 22 - 22) =     -6.31881  eV     1   --> A              
     e( 23 - 23) =     -6.08445  eV     1   --> A              
     e( 24 - 24) =     -6.03521  eV     1   --> A              
     e( 25 - 25) =      3.67596  eV     1   --> A              
     e( 26 - 26) =      3.75843  eV     1   --> A              
     e( 27 - 27) =      3.92504  eV     1   --> A              
     e( 28 - 28) =      4.06180  eV     1   --> A              
     e( 29 - 29) =      4.53294  eV     1   --> A              
     e( 30 - 30) =      4.72013  eV     1   --> A              
     e( 31 - 31) =      4.82748  eV     1   --> A              
     e( 32 - 32) =      4.94828  eV     1   --> A              
     e( 33 - 33) =      5.23113  eV     1   --> A              
     e( 34 - 34) =      5.47597  eV     1   --> A              
     e( 35 - 35) =      5.70884  eV     1   --> A              
     e( 36 - 36) =      6.21751  eV     1   --> A              
     e( 37 - 37) =      6.31487  eV     1   --> A              
     e( 38 - 38) =      6.67969  eV     1   --> A              
     e( 39 - 39) =      6.86800  eV     1   --> A              
     e( 40 - 40) =      7.00067  eV     1   --> A              
     e( 41 - 41) =      7.20365  eV     1   --> A              
     e( 42 - 42) =      7.32101  eV     1   --> A              
     e( 43 - 43) =      7.54754  eV     1   --> A              
     e( 44 - 44) =      7.82139  eV     1   --> A              
     e( 45 - 45) =      7.98684  eV     1   --> A              
     e( 46 - 46) =      8.10422  eV     1   --> A              
     e( 47 - 47) =      8.49700  eV     1   --> A              
     e( 48 - 48) =      8.74670  eV     1   --> A              
     e( 49 - 49) =      8.81970  eV     1   --> A              
     e( 50 - 50) =      9.04187  eV     1   --> A              
     e( 51 - 51) =      9.14804  eV     1   --> A              
     e( 52 - 52) =      9.33737  eV     1   --> A              
     e( 53 - 53) =      9.45807  eV     1   --> A              
     e( 54 - 54) =      9.62640  eV     1   --> A              
     e( 55 - 55) =      9.90148  eV     1   --> A              
     e( 56 - 56) =      9.99976  eV     1   --> A              
     e( 57 - 57) =     11.12527  eV     1   --> A              
     e( 58 - 58) =     11.27895  eV     1   --> A              
     e( 59 - 59) =     14.02792  eV     1   --> A              
     e( 60 - 60) =     14.11257  eV     1   --> A              
     e( 61 - 61) =     14.20538  eV     1   --> A              
     e( 62 - 62) =     14.27174  eV     1   --> A              
     e( 63 - 63) =     14.80989  eV     1   --> A              
     e( 64 - 64) =     14.84111  eV     1   --> A              
     e( 65 - 65) =     17.90351  eV     1   --> A              
     e( 66 - 66) =     18.01562  eV     1   --> A              
     e( 67 - 67) =     18.37388  eV     1   --> A              
     e( 68 - 68) =     19.56204  eV     1   --> A              
     e( 69 - 69) =     20.16481  eV     1   --> A              
     e( 70 - 70) =     20.29274  eV     1   --> A              
     e( 71 - 71) =     21.45404  eV     1   --> A              
     e( 72 - 72) =     21.73502  eV     1   --> A              
     e( 73 - 73) =     23.07842  eV     1   --> A              
     e( 74 - 74) =     23.13165  eV     1   --> A              
     e( 75 - 75) =     23.49864  eV     1   --> A              
     e( 76 - 76) =     23.68575  eV     1   --> A              
     e( 77 - 77) =     23.92121  eV     1   --> A              
     e( 78 - 78) =     24.80601  eV     1   --> A              
     e( 79 - 79) =     25.02200  eV     1   --> A              
     e( 80 - 80) =     25.77611  eV     1   --> A              

 **************************************************************************

 **************************************************************************

                    xk=(  -0.00008,   0.00000,   0.37019  )

     Band symmetry, C_1 (1)     point group:

     e(  1 -  1) =    -76.62527  eV     1   --> A              
     e(  2 -  2) =    -68.26436  eV     1   --> A              
     e(  3 -  3) =    -63.81172  eV     1   --> A              
     e(  4 -  4) =    -63.79199  eV     1   --> A              
     e(  5 -  5) =    -44.02565  eV     1   --> A              
     e(  6 -  6) =    -42.43398  eV     1   --> A              
     e(  7 -  7) =    -42.30021  eV     1   --> A              
     e(  8 -  8) =    -37.33032  eV     1   --> A              
     e(  9 -  9) =    -37.31769  eV     1   --> A              
     e( 10 - 10) =    -37.30133  eV     1   --> A              
     e( 11 - 11) =    -28.28272  eV     1   --> A              
     e( 12 - 12) =    -28.25955  eV     1   --> A              
     e( 13 - 13) =    -28.18814  eV     1   --> A              
     e( 14 - 14) =    -28.16312  eV     1   --> A              
     e( 15 - 15) =    -28.09443  eV     1   --> A              
     e( 16 - 16) =    -28.06011  eV     1   --> A              
     e( 17 - 17) =     -7.75853  eV     1   --> A              
     e( 18 - 18) =     -7.25318  eV     1   --> A              
     e( 19 - 19) =     -7.00156  eV     1   --> A              
     e( 20 - 20) =     -6.95067  eV     1   --> A              
     e( 21 - 21) =     -6.35316  eV     1   --> A              
     e( 22 - 22) =     -6.31403  eV     1   --> A              
     e( 23 - 23) =     -6.07841  eV     1   --> A              
     e( 24 - 24) =     -6.04203  eV     1   --> A              
     e( 25 - 25) =      3.67361  eV     1   --> A              
     e( 26 - 26) =      3.76875  eV     1   --> A              
     e( 27 - 27) =      3.92366  eV     1   --> A              
     e( 28 - 28) =      4.02734  eV     1   --> A              
     e( 29 - 29) =      4.55958  eV     1   --> A              
     e( 30 - 30) =      4.74368  eV     1   --> A              
     e( 31 - 31) =      4.82959  eV     1   --> A              
     e( 32 - 32) =      5.01232  eV     1   --> A              
     e( 33 - 33) =      5.23192  eV     1   --> A              
     e( 34 - 34) =      5.45681  eV     1   --> A              
     e( 35 - 35) =      5.71460  eV     1   --> A              
     e( 36 - 36) =      6.20467  eV     1   --> A              
     e( 37 - 37) =      6.27386  eV     1   --> A              
     e( 38 - 38) =      6.59412  eV     1   --> A              
     e( 39 - 39) =      6.85683  eV     1   --> A              
     e( 40 - 40) =      7.01008  eV     1   --> A              
     e( 41 - 41) =      7.23960  eV     1   --> A              
     e( 42 - 42) =      7.33789  eV     1   --> A              
     e( 43 - 43) =      7.53938  eV     1   --> A              
     e( 44 - 44) =      7.82026  eV     1   --> A              
     e( 45 - 45) =      7.97004  eV     1   --> A              
     e( 46 - 46) =      8.08141  eV     1   --> A              
     e( 47 - 47) =      8.49187  eV     1   --> A              
     e( 48 - 48) =      8.73643  eV     1   --> A              
     e( 49 - 49) =      8.86433  eV     1   --> A              
     e( 50 - 50) =      9.07287  eV     1   --> A              
     e( 51 - 51) =      9.14844  eV     1   --> A              
     e( 52 - 52) =      9.33187  eV     1   --> A              
     e( 53 - 53) =      9.44135  eV     1   --> A              
     e( 54 - 54) =      9.63211  eV     1   --> A              
     e( 55 - 55) =      9.91994  eV     1   --> A              
     e( 56 - 56) =      9.99020  eV     1   --> A              
     e( 57 - 57) =     11.15187  eV     1   --> A              
     e( 58 - 58) =     11.28240  eV     1   --> A              
     e( 59 - 59) =     14.05459  eV     1   --> A              
     e( 60 - 60) =     14.13316  eV     1   --> A              
     e( 61 - 61) =     14.20500  eV     1   --> A              
     e( 62 - 62) =     14.26213  eV     1   --> A              
     e( 63 - 63) =     14.75808  eV     1   --> A              
     e( 64 - 64) =     14.79715  eV     1   --> A              
     e( 65 - 65) =     17.91388  eV     1   --> A              
     e( 66 - 66) =     18.03367  eV     1   --> A              
     e( 67 - 67) =     18.47512  eV     1   --> A              
     e( 68 - 68) =     19.50498  eV     1   --> A              
     e( 69 - 69) =     20.13834  eV     1   --> A              
     e( 70 - 70) =     20.23712  eV     1   --> A              
     e( 71 - 71) =     21.46967  eV     1   --> A              
     e( 72 - 72) =     21.71484  eV     1   --> A              
     e( 73 - 73) =     23.14936  eV     1   --> A              
     e( 74 - 74) =     23.23222  eV     1   --> A              
     e( 75 - 75) =     23.49868  eV     1   --> A              
     e( 76 - 76) =     23.64599  eV     1   --> A              
     e( 77 - 77) =     23.85533  eV     1   --> A              
     e( 78 - 78) =     24.66969  eV     1   --> A              
     e( 79 - 79) =     25.18227  eV     1   --> A              
     e( 80 - 80) =     25.80194  eV     1   --> A              

 **************************************************************************

 **************************************************************************

                    xk=(  -0.00008,   0.00000,   0.39333  )

     Band symmetry, C_1 (1)     point group:

     e(  1 -  1) =    -76.62528  eV     1   --> A              
     e(  2 -  2) =    -68.26437  eV     1   --> A              
     e(  3 -  3) =    -63.81167  eV     1   --> A              
     e(  4 -  4) =    -63.79203  eV     1   --> A              
     e(  5 -  5) =    -44.02565  eV     1   --> A              
     e(  6 -  6) =    -42.43398  eV     1   --> A              
     e(  7 -  7) =    -42.30021  eV     1   --> A              
     e(  8 -  8) =    -37.33031  eV     1   --> A              
     e(  9 -  9) =    -37.31769  eV     1   --> A              
     e( 10 - 10) =    -37.30132  eV     1   --> A              
     e( 11 - 11) =    -28.28191  eV     1   --> A              
     e( 12 - 12) =    -28.26110  eV     1   --> A              
     e( 13 - 13) =    -28.18678  eV     1   --> A              
     e( 14 - 14) =    -28.16478  eV     1   --> A              
     e( 15 - 15) =    -28.09362  eV     1   --> A              
     e( 16 - 16) =    -28.06001  eV     1   --> A              
     e( 17 - 17) =     -7.69798  eV     1   --> A              
     e( 18 - 18) =     -7.31540  eV     1   --> A              
     e( 19 - 19) =     -7.00473  eV     1   --> A              
     e( 20 - 20) =     -6.95564  eV     1   --> A              
     e( 21 - 21) =     -6.34731  eV     1   --> A              
     e( 22 - 22) =     -6.31233  eV     1   --> A              
     e( 23 - 23) =     -6.07345  eV     1   --> A              
     e( 24 - 24) =     -6.04733  eV     1   --> A              
     e( 25 - 25) =      3.67479  eV     1   --> A              
     e( 26 - 26) =      3.77835  eV     1   --> A              
     e( 27 - 27) =      3.91593  eV     1   --> A              
     e( 28 - 28) =      3.99922  eV     1   --> A              
     e( 29 - 29) =      4.58746  eV     1   --> A              
     e( 30 - 30) =      4.75655  eV     1   --> A              
     e( 31 - 31) =      4.83090  eV     1   --> A              
     e( 32 - 32) =      5.07629  eV     1   --> A              
     e( 33 - 33) =      5.23906  eV     1   --> A              
     e( 34 - 34) =      5.42491  eV     1   --> A              
     e( 35 - 35) =      5.73520  eV     1   --> A              
     e( 36 - 36) =      6.18565  eV     1   --> A              
     e( 37 - 37) =      6.24357  eV     1   --> A              
     e( 38 - 38) =      6.50559  eV     1   --> A              
     e( 39 - 39) =      6.85528  eV     1   --> A              
     e( 40 - 40) =      7.01888  eV     1   --> A              
     e( 41 - 41) =      7.27660  eV     1   --> A              
     e( 42 - 42) =      7.35295  eV     1   --> A              
     e( 43 - 43) =      7.52747  eV     1   --> A              
     e( 44 - 44) =      7.82007  eV     1   --> A              
     e( 45 - 45) =      7.96012  eV     1   --> A              
     e( 46 - 46) =      8.05684  eV     1   --> A              
     e( 47 - 47) =      8.48235  eV     1   --> A              
     e( 48 - 48) =      8.72747  eV     1   --> A              
     e( 49 - 49) =      8.90700  eV     1   --> A              
     e( 50 - 50) =      9.10425  eV     1   --> A              
     e( 51 - 51) =      9.14514  eV     1   --> A              
     e( 52 - 52) =      9.32170  eV     1   --> A              
     e( 53 - 53) =      9.43109  eV     1   --> A              
     e( 54 - 54) =      9.63675  eV     1   --> A              
     e( 55 - 55) =      9.93466  eV     1   --> A              
     e( 56 - 56) =      9.98129  eV     1   --> A              
     e( 57 - 57) =     11.17254  eV     1   --> A              
     e( 58 - 58) =     11.28530  eV     1   --> A              
     e( 59 - 59) =     14.08434  eV     1   --> A              
     e( 60 - 60) =     14.14444  eV     1   --> A              
     e( 61 - 61) =     14.20524  eV     1   --> A              
     e( 62 - 62) =     14.25825  eV     1   --> A              
     e( 63 - 63) =     14.70911  eV     1   --> A              
     e( 64 - 64) =     14.76181  eV     1   --> A              
     e( 65 - 65) =     17.92565  eV     1   --> A              
     e( 66 - 66) =     18.02681  eV     1   --> A              
     e( 67 - 67) =     18.60567  eV     1   --> A              
     e( 68 - 68) =     19.41966  eV     1   --> A              
     e( 69 - 69) =     20.10712  eV     1   --> A              
     e( 70 - 70) =     20.20904  eV     1   --> A              
     e( 71 - 71) =     21.49272  eV     1   --> A              
     e( 72 - 72) =     21.69077  eV     1   --> A              
     e( 73 - 73) =     23.18363  eV     1   --> A              
     e( 74 - 74) =     23.34478  eV     1   --> A              
     e( 75 - 75) =     23.49185  eV     1   --> A              
     e( 76 - 76) =     23.64348  eV     1   --> A              
     e( 77 - 77) =     23.80504  eV     1   --> A              
     e( 78 - 78) =     24.52319  eV     1   --> A              
     e( 79 - 79) =     25.33974  eV     1   --> A              
     e( 80 - 80) =     25.81946  eV     1   --> A              

 **************************************************************************

 **************************************************************************

                    xk=(  -0.00009,   0.00000,   0.41647  )

     Band symmetry, C_1 (1)     point group:

     e(  1 -  1) =    -76.62528  eV     1   --> A              
     e(  2 -  2) =    -68.26437  eV     1   --> A              
     e(  3 -  3) =    -63.81163  eV     1   --> A              
     e(  4 -  4) =    -63.79206  eV     1   --> A              
     e(  5 -  5) =    -44.02565  eV     1   --> A              
     e(  6 -  6) =    -42.43398  eV     1   --> A              
     e(  7 -  7) =    -42.30021  eV     1   --> A              
     e(  8 -  8) =    -37.33031  eV     1   --> A              
     e(  9 -  9) =    -37.31769  eV     1   --> A              
     e( 10 - 10) =    -37.30132  eV     1   --> A              
     e( 11 - 11) =    -28.28122  eV     1   --> A              
     e( 12 - 12) =    -28.26232  eV     1   --> A              
     e( 13 - 13) =    -28.18566  eV     1   --> A              
     e( 14 - 14) =    -28.16612  eV     1   --> A              
     e( 15 - 15) =    -28.09302  eV     1   --> A              
     e( 16 - 16) =    -28.05995  eV     1   --> A              
     e( 17 - 17) =     -7.63600  eV     1   --> A              
     e( 18 - 18) =     -7.37871  eV     1   --> A              
     e( 19 - 19) =     -7.00710  eV     1   --> A              
     e( 20 - 20) =     -6.95914  eV     1   --> A              
     e( 21 - 21) =     -6.34112  eV     1   --> A              
     e( 22 - 22) =     -6.31316  eV     1   --> A              
     e( 23 - 23) =     -6.06964  eV     1   --> A              
     e( 24 - 24) =     -6.05119  eV     1   --> A              
     e( 25 - 25) =      3.67822  eV     1   --> A              
     e( 26 - 26) =      3.78634  eV     1   --> A              
     e( 27 - 27) =      3.90351  eV     1   --> A              
     e( 28 - 28) =      3.98048  eV     1   --> A              
     e( 29 - 29) =      4.61391  eV     1   --> A              
     e( 30 - 30) =      4.75726  eV     1   --> A              
     e( 31 - 31) =      4.83661  eV     1   --> A              
     e( 32 - 32) =      5.12947  eV     1   --> A              
     e( 33 - 33) =      5.25297  eV     1   --> A              
     e( 34 - 34) =      5.38446  eV     1   --> A              
     e( 35 - 35) =      5.77015  eV     1   --> A              
     e( 36 - 36) =      6.14266  eV     1   --> A              
     e( 37 - 37) =      6.24154  eV     1   --> A              
     e( 38 - 38) =      6.42791  eV     1   --> A              
     e( 39 - 39) =      6.85608  eV     1   --> A              
     e( 40 - 40) =      7.02615  eV     1   --> A              
     e( 41 - 41) =      7.31132  eV     1   --> A              
     e( 42 - 42) =      7.36397  eV     1   --> A              
     e( 43 - 43) =      7.51323  eV     1   --> A              
     e( 44 - 44) =      7.82064  eV     1   --> A              
     e( 45 - 45) =      7.95829  eV     1   --> A              
     e( 46 - 46) =      8.03201  eV     1   --> A              
     e( 47 - 47) =      8.47214  eV     1   --> A              
     e( 48 - 48) =      8.72164  eV     1   --> A              
     e( 49 - 49) =      8.94177  eV     1   --> A              
     e( 50 - 50) =      9.13357  eV     1   --> A              
     e( 51 - 51) =      9.14011  eV     1   --> A              
     e( 52 - 52) =      9.30612  eV     1   --> A              
     e( 53 - 53) =      9.42742  eV     1   --> A              
     e( 54 - 54) =      9.64000  eV     1   --> A              
     e( 55 - 55) =      9.94587  eV     1   --> A              
     e( 56 - 56) =      9.97355  eV     1   --> A              
     e( 57 - 57) =     11.18721  eV     1   --> A              
     e( 58 - 58) =     11.28757  eV     1   --> A              
     e( 59 - 59) =     14.11403  eV     1   --> A              
     e( 60 - 60) =     14.15040  eV     1   --> A              
     e( 61 - 61) =     14.20170  eV     1   --> A              
     e( 62 - 62) =     14.25851  eV     1   --> A              
     e( 63 - 63) =     14.67173  eV     1   --> A              
     e( 64 - 64) =     14.73255  eV     1   --> A              
     e( 65 - 65) =     17.93938  eV     1   --> A              
     e( 66 - 66) =     18.01055  eV     1   --> A              
     e( 67 - 67) =     18.74816  eV     1   --> A              
     e( 68 - 68) =     19.30956  eV     1   --> A              
     e( 69 - 69) =     20.08734  eV     1   --> A              
     e( 70 - 70) =     20.19134  eV     1   --> A              
     e( 71 - 71) =     21.52102  eV     1   --> A              
     e( 72 - 72) =     21.66338  eV     1   --> A              
     e( 73 - 73) =     23.21556  eV     1   --> A              
     e( 74 - 74) =     23.40323  eV     1   --> A              
     e( 75 - 75) =     23.48010  eV     1   --> A              
     e( 76 - 76) =     23.67459  eV     1   --> A              
     e( 77 - 77) =     23.80342  eV     1   --> A              
     e( 78 - 78) =     24.37025  eV     1   --> A              
     e( 79 - 79) =     25.48953  eV     1   --> A              
     e( 80 - 80) =     25.82208  eV     1   --> A              

 **************************************************************************

 **************************************************************************

                    xk=(  -0.00009,   0.00000,   0.43960  )

     Band symmetry, C_1 (1)     point group:

     e(  1 -  1) =    -76.62528  eV     1   --> A              
     e(  2 -  2) =    -68.26437  eV     1   --> A              
     e(  3 -  3) =    -63.81161  eV     1   --> A              
     e(  4 -  4) =    -63.79208  eV     1   --> A              
     e(  5 -  5) =    -44.02565  eV     1   --> A              
     e(  6 -  6) =    -42.43398  eV     1   --> A              
     e(  7 -  7) =    -42.30021  eV     1   --> A              
     e(  8 -  8) =    -37.33031  eV     1   --> A              
     e(  9 -  9) =    -37.31769  eV     1   --> A              
     e( 10 - 10) =    -37.30132  eV     1   --> A              
     e( 11 - 11) =    -28.28075  eV     1   --> A              
     e( 12 - 12) =    -28.26311  eV     1   --> A              
     e( 13 - 13) =    -28.18489  eV     1   --> A              
     e( 14 - 14) =    -28.16701  eV     1   --> A              
     e( 15 - 15) =    -28.09266  eV     1   --> A              
     e( 16 - 16) =    -28.05991  eV     1   --> A              
     e( 17 - 17) =     -7.57327  eV     1   --> A              
     e( 18 - 18) =     -7.44227  eV     1   --> A              
     e( 19 - 19) =     -7.00857  eV     1   --> A              
     e( 20 - 20) =     -6.96123  eV     1   --> A              
     e( 21 - 21) =     -6.33564  eV     1   --> A              
     e( 22 - 22) =     -6.31547  eV     1   --> A              
     e( 23 - 23) =     -6.06709  eV     1   --> A              
     e( 24 - 24) =     -6.05366  eV     1   --> A              
     e( 25 - 25) =      3.68184  eV     1   --> A              
     e( 26 - 26) =      3.79172  eV     1   --> A              
     e( 27 - 27) =      3.89183  eV     1   --> A              
     e( 28 - 28) =      3.97056  eV     1   --> A              
     e( 29 - 29) =      4.63462  eV     1   --> A              
     e( 30 - 30) =      4.75104  eV     1   --> A              
     e( 31 - 31) =      4.84339  eV     1   --> A              
     e( 32 - 32) =      5.16631  eV     1   --> A              
     e( 33 - 33) =      5.27298  eV     1   --> A              
     e( 34 - 34) =      5.34223  eV     1   --> A              
     e( 35 - 35) =      5.80990  eV     1   --> A              
     e( 36 - 36) =      6.09370  eV     1   --> A              
     e( 37 - 37) =      6.25523  eV     1   --> A              
     e( 38 - 38) =      6.36990  eV     1   --> A              
     e( 39 - 39) =      6.85697  eV     1   --> A              
     e( 40 - 40) =      7.03096  eV     1   --> A              
     e( 41 - 41) =      7.33987  eV     1   --> A              
     e( 42 - 42) =      7.36831  eV     1   --> A              
     e( 43 - 43) =      7.50038  eV     1   --> A              
     e( 44 - 44) =      7.82122  eV     1   --> A              
     e( 45 - 45) =      7.96411  eV     1   --> A              
     e( 46 - 46) =      8.00951  eV     1   --> A              
     e( 47 - 47) =      8.46454  eV     1   --> A              
     e( 48 - 48) =      8.71849  eV     1   --> A              
     e( 49 - 49) =      8.96484  eV     1   --> A              
     e( 50 - 50) =      9.13545  eV     1   --> A              
     e( 51 - 51) =      9.15692  eV     1   --> A              
     e( 52 - 52) =      9.28992  eV     1   --> A              
     e( 53 - 53) =      9.42731  eV     1   --> A              
     e( 54 - 54) =      9.64183  eV     1   --> A              
     e( 55 - 55) =      9.95406  eV     1   --> A              
     e( 56 - 56) =      9.96714  eV     1   --> A              
     e( 57 - 57) =     11.19592  eV     1   --> A              
     e( 58 - 58) =     11.28905  eV     1   --> A              
     e( 59 - 59) =     14.13629  eV     1   --> A              
     e( 60 - 60) =     14.15738  eV     1   --> A              
     e( 61 - 61) =     14.19461  eV     1   --> A              
     e( 62 - 62) =     14.25826  eV     1   --> A              
     e( 63 - 63) =     14.64949  eV     1   --> A              
     e( 64 - 64) =     14.71203  eV     1   --> A              
     e( 65 - 65) =     17.95511  eV     1   --> A              
     e( 66 - 66) =     17.99162  eV     1   --> A              
     e( 67 - 67) =     18.89366  eV     1   --> A              
     e( 68 - 68) =     19.18223  eV     1   --> A              
     e( 69 - 69) =     20.07907  eV     1   --> A              
     e( 70 - 70) =     20.17958  eV     1   --> A              
     e( 71 - 71) =     21.55084  eV     1   --> A              
     e( 72 - 72) =     21.63483  eV     1   --> A              
     e( 73 - 73) =     23.24227  eV     1   --> A              
     e( 74 - 74) =     23.40333  eV     1   --> A              
     e( 75 - 75) =     23.48567  eV     1   --> A              
     e( 76 - 76) =     23.67239  eV     1   --> A              
     e( 77 - 77) =     23.89948  eV     1   --> A              
     e( 78 - 78) =     24.21613  eV     1   --> A              
     e( 79 - 79) =     25.62300  eV     1   --> A              
     e( 80 - 80) =     25.79814  eV     1   --> A              

 **************************************************************************

 **************************************************************************

                    xk=(  -0.00010,   0.00000,   0.46274  )

     zone border point and non-symmorphic group 
     symmetry decomposition not available

 **************************************************************************

 **************************************************************************

                    xk=(   0.02490,   0.02035,   0.46301  )

     point group C_1 (1)    
     there are  1 classes
     the character table:

       E    
A      1.00

     the symmetry operations in each class and the name of the first element:

     E        1
                                                                 

     Band symmetry, C_1 (1)     point group:

     e(  1 -  1) =    -76.62528  eV     1   --> A              
     e(  2 -  2) =    -68.26437  eV     1   --> A              
     e(  3 -  3) =    -63.81161  eV     1   --> A              
     e(  4 -  4) =    -63.79209  eV     1   --> A              
     e(  5 -  5) =    -44.02565  eV     1   --> A              
     e(  6 -  6) =    -42.43398  eV     1   --> A              
     e(  7 -  7) =    -42.30020  eV     1   --> A              
     e(  8 -  8) =    -37.33031  eV     1   --> A              
     e(  9 -  9) =    -37.31769  eV     1   --> A              
     e( 10 - 10) =    -37.30133  eV     1   --> A              
     e( 11 - 11) =    -28.28061  eV     1   --> A              
     e( 12 - 12) =    -28.26341  eV     1   --> A              
     e( 13 - 13) =    -28.18463  eV     1   --> A              
     e( 14 - 14) =    -28.16733  eV     1   --> A              
     e( 15 - 15) =    -28.09253  eV     1   --> A              
     e( 16 - 16) =    -28.05989  eV     1   --> A              
     e( 17 - 17) =     -7.51912  eV     1   --> A              
     e( 18 - 18) =     -7.49328  eV     1   --> A              
     e( 19 - 19) =     -7.00820  eV     1   --> A              
     e( 20 - 20) =     -6.96104  eV     1   --> A              
     e( 21 - 21) =     -6.33691  eV     1   --> A              
     e( 22 - 22) =     -6.31773  eV     1   --> A              
     e( 23 - 23) =     -6.06877  eV     1   --> A              
     e( 24 - 24) =     -6.05407  eV     1   --> A              
     e( 25 - 25) =      3.68651  eV     1   --> A              
     e( 26 - 26) =      3.79716  eV     1   --> A              
     e( 27 - 27) =      3.89057  eV     1   --> A              
     e( 28 - 28) =      3.97134  eV     1   --> A              
     e( 29 - 29) =      4.63054  eV     1   --> A              
     e( 30 - 30) =      4.75092  eV     1   --> A              
     e( 31 - 31) =      4.84570  eV     1   --> A              
     e( 32 - 32) =      5.18437  eV     1   --> A              
     e( 33 - 33) =      5.24519  eV     1   --> A              
     e( 34 - 34) =      5.37077  eV     1   --> A              
     e( 35 - 35) =      5.82914  eV     1   --> A              
     e( 36 - 36) =      6.07025  eV     1   --> A              
     e( 37 - 37) =      6.26609  eV     1   --> A              
     e( 38 - 38) =      6.34421  eV     1   --> A              
     e( 39 - 39) =      6.83304  eV     1   --> A              
     e( 40 - 40) =      7.03721  eV     1   --> A              
     e( 41 - 41) =      7.34680  eV     1   --> A              
     e( 42 - 42) =      7.36274  eV     1   --> A              
     e( 43 - 43) =      7.50221  eV     1   --> A              
     e( 44 - 44) =      7.82510  eV     1   --> A              
     e( 45 - 45) =      7.96902  eV     1   --> A              
     e( 46 - 46) =      8.00478  eV     1   --> A              
     e( 47 - 47) =      8.45249  eV     1   --> A              
     e( 48 - 48) =      8.71534  eV     1   --> A              
     e( 49 - 49) =      8.95630  eV     1   --> A              
     e( 50 - 50) =      9.10670  eV     1   --> A              
     e( 51 - 51) =      9.17283  eV     1   --> A              
     e( 52 - 52) =      9.32435  eV     1   --> A              
     e( 53 - 53) =      9.42936  eV     1   --> A              
     e( 54 - 54) =      9.64435  eV     1   --> A              
     e( 55 - 55) =      9.94222  eV     1   --> A              
     e( 56 - 56) =      9.98084  eV     1   --> A              
     e( 57 - 57) =     11.19338  eV     1   --> A              
     e( 58 - 58) =     11.29314  eV     1   --> A              
     e( 59 - 59) =     14.12470  eV     1   --> A              
     e( 60 - 60) =     14.15902  eV     1   --> A              
     e( 61 - 61) =     14.19299  eV     1   --> A              
     e( 62 - 62) =     14.28517  eV     1   --> A              
     e( 63 - 63) =     14.63877  eV     1   --> A              
     e( 64 - 64) =     14.70683  eV     1   --> A              
     e( 65 - 65) =     17.95052  eV     1   --> A              
     e( 66 - 66) =     17.99029  eV     1   --> A              
     e( 67 - 67) =     19.02093  eV     1   --> A              
     e( 68 - 68) =     19.07274  eV     1   --> A              
     e( 69 - 69) =     20.06115  eV     1   --> A              
     e( 70 - 70) =     20.19028  eV     1   --> A              
     e( 71 - 71) =     21.54835  eV     1   --> A              
     e( 72 - 72) =     21.61798  eV     1   --> A              
     e( 73 - 73) =     23.20538  eV     1   --> A              
     e( 74 - 74) =     23.42616  eV     1   --> A              
     e( 75 - 75) =     23.47830  eV     1   --> A              
     e( 76 - 76) =     23.68298  eV     1   --> A              
     e( 77 - 77) =     23.96345  eV     1   --> A              
     e( 78 - 78) =     24.16355  eV     1   --> A              
     e( 79 - 79) =     25.68556  eV     1   --> A              
     e( 80 - 80) =     25.78469  eV     1   --> A              

 **************************************************************************

 **************************************************************************

                    xk=(   0.04990,   0.04070,   0.46327  )

     Band symmetry, C_1 (1)     point group:

     e(  1 -  1) =    -76.62529  eV     1   --> A              
     e(  2 -  2) =    -68.26437  eV     1   --> A              
     e(  3 -  3) =    -63.81161  eV     1   --> A              
     e(  4 -  4) =    -63.79209  eV     1   --> A              
     e(  5 -  5) =    -44.02565  eV     1   --> A              
     e(  6 -  6) =    -42.43398  eV     1   --> A              
     e(  7 -  7) =    -42.30021  eV     1   --> A              
     e(  8 -  8) =    -37.33032  eV     1   --> A              
     e(  9 -  9) =    -37.31769  eV     1   --> A              
     e( 10 - 10) =    -37.30133  eV     1   --> A              
     e( 11 - 11) =    -28.28067  eV     1   --> A              
     e( 12 - 12) =    -28.26347  eV     1   --> A              
     e( 13 - 13) =    -28.18467  eV     1   --> A              
     e( 14 - 14) =    -28.16735  eV     1   --> A              
     e( 15 - 15) =    -28.09248  eV     1   --> A              
     e( 16 - 16) =    -28.05985  eV     1   --> A              
     e( 17 - 17) =     -7.51431  eV     1   --> A              
     e( 18 - 18) =     -7.48790  eV     1   --> A              
     e( 19 - 19) =     -7.00637  eV     1   --> A              
     e( 20 - 20) =     -6.95764  eV     1   --> A              
     e( 21 - 21) =     -6.34812  eV     1   --> A              
     e( 22 - 22) =     -6.32021  eV     1   --> A              
     e( 23 - 23) =     -6.07474  eV     1   --> A              
     e( 24 - 24) =     -6.05428  eV     1   --> A              
     e( 25 - 25) =      3.69607  eV     1   --> A              
     e( 26 - 26) =      3.80598  eV     1   --> A              
     e( 27 - 27) =      3.90062  eV     1   --> A              
     e( 28 - 28) =      3.98389  eV     1   --> A              
     e( 29 - 29) =      4.59923  eV     1   --> A              
     e( 30 - 30) =      4.75810  eV     1   --> A              
     e( 31 - 31) =      4.84466  eV     1   --> A              
     e( 32 - 32) =      5.17003  eV     1   --> A              
     e( 33 - 33) =      5.22599  eV     1   --> A              
     e( 34 - 34) =      5.44334  eV     1   --> A              
     e( 35 - 35) =      5.82596  eV     1   --> A              
     e( 36 - 36) =      6.07179  eV     1   --> A              
     e( 37 - 37) =      6.26565  eV     1   --> A              
     e( 38 - 38) =      6.34365  eV     1   --> A              
     e( 39 - 39) =      6.77494  eV     1   --> A              
     e( 40 - 40) =      7.03833  eV     1   --> A              
     e( 41 - 41) =      7.32284  eV     1   --> A              
     e( 42 - 42) =      7.36043  eV     1   --> A              
     e( 43 - 43) =      7.51960  eV     1   --> A              
     e( 44 - 44) =      7.83003  eV     1   --> A              
     e( 45 - 45) =      7.97244  eV     1   --> A              
     e( 46 - 46) =      8.02125  eV     1   --> A              
     e( 47 - 47) =      8.42520  eV     1   --> A              
     e( 48 - 48) =      8.71041  eV     1   --> A              
     e( 49 - 49) =      8.91687  eV     1   --> A              
     e( 50 - 50) =      9.07737  eV     1   --> A              
     e( 51 - 51) =      9.17637  eV     1   --> A              
     e( 52 - 52) =      9.38591  eV     1   --> A              
     e( 53 - 53) =      9.44232  eV     1   --> A              
     e( 54 - 54) =      9.65546  eV     1   --> A              
     e( 55 - 55) =      9.92468  eV     1   --> A              
     e( 56 - 56) =     10.00577  eV     1   --> A              
     e( 57 - 57) =     11.17909  eV     1   --> A              
     e( 58 - 58) =     11.30096  eV     1   --> A              
     e( 59 - 59) =     14.07892  eV     1   --> A              
     e( 60 - 60) =     14.15359  eV     1   --> A              
     e( 61 - 61) =     14.21953  eV     1   --> A              
     e( 62 - 62) =     14.33213  eV     1   --> A              
     e( 63 - 63) =     14.62963  eV     1   --> A              
     e( 64 - 64) =     14.71287  eV     1   --> A              
     e( 65 - 65) =     17.92678  eV     1   --> A              
     e( 66 - 66) =     18.00138  eV     1   --> A              
     e( 67 - 67) =     19.01774  eV     1   --> A              
     e( 68 - 68) =     19.11007  eV     1   --> A              
     e( 69 - 69) =     20.02955  eV     1   --> A              
     e( 70 - 70) =     20.21988  eV     1   --> A              
     e( 71 - 71) =     21.49694  eV     1   --> A              
     e( 72 - 72) =     21.61217  eV     1   --> A              
     e( 73 - 73) =     23.11872  eV     1   --> A              
     e( 74 - 74) =     23.37726  eV     1   --> A              
     e( 75 - 75) =     23.52658  eV     1   --> A              
     e( 76 - 76) =     23.72579  eV     1   --> A              
     e( 77 - 77) =     23.93953  eV     1   --> A              
     e( 78 - 78) =     24.25836  eV     1   --> A              
     e( 79 - 79) =     25.65145  eV     1   --> A              
     e( 80 - 80) =     25.84167  eV     1   --> A              

 **************************************************************************

 **************************************************************************

                    xk=(   0.07490,   0.06106,   0.46354  )

     Band symmetry, C_1 (1)     point group:

     e(  1 -  1) =    -76.62529  eV     1   --> A              
     e(  2 -  2) =    -68.26438  eV     1   --> A              
     e(  3 -  3) =    -63.81162  eV     1   --> A              
     e(  4 -  4) =    -63.79210  eV     1   --> A              
     e(  5 -  5) =    -44.02565  eV     1   --> A              
     e(  6 -  6) =    -42.43398  eV     1   --> A              
     e(  7 -  7) =    -42.30021  eV     1   --> A              
     e(  8 -  8) =    -37.33032  eV     1   --> A              
     e(  9 -  9) =    -37.31769  eV     1   --> A              
     e( 10 - 10) =    -37.30133  eV     1   --> A              
     e( 11 - 11) =    -28.28077  eV     1   --> A              
     e( 12 - 12) =    -28.26358  eV     1   --> A              
     e( 13 - 13) =    -28.18473  eV     1   --> A              
     e( 14 - 14) =    -28.16738  eV     1   --> A              
     e( 15 - 15) =    -28.09241  eV     1   --> A              
     e( 16 - 16) =    -28.05979  eV     1   --> A              
     e( 17 - 17) =     -7.50674  eV     1   --> A              
     e( 18 - 18) =     -7.47894  eV     1   --> A              
     e( 19 - 19) =     -7.00560  eV     1   --> A              
     e( 20 - 20) =     -6.94980  eV     1   --> A              
     e( 21 - 21) =     -6.36642  eV     1   --> A              
     e( 22 - 22) =     -6.32453  eV     1   --> A              
     e( 23 - 23) =     -6.08194  eV     1   --> A              
     e( 24 - 24) =     -6.05663  eV     1   --> A              
     e( 25 - 25) =      3.71217  eV     1   --> A              
     e( 26 - 26) =      3.81664  eV     1   --> A              
     e( 27 - 27) =      3.91558  eV     1   --> A              
     e( 28 - 28) =      4.00754  eV     1   --> A              
     e( 29 - 29) =      4.55841  eV     1   --> A              
     e( 30 - 30) =      4.76402  eV     1   --> A              
     e( 31 - 31) =      4.84428  eV     1   --> A              
     e( 32 - 32) =      5.12834  eV     1   --> A              
     e( 33 - 33) =      5.24708  eV     1   --> A              
     e( 34 - 34) =      5.51877  eV     1   --> A              
     e( 35 - 35) =      5.81949  eV     1   --> A              
     e( 36 - 36) =      6.07632  eV     1   --> A              
     e( 37 - 37) =      6.26291  eV     1   --> A              
     e( 38 - 38) =      6.34630  eV     1   --> A              
     e( 39 - 39) =      6.70379  eV     1   --> A              
     e( 40 - 40) =      7.02361  eV     1   --> A              
     e( 41 - 41) =      7.28791  eV     1   --> A              
     e( 42 - 42) =      7.36132  eV     1   --> A              
     e( 43 - 43) =      7.54202  eV     1   --> A              
     e( 44 - 44) =      7.82553  eV     1   --> A              
     e( 45 - 45) =      7.98838  eV     1   --> A              
     e( 46 - 46) =      8.04101  eV     1   --> A              
     e( 47 - 47) =      8.38445  eV     1   --> A              
     e( 48 - 48) =      8.70487  eV     1   --> A              
     e( 49 - 49) =      8.87614  eV     1   --> A              
     e( 50 - 50) =      9.05874  eV     1   --> A              
     e( 51 - 51) =      9.17266  eV     1   --> A              
     e( 52 - 52) =      9.40635  eV     1   --> A              
     e( 53 - 53) =      9.47336  eV     1   --> A              
     e( 54 - 54) =      9.68365  eV     1   --> A              
     e( 55 - 55) =      9.91634  eV     1   --> A              
     e( 56 - 56) =     10.03953  eV     1   --> A              
     e( 57 - 57) =     11.15898  eV     1   --> A              
     e( 58 - 58) =     11.30785  eV     1   --> A              
     e( 59 - 59) =     14.02647  eV     1   --> A              
     e( 60 - 60) =     14.15638  eV     1   --> A              
     e( 61 - 61) =     14.25780  eV     1   --> A              
     e( 62 - 62) =     14.37855  eV     1   --> A              
     e( 63 - 63) =     14.61812  eV     1   --> A              
     e( 64 - 64) =     14.72100  eV     1   --> A              
     e( 65 - 65) =     17.90398  eV     1   --> A              
     e( 66 - 66) =     18.00688  eV     1   --> A              
     e( 67 - 67) =     18.99848  eV     1   --> A              
     e( 68 - 68) =     19.18065  eV     1   --> A              
     e( 69 - 69) =     19.99828  eV     1   --> A              
     e( 70 - 70) =     20.25078  eV     1   --> A              
     e( 71 - 71) =     21.42442  eV     1   --> A              
     e( 72 - 72) =     21.59657  eV     1   --> A              
     e( 73 - 73) =     23.02370  eV     1   --> A              
     e( 74 - 74) =     23.27514  eV     1   --> A              
     e( 75 - 75) =     23.58083  eV     1   --> A              
     e( 76 - 76) =     23.78735  eV     1   --> A              
     e( 77 - 77) =     23.97016  eV     1   --> A              
     e( 78 - 78) =     24.34174  eV     1   --> A              
     e( 79 - 79) =     25.61755  eV     1   --> A              
     e( 80 - 80) =     25.90372  eV     1   --> A              

 **************************************************************************

 **************************************************************************

                    xk=(   0.09990,   0.08141,   0.46380  )

     Band symmetry, C_1 (1)     point group:

     e(  1 -  1) =    -76.62530  eV     1   --> A              
     e(  2 -  2) =    -68.26438  eV     1   --> A              
     e(  3 -  3) =    -63.81164  eV     1   --> A              
     e(  4 -  4) =    -63.79212  eV     1   --> A              
     e(  5 -  5) =    -44.02565  eV     1   --> A              
     e(  6 -  6) =    -42.43399  eV     1   --> A              
     e(  7 -  7) =    -42.30021  eV     1   --> A              
     e(  8 -  8) =    -37.33032  eV     1   --> A              
     e(  9 -  9) =    -37.31768  eV     1   --> A              
     e( 10 - 10) =    -37.30133  eV     1   --> A              
     e( 11 - 11) =    -28.28091  eV     1   --> A              
     e( 12 - 12) =    -28.26372  eV     1   --> A              
     e( 13 - 13) =    -28.18480  eV     1   --> A              
     e( 14 - 14) =    -28.16743  eV     1   --> A              
     e( 15 - 15) =    -28.09230  eV     1   --> A              
     e( 16 - 16) =    -28.05971  eV     1   --> A              
     e( 17 - 17) =     -7.49698  eV     1   --> A              
     e( 18 - 18) =     -7.46645  eV     1   --> A              
     e( 19 - 19) =     -7.00751  eV     1   --> A              
     e( 20 - 20) =     -6.93610  eV     1   --> A              
     e( 21 - 21) =     -6.39135  eV     1   --> A              
     e( 22 - 22) =     -6.33061  eV     1   --> A              
     e( 23 - 23) =     -6.08935  eV     1   --> A              
     e( 24 - 24) =     -6.06130  eV     1   --> A              
     e( 25 - 25) =      3.73384  eV     1   --> A              
     e( 26 - 26) =      3.82690  eV     1   --> A              
     e( 27 - 27) =      3.93358  eV     1   --> A              
     e( 28 - 28) =      4.04308  eV     1   --> A              
     e( 29 - 29) =      4.51474  eV     1   --> A              
     e( 30 - 30) =      4.76643  eV     1   --> A              
     e( 31 - 31) =      4.84567  eV     1   --> A              
     e( 32 - 32) =      5.08932  eV     1   --> A              
     e( 33 - 33) =      5.27229  eV     1   --> A              
     e( 34 - 34) =      5.59261  eV     1   --> A              
     e( 35 - 35) =      5.80800  eV     1   --> A              
     e( 36 - 36) =      6.08612  eV     1   --> A              
     e( 37 - 37) =      6.25745  eV     1   --> A              
     e( 38 - 38) =      6.35518  eV     1   --> A              
     e( 39 - 39) =      6.63428  eV     1   --> A              
     e( 40 - 40) =      6.99420  eV     1   --> A              
     e( 41 - 41) =      7.24117  eV     1   --> A              
     e( 42 - 42) =      7.36638  eV     1   --> A              
     e( 43 - 43) =      7.56701  eV     1   --> A              
     e( 44 - 44) =      7.81042  eV     1   --> A              
     e( 45 - 45) =      8.01386  eV     1   --> A              
     e( 46 - 46) =      8.05752  eV     1   --> A              
     e( 47 - 47) =      8.34198  eV     1   --> A              
     e( 48 - 48) =      8.69748  eV     1   --> A              
     e( 49 - 49) =      8.84512  eV     1   --> A              
     e( 50 - 50) =      9.04519  eV     1   --> A              
     e( 51 - 51) =      9.15820  eV     1   --> A              
     e( 52 - 52) =      9.40910  eV     1   --> A              
     e( 53 - 53) =      9.49004  eV     1   --> A              
     e( 54 - 54) =      9.70958  eV     1   --> A              
     e( 55 - 55) =      9.93388  eV     1   --> A              
     e( 56 - 56) =     10.08557  eV     1   --> A              
     e( 57 - 57) =     11.13476  eV     1   --> A              
     e( 58 - 58) =     11.30981  eV     1   --> A              
     e( 59 - 59) =     13.97598  eV     1   --> A              
     e( 60 - 60) =     14.16417  eV     1   --> A              
     e( 61 - 61) =     14.30324  eV     1   --> A              
     e( 62 - 62) =     14.42040  eV     1   --> A              
     e( 63 - 63) =     14.60739  eV     1   --> A              
     e( 64 - 64) =     14.73080  eV     1   --> A              
     e( 65 - 65) =     17.88252  eV     1   --> A              
     e( 66 - 66) =     18.01048  eV     1   --> A              
     e( 67 - 67) =     18.96578  eV     1   --> A              
     e( 68 - 68) =     19.27580  eV     1   --> A              
     e( 69 - 69) =     19.97434  eV     1   --> A              
     e( 70 - 70) =     20.27937  eV     1   --> A              
     e( 71 - 71) =     21.33715  eV     1   --> A              
     e( 72 - 72) =     21.57351  eV     1   --> A              
     e( 73 - 73) =     22.92469  eV     1   --> A              
     e( 74 - 74) =     23.15379  eV     1   --> A              
     e( 75 - 75) =     23.61544  eV     1   --> A              
     e( 76 - 76) =     23.86258  eV     1   --> A              
     e( 77 - 77) =     24.04844  eV     1   --> A              
     e( 78 - 78) =     24.39842  eV     1   --> A              
     e( 79 - 79) =     25.57470  eV     1   --> A              
     e( 80 - 80) =     25.83073  eV     1   --> A              

 **************************************************************************

 **************************************************************************

                    xk=(   0.12490,   0.10176,   0.46407  )

     Band symmetry, C_1 (1)     point group:

     e(  1 -  1) =    -76.62531  eV     1   --> A              
     e(  2 -  2) =    -68.26438  eV     1   --> A              
     e(  3 -  3) =    -63.81166  eV     1   --> A              
     e(  4 -  4) =    -63.79214  eV     1   --> A              
     e(  5 -  5) =    -44.02565  eV     1   --> A              
     e(  6 -  6) =    -42.43399  eV     1   --> A              
     e(  7 -  7) =    -42.30021  eV     1   --> A              
     e(  8 -  8) =    -37.33033  eV     1   --> A              
     e(  9 -  9) =    -37.31768  eV     1   --> A              
     e( 10 - 10) =    -37.30134  eV     1   --> A              
     e( 11 - 11) =    -28.28108  eV     1   --> A              
     e( 12 - 12) =    -28.26390  eV     1   --> A              
     e( 13 - 13) =    -28.18490  eV     1   --> A              
     e( 14 - 14) =    -28.16748  eV     1   --> A              
     e( 15 - 15) =    -28.09217  eV     1   --> A              
     e( 16 - 16) =    -28.05962  eV     1   --> A              
     e( 17 - 17) =     -7.48569  eV     1   --> A              
     e( 18 - 18) =     -7.45063  eV     1   --> A              
     e( 19 - 19) =     -7.01223  eV     1   --> A              
     e( 20 - 20) =     -6.91677  eV     1   --> A              
     e( 21 - 21) =     -6.42199  eV     1   --> A              
     e( 22 - 22) =     -6.33831  eV     1   --> A              
     e( 23 - 23) =     -6.09652  eV     1   --> A              
     e( 24 - 24) =     -6.06783  eV     1   --> A              
     e( 25 - 25) =      3.75841  eV     1   --> A              
     e( 26 - 26) =      3.83633  eV     1   --> A              
     e( 27 - 27) =      3.95525  eV     1   --> A              
     e( 28 - 28) =      4.08694  eV     1   --> A              
     e( 29 - 29) =      4.47270  eV     1   --> A              
     e( 30 - 30) =      4.76355  eV     1   --> A              
     e( 31 - 31) =      4.84946  eV     1   --> A              
     e( 32 - 32) =      5.05717  eV     1   --> A              
     e( 33 - 33) =      5.29403  eV     1   --> A              
     e( 34 - 34) =      5.65802  eV     1   --> A              
     e( 35 - 35) =      5.79006  eV     1   --> A              
     e( 36 - 36) =      6.10295  eV     1   --> A              
     e( 37 - 37) =      6.25274  eV     1   --> A              
     e( 38 - 38) =      6.36993  eV     1   --> A              
     e( 39 - 39) =      6.57918  eV     1   --> A              
     e( 40 - 40) =      6.95653  eV     1   --> A              
     e( 41 - 41) =      7.18168  eV     1   --> A              
     e( 42 - 42) =      7.37497  eV     1   --> A              
     e( 43 - 43) =      7.59052  eV     1   --> A              
     e( 44 - 44) =      7.79317  eV     1   --> A              
     e( 45 - 45) =      8.03771  eV     1   --> A              
     e( 46 - 46) =      8.06308  eV     1   --> A              
     e( 47 - 47) =      8.31455  eV     1   --> A              
     e( 48 - 48) =      8.68401  eV     1   --> A              
     e( 49 - 49) =      8.82526  eV     1   --> A              
     e( 50 - 50) =      9.03262  eV     1   --> A              
     e( 51 - 51) =      9.13407  eV     1   --> A              
     e( 52 - 52) =      9.40492  eV     1   --> A              
     e( 53 - 53) =      9.49791  eV     1   --> A              
     e( 54 - 54) =      9.70990  eV     1   --> A              
     e( 55 - 55) =      9.97673  eV     1   --> A              
     e( 56 - 56) =     10.14576  eV     1   --> A              
     e( 57 - 57) =     11.10744  eV     1   --> A              
     e( 58 - 58) =     11.30467  eV     1   --> A              
     e( 59 - 59) =     13.93101  eV     1   --> A              
     e( 60 - 60) =     14.17465  eV     1   --> A              
     e( 61 - 61) =     14.35035  eV     1   --> A              
     e( 62 - 62) =     14.45791  eV     1   --> A              
     e( 63 - 63) =     14.60038  eV     1   --> A              
     e( 64 - 64) =     14.74272  eV     1   --> A              
     e( 65 - 65) =     17.86051  eV     1   --> A              
     e( 66 - 66) =     18.01746  eV     1   --> A              
     e( 67 - 67) =     18.92173  eV     1   --> A              
     e( 68 - 68) =     19.38862  eV     1   --> A              
     e( 69 - 69) =     19.96145  eV     1   --> A              
     e( 70 - 70) =     20.30502  eV     1   --> A              
     e( 71 - 71) =     21.24156  eV     1   --> A              
     e( 72 - 72) =     21.54560  eV     1   --> A              
     e( 73 - 73) =     22.82326  eV     1   --> A              
     e( 74 - 74) =     23.02614  eV     1   --> A              
     e( 75 - 75) =     23.63573  eV     1   --> A              
     e( 76 - 76) =     23.94423  eV     1   --> A              
     e( 77 - 77) =     24.15656  eV     1   --> A              
     e( 78 - 78) =     24.41793  eV     1   --> A              
     e( 79 - 79) =     25.50234  eV     1   --> A              
     e( 80 - 80) =     25.74849  eV     1   --> A              

 **************************************************************************

 **************************************************************************

                    xk=(   0.14990,   0.12211,   0.46434  )

     Band symmetry, C_1 (1)     point group:

     e(  1 -  1) =    -76.62532  eV     1   --> A              
     e(  2 -  2) =    -68.26439  eV     1   --> A              
     e(  3 -  3) =    -63.81169  eV     1   --> A              
     e(  4 -  4) =    -63.79217  eV     1   --> A              
     e(  5 -  5) =    -44.02565  eV     1   --> A              
     e(  6 -  6) =    -42.43399  eV     1   --> A              
     e(  7 -  7) =    -42.30021  eV     1   --> A              
     e(  8 -  8) =    -37.33033  eV     1   --> A              
     e(  9 -  9) =    -37.31768  eV     1   --> A              
     e( 10 - 10) =    -37.30134  eV     1   --> A              
     e( 11 - 11) =    -28.28127  eV     1   --> A              
     e( 12 - 12) =    -28.26410  eV     1   --> A              
     e( 13 - 13) =    -28.18500  eV     1   --> A              
     e( 14 - 14) =    -28.16753  eV     1   --> A              
     e( 15 - 15) =    -28.09202  eV     1   --> A              
     e( 16 - 16) =    -28.05950  eV     1   --> A              
     e( 17 - 17) =     -7.47344  eV     1   --> A              
     e( 18 - 18) =     -7.43197  eV     1   --> A              
     e( 19 - 19) =     -7.01904  eV     1   --> A              
     e( 20 - 20) =     -6.89312  eV     1   --> A              
     e( 21 - 21) =     -6.45690  eV     1   --> A              
     e( 22 - 22) =     -6.34741  eV     1   --> A              
     e( 23 - 23) =     -6.10354  eV     1   --> A              
     e( 24 - 24) =     -6.07539  eV     1   --> A              
     e( 25 - 25) =      3.78180  eV     1   --> A              
     e( 26 - 26) =      3.84523  eV     1   --> A              
     e( 27 - 27) =      3.98341  eV     1   --> A              
     e( 28 - 28) =      4.13270  eV     1   --> A              
     e( 29 - 29) =      4.43547  eV     1   --> A              
     e( 30 - 30) =      4.75350  eV     1   --> A              
     e( 31 - 31) =      4.85496  eV     1   --> A              
     e( 32 - 32) =      5.03221  eV     1   --> A              
     e( 33 - 33) =      5.31279  eV     1   --> A              
     e( 34 - 34) =      5.69934  eV     1   --> A              
     e( 35 - 35) =      5.77311  eV     1   --> A              
     e( 36 - 36) =      6.12565  eV     1   --> A              
     e( 37 - 37) =      6.25640  eV     1   --> A              
     e( 38 - 38) =      6.38500  eV     1   --> A              
     e( 39 - 39) =      6.55153  eV     1   --> A              
     e( 40 - 40) =      6.91612  eV     1   --> A              
     e( 41 - 41) =      7.11253  eV     1   --> A              
     e( 42 - 42) =      7.38562  eV     1   --> A              
     e( 43 - 43) =      7.60531  eV     1   --> A              
     e( 44 - 44) =      7.78589  eV     1   --> A              
     e( 45 - 45) =      8.02143  eV     1   --> A              
     e( 46 - 46) =      8.08222  eV     1   --> A              
     e( 47 - 47) =      8.31384  eV     1   --> A              
     e( 48 - 48) =      8.66121  eV     1   --> A              
     e( 49 - 49) =      8.81339  eV     1   --> A              
     e( 50 - 50) =      9.01637  eV     1   --> A              
     e( 51 - 51) =      9.10750  eV     1   --> A              
     e( 52 - 52) =      9.39391  eV     1   --> A              
     e( 53 - 53) =      9.50657  eV     1   --> A              
     e( 54 - 54) =      9.69512  eV     1   --> A              
     e( 55 - 55) =     10.02276  eV     1   --> A              
     e( 56 - 56) =     10.21352  eV     1   --> A              
     e( 57 - 57) =     11.07790  eV     1   --> A              
     e( 58 - 58) =     11.29209  eV     1   --> A              
     e( 59 - 59) =     13.89409  eV     1   --> A              
     e( 60 - 60) =     14.18524  eV     1   --> A              
     e( 61 - 61) =     14.39105  eV     1   --> A              
     e( 62 - 62) =     14.49562  eV     1   --> A              
     e( 63 - 63) =     14.59928  eV     1   --> A              
     e( 64 - 64) =     14.75739  eV     1   --> A              
     e( 65 - 65) =     17.83541  eV     1   --> A              
     e( 66 - 66) =     18.03148  eV     1   --> A              
     e( 67 - 67) =     18.87058  eV     1   --> A              
     e( 68 - 68) =     19.51326  eV     1   --> A              
     e( 69 - 69) =     19.96115  eV     1   --> A              
     e( 70 - 70) =     20.32818  eV     1   --> A              
     e( 71 - 71) =     21.14407  eV     1   --> A              
     e( 72 - 72) =     21.51473  eV     1   --> A              
     e( 73 - 73) =     22.72082  eV     1   --> A              
     e( 74 - 74) =     22.90015  eV     1   --> A              
     e( 75 - 75) =     23.64373  eV     1   --> A              
     e( 76 - 76) =     24.03128  eV     1   --> A              
     e( 77 - 77) =     24.27483  eV     1   --> A              
     e( 78 - 78) =     24.39678  eV     1   --> A              
     e( 79 - 79) =     25.39708  eV     1   --> A              
     e( 80 - 80) =     25.72704  eV     1   --> A              

 **************************************************************************

 **************************************************************************

                    xk=(   0.17490,   0.14247,   0.46460  )

     Band symmetry, C_1 (1)     point group:

     e(  1 -  1) =    -76.62533  eV     1   --> A              
     e(  2 -  2) =    -68.26439  eV     1   --> A              
     e(  3 -  3) =    -63.81173  eV     1   --> A              
     e(  4 -  4) =    -63.79220  eV     1   --> A              
     e(  5 -  5) =    -44.02565  eV     1   --> A              
     e(  6 -  6) =    -42.43400  eV     1   --> A              
     e(  7 -  7) =    -42.30021  eV     1   --> A              
     e(  8 -  8) =    -37.33034  eV     1   --> A              
     e(  9 -  9) =    -37.31767  eV     1   --> A              
     e( 10 - 10) =    -37.30135  eV     1   --> A              
     e( 11 - 11) =    -28.28148  eV     1   --> A              
     e( 12 - 12) =    -28.26431  eV     1   --> A              
     e( 13 - 13) =    -28.18511  eV     1   --> A              
     e( 14 - 14) =    -28.16759  eV     1   --> A              
     e( 15 - 15) =    -28.09186  eV     1   --> A              
     e( 16 - 16) =    -28.05938  eV     1   --> A              
     e( 17 - 17) =     -7.46069  eV     1   --> A              
     e( 18 - 18) =     -7.41126  eV     1   --> A              
     e( 19 - 19) =     -7.02708  eV     1   --> A              
     e( 20 - 20) =     -6.86707  eV     1   --> A              
     e( 21 - 21) =     -6.49392  eV     1   --> A              
     e( 22 - 22) =     -6.35762  eV     1   --> A              
     e( 23 - 23) =     -6.11081  eV     1   --> A              
     e( 24 - 24) =     -6.08290  eV     1   --> A              
     e( 25 - 25) =      3.80027  eV     1   --> A              
     e( 26 - 26) =      3.85371  eV     1   --> A              
     e( 27 - 27) =      4.02016  eV     1   --> A              
     e( 28 - 28) =      4.17377  eV     1   --> A              
     e( 29 - 29) =      4.40550  eV     1   --> A              
     e( 30 - 30) =      4.73483  eV     1   --> A              
     e( 31 - 31) =      4.85948  eV     1   --> A              
     e( 32 - 32) =      5.01328  eV     1   --> A              
     e( 33 - 33) =      5.33426  eV     1   --> A              
     e( 34 - 34) =      5.68527  eV     1   --> A              
     e( 35 - 35) =      5.78532  eV     1   --> A              
     e( 36 - 36) =      6.14703  eV     1   --> A              
     e( 37 - 37) =      6.27885  eV     1   --> A              
     e( 38 - 38) =      6.39327  eV     1   --> A              
     e( 39 - 39) =      6.55980  eV     1   --> A              
     e( 40 - 40) =      6.87636  eV     1   --> A              
     e( 41 - 41) =      7.04044  eV     1   --> A              
     e( 42 - 42) =      7.39737  eV     1   --> A              
     e( 43 - 43) =      7.60550  eV     1   --> A              
     e( 44 - 44) =      7.79737  eV     1   --> A              
     e( 45 - 45) =      7.97237  eV     1   --> A              
     e( 46 - 46) =      8.11180  eV     1   --> A              
     e( 47 - 47) =      8.33496  eV     1   --> A              
     e( 48 - 48) =      8.62838  eV     1   --> A              
     e( 49 - 49) =      8.80365  eV     1   --> A              
     e( 50 - 50) =      8.99259  eV     1   --> A              
     e( 51 - 51) =      9.08725  eV     1   --> A              
     e( 52 - 52) =      9.37748  eV     1   --> A              
     e( 53 - 53) =      9.51589  eV     1   --> A              
     e( 54 - 54) =      9.67912  eV     1   --> A              
     e( 55 - 55) =     10.06184  eV     1   --> A              
     e( 56 - 56) =     10.27324  eV     1   --> A              
     e( 57 - 57) =     11.04699  eV     1   --> A              
     e( 58 - 58) =     11.27345  eV     1   --> A              
     e( 59 - 59) =     13.86720  eV     1   --> A              
     e( 60 - 60) =     14.19304  eV     1   --> A              
     e( 61 - 61) =     14.42028  eV     1   --> A              
     e( 62 - 62) =     14.53615  eV     1   --> A              
     e( 63 - 63) =     14.60643  eV     1   --> A              
     e( 64 - 64) =     14.77508  eV     1   --> A              
     e( 65 - 65) =     17.80621  eV     1   --> A              
     e( 66 - 66) =     18.05127  eV     1   --> A              
     e( 67 - 67) =     18.82018  eV     1   --> A              
     e( 68 - 68) =     19.64410  eV     1   --> A              
     e( 69 - 69) =     19.97353  eV     1   --> A              
     e( 70 - 70) =     20.34984  eV     1   --> A              
     e( 71 - 71) =     21.05065  eV     1   --> A              
     e( 72 - 72) =     21.48205  eV     1   --> A              
     e( 73 - 73) =     22.61875  eV     1   --> A              
     e( 74 - 74) =     22.78047  eV     1   --> A              
     e( 75 - 75) =     23.63836  eV     1   --> A              
     e( 76 - 76) =     24.12333  eV     1   --> A              
     e( 77 - 77) =     24.31698  eV     1   --> A              
     e( 78 - 78) =     24.41017  eV     1   --> A              
     e( 79 - 79) =     25.28964  eV     1   --> A              
     e( 80 - 80) =     25.75210  eV     1   --> A              

 **************************************************************************

 **************************************************************************

                    xk=(   0.19990,   0.16282,   0.46487  )

     Band symmetry, C_1 (1)     point group:

     e(  1 -  1) =    -76.62535  eV     1   --> A              
     e(  2 -  2) =    -68.26440  eV     1   --> A              
     e(  3 -  3) =    -63.81177  eV     1   --> A              
     e(  4 -  4) =    -63.79225  eV     1   --> A              
     e(  5 -  5) =    -44.02564  eV     1   --> A              
     e(  6 -  6) =    -42.43400  eV     1   --> A              
     e(  7 -  7) =    -42.30021  eV     1   --> A              
     e(  8 -  8) =    -37.33035  eV     1   --> A              
     e(  9 -  9) =    -37.31767  eV     1   --> A              
     e( 10 - 10) =    -37.30136  eV     1   --> A              
     e( 11 - 11) =    -28.28170  eV     1   --> A              
     e( 12 - 12) =    -28.26454  eV     1   --> A              
     e( 13 - 13) =    -28.18522  eV     1   --> A              
     e( 14 - 14) =    -28.16764  eV     1   --> A              
     e( 15 - 15) =    -28.09168  eV     1   --> A              
     e( 16 - 16) =    -28.05924  eV     1   --> A              
     e( 17 - 17) =     -7.44781  eV     1   --> A              
     e( 18 - 18) =     -7.38960  eV     1   --> A              
     e( 19 - 19) =     -7.03546  eV     1   --> A              
     e( 20 - 20) =     -6.84139  eV     1   --> A              
     e( 21 - 21) =     -6.52995  eV     1   --> A              
     e( 22 - 22) =     -6.36856  eV     1   --> A              
     e( 23 - 23) =     -6.11877  eV     1   --> A              
     e( 24 - 24) =     -6.08936  eV     1   --> A              
     e( 25 - 25) =      3.81257  eV     1   --> A              
     e( 26 - 26) =      3.86152  eV     1   --> A              
     e( 27 - 27) =      4.06417  eV     1   --> A              
     e( 28 - 28) =      4.20496  eV     1   --> A              
     e( 29 - 29) =      4.38499  eV     1   --> A              
     e( 30 - 30) =      4.70714  eV     1   --> A              
     e( 31 - 31) =      4.85818  eV     1   --> A              
     e( 32 - 32) =      4.99828  eV     1   --> A              
     e( 33 - 33) =      5.36565  eV     1   --> A              
     e( 34 - 34) =      5.64275  eV     1   --> A              
     e( 35 - 35) =      5.80552  eV     1   --> A              
     e( 36 - 36) =      6.15939  eV     1   --> A              
     e( 37 - 37) =      6.32405  eV     1   --> A              
     e( 38 - 38) =      6.39946  eV     1   --> A              
     e( 39 - 39) =      6.59425  eV     1   --> A              
     e( 40 - 40) =      6.83973  eV     1   --> A              
     e( 41 - 41) =      6.97528  eV     1   --> A              
     e( 42 - 42) =      7.41004  eV     1   --> A              
     e( 43 - 43) =      7.59442  eV     1   --> A              
     e( 44 - 44) =      7.82301  eV     1   --> A              
     e( 45 - 45) =      7.91504  eV     1   --> A              
     e( 46 - 46) =      8.14212  eV     1   --> A              
     e( 47 - 47) =      8.36618  eV     1   --> A              
     e( 48 - 48) =      8.58614  eV     1   --> A              
     e( 49 - 49) =      8.79082  eV     1   --> A              
     e( 50 - 50) =      8.96495  eV     1   --> A              
     e( 51 - 51) =      9.07440  eV     1   --> A              
     e( 52 - 52) =      9.35699  eV     1   --> A              
     e( 53 - 53) =      9.52266  eV     1   --> A              
     e( 54 - 54) =      9.66946  eV     1   --> A              
     e( 55 - 55) =     10.09324  eV     1   --> A              
     e( 56 - 56) =     10.30985  eV     1   --> A              
     e( 57 - 57) =     11.01514  eV     1   --> A              
     e( 58 - 58) =     11.25121  eV     1   --> A              
     e( 59 - 59) =     13.85175  eV     1   --> A              
     e( 60 - 60) =     14.19546  eV     1   --> A              
     e( 61 - 61) =     14.44296  eV     1   --> A              
     e( 62 - 62) =     14.56654  eV     1   --> A              
     e( 63 - 63) =     14.63049  eV     1   --> A              
     e( 64 - 64) =     14.79537  eV     1   --> A              
     e( 65 - 65) =     17.77353  eV     1   --> A              
     e( 66 - 66) =     18.06971  eV     1   --> A              
     e( 67 - 67) =     18.78216  eV     1   --> A              
     e( 68 - 68) =     19.77418  eV     1   --> A              
     e( 69 - 69) =     19.99909  eV     1   --> A              
     e( 70 - 70) =     20.37141  eV     1   --> A              
     e( 71 - 71) =     20.96667  eV     1   --> A              
     e( 72 - 72) =     21.44839  eV     1   --> A              
     e( 73 - 73) =     22.51841  eV     1   --> A              
     e( 74 - 74) =     22.66954  eV     1   --> A              
     e( 75 - 75) =     23.61745  eV     1   --> A              
     e( 76 - 76) =     24.21796  eV     1   --> A              
     e( 77 - 77) =     24.22750  eV     1   --> A              
     e( 78 - 78) =     24.51347  eV     1   --> A              
     e( 79 - 79) =     25.20269  eV     1   --> A              
     e( 80 - 80) =     25.80615  eV     1   --> A              

 **************************************************************************

 **************************************************************************

                    xk=(   0.22490,   0.18317,   0.46514  )

     Band symmetry, C_1 (1)     point group:

     e(  1 -  1) =    -76.62536  eV     1   --> A              
     e(  2 -  2) =    -68.26440  eV     1   --> A              
     e(  3 -  3) =    -63.81182  eV     1   --> A              
     e(  4 -  4) =    -63.79230  eV     1   --> A              
     e(  5 -  5) =    -44.02564  eV     1   --> A              
     e(  6 -  6) =    -42.43401  eV     1   --> A              
     e(  7 -  7) =    -42.30021  eV     1   --> A              
     e(  8 -  8) =    -37.33035  eV     1   --> A              
     e(  9 -  9) =    -37.31766  eV     1   --> A              
     e( 10 - 10) =    -37.30137  eV     1   --> A              
     e( 11 - 11) =    -28.28192  eV     1   --> A              
     e( 12 - 12) =    -28.26477  eV     1   --> A              
     e( 13 - 13) =    -28.18533  eV     1   --> A              
     e( 14 - 14) =    -28.16769  eV     1   --> A              
     e( 15 - 15) =    -28.09149  eV     1   --> A              
     e( 16 - 16) =    -28.05910  eV     1   --> A              
     e( 17 - 17) =     -7.43512  eV     1   --> A              
     e( 18 - 18) =     -7.36829  eV     1   --> A              
     e( 19 - 19) =     -7.04322  eV     1   --> A              
     e( 20 - 20) =     -6.82049  eV     1   --> A              
     e( 21 - 21) =     -6.56025  eV     1   --> A              
     e( 22 - 22) =     -6.37978  eV     1   --> A              
     e( 23 - 23) =     -6.12735  eV     1   --> A              
     e( 24 - 24) =     -6.09434  eV     1   --> A              
     e( 25 - 25) =      3.81985  eV     1   --> A              
     e( 26 - 26) =      3.86828  eV     1   --> A              
     e( 27 - 27) =      4.10981  eV     1   --> A              
     e( 28 - 28) =      4.22373  eV     1   --> A              
     e( 29 - 29) =      4.37640  eV     1   --> A              
     e( 30 - 30) =      4.67145  eV     1   --> A              
     e( 31 - 31) =      4.84616  eV     1   --> A              
     e( 32 - 32) =      4.98480  eV     1   --> A              
     e( 33 - 33) =      5.40838  eV     1   --> A              
     e( 34 - 34) =      5.60491  eV     1   --> A              
     e( 35 - 35) =      5.81575  eV     1   --> A              
     e( 36 - 36) =      6.16116  eV     1   --> A              
     e( 37 - 37) =      6.37603  eV     1   --> A              
     e( 38 - 38) =      6.42233  eV     1   --> A              
     e( 39 - 39) =      6.63214  eV     1   --> A              
     e( 40 - 40) =      6.80950  eV     1   --> A              
     e( 41 - 41) =      6.93012  eV     1   --> A              
     e( 42 - 42) =      7.42419  eV     1   --> A              
     e( 43 - 43) =      7.57886  eV     1   --> A              
     e( 44 - 44) =      7.82839  eV     1   --> A              
     e( 45 - 45) =      7.88711  eV     1   --> A              
     e( 46 - 46) =      8.17212  eV     1   --> A              
     e( 47 - 47) =      8.39794  eV     1   --> A              
     e( 48 - 48) =      8.53768  eV     1   --> A              
     e( 49 - 49) =      8.77322  eV     1   --> A              
     e( 50 - 50) =      8.94036  eV     1   --> A              
     e( 51 - 51) =      9.06413  eV     1   --> A              
     e( 52 - 52) =      9.33332  eV     1   --> A              
     e( 53 - 53) =      9.52434  eV     1   --> A              
     e( 54 - 54) =      9.66976  eV     1   --> A              
     e( 55 - 55) =     10.11714  eV     1   --> A              
     e( 56 - 56) =     10.31442  eV     1   --> A              
     e( 57 - 57) =     10.98188  eV     1   --> A              
     e( 58 - 58) =     11.22739  eV     1   --> A              
     e( 59 - 59) =     13.84832  eV     1   --> A              
     e( 60 - 60) =     14.19157  eV     1   --> A              
     e( 61 - 61) =     14.46598  eV     1   --> A              
     e( 62 - 62) =     14.57884  eV     1   --> A              
     e( 63 - 63) =     14.67217  eV     1   --> A              
     e( 64 - 64) =     14.81773  eV     1   --> A              
     e( 65 - 65) =     17.73863  eV     1   --> A              
     e( 66 - 66) =     18.07624  eV     1   --> A              
     e( 67 - 67) =     18.76990  eV     1   --> A              
     e( 68 - 68) =     19.89007  eV     1   --> A              
     e( 69 - 69) =     20.04420  eV     1   --> A              
     e( 70 - 70) =     20.39485  eV     1   --> A              
     e( 71 - 71) =     20.89679  eV     1   --> A              
     e( 72 - 72) =     21.41457  eV     1   --> A              
     e( 73 - 73) =     22.42110  eV     1   --> A              
     e( 74 - 74) =     22.56828  eV     1   --> A              
     e( 75 - 75) =     23.57748  eV     1   --> A              
     e( 76 - 76) =     24.11854  eV     1   --> A              
     e( 77 - 77) =     24.31150  eV     1   --> A              
     e( 78 - 78) =     24.59924  eV     1   --> A              
     e( 79 - 79) =     25.14930  eV     1   --> A              
     e( 80 - 80) =     25.87085  eV     1   --> A              

 **************************************************************************

 **************************************************************************

                    xk=(   0.24990,   0.20352,   0.46540  )

     Band symmetry, C_1 (1)     point group:

     e(  1 -  1) =    -76.62537  eV     1   --> A              
     e(  2 -  2) =    -68.26441  eV     1   --> A              
     e(  3 -  3) =    -63.81188  eV     1   --> A              
     e(  4 -  4) =    -63.79235  eV     1   --> A              
     e(  5 -  5) =    -44.02564  eV     1   --> A              
     e(  6 -  6) =    -42.43401  eV     1   --> A              
     e(  7 -  7) =    -42.30021  eV     1   --> A              
     e(  8 -  8) =    -37.33036  eV     1   --> A              
     e(  9 -  9) =    -37.31766  eV     1   --> A              
     e( 10 - 10) =    -37.30137  eV     1   --> A              
     e( 11 - 11) =    -28.28214  eV     1   --> A              
     e( 12 - 12) =    -28.26500  eV     1   --> A              
     e( 13 - 13) =    -28.18544  eV     1   --> A              
     e( 14 - 14) =    -28.16773  eV     1   --> A              
     e( 15 - 15) =    -28.09130  eV     1   --> A              
     e( 16 - 16) =    -28.05896  eV     1   --> A              
     e( 17 - 17) =     -7.42289  eV     1   --> A              
     e( 18 - 18) =     -7.34885  eV     1   --> A              
     e( 19 - 19) =     -7.04922  eV     1   --> A              
     e( 20 - 20) =     -6.81068  eV     1   --> A              
     e( 21 - 21) =     -6.57832  eV     1   --> A              
     e( 22 - 22) =     -6.39080  eV     1   --> A              
     e( 23 - 23) =     -6.13597  eV     1   --> A              
     e( 24 - 24) =     -6.09800  eV     1   --> A              
     e( 25 - 25) =      3.82391  eV     1   --> A              
     e( 26 - 26) =      3.87389  eV     1   --> A              
     e( 27 - 27) =      4.14784  eV     1   --> A              
     e( 28 - 28) =      4.23099  eV     1   --> A              
     e( 29 - 29) =      4.38263  eV     1   --> A              
     e( 30 - 30) =      4.63002  eV     1   --> A              
     e( 31 - 31) =      4.82246  eV     1   --> A              
     e( 32 - 32) =      4.96892  eV     1   --> A              
     e( 33 - 33) =      5.44937  eV     1   --> A              
     e( 34 - 34) =      5.59712  eV     1   --> A              
     e( 35 - 35) =      5.81663  eV     1   --> A              
     e( 36 - 36) =      6.14956  eV     1   --> A              
     e( 37 - 37) =      6.41234  eV     1   --> A              
     e( 38 - 38) =      6.48123  eV     1   --> A              
     e( 39 - 39) =      6.65342  eV     1   --> A              
     e( 40 - 40) =      6.78853  eV     1   --> A              
     e( 41 - 41) =      6.91903  eV     1   --> A              
     e( 42 - 42) =      7.44033  eV     1   --> A              
     e( 43 - 43) =      7.56158  eV     1   --> A              
     e( 44 - 44) =      7.78777  eV     1   --> A              
     e( 45 - 45) =      7.91603  eV     1   --> A              
     e( 46 - 46) =      8.20109  eV     1   --> A              
     e( 47 - 47) =      8.41229  eV     1   --> A              
     e( 48 - 48) =      8.50030  eV     1   --> A              
     e( 49 - 49) =      8.75397  eV     1   --> A              
     e( 50 - 50) =      8.92025  eV     1   --> A              
     e( 51 - 51) =      9.05302  eV     1   --> A              
     e( 52 - 52) =      9.30757  eV     1   --> A              
     e( 53 - 53) =      9.52089  eV     1   --> A              
     e( 54 - 54) =      9.67969  eV     1   --> A              
     e( 55 - 55) =     10.13273  eV     1   --> A              
     e( 56 - 56) =     10.28575  eV     1   --> A              
     e( 57 - 57) =     10.94612  eV     1   --> A              
     e( 58 - 58) =     11.20163  eV     1   --> A              
     e( 59 - 59) =     13.85650  eV     1   --> A              
     e( 60 - 60) =     14.18255  eV     1   --> A              
     e( 61 - 61) =     14.49078  eV     1   --> A              
     e( 62 - 62) =     14.58588  eV     1   --> A              
     e( 63 - 63) =     14.71476  eV     1   --> A              
     e( 64 - 64) =     14.84207  eV     1   --> A              
     e( 65 - 65) =     17.70290  eV     1   --> A              
     e( 66 - 66) =     18.06292  eV     1   --> A              
     e( 67 - 67) =     18.79270  eV     1   --> A              
     e( 68 - 68) =     19.96799  eV     1   --> A              
     e( 69 - 69) =     20.12444  eV     1   --> A              
     e( 70 - 70) =     20.42320  eV     1   --> A              
     e( 71 - 71) =     20.84486  eV     1   --> A              
     e( 72 - 72) =     21.38167  eV     1   --> A              
     e( 73 - 73) =     22.32810  eV     1   --> A              
     e( 74 - 74) =     22.47652  eV     1   --> A              
     e( 75 - 75) =     23.51372  eV     1   --> A              
     e( 76 - 76) =     24.01060  eV     1   --> A              
     e( 77 - 77) =     24.39743  eV     1   --> A              
     e( 78 - 78) =     24.65701  eV     1   --> A              
     e( 79 - 79) =     25.13790  eV     1   --> A              
     e( 80 - 80) =     25.90738  eV     1   --> A              

 **************************************************************************

 **************************************************************************

                    xk=(   0.27490,   0.22388,   0.46567  )

     Band symmetry, C_1 (1)     point group:

     e(  1 -  1) =    -76.62538  eV     1   --> A              
     e(  2 -  2) =    -68.26441  eV     1   --> A              
     e(  3 -  3) =    -63.81194  eV     1   --> A              
     e(  4 -  4) =    -63.79242  eV     1   --> A              
     e(  5 -  5) =    -44.02564  eV     1   --> A              
     e(  6 -  6) =    -42.43402  eV     1   --> A              
     e(  7 -  7) =    -42.30021  eV     1   --> A              
     e(  8 -  8) =    -37.33037  eV     1   --> A              
     e(  9 -  9) =    -37.31765  eV     1   --> A              
     e( 10 - 10) =    -37.30138  eV     1   --> A              
     e( 11 - 11) =    -28.28235  eV     1   --> A              
     e( 12 - 12) =    -28.26522  eV     1   --> A              
     e( 13 - 13) =    -28.18553  eV     1   --> A              
     e( 14 - 14) =    -28.16776  eV     1   --> A              
     e( 15 - 15) =    -28.09111  eV     1   --> A              
     e( 16 - 16) =    -28.05882  eV     1   --> A              
     e( 17 - 17) =     -7.41138  eV     1   --> A              
     e( 18 - 18) =     -7.33278  eV     1   --> A              
     e( 19 - 19) =     -7.05236  eV     1   --> A              
     e( 20 - 20) =     -6.81697  eV     1   --> A              
     e( 21 - 21) =     -6.57914  eV     1   --> A              
     e( 22 - 22) =     -6.40115  eV     1   --> A              
     e( 23 - 23) =     -6.14384  eV     1   --> A              
     e( 24 - 24) =     -6.10074  eV     1   --> A              
     e( 25 - 25) =      3.82622  eV     1   --> A              
     e( 26 - 26) =      3.87844  eV     1   --> A              
     e( 27 - 27) =      4.16701  eV     1   --> A              
     e( 28 - 28) =      4.23223  eV     1   --> A              
     e( 29 - 29) =      4.40476  eV     1   --> A              
     e( 30 - 30) =      4.58608  eV     1   --> A              
     e( 31 - 31) =      4.79084  eV     1   --> A              
     e( 32 - 32) =      4.94597  eV     1   --> A              
     e( 33 - 33) =      5.47233  eV     1   --> A              
     e( 34 - 34) =      5.63517  eV     1   --> A              
     e( 35 - 35) =      5.81423  eV     1   --> A              
     e( 36 - 36) =      6.12173  eV     1   --> A              
     e( 37 - 37) =      6.45249  eV     1   --> A              
     e( 38 - 38) =      6.54889  eV     1   --> A              
     e( 39 - 39) =      6.65941  eV     1   --> A              
     e( 40 - 40) =      6.77717  eV     1   --> A              
     e( 41 - 41) =      6.94233  eV     1   --> A              
     e( 42 - 42) =      7.45656  eV     1   --> A              
     e( 43 - 43) =      7.54328  eV     1   --> A              
     e( 44 - 44) =      7.75538  eV     1   --> A              
     e( 45 - 45) =      7.94809  eV     1   --> A              
     e( 46 - 46) =      8.22762  eV     1   --> A              
     e( 47 - 47) =      8.37702  eV     1   --> A              
     e( 48 - 48) =      8.51111  eV     1   --> A              
     e( 49 - 49) =      8.73874  eV     1   --> A              
     e( 50 - 50) =      8.90159  eV     1   --> A              
     e( 51 - 51) =      9.04038  eV     1   --> A              
     e( 52 - 52) =      9.28115  eV     1   --> A              
     e( 53 - 53) =      9.51432  eV     1   --> A              
     e( 54 - 54) =      9.69585  eV     1   --> A              
     e( 55 - 55) =     10.13497  eV     1   --> A              
     e( 56 - 56) =     10.23290  eV     1   --> A              
     e( 57 - 57) =     10.90715  eV     1   --> A              
     e( 58 - 58) =     11.17060  eV     1   --> A              
     e( 59 - 59) =     13.87472  eV     1   --> A              
     e( 60 - 60) =     14.17069  eV     1   --> A              
     e( 61 - 61) =     14.51336  eV     1   --> A              
     e( 62 - 62) =     14.59743  eV     1   --> A              
     e( 63 - 63) =     14.74903  eV     1   --> A              
     e( 64 - 64) =     14.86866  eV     1   --> A              
     e( 65 - 65) =     17.66780  eV     1   --> A              
     e( 66 - 66) =     18.03029  eV     1   --> A              
     e( 67 - 67) =     18.84999  eV     1   --> A              
     e( 68 - 68) =     20.00902  eV     1   --> A              
     e( 69 - 69) =     20.22824  eV     1   --> A              
     e( 70 - 70) =     20.46182  eV     1   --> A              
     e( 71 - 71) =     20.81356  eV     1   --> A              
     e( 72 - 72) =     21.35120  eV     1   --> A              
     e( 73 - 73) =     22.24079  eV     1   --> A              
     e( 74 - 74) =     22.39342  eV     1   --> A              
     e( 75 - 75) =     23.42353  eV     1   --> A              
     e( 76 - 76) =     23.91489  eV     1   --> A              
     e( 77 - 77) =     24.46608  eV     1   --> A              
     e( 78 - 78) =     24.69653  eV     1   --> A              
     e( 79 - 79) =     25.16418  eV     1   --> A              
     e( 80 - 80) =     25.90041  eV     1   --> A              

 **************************************************************************

 **************************************************************************

                    xk=(   0.29990,   0.24423,   0.46593  )

     Band symmetry, C_1 (1)     point group:

     e(  1 -  1) =    -76.62539  eV     1   --> A              
     e(  2 -  2) =    -68.26442  eV     1   --> A              
     e(  3 -  3) =    -63.81201  eV     1   --> A              
     e(  4 -  4) =    -63.79248  eV     1   --> A              
     e(  5 -  5) =    -44.02563  eV     1   --> A              
     e(  6 -  6) =    -42.43402  eV     1   --> A              
     e(  7 -  7) =    -42.30021  eV     1   --> A              
     e(  8 -  8) =    -37.33038  eV     1   --> A              
     e(  9 -  9) =    -37.31765  eV     1   --> A              
     e( 10 - 10) =    -37.30139  eV     1   --> A              
     e( 11 - 11) =    -28.28254  eV     1   --> A              
     e( 12 - 12) =    -28.26543  eV     1   --> A              
     e( 13 - 13) =    -28.18562  eV     1   --> A              
     e( 14 - 14) =    -28.16778  eV     1   --> A              
     e( 15 - 15) =    -28.09093  eV     1   --> A              
     e( 16 - 16) =    -28.05868  eV     1   --> A              
     e( 17 - 17) =     -7.40084  eV     1   --> A              
     e( 18 - 18) =     -7.32125  eV     1   --> A              
     e( 19 - 19) =     -7.05181  eV     1   --> A              
     e( 20 - 20) =     -6.83745  eV     1   --> A              
     e( 21 - 21) =     -6.56479  eV     1   --> A              
     e( 22 - 22) =     -6.41041  eV     1   --> A              
     e( 23 - 23) =     -6.15030  eV     1   --> A              
     e( 24 - 24) =     -6.10289  eV     1   --> A              
     e( 25 - 25) =      3.82760  eV     1   --> A              
     e( 26 - 26) =      3.88223  eV     1   --> A              
     e( 27 - 27) =      4.16078  eV     1   --> A              
     e( 28 - 28) =      4.23552  eV     1   --> A              
     e( 29 - 29) =      4.43550  eV     1   --> A              
     e( 30 - 30) =      4.54464  eV     1   --> A              
     e( 31 - 31) =      4.75683  eV     1   --> A              
     e( 32 - 32) =      4.91487  eV     1   --> A              
     e( 33 - 33) =      5.49187  eV     1   --> A              
     e( 34 - 34) =      5.68514  eV     1   --> A              
     e( 35 - 35) =      5.82510  eV     1   --> A              
     e( 36 - 36) =      6.08103  eV     1   --> A              
     e( 37 - 37) =      6.50051  eV     1   --> A              
     e( 38 - 38) =      6.60066  eV     1   --> A              
     e( 39 - 39) =      6.67082  eV     1   --> A              
     e( 40 - 40) =      6.78421  eV     1   --> A              
     e( 41 - 41) =      6.98229  eV     1   --> A              
     e( 42 - 42) =      7.46407  eV     1   --> A              
     e( 43 - 43) =      7.53042  eV     1   --> A              
     e( 44 - 44) =      7.74151  eV     1   --> A              
     e( 45 - 45) =      7.96751  eV     1   --> A              
     e( 46 - 46) =      8.24767  eV     1   --> A              
     e( 47 - 47) =      8.32523  eV     1   --> A              
     e( 48 - 48) =      8.54928  eV     1   --> A              
     e( 49 - 49) =      8.73194  eV     1   --> A              
     e( 50 - 50) =      8.88127  eV     1   --> A              
     e( 51 - 51) =      9.02776  eV     1   --> A              
     e( 52 - 52) =      9.25551  eV     1   --> A              
     e( 53 - 53) =      9.50650  eV     1   --> A              
     e( 54 - 54) =      9.71409  eV     1   --> A              
     e( 55 - 55) =     10.09661  eV     1   --> A              
     e( 56 - 56) =     10.19095  eV     1   --> A              
     e( 57 - 57) =     10.86518  eV     1   --> A              
     e( 58 - 58) =     11.12972  eV     1   --> A              
     e( 59 - 59) =     13.90033  eV     1   --> A              
     e( 60 - 60) =     14.15817  eV     1   --> A              
     e( 61 - 61) =     14.52844  eV     1   --> A              
     e( 62 - 62) =     14.61978  eV     1   --> A              
     e( 63 - 63) =     14.77208  eV     1   --> A              
     e( 64 - 64) =     14.89675  eV     1   --> A              
     e( 65 - 65) =     17.63501  eV     1   --> A              
     e( 66 - 66) =     17.98536  eV     1   --> A              
     e( 67 - 67) =     18.93340  eV     1   --> A              
     e( 68 - 68) =     20.03076  eV     1   --> A              
     e( 69 - 69) =     20.32441  eV     1   --> A              
     e( 70 - 70) =     20.51910  eV     1   --> A              
     e( 71 - 71) =     20.80396  eV     1   --> A              
     e( 72 - 72) =     21.32490  eV     1   --> A              
     e( 73 - 73) =     22.16080  eV     1   --> A              
     e( 74 - 74) =     22.31775  eV     1   --> A              
     e( 75 - 75) =     23.31138  eV     1   --> A              
     e( 76 - 76) =     23.83250  eV     1   --> A              
     e( 77 - 77) =     24.50807  eV     1   --> A              
     e( 78 - 78) =     24.74191  eV     1   --> A              
     e( 79 - 79) =     25.20919  eV     1   --> A              
     e( 80 - 80) =     25.88115  eV     1   --> A              

 **************************************************************************

 **************************************************************************

                    xk=(   0.32490,   0.26458,   0.46620  )

     Band symmetry, C_1 (1)     point group:

     e(  1 -  1) =    -76.62540  eV     1   --> A              
     e(  2 -  2) =    -68.26442  eV     1   --> A              
     e(  3 -  3) =    -63.81208  eV     1   --> A              
     e(  4 -  4) =    -63.79255  eV     1   --> A              
     e(  5 -  5) =    -44.02563  eV     1   --> A              
     e(  6 -  6) =    -42.43403  eV     1   --> A              
     e(  7 -  7) =    -42.30021  eV     1   --> A              
     e(  8 -  8) =    -37.33039  eV     1   --> A              
     e(  9 -  9) =    -37.31765  eV     1   --> A              
     e( 10 - 10) =    -37.30140  eV     1   --> A              
     e( 11 - 11) =    -28.28272  eV     1   --> A              
     e( 12 - 12) =    -28.26562  eV     1   --> A              
     e( 13 - 13) =    -28.18569  eV     1   --> A              
     e( 14 - 14) =    -28.16780  eV     1   --> A              
     e( 15 - 15) =    -28.09076  eV     1   --> A              
     e( 16 - 16) =    -28.05855  eV     1   --> A              
     e( 17 - 17) =     -7.39150  eV     1   --> A              
     e( 18 - 18) =     -7.31465  eV     1   --> A              
     e( 19 - 19) =     -7.04743  eV     1   --> A              
     e( 20 - 20) =     -6.86546  eV     1   --> A              
     e( 21 - 21) =     -6.54216  eV     1   --> A              
     e( 22 - 22) =     -6.41827  eV     1   --> A              
     e( 23 - 23) =     -6.15489  eV     1   --> A              
     e( 24 - 24) =     -6.10465  eV     1   --> A              
     e( 25 - 25) =      3.82803  eV     1   --> A              
     e( 26 - 26) =      3.88582  eV     1   --> A              
     e( 27 - 27) =      4.13616  eV     1   --> A              
     e( 28 - 28) =      4.24200  eV     1   --> A              
     e( 29 - 29) =      4.44916  eV     1   --> A              
     e( 30 - 30) =      4.52169  eV     1   --> A              
     e( 31 - 31) =      4.72685  eV     1   --> A              
     e( 32 - 32) =      4.87913  eV     1   --> A              
     e( 33 - 33) =      5.51971  eV     1   --> A              
     e( 34 - 34) =      5.70072  eV     1   --> A              
     e( 35 - 35) =      5.87443  eV     1   --> A              
     e( 36 - 36) =      6.03571  eV     1   --> A              
     e( 37 - 37) =      6.53646  eV     1   --> A              
     e( 38 - 38) =      6.64012  eV     1   --> A              
     e( 39 - 39) =      6.69396  eV     1   --> A              
     e( 40 - 40) =      6.82238  eV     1   --> A              
     e( 41 - 41) =      7.02604  eV     1   --> A              
     e( 42 - 42) =      7.45265  eV     1   --> A              
     e( 43 - 43) =      7.53287  eV     1   --> A              
     e( 44 - 44) =      7.74200  eV     1   --> A              
     e( 45 - 45) =      7.96480  eV     1   --> A              
     e( 46 - 46) =      8.24025  eV     1   --> A              
     e( 47 - 47) =      8.30566  eV     1   --> A              
     e( 48 - 48) =      8.59749  eV     1   --> A              
     e( 49 - 49) =      8.73470  eV     1   --> A              
     e( 50 - 50) =      8.85970  eV     1   --> A              
     e( 51 - 51) =      9.01777  eV     1   --> A              
     e( 52 - 52) =      9.23212  eV     1   --> A              
     e( 53 - 53) =      9.49772  eV     1   --> A              
     e( 54 - 54) =      9.73061  eV     1   --> A              
     e( 55 - 55) =     10.00644  eV     1   --> A              
     e( 56 - 56) =     10.18114  eV     1   --> A              
     e( 57 - 57) =     10.82115  eV     1   --> A              
     e( 58 - 58) =     11.07558  eV     1   --> A              
     e( 59 - 59) =     13.92984  eV     1   --> A              
     e( 60 - 60) =     14.14645  eV     1   --> A              
     e( 61 - 61) =     14.53723  eV     1   --> A              
     e( 62 - 62) =     14.65181  eV     1   --> A              
     e( 63 - 63) =     14.78474  eV     1   --> A              
     e( 64 - 64) =     14.92382  eV     1   --> A              
     e( 65 - 65) =     17.60646  eV     1   --> A              
     e( 66 - 66) =     17.93548  eV     1   --> A              
     e( 67 - 67) =     19.03310  eV     1   --> A              
     e( 68 - 68) =     20.03852  eV     1   --> A              
     e( 69 - 69) =     20.39916  eV     1   --> A              
     e( 70 - 70) =     20.59844  eV     1   --> A              
     e( 71 - 71) =     20.81480  eV     1   --> A              
     e( 72 - 72) =     21.30441  eV     1   --> A              
     e( 73 - 73) =     22.09018  eV     1   --> A              
     e( 74 - 74) =     22.24831  eV     1   --> A              
     e( 75 - 75) =     23.18842  eV     1   --> A              
     e( 76 - 76) =     23.75619  eV     1   --> A              
     e( 77 - 77) =     24.52998  eV     1   --> A              
     e( 78 - 78) =     24.80171  eV     1   --> A              
     e( 79 - 79) =     25.25253  eV     1   --> A              
     e( 80 - 80) =     25.86623  eV     1   --> A              

 **************************************************************************

 **************************************************************************

                    xk=(   0.34990,   0.28493,   0.46647  )

     Band symmetry, C_1 (1)     point group:

     e(  1 -  1) =    -76.62540  eV     1   --> A              
     e(  2 -  2) =    -68.26443  eV     1   --> A              
     e(  3 -  3) =    -63.81214  eV     1   --> A              
     e(  4 -  4) =    -63.79262  eV     1   --> A              
     e(  5 -  5) =    -44.02563  eV     1   --> A              
     e(  6 -  6) =    -42.43403  eV     1   --> A              
     e(  7 -  7) =    -42.30021  eV     1   --> A              
     e(  8 -  8) =    -37.33039  eV     1   --> A              
     e(  9 -  9) =    -37.31764  eV     1   --> A              
     e( 10 - 10) =    -37.30140  eV     1   --> A              
     e( 11 - 11) =    -28.28287  eV     1   --> A              
     e( 12 - 12) =    -28.26578  eV     1   --> A              
     e( 13 - 13) =    -28.18575  eV     1   --> A              
     e( 14 - 14) =    -28.16780  eV     1   --> A              
     e( 15 - 15) =    -28.09060  eV     1   --> A              
     e( 16 - 16) =    -28.05844  eV     1   --> A              
     e( 17 - 17) =     -7.38360  eV     1   --> A              
     e( 18 - 18) =     -7.31243  eV     1   --> A              
     e( 19 - 19) =     -7.03998  eV     1   --> A              
     e( 20 - 20) =     -6.89535  eV     1   --> A              
     e( 21 - 21) =     -6.51720  eV     1   --> A              
     e( 22 - 22) =     -6.42456  eV     1   --> A              
     e( 23 - 23) =     -6.15738  eV     1   --> A              
     e( 24 - 24) =     -6.10612  eV     1   --> A              
     e( 25 - 25) =      3.82652  eV     1   --> A              
     e( 26 - 26) =      3.89035  eV     1   --> A              
     e( 27 - 27) =      4.10387  eV     1   --> A              
     e( 28 - 28) =      4.24976  eV     1   --> A              
     e( 29 - 29) =      4.42135  eV     1   --> A              
     e( 30 - 30) =      4.52915  eV     1   --> A              
     e( 31 - 31) =      4.70939  eV     1   --> A              
     e( 32 - 32) =      4.84367  eV     1   --> A              
     e( 33 - 33) =      5.55003  eV     1   --> A              
     e( 34 - 34) =      5.69147  eV     1   --> A              
     e( 35 - 35) =      5.94611  eV     1   --> A              
     e( 36 - 36) =      5.99506  eV     1   --> A              
     e( 37 - 37) =      6.54291  eV     1   --> A              
     e( 38 - 38) =      6.68763  eV     1   --> A              
     e( 39 - 39) =      6.72803  eV     1   --> A              
     e( 40 - 40) =      6.88385  eV     1   --> A              
     e( 41 - 41) =      7.07017  eV     1   --> A              
     e( 42 - 42) =      7.43239  eV     1   --> A              
     e( 43 - 43) =      7.54168  eV     1   --> A              
     e( 44 - 44) =      7.74767  eV     1   --> A              
     e( 45 - 45) =      7.93619  eV     1   --> A              
     e( 46 - 46) =      8.20816  eV     1   --> A              
     e( 47 - 47) =      8.32752  eV     1   --> A              
     e( 48 - 48) =      8.64459  eV     1   --> A              
     e( 49 - 49) =      8.74461  eV     1   --> A              
     e( 50 - 50) =      8.84570  eV     1   --> A              
     e( 51 - 51) =      9.01303  eV     1   --> A              
     e( 52 - 52) =      9.21305  eV     1   --> A              
     e( 53 - 53) =      9.48600  eV     1   --> A              
     e( 54 - 54) =      9.74160  eV     1   --> A              
     e( 55 - 55) =      9.90094  eV     1   --> A              
     e( 56 - 56) =     10.17929  eV     1   --> A              
     e( 57 - 57) =     10.77625  eV     1   --> A              
     e( 58 - 58) =     11.00735  eV     1   --> A              
     e( 59 - 59) =     13.95960  eV     1   --> A              
     e( 60 - 60) =     14.13613  eV     1   --> A              
     e( 61 - 61) =     14.54510  eV     1   --> A              
     e( 62 - 62) =     14.68788  eV     1   --> A              
     e( 63 - 63) =     14.78953  eV     1   --> A              
     e( 64 - 64) =     14.94699  eV     1   --> A              
     e( 65 - 65) =     17.58403  eV     1   --> A              
     e( 66 - 66) =     17.88550  eV     1   --> A              
     e( 67 - 67) =     19.14109  eV     1   --> A              
     e( 68 - 68) =     20.03297  eV     1   --> A              
     e( 69 - 69) =     20.45898  eV     1   --> A              
     e( 70 - 70) =     20.68796  eV     1   --> A              
     e( 71 - 71) =     20.84219  eV     1   --> A              
     e( 72 - 72) =     21.29039  eV     1   --> A              
     e( 73 - 73) =     22.03126  eV     1   --> A              
     e( 74 - 74) =     22.18415  eV     1   --> A              
     e( 75 - 75) =     23.06786  eV     1   --> A              
     e( 76 - 76) =     23.67704  eV     1   --> A              
     e( 77 - 77) =     24.55014  eV     1   --> A              
     e( 78 - 78) =     24.86541  eV     1   --> A              
     e( 79 - 79) =     25.28123  eV     1   --> A              
     e( 80 - 80) =     25.86294  eV     1   --> A              

 **************************************************************************

 **************************************************************************

                    xk=(   0.37490,   0.30529,   0.46673  )

     Band symmetry, C_1 (1)     point group:

     e(  1 -  1) =    -76.62541  eV     1   --> A              
     e(  2 -  2) =    -68.26443  eV     1   --> A              
     e(  3 -  3) =    -63.81221  eV     1   --> A              
     e(  4 -  4) =    -63.79269  eV     1   --> A              
     e(  5 -  5) =    -44.02563  eV     1   --> A              
     e(  6 -  6) =    -42.43404  eV     1   --> A              
     e(  7 -  7) =    -42.30021  eV     1   --> A              
     e(  8 -  8) =    -37.33040  eV     1   --> A              
     e(  9 -  9) =    -37.31764  eV     1   --> A              
     e( 10 - 10) =    -37.30141  eV     1   --> A              
     e( 11 - 11) =    -28.28300  eV     1   --> A              
     e( 12 - 12) =    -28.26593  eV     1   --> A              
     e( 13 - 13) =    -28.18579  eV     1   --> A              
     e( 14 - 14) =    -28.16780  eV     1   --> A              
     e( 15 - 15) =    -28.09046  eV     1   --> A              
     e( 16 - 16) =    -28.05833  eV     1   --> A              
     e( 17 - 17) =     -7.37733  eV     1   --> A              
     e( 18 - 18) =     -7.31329  eV     1   --> A              
     e( 19 - 19) =     -7.03086  eV     1   --> A              
     e( 20 - 20) =     -6.92358  eV     1   --> A              
     e( 21 - 21) =     -6.49359  eV     1   --> A              
     e( 22 - 22) =     -6.42924  eV     1   --> A              
     e( 23 - 23) =     -6.15783  eV     1   --> A              
     e( 24 - 24) =     -6.10732  eV     1   --> A              
     e( 25 - 25) =      3.82163  eV     1   --> A              
     e( 26 - 26) =      3.89724  eV     1   --> A              
     e( 27 - 27) =      4.07126  eV     1   --> A              
     e( 28 - 28) =      4.25719  eV     1   --> A              
     e( 29 - 29) =      4.38115  eV     1   --> A              
     e( 30 - 30) =      4.52982  eV     1   --> A              
     e( 31 - 31) =      4.71154  eV     1   --> A              
     e( 32 - 32) =      4.81218  eV     1   --> A              
     e( 33 - 33) =      5.56357  eV     1   --> A              
     e( 34 - 34) =      5.69182  eV     1   --> A              
     e( 35 - 35) =      5.95581  eV     1   --> A              
     e( 36 - 36) =      6.02388  eV     1   --> A              
     e( 37 - 37) =      6.53681  eV     1   --> A              
     e( 38 - 38) =      6.71686  eV     1   --> A              
     e( 39 - 39) =      6.78872  eV     1   --> A              
     e( 40 - 40) =      6.95364  eV     1   --> A              
     e( 41 - 41) =      7.11494  eV     1   --> A              
     e( 42 - 42) =      7.41363  eV     1   --> A              
     e( 43 - 43) =      7.54679  eV     1   --> A              
     e( 44 - 44) =      7.75181  eV     1   --> A              
     e( 45 - 45) =      7.88862  eV     1   --> A              
     e( 46 - 46) =      8.18059  eV     1   --> A              
     e( 47 - 47) =      8.36284  eV     1   --> A              
     e( 48 - 48) =      8.67184  eV     1   --> A              
     e( 49 - 49) =      8.74956  eV     1   --> A              
     e( 50 - 50) =      8.86068  eV     1   --> A              
     e( 51 - 51) =      9.01656  eV     1   --> A              
     e( 52 - 52) =      9.20232  eV     1   --> A              
     e( 53 - 53) =      9.46640  eV     1   --> A              
     e( 54 - 54) =      9.73929  eV     1   --> A              
     e( 55 - 55) =      9.80575  eV     1   --> A              
     e( 56 - 56) =     10.17923  eV     1   --> A              
     e( 57 - 57) =     10.73174  eV     1   --> A              
     e( 58 - 58) =     10.92722  eV     1   --> A              
     e( 59 - 59) =     13.98665  eV     1   --> A              
     e( 60 - 60) =     14.12702  eV     1   --> A              
     e( 61 - 61) =     14.55598  eV     1   --> A              
     e( 62 - 62) =     14.72210  eV     1   --> A              
     e( 63 - 63) =     14.79026  eV     1   --> A              
     e( 64 - 64) =     14.96433  eV     1   --> A              
     e( 65 - 65) =     17.56923  eV     1   --> A              
     e( 66 - 66) =     17.83791  eV     1   --> A              
     e( 67 - 67) =     19.25158  eV     1   --> A              
     e( 68 - 68) =     20.01443  eV     1   --> A              
     e( 69 - 69) =     20.51412  eV     1   --> A              
     e( 70 - 70) =     20.77353  eV     1   --> A              
     e( 71 - 71) =     20.87971  eV     1   --> A              
     e( 72 - 72) =     21.28145  eV     1   --> A              
     e( 73 - 73) =     21.98591  eV     1   --> A              
     e( 74 - 74) =     22.12490  eV     1   --> A              
     e( 75 - 75) =     22.96290  eV     1   --> A              
     e( 76 - 76) =     23.58868  eV     1   --> A              
     e( 77 - 77) =     24.58109  eV     1   --> A              
     e( 78 - 78) =     24.92070  eV     1   --> A              
     e( 79 - 79) =     25.29392  eV     1   --> A              
     e( 80 - 80) =     25.85541  eV     1   --> A              

 **************************************************************************

 **************************************************************************

                    xk=(   0.39990,   0.32564,   0.46700  )

     Band symmetry, C_1 (1)     point group:

     e(  1 -  1) =    -76.62541  eV     1   --> A              
     e(  2 -  2) =    -68.26443  eV     1   --> A              
     e(  3 -  3) =    -63.81227  eV     1   --> A              
     e(  4 -  4) =    -63.79274  eV     1   --> A              
     e(  5 -  5) =    -44.02563  eV     1   --> A              
     e(  6 -  6) =    -42.43404  eV     1   --> A              
     e(  7 -  7) =    -42.30021  eV     1   --> A              
     e(  8 -  8) =    -37.33040  eV     1   --> A              
     e(  9 -  9) =    -37.31764  eV     1   --> A              
     e( 10 - 10) =    -37.30142  eV     1   --> A              
     e( 11 - 11) =    -28.28311  eV     1   --> A              
     e( 12 - 12) =    -28.26605  eV     1   --> A              
     e( 13 - 13) =    -28.18583  eV     1   --> A              
     e( 14 - 14) =    -28.16779  eV     1   --> A              
     e( 15 - 15) =    -28.09034  eV     1   --> A              
     e( 16 - 16) =    -28.05825  eV     1   --> A              
     e( 17 - 17) =     -7.37281  eV     1   --> A              
     e( 18 - 18) =     -7.31572  eV     1   --> A              
     e( 19 - 19) =     -7.02173  eV     1   --> A              
     e( 20 - 20) =     -6.94797  eV     1   --> A              
     e( 21 - 21) =     -6.47340  eV     1   --> A              
     e( 22 - 22) =     -6.43243  eV     1   --> A              
     e( 23 - 23) =     -6.15662  eV     1   --> A              
     e( 24 - 24) =     -6.10821  eV     1   --> A              
     e( 25 - 25) =      3.81278  eV     1   --> A              
     e( 26 - 26) =      3.90740  eV     1   --> A              
     e( 27 - 27) =      4.04280  eV     1   --> A              
     e( 28 - 28) =      4.25875  eV     1   --> A              
     e( 29 - 29) =      4.34828  eV     1   --> A              
     e( 30 - 30) =      4.51390  eV     1   --> A              
     e( 31 - 31) =      4.72814  eV     1   --> A              
     e( 32 - 32) =      4.78707  eV     1   --> A              
     e( 33 - 33) =      5.54807  eV     1   --> A              
     e( 34 - 34) =      5.71849  eV     1   --> A              
     e( 35 - 35) =      5.93092  eV     1   --> A              
     e( 36 - 36) =      6.08513  eV     1   --> A              
     e( 37 - 37) =      6.53304  eV     1   --> A              
     e( 38 - 38) =      6.73832  eV     1   --> A              
     e( 39 - 39) =      6.84778  eV     1   --> A              
     e( 40 - 40) =      7.02554  eV     1   --> A              
     e( 41 - 41) =      7.16029  eV     1   --> A              
     e( 42 - 42) =      7.39877  eV     1   --> A              
     e( 43 - 43) =      7.54443  eV     1   --> A              
     e( 44 - 44) =      7.75248  eV     1   --> A              
     e( 45 - 45) =      7.83663  eV     1   --> A              
     e( 46 - 46) =      8.15794  eV     1   --> A              
     e( 47 - 47) =      8.40469  eV     1   --> A              
     e( 48 - 48) =      8.67611  eV     1   --> A              
     e( 49 - 49) =      8.73963  eV     1   --> A              
     e( 50 - 50) =      8.89965  eV     1   --> A              
     e( 51 - 51) =      9.03210  eV     1   --> A              
     e( 52 - 52) =      9.20775  eV     1   --> A              
     e( 53 - 53) =      9.43235  eV     1   --> A              
     e( 54 - 54) =      9.69730  eV     1   --> A              
     e( 55 - 55) =      9.76240  eV     1   --> A              
     e( 56 - 56) =     10.18070  eV     1   --> A              
     e( 57 - 57) =     10.68862  eV     1   --> A              
     e( 58 - 58) =     10.84070  eV     1   --> A              
     e( 59 - 59) =     14.00949  eV     1   --> A              
     e( 60 - 60) =     14.11828  eV     1   --> A              
     e( 61 - 61) =     14.57177  eV     1   --> A              
     e( 62 - 62) =     14.74311  eV     1   --> A              
     e( 63 - 63) =     14.79710  eV     1   --> A              
     e( 64 - 64) =     14.97495  eV     1   --> A              
     e( 65 - 65) =     17.56279  eV     1   --> A              
     e( 66 - 66) =     17.79386  eV     1   --> A              
     e( 67 - 67) =     19.36045  eV     1   --> A              
     e( 68 - 68) =     19.98354  eV     1   --> A              
     e( 69 - 69) =     20.56849  eV     1   --> A              
     e( 70 - 70) =     20.84805  eV     1   --> A              
     e( 71 - 71) =     20.92044  eV     1   --> A              
     e( 72 - 72) =     21.27359  eV     1   --> A              
     e( 73 - 73) =     21.95388  eV     1   --> A              
     e( 74 - 74) =     22.07087  eV     1   --> A              
     e( 75 - 75) =     22.88702  eV     1   --> A              
     e( 76 - 76) =     23.48833  eV     1   --> A              
     e( 77 - 77) =     24.62742  eV     1   --> A              
     e( 78 - 78) =     24.95762  eV     1   --> A              
     e( 79 - 79) =     25.30003  eV     1   --> A              
     e( 80 - 80) =     25.78997  eV     1   --> A              

 **************************************************************************

 **************************************************************************

                    xk=(   0.42490,   0.34599,   0.46727  )

     Band symmetry, C_1 (1)     point group:

     e(  1 -  1) =    -76.62541  eV     1   --> A              
     e(  2 -  2) =    -68.26443  eV     1   --> A              
     e(  3 -  3) =    -63.81231  eV     1   --> A              
     e(  4 -  4) =    -63.79279  eV     1   --> A              
     e(  5 -  5) =    -44.02562  eV     1   --> A              
     e(  6 -  6) =    -42.43404  eV     1   --> A              
     e(  7 -  7) =    -42.30021  eV     1   --> A              
     e(  8 -  8) =    -37.33041  eV     1   --> A              
     e(  9 -  9) =    -37.31764  eV     1   --> A              
     e( 10 - 10) =    -37.30142  eV     1   --> A              
     e( 11 - 11) =    -28.28320  eV     1   --> A              
     e( 12 - 12) =    -28.26614  eV     1   --> A              
     e( 13 - 13) =    -28.18586  eV     1   --> A              
     e( 14 - 14) =    -28.16778  eV     1   --> A              
     e( 15 - 15) =    -28.09025  eV     1   --> A              
     e( 16 - 16) =    -28.05818  eV     1   --> A              
     e( 17 - 17) =     -7.36998  eV     1   --> A              
     e( 18 - 18) =     -7.31842  eV     1   --> A              
     e( 19 - 19) =     -7.01426  eV     1   --> A              
     e( 20 - 20) =     -6.96696  eV     1   --> A              
     e( 21 - 21) =     -6.45767  eV     1   --> A              
     e( 22 - 22) =     -6.43432  eV     1   --> A              
     e( 23 - 23) =     -6.15448  eV     1   --> A              
     e( 24 - 24) =     -6.10876  eV     1   --> A              
     e( 25 - 25) =      3.80132  eV     1   --> A              
     e( 26 - 26) =      3.92057  eV     1   --> A              
     e( 27 - 27) =      4.02030  eV     1   --> A              
     e( 28 - 28) =      4.24384  eV     1   --> A              
     e( 29 - 29) =      4.33871  eV     1   --> A              
     e( 30 - 30) =      4.48860  eV     1   --> A              
     e( 31 - 31) =      4.74425  eV     1   --> A              
     e( 32 - 32) =      4.77258  eV     1   --> A              
     e( 33 - 33) =      5.52028  eV     1   --> A              
     e( 34 - 34) =      5.75602  eV     1   --> A              
     e( 35 - 35) =      5.91298  eV     1   --> A              
     e( 36 - 36) =      6.13074  eV     1   --> A              
     e( 37 - 37) =      6.53828  eV     1   --> A              
     e( 38 - 38) =      6.75695  eV     1   --> A              
     e( 39 - 39) =      6.89008  eV     1   --> A              
     e( 40 - 40) =      7.09387  eV     1   --> A              
     e( 41 - 41) =      7.20404  eV     1   --> A              
     e( 42 - 42) =      7.38673  eV     1   --> A              
     e( 43 - 43) =      7.53645  eV     1   --> A              
     e( 44 - 44) =      7.73656  eV     1   --> A              
     e( 45 - 45) =      7.80640  eV     1   --> A              
     e( 46 - 46) =      8.13792  eV     1   --> A              
     e( 47 - 47) =      8.44886  eV     1   --> A              
     e( 48 - 48) =      8.67076  eV     1   --> A              
     e( 49 - 49) =      8.71971  eV     1   --> A              
     e( 50 - 50) =      8.92753  eV     1   --> A              
     e( 51 - 51) =      9.05601  eV     1   --> A              
     e( 52 - 52) =      9.23427  eV     1   --> A              
     e( 53 - 53) =      9.38984  eV     1   --> A              
     e( 54 - 54) =      9.65178  eV     1   --> A              
     e( 55 - 55) =      9.74386  eV     1   --> A              
     e( 56 - 56) =     10.18379  eV     1   --> A              
     e( 57 - 57) =     10.64675  eV     1   --> A              
     e( 58 - 58) =     10.75758  eV     1   --> A              
     e( 59 - 59) =     14.02831  eV     1   --> A              
     e( 60 - 60) =     14.10885  eV     1   --> A              
     e( 61 - 61) =     14.59273  eV     1   --> A              
     e( 62 - 62) =     14.73983  eV     1   --> A              
     e( 63 - 63) =     14.82008  eV     1   --> A              
     e( 64 - 64) =     14.97887  eV     1   --> A              
     e( 65 - 65) =     17.56439  eV     1   --> A              
     e( 66 - 66) =     17.75406  eV     1   --> A              
     e( 67 - 67) =     19.46473  eV     1   --> A              
     e( 68 - 68) =     19.94119  eV     1   --> A              
     e( 69 - 69) =     20.62082  eV     1   --> A              
     e( 70 - 70) =     20.90649  eV     1   --> A              
     e( 71 - 71) =     20.96178  eV     1   --> A              
     e( 72 - 72) =     21.26213  eV     1   --> A              
     e( 73 - 73) =     21.93178  eV     1   --> A              
     e( 74 - 74) =     22.02300  eV     1   --> A              
     e( 75 - 75) =     22.85280  eV     1   --> A              
     e( 76 - 76) =     23.37653  eV     1   --> A              
     e( 77 - 77) =     24.68828  eV     1   --> A              
     e( 78 - 78) =     24.97090  eV     1   --> A              
     e( 79 - 79) =     25.30873  eV     1   --> A              
     e( 80 - 80) =     25.69303  eV     1   --> A              

 **************************************************************************

 **************************************************************************

                    xk=(   0.44990,   0.36634,   0.46753  )

     Band symmetry, C_1 (1)     point group:

     e(  1 -  1) =    -76.62542  eV     1   --> A              
     e(  2 -  2) =    -68.26443  eV     1   --> A              
     e(  3 -  3) =    -63.81235  eV     1   --> A              
     e(  4 -  4) =    -63.79283  eV     1   --> A              
     e(  5 -  5) =    -44.02562  eV     1   --> A              
     e(  6 -  6) =    -42.43405  eV     1   --> A              
     e(  7 -  7) =    -42.30021  eV     1   --> A              
     e(  8 -  8) =    -37.33041  eV     1   --> A              
     e(  9 -  9) =    -37.31764  eV     1   --> A              
     e( 10 - 10) =    -37.30142  eV     1   --> A              
     e( 11 - 11) =    -28.28326  eV     1   --> A              
     e( 12 - 12) =    -28.26620  eV     1   --> A              
     e( 13 - 13) =    -28.18587  eV     1   --> A              
     e( 14 - 14) =    -28.16778  eV     1   --> A              
     e( 15 - 15) =    -28.09018  eV     1   --> A              
     e( 16 - 16) =    -28.05812  eV     1   --> A              
     e( 17 - 17) =     -7.36855  eV     1   --> A              
     e( 18 - 18) =     -7.32058  eV     1   --> A              
     e( 19 - 19) =     -7.01010  eV     1   --> A              
     e( 20 - 20) =     -6.97914  eV     1   --> A              
     e( 21 - 21) =     -6.44694  eV     1   --> A              
     e( 22 - 22) =     -6.43496  eV     1   --> A              
     e( 23 - 23) =     -6.15221  eV     1   --> A              
     e( 24 - 24) =     -6.10896  eV     1   --> A              
     e( 25 - 25) =      3.79005  eV     1   --> A              
     e( 26 - 26) =      3.93542  eV     1   --> A              
     e( 27 - 27) =      4.00334  eV     1   --> A              
     e( 28 - 28) =      4.21834  eV     1   --> A              
     e( 29 - 29) =      4.35071  eV     1   --> A              
     e( 30 - 30) =      4.45943  eV     1   --> A              
     e( 31 - 31) =      4.74319  eV     1   --> A              
     e( 32 - 32) =      4.77807  eV     1   --> A              
     e( 33 - 33) =      5.49457  eV     1   --> A              
     e( 34 - 34) =      5.79013  eV     1   --> A              
     e( 35 - 35) =      5.90107  eV     1   --> A              
     e( 36 - 36) =      6.15868  eV     1   --> A              
     e( 37 - 37) =      6.55249  eV     1   --> A              
     e( 38 - 38) =      6.77115  eV     1   --> A              
     e( 39 - 39) =      6.91566  eV     1   --> A              
     e( 40 - 40) =      7.14931  eV     1   --> A              
     e( 41 - 41) =      7.24106  eV     1   --> A              
     e( 42 - 42) =      7.37635  eV     1   --> A              
     e( 43 - 43) =      7.53169  eV     1   --> A              
     e( 44 - 44) =      7.69427  eV     1   --> A              
     e( 45 - 45) =      7.81164  eV     1   --> A              
     e( 46 - 46) =      8.12174  eV     1   --> A              
     e( 47 - 47) =      8.49253  eV     1   --> A              
     e( 48 - 48) =      8.66052  eV     1   --> A              
     e( 49 - 49) =      8.69504  eV     1   --> A              
     e( 50 - 50) =      8.93802  eV     1   --> A              
     e( 51 - 51) =      9.07782  eV     1   --> A              
     e( 52 - 52) =      9.24309  eV     1   --> A              
     e( 53 - 53) =      9.38719  eV     1   --> A              
     e( 54 - 54) =      9.62857  eV     1   --> A              
     e( 55 - 55) =      9.71861  eV     1   --> A              
     e( 56 - 56) =     10.18797  eV     1   --> A              
     e( 57 - 57) =     10.60410  eV     1   --> A              
     e( 58 - 58) =     10.69283  eV     1   --> A              
     e( 59 - 59) =     14.04432  eV     1   --> A              
     e( 60 - 60) =     14.09807  eV     1   --> A              
     e( 61 - 61) =     14.61788  eV     1   --> A              
     e( 62 - 62) =     14.72298  eV     1   --> A              
     e( 63 - 63) =     14.84707  eV     1   --> A              
     e( 64 - 64) =     14.97715  eV     1   --> A              
     e( 65 - 65) =     17.57239  eV     1   --> A              
     e( 66 - 66) =     17.71968  eV     1   --> A              
     e( 67 - 67) =     19.56195  eV     1   --> A              
     e( 68 - 68) =     19.88872  eV     1   --> A              
     e( 69 - 69) =     20.66645  eV     1   --> A              
     e( 70 - 70) =     20.94335  eV     1   --> A              
     e( 71 - 71) =     21.00485  eV     1   --> A              
     e( 72 - 72) =     21.24545  eV     1   --> A              
     e( 73 - 73) =     21.91585  eV     1   --> A              
     e( 74 - 74) =     21.98302  eV     1   --> A              
     e( 75 - 75) =     22.86728  eV     1   --> A              
     e( 76 - 76) =     23.25679  eV     1   --> A              
     e( 77 - 77) =     24.75854  eV     1   --> A              
     e( 78 - 78) =     24.96325  eV     1   --> A              
     e( 79 - 79) =     25.31721  eV     1   --> A              
     e( 80 - 80) =     25.60515  eV     1   --> A              

 **************************************************************************

 **************************************************************************

                    xk=(   0.47490,   0.38670,   0.46780  )

     Band symmetry, C_1 (1)     point group:

     e(  1 -  1) =    -76.62542  eV     1   --> A              
     e(  2 -  2) =    -68.26444  eV     1   --> A              
     e(  3 -  3) =    -63.81237  eV     1   --> A              
     e(  4 -  4) =    -63.79285  eV     1   --> A              
     e(  5 -  5) =    -44.02562  eV     1   --> A              
     e(  6 -  6) =    -42.43405  eV     1   --> A              
     e(  7 -  7) =    -42.30021  eV     1   --> A              
     e(  8 -  8) =    -37.33041  eV     1   --> A              
     e(  9 -  9) =    -37.31763  eV     1   --> A              
     e( 10 - 10) =    -37.30143  eV     1   --> A              
     e( 11 - 11) =    -28.28329  eV     1   --> A              
     e( 12 - 12) =    -28.26624  eV     1   --> A              
     e( 13 - 13) =    -28.18588  eV     1   --> A              
     e( 14 - 14) =    -28.16777  eV     1   --> A              
     e( 15 - 15) =    -28.09014  eV     1   --> A              
     e( 16 - 16) =    -28.05809  eV     1   --> A              
     e( 17 - 17) =     -7.36801  eV     1   --> A              
     e( 18 - 18) =     -7.32188  eV     1   --> A              
     e( 19 - 19) =     -7.00969  eV     1   --> A              
     e( 20 - 20) =     -6.98427  eV     1   --> A              
     e( 21 - 21) =     -6.44158  eV     1   --> A              
     e( 22 - 22) =     -6.43423  eV     1   --> A              
     e( 23 - 23) =     -6.15057  eV     1   --> A              
     e( 24 - 24) =     -6.10896  eV     1   --> A              
     e( 25 - 25) =      3.78190  eV     1   --> A              
     e( 26 - 26) =      3.94942  eV     1   --> A              
     e( 27 - 27) =      3.99076  eV     1   --> A              
     e( 28 - 28) =      4.19765  eV     1   --> A              
     e( 29 - 29) =      4.37270  eV     1   --> A              
     e( 30 - 30) =      4.42925  eV     1   --> A              
     e( 31 - 31) =      4.73708  eV     1   --> A              
     e( 32 - 32) =      4.78790  eV     1   --> A              
     e( 33 - 33) =      5.47729  eV     1   --> A              
     e( 34 - 34) =      5.81356  eV     1   --> A              
     e( 35 - 35) =      5.89405  eV     1   --> A              
     e( 36 - 36) =      6.17209  eV     1   --> A              
     e( 37 - 37) =      6.56834  eV     1   --> A              
     e( 38 - 38) =      6.77934  eV     1   --> A              
     e( 39 - 39) =      6.92876  eV     1   --> A              
     e( 40 - 40) =      7.18484  eV     1   --> A              
     e( 41 - 41) =      7.26344  eV     1   --> A              
     e( 42 - 42) =      7.36968  eV     1   --> A              
     e( 43 - 43) =      7.53782  eV     1   --> A              
     e( 44 - 44) =      7.65217  eV     1   --> A              
     e( 45 - 45) =      7.82370  eV     1   --> A              
     e( 46 - 46) =      8.11209  eV     1   --> A              
     e( 47 - 47) =      8.53570  eV     1   --> A              
     e( 48 - 48) =      8.62961  eV     1   --> A              
     e( 49 - 49) =      8.68490  eV     1   --> A              
     e( 50 - 50) =      8.93951  eV     1   --> A              
     e( 51 - 51) =      9.09732  eV     1   --> A              
     e( 52 - 52) =      9.21176  eV     1   --> A              
     e( 53 - 53) =      9.43617  eV     1   --> A              
     e( 54 - 54) =      9.62258  eV     1   --> A              
     e( 55 - 55) =      9.68546  eV     1   --> A              
     e( 56 - 56) =     10.19182  eV     1   --> A              
     e( 57 - 57) =     10.56558  eV     1   --> A              
     e( 58 - 58) =     10.65703  eV     1   --> A              
     e( 59 - 59) =     14.05880  eV     1   --> A              
     e( 60 - 60) =     14.08594  eV     1   --> A              
     e( 61 - 61) =     14.64542  eV     1   --> A              
     e( 62 - 62) =     14.69996  eV     1   --> A              
     e( 63 - 63) =     14.86814  eV     1   --> A              
     e( 64 - 64) =     14.97250  eV     1   --> A              
     e( 65 - 65) =     17.58295  eV     1   --> A              
     e( 66 - 66) =     17.69375  eV     1   --> A              
     e( 67 - 67) =     19.64831  eV     1   --> A              
     e( 68 - 68) =     19.82937  eV     1   --> A              
     e( 69 - 69) =     20.69848  eV     1   --> A              
     e( 70 - 70) =     20.96190  eV     1   --> A              
     e( 71 - 71) =     21.04117  eV     1   --> A              
     e( 72 - 72) =     21.22777  eV     1   --> A              
     e( 73 - 73) =     21.90579  eV     1   --> A              
     e( 74 - 74) =     21.95447  eV     1   --> A              
     e( 75 - 75) =     22.92721  eV     1   --> A              
     e( 76 - 76) =     23.13550  eV     1   --> A              
     e( 77 - 77) =     24.82820  eV     1   --> A              
     e( 78 - 78) =     24.94031  eV     1   --> A              
     e( 79 - 79) =     25.31642  eV     1   --> A              
     e( 80 - 80) =     25.54833  eV     1   --> A              

 **************************************************************************

 **************************************************************************

                    xk=(   0.49990,   0.40705,   0.46807  )

     zone border point and non-symmorphic group 
     symmetry decomposition not available

 **************************************************************************
 
     BANDS        :     53.34s CPU   1m27.90s WALL

 
   This run was terminated on:   4: 3:49  13Feb2026            

=------------------------------------------------------------------------------=
   JOB DONE.
=------------------------------------------------------------------------------=
