
     Program BANDS v.7.4.1 starts on 13Feb2026 at  4: 3:51 
        Git branch: heads/qe-7.4.1
        Last git commit: 500de340b820e1cb8c05f2d8bb8fced102f377c1-dirty
        Last git commit date: Fri Feb 7 14:59:05 2025 +0000
        Last git commit subject: Merge branch 'qe-7.4.1' into 'master'

     This program is part of the open-source Quantum ESPRESSO suite
     for quantum simulation of materials; please cite
         "P. Giannozzi et al., J. Phys.:Condens. Matter 21 395502 (2009);
         "P. Giannozzi et al., J. Phys.:Condens. Matter 29 465901 (2017);
         "P. Giannozzi et al., J. Chem. Phys. 152 154105 (2020);
          URL http://www.quantum-espresso.org", 
     in publications or presentations arising from this work. More details at
     http://www.quantum-espresso.org/quote

     Parallel version (MPI), running on     1 processors

     MPI processes distributed on     1 nodes
     5273 MiB available memory on the printing compute node when the environment starts
 

     Reading xml data from directory:

     ./tmp/MnNiWO4_AFM/MnNiWO4_AFM.save/

     IMPORTANT: XC functional enforced from input :
     Exchange-correlation= PBESOL
                           (   1   4  10   8   0   0   0)
     Any further DFT definition will be discarded
     Please, verify this is what you really want

 
     G-vector sticks info
     --------------------
     sticks:   dense  smooth     PW     G-vecs:    dense   smooth      PW
     Sum        3571    3571    987               154841   154841   22563
 
     Using Slab Decomposition
 
     Reading collected, re-writing distributed wavefunctions
     high-symmetry point:  0.0000 0.0000 0.0000   x coordinate   0.0000
     high-symmetry point:  0.0000 0.4099 0.0000   x coordinate   0.4099
     high-symmetry point:  0.5000 0.4099 0.0040   x coordinate   0.9099
     high-symmetry point:  0.0000 0.0000 0.0000   x coordinate   1.5565
     high-symmetry point: -0.0009 0.0000 0.4684   x coordinate   2.0249
     high-symmetry point:  0.4991 0.4099 0.4724   x coordinate   2.6714

     Plottable bands (eV) written to file MnNiWO4_AFM_bands.dat.gnu
     Bands written to file MnNiWO4_AFM_bands.dat

 **************************************************************************

                    xk=(   0.00000,   0.00000,   0.00000  )

     point group C_2  (2)   
     there are  2 classes
     the character table:

       E     C2   
A      1.00  1.00
B      1.00 -1.00

     the symmetry operations in each class and the name of the first element:

     E        1
                                                                 
     C2       2
                                                                 

     Band symmetry, C_2  (2)    point group:

     e(  1 -  1) =    -91.70479  eV     1   --> A              
     e(  2 -  2) =    -68.88644  eV     1   --> A              
     e(  3 -  3) =    -64.32035  eV     1   --> A              
     e(  4 -  4) =    -64.30824  eV     1   --> A              
     e(  5 -  5) =    -52.14542  eV     1   --> B              
     e(  6 -  6) =    -52.14054  eV     1   --> B              
     e(  7 -  7) =    -52.12800  eV     1   --> A              
     e(  8 -  8) =    -37.94164  eV     1   --> B              
     e(  9 -  9) =    -37.93318  eV     1   --> A              
     e( 10 - 10) =    -37.91708  eV     1   --> B              
     e( 11 - 11) =    -28.75935  eV     1   --> B              
     e( 12 - 12) =    -28.70419  eV     1   --> A              
     e( 13 - 13) =    -28.67316  eV     1   --> B              
     e( 14 - 14) =    -28.61124  eV     1   --> B              
     e( 15 - 15) =    -28.59680  eV     1   --> A              
     e( 16 - 16) =    -28.53433  eV     1   --> B              
     e( 17 - 17) =     -8.58710  eV     1   --> A              
     e( 18 - 18) =     -7.30612  eV     1   --> A              
     e( 19 - 19) =     -7.01338  eV     1   --> B              
     e( 20 - 20) =     -6.98660  eV     1   --> A              
     e( 21 - 21) =     -6.84385  eV     1   --> B              
     e( 22 - 22) =     -6.75492  eV     1   --> A              
     e( 23 - 23) =     -6.49156  eV     1   --> B              
     e( 24 - 24) =     -6.23181  eV     1   --> B              
     e( 25 - 25) =      3.33973  eV     1   --> A              
     e( 26 - 26) =      3.54381  eV     1   --> A              
     e( 27 - 27) =      3.96856  eV     1   --> A              
     e( 28 - 28) =      4.01773  eV     1   --> B              
     e( 29 - 29) =      4.24499  eV     1   --> B              
     e( 30 - 30) =      4.66158  eV     1   --> A              
     e( 31 - 31) =      4.83969  eV     1   --> A              
     e( 32 - 32) =      5.30822  eV     1   --> B              
     e( 33 - 33) =      5.49783  eV     1   --> A              
     e( 34 - 34) =      5.51310  eV     1   --> B              
     e( 35 - 35) =      5.62588  eV     1   --> A              
     e( 36 - 36) =      5.94236  eV     1   --> A              
     e( 37 - 37) =      6.41906  eV     1   --> A              
     e( 38 - 38) =      6.55570  eV     1   --> B              
     e( 39 - 39) =      6.57028  eV     1   --> A              
     e( 40 - 40) =      6.74134  eV     1   --> B              
     e( 41 - 41) =      6.80922  eV     1   --> A              
     e( 42 - 42) =      6.92440  eV     1   --> B              
     e( 43 - 43) =      7.44969  eV     1   --> A              
     e( 44 - 44) =      7.46421  eV     1   --> B              
     e( 45 - 45) =      7.79525  eV     1   --> B              
     e( 46 - 46) =      8.00122  eV     1   --> A              
     e( 47 - 47) =      8.15848  eV     1   --> A              
     e( 48 - 48) =      8.24276  eV     1   --> B              
     e( 49 - 49) =      8.63526  eV     1   --> B              
     e( 50 - 50) =      8.69428  eV     1   --> A              
     e( 51 - 51) =      8.83504  eV     1   --> A              
     e( 52 - 52) =      9.06201  eV     1   --> B              
     e( 53 - 53) =      9.43131  eV     1   --> B              
     e( 54 - 54) =      9.52337  eV     1   --> B              
     e( 55 - 55) =      9.75575  eV     1   --> A              
     e( 56 - 56) =     10.32793  eV     1   --> B              
     e( 57 - 57) =     13.09144  eV     1   --> A              
     e( 58 - 58) =     13.47077  eV     1   --> A              
     e( 59 - 59) =     13.62874  eV     1   --> B              
     e( 60 - 60) =     13.89145  eV     1   --> A              
     e( 61 - 61) =     14.22058  eV     1   --> B              
     e( 62 - 62) =     14.53482  eV     1   --> A              
     e( 63 - 63) =     15.29722  eV     1   --> A              
     e( 64 - 64) =     15.47643  eV     1   --> B              
     e( 65 - 65) =     16.10018  eV     1   --> A              
     e( 66 - 66) =     17.46535  eV     1   --> A              
     e( 67 - 67) =     18.38612  eV     1   --> B              
     e( 68 - 68) =     18.81930  eV     1   --> A              
     e( 69 - 69) =     18.86078  eV     1   --> B              
     e( 70 - 70) =     20.91385  eV     1   --> B              
     e( 71 - 71) =     20.99679  eV     1   --> A              
     e( 72 - 72) =     21.40234  eV     1   --> B              
     e( 73 - 73) =     21.61461  eV     1   --> A              
     e( 74 - 74) =     22.53770  eV     1   --> A              
     e( 75 - 75) =     22.61303  eV     1   --> A              
     e( 76 - 76) =     22.89456  eV     1   --> A              
     e( 77 - 77) =     24.15500  eV     1   --> B              
     e( 78 - 78) =     24.19701  eV     1   --> A              
     e( 79 - 79) =     24.27730  eV     1   --> B              
     e( 80 - 80) =     24.60834  eV     1   --> A              

 **************************************************************************

 **************************************************************************

                    xk=(   0.00000,   0.02050,   0.00000  )

     Band symmetry, C_2  (2)    point group:

     e(  1 -  1) =    -91.70479  eV     1   --> A              
     e(  2 -  2) =    -68.88644  eV     1   --> A              
     e(  3 -  3) =    -64.32035  eV     1   --> A              
     e(  4 -  4) =    -64.30824  eV     1   --> A              
     e(  5 -  5) =    -52.14542  eV     1   --> B              
     e(  6 -  6) =    -52.14054  eV     1   --> B              
     e(  7 -  7) =    -52.12800  eV     1   --> A              
     e(  8 -  8) =    -37.94164  eV     1   --> B              
     e(  9 -  9) =    -37.93318  eV     1   --> A              
     e( 10 - 10) =    -37.91708  eV     1   --> B              
     e( 11 - 11) =    -28.75935  eV     1   --> B              
     e( 12 - 12) =    -28.70417  eV     1   --> A              
     e( 13 - 13) =    -28.67316  eV     1   --> B              
     e( 14 - 14) =    -28.61125  eV     1   --> B              
     e( 15 - 15) =    -28.59683  eV     1   --> A              
     e( 16 - 16) =    -28.53433  eV     1   --> B              
     e( 17 - 17) =     -8.58574  eV     1   --> A              
     e( 18 - 18) =     -7.30663  eV     1   --> A              
     e( 19 - 19) =     -7.01349  eV     1   --> B              
     e( 20 - 20) =     -6.98995  eV     1   --> A              
     e( 21 - 21) =     -6.84434  eV     1   --> B              
     e( 22 - 22) =     -6.75291  eV     1   --> A              
     e( 23 - 23) =     -6.49154  eV     1   --> B              
     e( 24 - 24) =     -6.23113  eV     1   --> B              
     e( 25 - 25) =      3.34159  eV     1   --> A              
     e( 26 - 26) =      3.54575  eV     1   --> A              
     e( 27 - 27) =      3.97037  eV     1   --> A              
     e( 28 - 28) =      4.01782  eV     1   --> B              
     e( 29 - 29) =      4.24537  eV     1   --> B              
     e( 30 - 30) =      4.66241  eV     1   --> A              
     e( 31 - 31) =      4.84234  eV     1   --> A              
     e( 32 - 32) =      5.30653  eV     1   --> B              
     e( 33 - 33) =      5.49263  eV     1   --> A              
     e( 34 - 34) =      5.51249  eV     1   --> B              
     e( 35 - 35) =      5.62305  eV     1   --> A              
     e( 36 - 36) =      5.94445  eV     1   --> A              
     e( 37 - 37) =      6.41144  eV     1   --> A              
     e( 38 - 38) =      6.55122  eV     1   --> B              
     e( 39 - 39) =      6.57402  eV     1   --> A              
     e( 40 - 40) =      6.74327  eV     1   --> B              
     e( 41 - 41) =      6.80577  eV     1   --> A              
     e( 42 - 42) =      6.92806  eV     1   --> B              
     e( 43 - 43) =      7.45706  eV     1   --> A              
     e( 44 - 44) =      7.46466  eV     1   --> B              
     e( 45 - 45) =      7.79666  eV     1   --> B              
     e( 46 - 46) =      7.99766  eV     1   --> A              
     e( 47 - 47) =      8.15443  eV     1   --> A              
     e( 48 - 48) =      8.24401  eV     1   --> B              
     e( 49 - 49) =      8.63509  eV     1   --> B              
     e( 50 - 50) =      8.69429  eV     1   --> A              
     e( 51 - 51) =      8.83448  eV     1   --> A              
     e( 52 - 52) =      9.06164  eV     1   --> B              
     e( 53 - 53) =      9.42946  eV     1   --> B              
     e( 54 - 54) =      9.52187  eV     1   --> B              
     e( 55 - 55) =      9.75906  eV     1   --> A              
     e( 56 - 56) =     10.32954  eV     1   --> B              
     e( 57 - 57) =     13.09153  eV     1   --> A              
     e( 58 - 58) =     13.46877  eV     1   --> A              
     e( 59 - 59) =     13.62904  eV     1   --> B              
     e( 60 - 60) =     13.89398  eV     1   --> A              
     e( 61 - 61) =     14.22166  eV     1   --> B              
     e( 62 - 62) =     14.53310  eV     1   --> A              
     e( 63 - 63) =     15.29807  eV     1   --> A              
     e( 64 - 64) =     15.47554  eV     1   --> B              
     e( 65 - 65) =     16.10724  eV     1   --> A              
     e( 66 - 66) =     17.46600  eV     1   --> A              
     e( 67 - 67) =     18.37678  eV     1   --> B              
     e( 68 - 68) =     18.81860  eV     1   --> A              
     e( 69 - 69) =     18.86539  eV     1   --> B              
     e( 70 - 70) =     20.91336  eV     1   --> B              
     e( 71 - 71) =     20.98221  eV     1   --> A              
     e( 72 - 72) =     21.41127  eV     1   --> B              
     e( 73 - 73) =     21.62303  eV     1   --> A              
     e( 74 - 74) =     22.54002  eV     1   --> A              
     e( 75 - 75) =     22.61521  eV     1   --> A              
     e( 76 - 76) =     22.89348  eV     1   --> A              
     e( 77 - 77) =     24.15097  eV     1   --> B              
     e( 78 - 78) =     24.19509  eV     1   --> A              
     e( 79 - 79) =     24.27414  eV     1   --> B              
     e( 80 - 80) =     24.61138  eV     1   --> A              

 **************************************************************************

 **************************************************************************

                    xk=(   0.00000,   0.04099,   0.00000  )

     Band symmetry, C_2  (2)    point group:

     e(  1 -  1) =    -91.70479  eV     1   --> A              
     e(  2 -  2) =    -68.88644  eV     1   --> A              
     e(  3 -  3) =    -64.32035  eV     1   --> A              
     e(  4 -  4) =    -64.30824  eV     1   --> A              
     e(  5 -  5) =    -52.14542  eV     1   --> B              
     e(  6 -  6) =    -52.14054  eV     1   --> B              
     e(  7 -  7) =    -52.12800  eV     1   --> A              
     e(  8 -  8) =    -37.94164  eV     1   --> B              
     e(  9 -  9) =    -37.93318  eV     1   --> A              
     e( 10 - 10) =    -37.91708  eV     1   --> B              
     e( 11 - 11) =    -28.75933  eV     1   --> B              
     e( 12 - 12) =    -28.70411  eV     1   --> A              
     e( 13 - 13) =    -28.67316  eV     1   --> B              
     e( 14 - 14) =    -28.61126  eV     1   --> B              
     e( 15 - 15) =    -28.59690  eV     1   --> A              
     e( 16 - 16) =    -28.53435  eV     1   --> B              
     e( 17 - 17) =     -8.58167  eV     1   --> A              
     e( 18 - 18) =     -7.30826  eV     1   --> A              
     e( 19 - 19) =     -7.01383  eV     1   --> B              
     e( 20 - 20) =     -6.99943  eV     1   --> A              
     e( 21 - 21) =     -6.84579  eV     1   --> B              
     e( 22 - 22) =     -6.74728  eV     1   --> A              
     e( 23 - 23) =     -6.49150  eV     1   --> B              
     e( 24 - 24) =     -6.22910  eV     1   --> B              
     e( 25 - 25) =      3.34718  eV     1   --> A              
     e( 26 - 26) =      3.55157  eV     1   --> A              
     e( 27 - 27) =      3.97577  eV     1   --> A              
     e( 28 - 28) =      4.01808  eV     1   --> B              
     e( 29 - 29) =      4.24656  eV     1   --> B              
     e( 30 - 30) =      4.66483  eV     1   --> A              
     e( 31 - 31) =      4.85023  eV     1   --> A              
     e( 32 - 32) =      5.30123  eV     1   --> B              
     e( 33 - 33) =      5.47738  eV     1   --> A              
     e( 34 - 34) =      5.51100  eV     1   --> B              
     e( 35 - 35) =      5.61468  eV     1   --> A              
     e( 36 - 36) =      5.95027  eV     1   --> A              
     e( 37 - 37) =      6.39178  eV     1   --> A              
     e( 38 - 38) =      6.53855  eV     1   --> B              
     e( 39 - 39) =      6.58067  eV     1   --> A              
     e( 40 - 40) =      6.74843  eV     1   --> B              
     e( 41 - 41) =      6.79814  eV     1   --> A              
     e( 42 - 42) =      6.93868  eV     1   --> B              
     e( 43 - 43) =      7.46623  eV     1   --> B              
     e( 44 - 44) =      7.47780  eV     1   --> A              
     e( 45 - 45) =      7.80074  eV     1   --> B              
     e( 46 - 46) =      7.98687  eV     1   --> A              
     e( 47 - 47) =      8.14334  eV     1   --> A              
     e( 48 - 48) =      8.24772  eV     1   --> B              
     e( 49 - 49) =      8.63454  eV     1   --> B              
     e( 50 - 50) =      8.69099  eV     1   --> A              
     e( 51 - 51) =      8.83559  eV     1   --> A              
     e( 52 - 52) =      9.06053  eV     1   --> B              
     e( 53 - 53) =      9.42401  eV     1   --> B              
     e( 54 - 54) =      9.51742  eV     1   --> B              
     e( 55 - 55) =      9.76878  eV     1   --> A              
     e( 56 - 56) =     10.33431  eV     1   --> B              
     e( 57 - 57) =     13.09172  eV     1   --> A              
     e( 58 - 58) =     13.46309  eV     1   --> A              
     e( 59 - 59) =     13.62992  eV     1   --> B              
     e( 60 - 60) =     13.90134  eV     1   --> A              
     e( 61 - 61) =     14.22488  eV     1   --> B              
     e( 62 - 62) =     14.52798  eV     1   --> A              
     e( 63 - 63) =     15.30059  eV     1   --> A              
     e( 64 - 64) =     15.47288  eV     1   --> B              
     e( 65 - 65) =     16.12828  eV     1   --> A              
     e( 66 - 66) =     17.46791  eV     1   --> A              
     e( 67 - 67) =     18.35017  eV     1   --> B              
     e( 68 - 68) =     18.81646  eV     1   --> A              
     e( 69 - 69) =     18.87786  eV     1   --> B              
     e( 70 - 70) =     20.91273  eV     1   --> B              
     e( 71 - 71) =     20.94128  eV     1   --> A              
     e( 72 - 72) =     21.43724  eV     1   --> B              
     e( 73 - 73) =     21.64548  eV     1   --> A              
     e( 74 - 74) =     22.54642  eV     1   --> A              
     e( 75 - 75) =     22.62208  eV     1   --> A              
     e( 76 - 76) =     22.89056  eV     1   --> A              
     e( 77 - 77) =     24.13910  eV     1   --> B              
     e( 78 - 78) =     24.18959  eV     1   --> A              
     e( 79 - 79) =     24.26419  eV     1   --> B              
     e( 80 - 80) =     24.62042  eV     1   --> A              

 **************************************************************************

 **************************************************************************

                    xk=(   0.00000,   0.06149,   0.00000  )

     Band symmetry, C_2  (2)    point group:

     e(  1 -  1) =    -91.70479  eV     1   --> A              
     e(  2 -  2) =    -68.88644  eV     1   --> A              
     e(  3 -  3) =    -64.32035  eV     1   --> A              
     e(  4 -  4) =    -64.30823  eV     1   --> A              
     e(  5 -  5) =    -52.14542  eV     1   --> B              
     e(  6 -  6) =    -52.14054  eV     1   --> B              
     e(  7 -  7) =    -52.12800  eV     1   --> A              
     e(  8 -  8) =    -37.94164  eV     1   --> B              
     e(  9 -  9) =    -37.93318  eV     1   --> A              
     e( 10 - 10) =    -37.91708  eV     1   --> B              
     e( 11 - 11) =    -28.75929  eV     1   --> B              
     e( 12 - 12) =    -28.70401  eV     1   --> A              
     e( 13 - 13) =    -28.67315  eV     1   --> B              
     e( 14 - 14) =    -28.61128  eV     1   --> B              
     e( 15 - 15) =    -28.59701  eV     1   --> A              
     e( 16 - 16) =    -28.53438  eV     1   --> B              
     e( 17 - 17) =     -8.57491  eV     1   --> A              
     e( 18 - 18) =     -7.31130  eV     1   --> A              
     e( 19 - 19) =     -7.01440  eV     1   --> B              
     e( 20 - 20) =     -7.01361  eV     1   --> A              
     e( 21 - 21) =     -6.84812  eV     1   --> B              
     e( 22 - 22) =     -6.73913  eV     1   --> A              
     e( 23 - 23) =     -6.49143  eV     1   --> B              
     e( 24 - 24) =     -6.22580  eV     1   --> B              
     e( 25 - 25) =      3.35646  eV     1   --> A              
     e( 26 - 26) =      3.56122  eV     1   --> A              
     e( 27 - 27) =      3.98468  eV     1   --> A              
     e( 28 - 28) =      4.01848  eV     1   --> B              
     e( 29 - 29) =      4.24861  eV     1   --> B              
     e( 30 - 30) =      4.66866  eV     1   --> A              
     e( 31 - 31) =      4.86322  eV     1   --> A              
     e( 32 - 32) =      5.29170  eV     1   --> B              
     e( 33 - 33) =      5.45299  eV     1   --> A              
     e( 34 - 34) =      5.50960  eV     1   --> B              
     e( 35 - 35) =      5.60116  eV     1   --> A              
     e( 36 - 36) =      5.95862  eV     1   --> A              
     e( 37 - 37) =      6.36563  eV     1   --> A              
     e( 38 - 38) =      6.51947  eV     1   --> B              
     e( 39 - 39) =      6.58119  eV     1   --> A              
     e( 40 - 40) =      6.75549  eV     1   --> B              
     e( 41 - 41) =      6.79320  eV     1   --> A              
     e( 42 - 42) =      6.95529  eV     1   --> B              
     e( 43 - 43) =      7.46956  eV     1   --> B              
     e( 44 - 44) =      7.50835  eV     1   --> A              
     e( 45 - 45) =      7.80709  eV     1   --> B              
     e( 46 - 46) =      7.96874  eV     1   --> A              
     e( 47 - 47) =      8.12787  eV     1   --> A              
     e( 48 - 48) =      8.25376  eV     1   --> B              
     e( 49 - 49) =      8.63349  eV     1   --> B              
     e( 50 - 50) =      8.67692  eV     1   --> A              
     e( 51 - 51) =      8.84455  eV     1   --> A              
     e( 52 - 52) =      9.05861  eV     1   --> B              
     e( 53 - 53) =      9.41526  eV     1   --> B              
     e( 54 - 54) =      9.51014  eV     1   --> B              
     e( 55 - 55) =      9.78436  eV     1   --> A              
     e( 56 - 56) =     10.34206  eV     1   --> B              
     e( 57 - 57) =     13.09187  eV     1   --> A              
     e( 58 - 58) =     13.45460  eV     1   --> A              
     e( 59 - 59) =     13.63130  eV     1   --> B              
     e( 60 - 60) =     13.91291  eV     1   --> A              
     e( 61 - 61) =     14.23028  eV     1   --> B              
     e( 62 - 62) =     14.51948  eV     1   --> A              
     e( 63 - 63) =     15.30476  eV     1   --> A              
     e( 64 - 64) =     15.46848  eV     1   --> B              
     e( 65 - 65) =     16.16293  eV     1   --> A              
     e( 66 - 66) =     17.47104  eV     1   --> A              
     e( 67 - 67) =     18.30959  eV     1   --> B              
     e( 68 - 68) =     18.81273  eV     1   --> A              
     e( 69 - 69) =     18.89505  eV     1   --> B              
     e( 70 - 70) =     20.88029  eV     1   --> A              
     e( 71 - 71) =     20.91406  eV     1   --> B              
     e( 72 - 72) =     21.47811  eV     1   --> B              
     e( 73 - 73) =     21.67577  eV     1   --> A              
     e( 74 - 74) =     22.55517  eV     1   --> A              
     e( 75 - 75) =     22.63463  eV     1   --> A              
     e( 76 - 76) =     22.88677  eV     1   --> A              
     e( 77 - 77) =     24.11991  eV     1   --> B              
     e( 78 - 78) =     24.18117  eV     1   --> A              
     e( 79 - 79) =     24.24627  eV     1   --> B              
     e( 80 - 80) =     24.63527  eV     1   --> A              

 **************************************************************************

 **************************************************************************

                    xk=(   0.00000,   0.08198,   0.00000  )

     Band symmetry, C_2  (2)    point group:

     e(  1 -  1) =    -91.70479  eV     1   --> A              
     e(  2 -  2) =    -68.88644  eV     1   --> A              
     e(  3 -  3) =    -64.32035  eV     1   --> A              
     e(  4 -  4) =    -64.30823  eV     1   --> A              
     e(  5 -  5) =    -52.14542  eV     1   --> B              
     e(  6 -  6) =    -52.14054  eV     1   --> B              
     e(  7 -  7) =    -52.12800  eV     1   --> A              
     e(  8 -  8) =    -37.94164  eV     1   --> B              
     e(  9 -  9) =    -37.93318  eV     1   --> A              
     e( 10 - 10) =    -37.91708  eV     1   --> B              
     e( 11 - 11) =    -28.75924  eV     1   --> B              
     e( 12 - 12) =    -28.70387  eV     1   --> A              
     e( 13 - 13) =    -28.67314  eV     1   --> B              
     e( 14 - 14) =    -28.61131  eV     1   --> B              
     e( 15 - 15) =    -28.59717  eV     1   --> A              
     e( 16 - 16) =    -28.53443  eV     1   --> B              
     e( 17 - 17) =     -8.56553  eV     1   --> A              
     e( 18 - 18) =     -7.31625  eV     1   --> A              
     e( 19 - 19) =     -7.03070  eV     1   --> A              
     e( 20 - 20) =     -7.01519  eV     1   --> B              
     e( 21 - 21) =     -6.85123  eV     1   --> B              
     e( 22 - 22) =     -6.72964  eV     1   --> A              
     e( 23 - 23) =     -6.49136  eV     1   --> B              
     e( 24 - 24) =     -6.22133  eV     1   --> B              
     e( 25 - 25) =      3.36941  eV     1   --> A              
     e( 26 - 26) =      3.57465  eV     1   --> A              
     e( 27 - 27) =      3.99692  eV     1   --> A              
     e( 28 - 28) =      4.01895  eV     1   --> B              
     e( 29 - 29) =      4.25160  eV     1   --> B              
     e( 30 - 30) =      4.67365  eV     1   --> A              
     e( 31 - 31) =      4.88094  eV     1   --> A              
     e( 32 - 32) =      5.27727  eV     1   --> B              
     e( 33 - 33) =      5.42076  eV     1   --> A              
     e( 34 - 34) =      5.50947  eV     1   --> B              
     e( 35 - 35) =      5.58304  eV     1   --> A              
     e( 36 - 36) =      5.96774  eV     1   --> A              
     e( 37 - 37) =      6.33696  eV     1   --> A              
     e( 38 - 38) =      6.49583  eV     1   --> B              
     e( 39 - 39) =      6.56938  eV     1   --> A              
     e( 40 - 40) =      6.76311  eV     1   --> B              
     e( 41 - 41) =      6.79741  eV     1   --> A              
     e( 42 - 42) =      6.97654  eV     1   --> B              
     e( 43 - 43) =      7.47550  eV     1   --> B              
     e( 44 - 44) =      7.54410  eV     1   --> A              
     e( 45 - 45) =      7.81524  eV     1   --> B              
     e( 46 - 46) =      7.94401  eV     1   --> A              
     e( 47 - 47) =      8.11085  eV     1   --> A              
     e( 48 - 48) =      8.26193  eV     1   --> B              
     e( 49 - 49) =      8.63179  eV     1   --> B              
     e( 50 - 50) =      8.64772  eV     1   --> A              
     e( 51 - 51) =      8.86438  eV     1   --> A              
     e( 52 - 52) =      9.05578  eV     1   --> B              
     e( 53 - 53) =      9.40368  eV     1   --> B              
     e( 54 - 54) =      9.50022  eV     1   --> B              
     e( 55 - 55) =      9.80504  eV     1   --> A              
     e( 56 - 56) =     10.35254  eV     1   --> B              
     e( 57 - 57) =     13.09166  eV     1   --> A              
     e( 58 - 58) =     13.44455  eV     1   --> A              
     e( 59 - 59) =     13.63308  eV     1   --> B              
     e( 60 - 60) =     13.92783  eV     1   --> A              
     e( 61 - 61) =     14.23786  eV     1   --> B              
     e( 62 - 62) =     14.50772  eV     1   --> A              
     e( 63 - 63) =     15.31050  eV     1   --> A              
     e( 64 - 64) =     15.46239  eV     1   --> B              
     e( 65 - 65) =     16.21057  eV     1   --> A              
     e( 66 - 66) =     17.47531  eV     1   --> A              
     e( 67 - 67) =     18.25868  eV     1   --> B              
     e( 68 - 68) =     18.80716  eV     1   --> A              
     e( 69 - 69) =     18.91360  eV     1   --> B              
     e( 70 - 70) =     20.80551  eV     1   --> A              
     e( 71 - 71) =     20.91986  eV     1   --> B              
     e( 72 - 72) =     21.53133  eV     1   --> B              
     e( 73 - 73) =     21.70785  eV     1   --> A              
     e( 74 - 74) =     22.56366  eV     1   --> A              
     e( 75 - 75) =     22.65387  eV     1   --> A              
     e( 76 - 76) =     22.88397  eV     1   --> A              
     e( 77 - 77) =     24.09377  eV     1   --> B              
     e( 78 - 78) =     24.17077  eV     1   --> A              
     e( 79 - 79) =     24.21914  eV     1   --> B              
     e( 80 - 80) =     24.65556  eV     1   --> A              

 **************************************************************************

 **************************************************************************

                    xk=(   0.00000,   0.10248,   0.00000  )

     Band symmetry, C_2  (2)    point group:

     e(  1 -  1) =    -91.70479  eV     1   --> A              
     e(  2 -  2) =    -68.88644  eV     1   --> A              
     e(  3 -  3) =    -64.32036  eV     1   --> A              
     e(  4 -  4) =    -64.30822  eV     1   --> A              
     e(  5 -  5) =    -52.14542  eV     1   --> B              
     e(  6 -  6) =    -52.14054  eV     1   --> B              
     e(  7 -  7) =    -52.12800  eV     1   --> A              
     e(  8 -  8) =    -37.94164  eV     1   --> B              
     e(  9 -  9) =    -37.93318  eV     1   --> A              
     e( 10 - 10) =    -37.91708  eV     1   --> B              
     e( 11 - 11) =    -28.75918  eV     1   --> B              
     e( 12 - 12) =    -28.70370  eV     1   --> A              
     e( 13 - 13) =    -28.67312  eV     1   --> B              
     e( 14 - 14) =    -28.61135  eV     1   --> B              
     e( 15 - 15) =    -28.59736  eV     1   --> A              
     e( 16 - 16) =    -28.53448  eV     1   --> B              
     e( 17 - 17) =     -8.55360  eV     1   --> A              
     e( 18 - 18) =     -7.32381  eV     1   --> A              
     e( 19 - 19) =     -7.04884  eV     1   --> A              
     e( 20 - 20) =     -7.01621  eV     1   --> B              
     e( 21 - 21) =     -6.85499  eV     1   --> B              
     e( 22 - 22) =     -6.71980  eV     1   --> A              
     e( 23 - 23) =     -6.49129  eV     1   --> B              
     e( 24 - 24) =     -6.21583  eV     1   --> B              
     e( 25 - 25) =      3.38597  eV     1   --> A              
     e( 26 - 26) =      3.59176  eV     1   --> A              
     e( 27 - 27) =      4.01228  eV     1   --> A              
     e( 28 - 28) =      4.01944  eV     1   --> B              
     e( 29 - 29) =      4.25564  eV     1   --> B              
     e( 30 - 30) =      4.67952  eV     1   --> A              
     e( 31 - 31) =      4.90268  eV     1   --> A              
     e( 32 - 32) =      5.25761  eV     1   --> B              
     e( 33 - 33) =      5.38223  eV     1   --> A              
     e( 34 - 34) =      5.51155  eV     1   --> B              
     e( 35 - 35) =      5.56106  eV     1   --> A              
     e( 36 - 36) =      5.97534  eV     1   --> A              
     e( 37 - 37) =      6.30846  eV     1   --> A              
     e( 38 - 38) =      6.46913  eV     1   --> B              
     e( 39 - 39) =      6.54597  eV     1   --> A              
     e( 40 - 40) =      6.77031  eV     1   --> B              
     e( 41 - 41) =      6.81169  eV     1   --> A              
     e( 42 - 42) =      7.00097  eV     1   --> B              
     e( 43 - 43) =      7.48495  eV     1   --> B              
     e( 44 - 44) =      7.57974  eV     1   --> A              
     e( 45 - 45) =      7.82471  eV     1   --> B              
     e( 46 - 46) =      7.91530  eV     1   --> A              
     e( 47 - 47) =      8.09414  eV     1   --> A              
     e( 48 - 48) =      8.27190  eV     1   --> B              
     e( 49 - 49) =      8.60484  eV     1   --> A              
     e( 50 - 50) =      8.62918  eV     1   --> B              
     e( 51 - 51) =      8.89271  eV     1   --> A              
     e( 52 - 52) =      9.05193  eV     1   --> B              
     e( 53 - 53) =      9.38987  eV     1   --> B              
     e( 54 - 54) =      9.48791  eV     1   --> B              
     e( 55 - 55) =      9.82996  eV     1   --> A              
     e( 56 - 56) =     10.36541  eV     1   --> B              
     e( 57 - 57) =     13.09064  eV     1   --> A              
     e( 58 - 58) =     13.43443  eV     1   --> A              
     e( 59 - 59) =     13.63513  eV     1   --> B              
     e( 60 - 60) =     13.94517  eV     1   --> A              
     e( 61 - 61) =     14.24764  eV     1   --> B              
     e( 62 - 62) =     14.49281  eV     1   --> A              
     e( 63 - 63) =     15.31769  eV     1   --> A              
     e( 64 - 64) =     15.45470  eV     1   --> B              
     e( 65 - 65) =     16.27039  eV     1   --> A              
     e( 66 - 66) =     17.48059  eV     1   --> A              
     e( 67 - 67) =     18.20053  eV     1   --> B              
     e( 68 - 68) =     18.79942  eV     1   --> A              
     e( 69 - 69) =     18.93091  eV     1   --> B              
     e( 70 - 70) =     20.72184  eV     1   --> A              
     e( 71 - 71) =     20.93235  eV     1   --> B              
     e( 72 - 72) =     21.59447  eV     1   --> B              
     e( 73 - 73) =     21.73748  eV     1   --> A              
     e( 74 - 74) =     22.56937  eV     1   --> A              
     e( 75 - 75) =     22.67946  eV     1   --> A              
     e( 76 - 76) =     22.88519  eV     1   --> A              
     e( 77 - 77) =     24.06053  eV     1   --> B              
     e( 78 - 78) =     24.15942  eV     1   --> A              
     e( 79 - 79) =     24.18219  eV     1   --> B              
     e( 80 - 80) =     24.68071  eV     1   --> A              

 **************************************************************************

 **************************************************************************

                    xk=(   0.00000,   0.12297,   0.00000  )

     Band symmetry, C_2  (2)    point group:

     e(  1 -  1) =    -91.70479  eV     1   --> A              
     e(  2 -  2) =    -68.88643  eV     1   --> A              
     e(  3 -  3) =    -64.32036  eV     1   --> A              
     e(  4 -  4) =    -64.30821  eV     1   --> A              
     e(  5 -  5) =    -52.14542  eV     1   --> B              
     e(  6 -  6) =    -52.14054  eV     1   --> B              
     e(  7 -  7) =    -52.12800  eV     1   --> A              
     e(  8 -  8) =    -37.94164  eV     1   --> B              
     e(  9 -  9) =    -37.93318  eV     1   --> A              
     e( 10 - 10) =    -37.91708  eV     1   --> B              
     e( 11 - 11) =    -28.75911  eV     1   --> B              
     e( 12 - 12) =    -28.70350  eV     1   --> A              
     e( 13 - 13) =    -28.67311  eV     1   --> B              
     e( 14 - 14) =    -28.61140  eV     1   --> B              
     e( 15 - 15) =    -28.59759  eV     1   --> A              
     e( 16 - 16) =    -28.53454  eV     1   --> B              
     e( 17 - 17) =     -8.53921  eV     1   --> A              
     e( 18 - 18) =     -7.33479  eV     1   --> A              
     e( 19 - 19) =     -7.06630  eV     1   --> A              
     e( 20 - 20) =     -7.01745  eV     1   --> B              
     e( 21 - 21) =     -6.85923  eV     1   --> B              
     e( 22 - 22) =     -6.71034  eV     1   --> A              
     e( 23 - 23) =     -6.49124  eV     1   --> B              
     e( 24 - 24) =     -6.20946  eV     1   --> B              
     e( 25 - 25) =      3.40606  eV     1   --> A              
     e( 26 - 26) =      3.61244  eV     1   --> A              
     e( 27 - 27) =      4.01990  eV     1   --> B              
     e( 28 - 28) =      4.03045  eV     1   --> A              
     e( 29 - 29) =      4.26082  eV     1   --> B              
     e( 30 - 30) =      4.68599  eV     1   --> A              
     e( 31 - 31) =      4.92719  eV     1   --> A              
     e( 32 - 32) =      5.23298  eV     1   --> B              
     e( 33 - 33) =      5.33918  eV     1   --> A              
     e( 34 - 34) =      5.51621  eV     1   --> B              
     e( 35 - 35) =      5.53621  eV     1   --> A              
     e( 36 - 36) =      5.97860  eV     1   --> A              
     e( 37 - 37) =      6.28254  eV     1   --> A              
     e( 38 - 38) =      6.44055  eV     1   --> B              
     e( 39 - 39) =      6.51625  eV     1   --> A              
     e( 40 - 40) =      6.77646  eV     1   --> B              
     e( 41 - 41) =      6.83274  eV     1   --> A              
     e( 42 - 42) =      7.02719  eV     1   --> B              
     e( 43 - 43) =      7.49865  eV     1   --> B              
     e( 44 - 44) =      7.60854  eV     1   --> A              
     e( 45 - 45) =      7.83516  eV     1   --> B              
     e( 46 - 46) =      7.88804  eV     1   --> A              
     e( 47 - 47) =      8.07850  eV     1   --> A              
     e( 48 - 48) =      8.28327  eV     1   --> B              
     e( 49 - 49) =      8.55158  eV     1   --> A              
     e( 50 - 50) =      8.62536  eV     1   --> B              
     e( 51 - 51) =      8.92583  eV     1   --> A              
     e( 52 - 52) =      9.04693  eV     1   --> B              
     e( 53 - 53) =      9.37454  eV     1   --> B              
     e( 54 - 54) =      9.47356  eV     1   --> B              
     e( 55 - 55) =      9.85827  eV     1   --> A              
     e( 56 - 56) =     10.38029  eV     1   --> B              
     e( 57 - 57) =     13.08823  eV     1   --> A              
     e( 58 - 58) =     13.42584  eV     1   --> A              
     e( 59 - 59) =     13.63730  eV     1   --> B              
     e( 60 - 60) =     13.96405  eV     1   --> A              
     e( 61 - 61) =     14.25959  eV     1   --> B              
     e( 62 - 62) =     14.47495  eV     1   --> A              
     e( 63 - 63) =     15.32618  eV     1   --> A              
     e( 64 - 64) =     15.44550  eV     1   --> B              
     e( 65 - 65) =     16.34144  eV     1   --> A              
     e( 66 - 66) =     17.48675  eV     1   --> A              
     e( 67 - 67) =     18.13758  eV     1   --> B              
     e( 68 - 68) =     18.78901  eV     1   --> A              
     e( 69 - 69) =     18.94526  eV     1   --> B              
     e( 70 - 70) =     20.63284  eV     1   --> A              
     e( 71 - 71) =     20.95325  eV     1   --> B              
     e( 72 - 72) =     21.66547  eV     1   --> B              
     e( 73 - 73) =     21.76218  eV     1   --> A              
     e( 74 - 74) =     22.57045  eV     1   --> A              
     e( 75 - 75) =     22.70881  eV     1   --> A              
     e( 76 - 76) =     22.89477  eV     1   --> A              
     e( 77 - 77) =     24.01911  eV     1   --> B              
     e( 78 - 78) =     24.13611  eV     1   --> B              
     e( 79 - 79) =     24.14808  eV     1   --> A              
     e( 80 - 80) =     24.70988  eV     1   --> A              

 **************************************************************************

 **************************************************************************

                    xk=(   0.00000,   0.14347,   0.00000  )

     Band symmetry, C_2  (2)    point group:

     e(  1 -  1) =    -91.70479  eV     1   --> A              
     e(  2 -  2) =    -68.88643  eV     1   --> A              
     e(  3 -  3) =    -64.32036  eV     1   --> A              
     e(  4 -  4) =    -64.30820  eV     1   --> A              
     e(  5 -  5) =    -52.14542  eV     1   --> B              
     e(  6 -  6) =    -52.14054  eV     1   --> B              
     e(  7 -  7) =    -52.12800  eV     1   --> A              
     e(  8 -  8) =    -37.94164  eV     1   --> B              
     e(  9 -  9) =    -37.93318  eV     1   --> A              
     e( 10 - 10) =    -37.91708  eV     1   --> B              
     e( 11 - 11) =    -28.75903  eV     1   --> B              
     e( 12 - 12) =    -28.70328  eV     1   --> A              
     e( 13 - 13) =    -28.67309  eV     1   --> B              
     e( 14 - 14) =    -28.61145  eV     1   --> B              
     e( 15 - 15) =    -28.59785  eV     1   --> A              
     e( 16 - 16) =    -28.53461  eV     1   --> B              
     e( 17 - 17) =     -8.52249  eV     1   --> A              
     e( 18 - 18) =     -7.34995  eV     1   --> A              
     e( 19 - 19) =     -7.08162  eV     1   --> A              
     e( 20 - 20) =     -7.01890  eV     1   --> B              
     e( 21 - 21) =     -6.86378  eV     1   --> B              
     e( 22 - 22) =     -6.70174  eV     1   --> A              
     e( 23 - 23) =     -6.49121  eV     1   --> B              
     e( 24 - 24) =     -6.20242  eV     1   --> B              
     e( 25 - 25) =      3.42957  eV     1   --> A              
     e( 26 - 26) =      3.63652  eV     1   --> A              
     e( 27 - 27) =      4.02029  eV     1   --> B              
     e( 28 - 28) =      4.05106  eV     1   --> A              
     e( 29 - 29) =      4.26717  eV     1   --> B              
     e( 30 - 30) =      4.69272  eV     1   --> A              
     e( 31 - 31) =      4.95229  eV     1   --> A              
     e( 32 - 32) =      5.20413  eV     1   --> B              
     e( 33 - 33) =      5.29382  eV     1   --> A              
     e( 34 - 34) =      5.50989  eV     1   --> A              
     e( 35 - 35) =      5.52329  eV     1   --> B              
     e( 36 - 36) =      5.97427  eV     1   --> A              
     e( 37 - 37) =      6.26180  eV     1   --> A              
     e( 38 - 38) =      6.41097  eV     1   --> B              
     e( 39 - 39) =      6.48548  eV     1   --> A              
     e( 40 - 40) =      6.78123  eV     1   --> B              
     e( 41 - 41) =      6.85698  eV     1   --> A              
     e( 42 - 42) =      7.05397  eV     1   --> B              
     e( 43 - 43) =      7.51705  eV     1   --> B              
     e( 44 - 44) =      7.62152  eV     1   --> A              
     e( 45 - 45) =      7.84643  eV     1   --> B              
     e( 46 - 46) =      7.87061  eV     1   --> A              
     e( 47 - 47) =      8.06407  eV     1   --> A              
     e( 48 - 48) =      8.29552  eV     1   --> B              
     e( 49 - 49) =      8.49092  eV     1   --> A              
     e( 50 - 50) =      8.62002  eV     1   --> B              
     e( 51 - 51) =      8.96098  eV     1   --> A              
     e( 52 - 52) =      9.04069  eV     1   --> B              
     e( 53 - 53) =      9.35839  eV     1   --> B              
     e( 54 - 54) =      9.45757  eV     1   --> B              
     e( 55 - 55) =      9.88919  eV     1   --> A              
     e( 56 - 56) =     10.39679  eV     1   --> B              
     e( 57 - 57) =     13.08376  eV     1   --> A              
     e( 58 - 58) =     13.42026  eV     1   --> A              
     e( 59 - 59) =     13.63943  eV     1   --> B              
     e( 60 - 60) =     13.98366  eV     1   --> A              
     e( 61 - 61) =     14.27368  eV     1   --> B              
     e( 62 - 62) =     14.45439  eV     1   --> A              
     e( 63 - 63) =     15.33579  eV     1   --> A              
     e( 64 - 64) =     15.43492  eV     1   --> B              
     e( 65 - 65) =     16.42267  eV     1   --> A              
     e( 66 - 66) =     17.49363  eV     1   --> A              
     e( 67 - 67) =     18.07172  eV     1   --> B              
     e( 68 - 68) =     18.77535  eV     1   --> A              
     e( 69 - 69) =     18.95570  eV     1   --> B              
     e( 70 - 70) =     20.54116  eV     1   --> A              
     e( 71 - 71) =     20.98364  eV     1   --> B              
     e( 72 - 72) =     21.74266  eV     1   --> B              
     e( 73 - 73) =     21.78089  eV     1   --> A              
     e( 74 - 74) =     22.56572  eV     1   --> A              
     e( 75 - 75) =     22.73790  eV     1   --> A              
     e( 76 - 76) =     22.91753  eV     1   --> A              
     e( 77 - 77) =     23.96713  eV     1   --> B              
     e( 78 - 78) =     24.08347  eV     1   --> B              
     e( 79 - 79) =     24.13752  eV     1   --> A              
     e( 80 - 80) =     24.74172  eV     1   --> A              

 **************************************************************************

 **************************************************************************

                    xk=(   0.00000,   0.16396,   0.00000  )

     Band symmetry, C_2  (2)    point group:

     e(  1 -  1) =    -91.70479  eV     1   --> A              
     e(  2 -  2) =    -68.88643  eV     1   --> A              
     e(  3 -  3) =    -64.32036  eV     1   --> A              
     e(  4 -  4) =    -64.30819  eV     1   --> A              
     e(  5 -  5) =    -52.14542  eV     1   --> B              
     e(  6 -  6) =    -52.14054  eV     1   --> B              
     e(  7 -  7) =    -52.12800  eV     1   --> A              
     e(  8 -  8) =    -37.94164  eV     1   --> B              
     e(  9 -  9) =    -37.93318  eV     1   --> A              
     e( 10 - 10) =    -37.91708  eV     1   --> B              
     e( 11 - 11) =    -28.75894  eV     1   --> B              
     e( 12 - 12) =    -28.70303  eV     1   --> A              
     e( 13 - 13) =    -28.67307  eV     1   --> B              
     e( 14 - 14) =    -28.61150  eV     1   --> B              
     e( 15 - 15) =    -28.59813  eV     1   --> A              
     e( 16 - 16) =    -28.53468  eV     1   --> B              
     e( 17 - 17) =     -8.50362  eV     1   --> A              
     e( 18 - 18) =     -7.36973  eV     1   --> A              
     e( 19 - 19) =     -7.09377  eV     1   --> A              
     e( 20 - 20) =     -7.02056  eV     1   --> B              
     e( 21 - 21) =     -6.86849  eV     1   --> B              
     e( 22 - 22) =     -6.69425  eV     1   --> A              
     e( 23 - 23) =     -6.49122  eV     1   --> B              
     e( 24 - 24) =     -6.19491  eV     1   --> B              
     e( 25 - 25) =      3.45636  eV     1   --> A              
     e( 26 - 26) =      3.66381  eV     1   --> A              
     e( 27 - 27) =      4.02061  eV     1   --> B              
     e( 28 - 28) =      4.07366  eV     1   --> A              
     e( 29 - 29) =      4.27469  eV     1   --> B              
     e( 30 - 30) =      4.69925  eV     1   --> A              
     e( 31 - 31) =      4.97431  eV     1   --> A              
     e( 32 - 32) =      5.17213  eV     1   --> B              
     e( 33 - 33) =      5.24922  eV     1   --> A              
     e( 34 - 34) =      5.48410  eV     1   --> A              
     e( 35 - 35) =      5.53225  eV     1   --> B              
     e( 36 - 36) =      5.95959  eV     1   --> A              
     e( 37 - 37) =      6.24844  eV     1   --> A              
     e( 38 - 38) =      6.38115  eV     1   --> B              
     e( 39 - 39) =      6.45738  eV     1   --> A              
     e( 40 - 40) =      6.78452  eV     1   --> B              
     e( 41 - 41) =      6.88199  eV     1   --> A              
     e( 42 - 42) =      7.08027  eV     1   --> B              
     e( 43 - 43) =      7.54021  eV     1   --> B              
     e( 44 - 44) =      7.61128  eV     1   --> A              
     e( 45 - 45) =      7.85852  eV     1   --> B              
     e( 46 - 46) =      7.86994  eV     1   --> A              
     e( 47 - 47) =      8.05087  eV     1   --> A              
     e( 48 - 48) =      8.30813  eV     1   --> B              
     e( 49 - 49) =      8.42553  eV     1   --> A              
     e( 50 - 50) =      8.61281  eV     1   --> B              
     e( 51 - 51) =      8.99630  eV     1   --> A              
     e( 52 - 52) =      9.03316  eV     1   --> B              
     e( 53 - 53) =      9.34211  eV     1   --> B              
     e( 54 - 54) =      9.44040  eV     1   --> B              
     e( 55 - 55) =      9.92197  eV     1   --> A              
     e( 56 - 56) =     10.41449  eV     1   --> B              
     e( 57 - 57) =     13.07671  eV     1   --> A              
     e( 58 - 58) =     13.41896  eV     1   --> A              
     e( 59 - 59) =     13.64140  eV     1   --> B              
     e( 60 - 60) =     14.00327  eV     1   --> A              
     e( 61 - 61) =     14.28976  eV     1   --> B              
     e( 62 - 62) =     14.43145  eV     1   --> A              
     e( 63 - 63) =     15.34629  eV     1   --> A              
     e( 64 - 64) =     15.42312  eV     1   --> B              
     e( 65 - 65) =     16.51295  eV     1   --> A              
     e( 66 - 66) =     17.50106  eV     1   --> A              
     e( 67 - 67) =     18.00454  eV     1   --> B              
     e( 68 - 68) =     18.75771  eV     1   --> A              
     e( 69 - 69) =     18.96187  eV     1   --> B              
     e( 70 - 70) =     20.44897  eV     1   --> A              
     e( 71 - 71) =     21.02405  eV     1   --> B              
     e( 72 - 72) =     21.79348  eV     1   --> A              
     e( 73 - 73) =     21.82463  eV     1   --> B              
     e( 74 - 74) =     22.55473  eV     1   --> A              
     e( 75 - 75) =     22.76396  eV     1   --> A              
     e( 76 - 76) =     22.95609  eV     1   --> A              
     e( 77 - 77) =     23.90159  eV     1   --> B              
     e( 78 - 78) =     24.02805  eV     1   --> B              
     e( 79 - 79) =     24.12832  eV     1   --> A              
     e( 80 - 80) =     24.77422  eV     1   --> A              

 **************************************************************************

 **************************************************************************

                    xk=(   0.00000,   0.18446,   0.00000  )

     Band symmetry, C_2  (2)    point group:

     e(  1 -  1) =    -91.70479  eV     1   --> A              
     e(  2 -  2) =    -68.88643  eV     1   --> A              
     e(  3 -  3) =    -64.32037  eV     1   --> A              
     e(  4 -  4) =    -64.30818  eV     1   --> A              
     e(  5 -  5) =    -52.14542  eV     1   --> B              
     e(  6 -  6) =    -52.14054  eV     1   --> B              
     e(  7 -  7) =    -52.12800  eV     1   --> A              
     e(  8 -  8) =    -37.94164  eV     1   --> B              
     e(  9 -  9) =    -37.93318  eV     1   --> A              
     e( 10 - 10) =    -37.91708  eV     1   --> B              
     e( 11 - 11) =    -28.75885  eV     1   --> B              
     e( 12 - 12) =    -28.70277  eV     1   --> A              
     e( 13 - 13) =    -28.67305  eV     1   --> B              
     e( 14 - 14) =    -28.61156  eV     1   --> B              
     e( 15 - 15) =    -28.59843  eV     1   --> A              
     e( 16 - 16) =    -28.53476  eV     1   --> B              
     e( 17 - 17) =     -8.48278  eV     1   --> A              
     e( 18 - 18) =     -7.39408  eV     1   --> A              
     e( 19 - 19) =     -7.10235  eV     1   --> A              
     e( 20 - 20) =     -7.02238  eV     1   --> B              
     e( 21 - 21) =     -6.87321  eV     1   --> B              
     e( 22 - 22) =     -6.68802  eV     1   --> A              
     e( 23 - 23) =     -6.49127  eV     1   --> B              
     e( 24 - 24) =     -6.18712  eV     1   --> B              
     e( 25 - 25) =      3.48622  eV     1   --> A              
     e( 26 - 26) =      3.69406  eV     1   --> A              
     e( 27 - 27) =      4.02085  eV     1   --> B              
     e( 28 - 28) =      4.09771  eV     1   --> A              
     e( 29 - 29) =      4.28330  eV     1   --> B              
     e( 30 - 30) =      4.70489  eV     1   --> A              
     e( 31 - 31) =      4.98745  eV     1   --> A              
     e( 32 - 32) =      5.13812  eV     1   --> B              
     e( 33 - 33) =      5.20984  eV     1   --> A              
     e( 34 - 34) =      5.46171  eV     1   --> A              
     e( 35 - 35) =      5.54244  eV     1   --> B              
     e( 36 - 36) =      5.93387  eV     1   --> A              
     e( 37 - 37) =      6.24274  eV     1   --> A              
     e( 38 - 38) =      6.35176  eV     1   --> B              
     e( 39 - 39) =      6.43442  eV     1   --> A              
     e( 40 - 40) =      6.78640  eV     1   --> B              
     e( 41 - 41) =      6.90622  eV     1   --> A              
     e( 42 - 42) =      7.10532  eV     1   --> B              
     e( 43 - 43) =      7.56778  eV     1   --> B              
     e( 44 - 44) =      7.57976  eV     1   --> A              
     e( 45 - 45) =      7.87153  eV     1   --> B              
     e( 46 - 46) =      7.88326  eV     1   --> A              
     e( 47 - 47) =      8.03904  eV     1   --> A              
     e( 48 - 48) =      8.32052  eV     1   --> B              
     e( 49 - 49) =      8.35822  eV     1   --> A              
     e( 50 - 50) =      8.60340  eV     1   --> B              
     e( 51 - 51) =      9.02437  eV     1   --> B              
     e( 52 - 52) =      9.03056  eV     1   --> A              
     e( 53 - 53) =      9.32627  eV     1   --> B              
     e( 54 - 54) =      9.42258  eV     1   --> B              
     e( 55 - 55) =      9.95590  eV     1   --> A              
     e( 56 - 56) =     10.43295  eV     1   --> B              
     e( 57 - 57) =     13.06679  eV     1   --> A              
     e( 58 - 58) =     13.42277  eV     1   --> A              
     e( 59 - 59) =     13.64309  eV     1   --> B              
     e( 60 - 60) =     14.02219  eV     1   --> A              
     e( 61 - 61) =     14.30766  eV     1   --> B              
     e( 62 - 62) =     14.40655  eV     1   --> A              
     e( 63 - 63) =     15.35741  eV     1   --> A              
     e( 64 - 64) =     15.41027  eV     1   --> B              
     e( 65 - 65) =     16.61112  eV     1   --> A              
     e( 66 - 66) =     17.50887  eV     1   --> A              
     e( 67 - 67) =     17.93738  eV     1   --> B              
     e( 68 - 68) =     18.73525  eV     1   --> A              
     e( 69 - 69) =     18.96390  eV     1   --> B              
     e( 70 - 70) =     20.35815  eV     1   --> A              
     e( 71 - 71) =     21.07456  eV     1   --> B              
     e( 72 - 72) =     21.80046  eV     1   --> A              
     e( 73 - 73) =     21.91016  eV     1   --> B              
     e( 74 - 74) =     22.53800  eV     1   --> A              
     e( 75 - 75) =     22.78718  eV     1   --> A              
     e( 76 - 76) =     23.00895  eV     1   --> A              
     e( 77 - 77) =     23.82109  eV     1   --> B              
     e( 78 - 78) =     23.97256  eV     1   --> B              
     e( 79 - 79) =     24.12087  eV     1   --> A              
     e( 80 - 80) =     24.80438  eV     1   --> A              

 **************************************************************************

 **************************************************************************

                    xk=(   0.00000,   0.20495,   0.00000  )

     Band symmetry, C_2  (2)    point group:

     e(  1 -  1) =    -91.70479  eV     1   --> A              
     e(  2 -  2) =    -68.88643  eV     1   --> A              
     e(  3 -  3) =    -64.32037  eV     1   --> A              
     e(  4 -  4) =    -64.30816  eV     1   --> A              
     e(  5 -  5) =    -52.14542  eV     1   --> B              
     e(  6 -  6) =    -52.14054  eV     1   --> B              
     e(  7 -  7) =    -52.12800  eV     1   --> A              
     e(  8 -  8) =    -37.94164  eV     1   --> B              
     e(  9 -  9) =    -37.93318  eV     1   --> A              
     e( 10 - 10) =    -37.91708  eV     1   --> B              
     e( 11 - 11) =    -28.75876  eV     1   --> B              
     e( 12 - 12) =    -28.70250  eV     1   --> A              
     e( 13 - 13) =    -28.67303  eV     1   --> B              
     e( 14 - 14) =    -28.61162  eV     1   --> B              
     e( 15 - 15) =    -28.59873  eV     1   --> A              
     e( 16 - 16) =    -28.53484  eV     1   --> B              
     e( 17 - 17) =     -8.46023  eV     1   --> A              
     e( 18 - 18) =     -7.42242  eV     1   --> A              
     e( 19 - 19) =     -7.10752  eV     1   --> A              
     e( 20 - 20) =     -7.02435  eV     1   --> B              
     e( 21 - 21) =     -6.87780  eV     1   --> B              
     e( 22 - 22) =     -6.68307  eV     1   --> A              
     e( 23 - 23) =     -6.49134  eV     1   --> B              
     e( 24 - 24) =     -6.17924  eV     1   --> B              
     e( 25 - 25) =      3.51891  eV     1   --> A              
     e( 26 - 26) =      3.72696  eV     1   --> A              
     e( 27 - 27) =      4.02104  eV     1   --> B              
     e( 28 - 28) =      4.12260  eV     1   --> A              
     e( 29 - 29) =      4.29287  eV     1   --> B              
     e( 30 - 30) =      4.70848  eV     1   --> A              
     e( 31 - 31) =      4.98484  eV     1   --> A              
     e( 32 - 32) =      5.10318  eV     1   --> B              
     e( 33 - 33) =      5.18059  eV     1   --> A              
     e( 34 - 34) =      5.44644  eV     1   --> A              
     e( 35 - 35) =      5.55318  eV     1   --> B              
     e( 36 - 36) =      5.89906  eV     1   --> A              
     e( 37 - 37) =      6.24250  eV     1   --> A              
     e( 38 - 38) =      6.32338  eV     1   --> B              
     e( 39 - 39) =      6.41844  eV     1   --> A              
     e( 40 - 40) =      6.78710  eV     1   --> B              
     e( 41 - 41) =      6.92856  eV     1   --> A              
     e( 42 - 42) =      7.12852  eV     1   --> B              
     e( 43 - 43) =      7.53510  eV     1   --> A              
     e( 44 - 44) =      7.59911  eV     1   --> B              
     e( 45 - 45) =      7.88564  eV     1   --> B              
     e( 46 - 46) =      7.90089  eV     1   --> A              
     e( 47 - 47) =      8.02861  eV     1   --> A              
     e( 48 - 48) =      8.29265  eV     1   --> A              
     e( 49 - 49) =      8.33217  eV     1   --> B              
     e( 50 - 50) =      8.59156  eV     1   --> B              
     e( 51 - 51) =      9.01447  eV     1   --> B              
     e( 52 - 52) =      9.06295  eV     1   --> A              
     e( 53 - 53) =      9.31129  eV     1   --> B              
     e( 54 - 54) =      9.40471  eV     1   --> B              
     e( 55 - 55) =      9.99029  eV     1   --> A              
     e( 56 - 56) =     10.45177  eV     1   --> B              
     e( 57 - 57) =     13.05416  eV     1   --> A              
     e( 58 - 58) =     13.43196  eV     1   --> A              
     e( 59 - 59) =     13.64444  eV     1   --> B              
     e( 60 - 60) =     14.03974  eV     1   --> A              
     e( 61 - 61) =     14.32708  eV     1   --> B              
     e( 62 - 62) =     14.38025  eV     1   --> A              
     e( 63 - 63) =     15.36889  eV     1   --> A              
     e( 64 - 64) =     15.39658  eV     1   --> B              
     e( 65 - 65) =     16.71598  eV     1   --> A              
     e( 66 - 66) =     17.51690  eV     1   --> A              
     e( 67 - 67) =     17.87147  eV     1   --> B              
     e( 68 - 68) =     18.70700  eV     1   --> A              
     e( 69 - 69) =     18.96221  eV     1   --> B              
     e( 70 - 70) =     20.27043  eV     1   --> A              
     e( 71 - 71) =     21.13483  eV     1   --> B              
     e( 72 - 72) =     21.80263  eV     1   --> A              
     e( 73 - 73) =     21.99810  eV     1   --> B              
     e( 74 - 74) =     22.51688  eV     1   --> A              
     e( 75 - 75) =     22.80905  eV     1   --> A              
     e( 76 - 76) =     23.07247  eV     1   --> A              
     e( 77 - 77) =     23.72723  eV     1   --> B              
     e( 78 - 78) =     23.91717  eV     1   --> B              
     e( 79 - 79) =     24.11538  eV     1   --> A              
     e( 80 - 80) =     24.82804  eV     1   --> A              

 **************************************************************************

 **************************************************************************

                    xk=(   0.00000,   0.22545,   0.00000  )

     Band symmetry, C_2  (2)    point group:

     e(  1 -  1) =    -91.70479  eV     1   --> A              
     e(  2 -  2) =    -68.88643  eV     1   --> A              
     e(  3 -  3) =    -64.32037  eV     1   --> A              
     e(  4 -  4) =    -64.30815  eV     1   --> A              
     e(  5 -  5) =    -52.14542  eV     1   --> B              
     e(  6 -  6) =    -52.14054  eV     1   --> B              
     e(  7 -  7) =    -52.12800  eV     1   --> A              
     e(  8 -  8) =    -37.94164  eV     1   --> B              
     e(  9 -  9) =    -37.93318  eV     1   --> A              
     e( 10 - 10) =    -37.91708  eV     1   --> B              
     e( 11 - 11) =    -28.75866  eV     1   --> B              
     e( 12 - 12) =    -28.70223  eV     1   --> A              
     e( 13 - 13) =    -28.67300  eV     1   --> B              
     e( 14 - 14) =    -28.61168  eV     1   --> B              
     e( 15 - 15) =    -28.59904  eV     1   --> A              
     e( 16 - 16) =    -28.53492  eV     1   --> B              
     e( 17 - 17) =     -8.43629  eV     1   --> A              
     e( 18 - 18) =     -7.45382  eV     1   --> A              
     e( 19 - 19) =     -7.10978  eV     1   --> A              
     e( 20 - 20) =     -7.02641  eV     1   --> B              
     e( 21 - 21) =     -6.88214  eV     1   --> B              
     e( 22 - 22) =     -6.67935  eV     1   --> A              
     e( 23 - 23) =     -6.49145  eV     1   --> B              
     e( 24 - 24) =     -6.17149  eV     1   --> B              
     e( 25 - 25) =      3.55408  eV     1   --> A              
     e( 26 - 26) =      3.76212  eV     1   --> A              
     e( 27 - 27) =      4.02123  eV     1   --> B              
     e( 28 - 28) =      4.14766  eV     1   --> A              
     e( 29 - 29) =      4.30319  eV     1   --> B              
     e( 30 - 30) =      4.70817  eV     1   --> A              
     e( 31 - 31) =      4.96475  eV     1   --> A              
     e( 32 - 32) =      5.06830  eV     1   --> B              
     e( 33 - 33) =      5.16188  eV     1   --> A              
     e( 34 - 34) =      5.44169  eV     1   --> A              
     e( 35 - 35) =      5.56383  eV     1   --> B              
     e( 36 - 36) =      5.85872  eV     1   --> A              
     e( 37 - 37) =      6.24410  eV     1   --> A              
     e( 38 - 38) =      6.29658  eV     1   --> B              
     e( 39 - 39) =      6.41091  eV     1   --> A              
     e( 40 - 40) =      6.78688  eV     1   --> B              
     e( 41 - 41) =      6.94807  eV     1   --> A              
     e( 42 - 42) =      7.14953  eV     1   --> B              
     e( 43 - 43) =      7.48415  eV     1   --> A              
     e( 44 - 44) =      7.63323  eV     1   --> B              
     e( 45 - 45) =      7.90099  eV     1   --> B              
     e( 46 - 46) =      7.91375  eV     1   --> A              
     e( 47 - 47) =      8.01850  eV     1   --> A              
     e( 48 - 48) =      8.23452  eV     1   --> A              
     e( 49 - 49) =      8.34261  eV     1   --> B              
     e( 50 - 50) =      8.57716  eV     1   --> B              
     e( 51 - 51) =      9.00370  eV     1   --> B              
     e( 52 - 52) =      9.09293  eV     1   --> A              
     e( 53 - 53) =      9.29742  eV     1   --> B              
     e( 54 - 54) =      9.38738  eV     1   --> B              
     e( 55 - 55) =     10.02442  eV     1   --> A              
     e( 56 - 56) =     10.47052  eV     1   --> B              
     e( 57 - 57) =     13.03935  eV     1   --> A              
     e( 58 - 58) =     13.44627  eV     1   --> A              
     e( 59 - 59) =     13.64541  eV     1   --> B              
     e( 60 - 60) =     14.05519  eV     1   --> A              
     e( 61 - 61) =     14.34766  eV     1   --> B              
     e( 62 - 62) =     14.35329  eV     1   --> A              
     e( 63 - 63) =     15.38042  eV     1   --> A              
     e( 64 - 64) =     15.38231  eV     1   --> B              
     e( 65 - 65) =     16.82632  eV     1   --> A              
     e( 66 - 66) =     17.52499  eV     1   --> A              
     e( 67 - 67) =     17.80793  eV     1   --> B              
     e( 68 - 68) =     18.67197  eV     1   --> A              
     e( 69 - 69) =     18.95745  eV     1   --> B              
     e( 70 - 70) =     20.18744  eV     1   --> A              
     e( 71 - 71) =     21.20420  eV     1   --> B              
     e( 72 - 72) =     21.80096  eV     1   --> A              
     e( 73 - 73) =     22.08730  eV     1   --> B              
     e( 74 - 74) =     22.49300  eV     1   --> A              
     e( 75 - 75) =     22.83042  eV     1   --> A              
     e( 76 - 76) =     23.14327  eV     1   --> A              
     e( 77 - 77) =     23.62309  eV     1   --> B              
     e( 78 - 78) =     23.86095  eV     1   --> B              
     e( 79 - 79) =     24.11198  eV     1   --> A              
     e( 80 - 80) =     24.84001  eV     1   --> A              

 **************************************************************************

 **************************************************************************

                    xk=(   0.00000,   0.24594,   0.00000  )

     Band symmetry, C_2  (2)    point group:

     e(  1 -  1) =    -91.70479  eV     1   --> A              
     e(  2 -  2) =    -68.88643  eV     1   --> A              
     e(  3 -  3) =    -64.32038  eV     1   --> A              
     e(  4 -  4) =    -64.30814  eV     1   --> A              
     e(  5 -  5) =    -52.14543  eV     1   --> B              
     e(  6 -  6) =    -52.14054  eV     1   --> B              
     e(  7 -  7) =    -52.12800  eV     1   --> A              
     e(  8 -  8) =    -37.94164  eV     1   --> B              
     e(  9 -  9) =    -37.93318  eV     1   --> A              
     e( 10 - 10) =    -37.91708  eV     1   --> B              
     e( 11 - 11) =    -28.75857  eV     1   --> B              
     e( 12 - 12) =    -28.70196  eV     1   --> A              
     e( 13 - 13) =    -28.67298  eV     1   --> B              
     e( 14 - 14) =    -28.61173  eV     1   --> B              
     e( 15 - 15) =    -28.59934  eV     1   --> A              
     e( 16 - 16) =    -28.53500  eV     1   --> B              
     e( 17 - 17) =     -8.41134  eV     1   --> A              
     e( 18 - 18) =     -7.48717  eV     1   --> A              
     e( 19 - 19) =     -7.10982  eV     1   --> A              
     e( 20 - 20) =     -7.02852  eV     1   --> B              
     e( 21 - 21) =     -6.88615  eV     1   --> B              
     e( 22 - 22) =     -6.67676  eV     1   --> A              
     e( 23 - 23) =     -6.49158  eV     1   --> B              
     e( 24 - 24) =     -6.16404  eV     1   --> B              
     e( 25 - 25) =      3.59128  eV     1   --> A              
     e( 26 - 26) =      3.79905  eV     1   --> A              
     e( 27 - 27) =      4.02145  eV     1   --> B              
     e( 28 - 28) =      4.17215  eV     1   --> A              
     e( 29 - 29) =      4.31399  eV     1   --> B              
     e( 30 - 30) =      4.70128  eV     1   --> A              
     e( 31 - 31) =      4.93412  eV     1   --> A              
     e( 32 - 32) =      5.03438  eV     1   --> B              
     e( 33 - 33) =      5.14848  eV     1   --> A              
     e( 34 - 34) =      5.44790  eV     1   --> A              
     e( 35 - 35) =      5.57386  eV     1   --> B              
     e( 36 - 36) =      5.81711  eV     1   --> A              
     e( 37 - 37) =      6.24440  eV     1   --> A              
     e( 38 - 38) =      6.27185  eV     1   --> B              
     e( 39 - 39) =      6.41270  eV     1   --> A              
     e( 40 - 40) =      6.78602  eV     1   --> B              
     e( 41 - 41) =      6.96369  eV     1   --> A              
     e( 42 - 42) =      7.16811  eV     1   --> B              
     e( 43 - 43) =      7.43142  eV     1   --> A              
     e( 44 - 44) =      7.66905  eV     1   --> B              
     e( 45 - 45) =      7.91523  eV     1   --> A              
     e( 46 - 46) =      7.91764  eV     1   --> B              
     e( 47 - 47) =      8.00488  eV     1   --> A              
     e( 48 - 48) =      8.19255  eV     1   --> A              
     e( 49 - 49) =      8.35148  eV     1   --> B              
     e( 50 - 50) =      8.56027  eV     1   --> B              
     e( 51 - 51) =      8.99238  eV     1   --> B              
     e( 52 - 52) =      9.12016  eV     1   --> A              
     e( 53 - 53) =      9.28477  eV     1   --> B              
     e( 54 - 54) =      9.37120  eV     1   --> B              
     e( 55 - 55) =     10.05757  eV     1   --> A              
     e( 56 - 56) =     10.48877  eV     1   --> B              
     e( 57 - 57) =     13.02312  eV     1   --> A              
     e( 58 - 58) =     13.46504  eV     1   --> A              
     e( 59 - 59) =     13.64600  eV     1   --> B              
     e( 60 - 60) =     14.06766  eV     1   --> A              
     e( 61 - 61) =     14.32667  eV     1   --> A              
     e( 62 - 62) =     14.36892  eV     1   --> B              
     e( 63 - 63) =     15.36776  eV     1   --> B              
     e( 64 - 64) =     15.39173  eV     1   --> A              
     e( 65 - 65) =     16.94090  eV     1   --> A              
     e( 66 - 66) =     17.53303  eV     1   --> A              
     e( 67 - 67) =     17.74780  eV     1   --> B              
     e( 68 - 68) =     18.62922  eV     1   --> A              
     e( 69 - 69) =     18.95040  eV     1   --> B              
     e( 70 - 70) =     20.11069  eV     1   --> A              
     e( 71 - 71) =     21.28172  eV     1   --> B              
     e( 72 - 72) =     21.79642  eV     1   --> A              
     e( 73 - 73) =     22.17649  eV     1   --> B              
     e( 74 - 74) =     22.46796  eV     1   --> A              
     e( 75 - 75) =     22.85133  eV     1   --> A              
     e( 76 - 76) =     23.21876  eV     1   --> A              
     e( 77 - 77) =     23.51190  eV     1   --> B              
     e( 78 - 78) =     23.80317  eV     1   --> B              
     e( 79 - 79) =     24.11078  eV     1   --> A              
     e( 80 - 80) =     24.83521  eV     1   --> A              

 **************************************************************************

 **************************************************************************

                    xk=(   0.00000,   0.26644,   0.00000  )

     Band symmetry, C_2  (2)    point group:

     e(  1 -  1) =    -91.70479  eV     1   --> A              
     e(  2 -  2) =    -68.88643  eV     1   --> A              
     e(  3 -  3) =    -64.32038  eV     1   --> A              
     e(  4 -  4) =    -64.30813  eV     1   --> A              
     e(  5 -  5) =    -52.14543  eV     1   --> B              
     e(  6 -  6) =    -52.14054  eV     1   --> B              
     e(  7 -  7) =    -52.12800  eV     1   --> A              
     e(  8 -  8) =    -37.94164  eV     1   --> B              
     e(  9 -  9) =    -37.93318  eV     1   --> A              
     e( 10 - 10) =    -37.91708  eV     1   --> B              
     e( 11 - 11) =    -28.75848  eV     1   --> B              
     e( 12 - 12) =    -28.70171  eV     1   --> A              
     e( 13 - 13) =    -28.67296  eV     1   --> B              
     e( 14 - 14) =    -28.61179  eV     1   --> B              
     e( 15 - 15) =    -28.59963  eV     1   --> A              
     e( 16 - 16) =    -28.53507  eV     1   --> B              
     e( 17 - 17) =     -8.38587  eV     1   --> A              
     e( 18 - 18) =     -7.52133  eV     1   --> A              
     e( 19 - 19) =     -7.10828  eV     1   --> A              
     e( 20 - 20) =     -7.03061  eV     1   --> B              
     e( 21 - 21) =     -6.88977  eV     1   --> B              
     e( 22 - 22) =     -6.67514  eV     1   --> A              
     e( 23 - 23) =     -6.49171  eV     1   --> B              
     e( 24 - 24) =     -6.15705  eV     1   --> B              
     e( 25 - 25) =      3.62991  eV     1   --> A              
     e( 26 - 26) =      3.83709  eV     1   --> A              
     e( 27 - 27) =      4.02172  eV     1   --> B              
     e( 28 - 28) =      4.19533  eV     1   --> A              
     e( 29 - 29) =      4.32494  eV     1   --> B              
     e( 30 - 30) =      4.68501  eV     1   --> A              
     e( 31 - 31) =      4.90158  eV     1   --> A              
     e( 32 - 32) =      5.00224  eV     1   --> B              
     e( 33 - 33) =      5.13746  eV     1   --> A              
     e( 34 - 34) =      5.46024  eV     1   --> A              
     e( 35 - 35) =      5.58288  eV     1   --> B              
     e( 36 - 36) =      5.77933  eV     1   --> A              
     e( 37 - 37) =      6.24195  eV     1   --> A              
     e( 38 - 38) =      6.24958  eV     1   --> B              
     e( 39 - 39) =      6.42332  eV     1   --> A              
     e( 40 - 40) =      6.78480  eV     1   --> B              
     e( 41 - 41) =      6.97411  eV     1   --> A              
     e( 42 - 42) =      7.18419  eV     1   --> B              
     e( 43 - 43) =      7.38033  eV     1   --> A              
     e( 44 - 44) =      7.70535  eV     1   --> B              
     e( 45 - 45) =      7.90044  eV     1   --> A              
     e( 46 - 46) =      7.93551  eV     1   --> B              
     e( 47 - 47) =      7.98568  eV     1   --> A              
     e( 48 - 48) =      8.17364  eV     1   --> A              
     e( 49 - 49) =      8.35851  eV     1   --> B              
     e( 50 - 50) =      8.54121  eV     1   --> B              
     e( 51 - 51) =      8.98087  eV     1   --> B              
     e( 52 - 52) =      9.14440  eV     1   --> A              
     e( 53 - 53) =      9.27331  eV     1   --> B              
     e( 54 - 54) =      9.35670  eV     1   --> B              
     e( 55 - 55) =     10.08901  eV     1   --> A              
     e( 56 - 56) =     10.50610  eV     1   --> B              
     e( 57 - 57) =     13.00638  eV     1   --> A              
     e( 58 - 58) =     13.48735  eV     1   --> A              
     e( 59 - 59) =     13.64624  eV     1   --> B              
     e( 60 - 60) =     14.07612  eV     1   --> A              
     e( 61 - 61) =     14.30170  eV     1   --> A              
     e( 62 - 62) =     14.39027  eV     1   --> B              
     e( 63 - 63) =     15.35326  eV     1   --> B              
     e( 64 - 64) =     15.40251  eV     1   --> A              
     e( 65 - 65) =     17.05838  eV     1   --> A              
     e( 66 - 66) =     17.54103  eV     1   --> A              
     e( 67 - 67) =     17.69208  eV     1   --> B              
     e( 68 - 68) =     18.57798  eV     1   --> A              
     e( 69 - 69) =     18.94187  eV     1   --> B              
     e( 70 - 70) =     20.04149  eV     1   --> A              
     e( 71 - 71) =     21.36619  eV     1   --> B              
     e( 72 - 72) =     21.78995  eV     1   --> A              
     e( 73 - 73) =     22.26412  eV     1   --> B              
     e( 74 - 74) =     22.44316  eV     1   --> A              
     e( 75 - 75) =     22.87136  eV     1   --> A              
     e( 76 - 76) =     23.29691  eV     1   --> A              
     e( 77 - 77) =     23.39687  eV     1   --> B              
     e( 78 - 78) =     23.74366  eV     1   --> B              
     e( 79 - 79) =     24.11193  eV     1   --> A              
     e( 80 - 80) =     24.81061  eV     1   --> A              

 **************************************************************************

 **************************************************************************

                    xk=(   0.00000,   0.28693,   0.00000  )

     Band symmetry, C_2  (2)    point group:

     e(  1 -  1) =    -91.70478  eV     1   --> A              
     e(  2 -  2) =    -68.88643  eV     1   --> A              
     e(  3 -  3) =    -64.32038  eV     1   --> A              
     e(  4 -  4) =    -64.30812  eV     1   --> A              
     e(  5 -  5) =    -52.14543  eV     1   --> B              
     e(  6 -  6) =    -52.14054  eV     1   --> B              
     e(  7 -  7) =    -52.12800  eV     1   --> A              
     e(  8 -  8) =    -37.94164  eV     1   --> B              
     e(  9 -  9) =    -37.93318  eV     1   --> A              
     e( 10 - 10) =    -37.91708  eV     1   --> B              
     e( 11 - 11) =    -28.75840  eV     1   --> B              
     e( 12 - 12) =    -28.70147  eV     1   --> A              
     e( 13 - 13) =    -28.67295  eV     1   --> B              
     e( 14 - 14) =    -28.61184  eV     1   --> B              
     e( 15 - 15) =    -28.59989  eV     1   --> A              
     e( 16 - 16) =    -28.53514  eV     1   --> B              
     e( 17 - 17) =     -8.36052  eV     1   --> A              
     e( 18 - 18) =     -7.55513  eV     1   --> A              
     e( 19 - 19) =     -7.10578  eV     1   --> A              
     e( 20 - 20) =     -7.03260  eV     1   --> B              
     e( 21 - 21) =     -6.89293  eV     1   --> B              
     e( 22 - 22) =     -6.67431  eV     1   --> A              
     e( 23 - 23) =     -6.49186  eV     1   --> B              
     e( 24 - 24) =     -6.15068  eV     1   --> B              
     e( 25 - 25) =      3.66915  eV     1   --> A              
     e( 26 - 26) =      3.87542  eV     1   --> A              
     e( 27 - 27) =      4.02205  eV     1   --> B              
     e( 28 - 28) =      4.21646  eV     1   --> A              
     e( 29 - 29) =      4.33568  eV     1   --> B              
     e( 30 - 30) =      4.65833  eV     1   --> A              
     e( 31 - 31) =      4.87158  eV     1   --> A              
     e( 32 - 32) =      4.97259  eV     1   --> B              
     e( 33 - 33) =      5.13085  eV     1   --> A              
     e( 34 - 34) =      5.46924  eV     1   --> A              
     e( 35 - 35) =      5.59060  eV     1   --> B              
     e( 36 - 36) =      5.75203  eV     1   --> A              
     e( 37 - 37) =      6.23011  eV     1   --> B              
     e( 38 - 38) =      6.23701  eV     1   --> A              
     e( 39 - 39) =      6.44100  eV     1   --> A              
     e( 40 - 40) =      6.78343  eV     1   --> B              
     e( 41 - 41) =      6.97761  eV     1   --> A              
     e( 42 - 42) =      7.19778  eV     1   --> B              
     e( 43 - 43) =      7.33417  eV     1   --> A              
     e( 44 - 44) =      7.74085  eV     1   --> B              
     e( 45 - 45) =      7.86727  eV     1   --> A              
     e( 46 - 46) =      7.95429  eV     1   --> B              
     e( 47 - 47) =      7.96791  eV     1   --> A              
     e( 48 - 48) =      8.17370  eV     1   --> A              
     e( 49 - 49) =      8.36357  eV     1   --> B              
     e( 50 - 50) =      8.52057  eV     1   --> B              
     e( 51 - 51) =      8.96960  eV     1   --> B              
     e( 52 - 52) =      9.16552  eV     1   --> A              
     e( 53 - 53) =      9.26304  eV     1   --> B              
     e( 54 - 54) =      9.34426  eV     1   --> B              
     e( 55 - 55) =     10.11803  eV     1   --> A              
     e( 56 - 56) =     10.52211  eV     1   --> B              
     e( 57 - 57) =     12.98997  eV     1   --> A              
     e( 58 - 58) =     13.51210  eV     1   --> A              
     e( 59 - 59) =     13.64621  eV     1   --> B              
     e( 60 - 60) =     14.07944  eV     1   --> A              
     e( 61 - 61) =     14.27997  eV     1   --> A              
     e( 62 - 62) =     14.41106  eV     1   --> B              
     e( 63 - 63) =     15.33921  eV     1   --> B              
     e( 64 - 64) =     15.41249  eV     1   --> A              
     e( 65 - 65) =     17.17719  eV     1   --> A              
     e( 66 - 66) =     17.54916  eV     1   --> A              
     e( 67 - 67) =     17.64170  eV     1   --> B              
     e( 68 - 68) =     18.51779  eV     1   --> A              
     e( 69 - 69) =     18.93266  eV     1   --> B              
     e( 70 - 70) =     19.98089  eV     1   --> A              
     e( 71 - 71) =     21.45604  eV     1   --> B              
     e( 72 - 72) =     21.78245  eV     1   --> A              
     e( 73 - 73) =     22.34809  eV     1   --> B              
     e( 74 - 74) =     22.41972  eV     1   --> A              
     e( 75 - 75) =     22.88998  eV     1   --> A              
     e( 76 - 76) =     23.28152  eV     1   --> B              
     e( 77 - 77) =     23.37575  eV     1   --> A              
     e( 78 - 78) =     23.68276  eV     1   --> B              
     e( 79 - 79) =     24.11572  eV     1   --> A              
     e( 80 - 80) =     24.76678  eV     1   --> A              

 **************************************************************************

 **************************************************************************

                    xk=(   0.00000,   0.30743,   0.00000  )

     Band symmetry, C_2  (2)    point group:

     e(  1 -  1) =    -91.70478  eV     1   --> A              
     e(  2 -  2) =    -68.88643  eV     1   --> A              
     e(  3 -  3) =    -64.32038  eV     1   --> A              
     e(  4 -  4) =    -64.30811  eV     1   --> A              
     e(  5 -  5) =    -52.14543  eV     1   --> B              
     e(  6 -  6) =    -52.14054  eV     1   --> B              
     e(  7 -  7) =    -52.12800  eV     1   --> A              
     e(  8 -  8) =    -37.94164  eV     1   --> B              
     e(  9 -  9) =    -37.93318  eV     1   --> A              
     e( 10 - 10) =    -37.91708  eV     1   --> B              
     e( 11 - 11) =    -28.75833  eV     1   --> B              
     e( 12 - 12) =    -28.70126  eV     1   --> A              
     e( 13 - 13) =    -28.67293  eV     1   --> B              
     e( 14 - 14) =    -28.61188  eV     1   --> B              
     e( 15 - 15) =    -28.60013  eV     1   --> A              
     e( 16 - 16) =    -28.53520  eV     1   --> B              
     e( 17 - 17) =     -8.33605  eV     1   --> A              
     e( 18 - 18) =     -7.58737  eV     1   --> A              
     e( 19 - 19) =     -7.10281  eV     1   --> A              
     e( 20 - 20) =     -7.03444  eV     1   --> B              
     e( 21 - 21) =     -6.89563  eV     1   --> B              
     e( 22 - 22) =     -6.67408  eV     1   --> A              
     e( 23 - 23) =     -6.49200  eV     1   --> B              
     e( 24 - 24) =     -6.14506  eV     1   --> B              
     e( 25 - 25) =      3.70790  eV     1   --> A              
     e( 26 - 26) =      3.91296  eV     1   --> A              
     e( 27 - 27) =      4.02243  eV     1   --> B              
     e( 28 - 28) =      4.23488  eV     1   --> A              
     e( 29 - 29) =      4.34580  eV     1   --> B              
     e( 30 - 30) =      4.62357  eV     1   --> A              
     e( 31 - 31) =      4.84422  eV     1   --> A              
     e( 32 - 32) =      4.94612  eV     1   --> B              
     e( 33 - 33) =      5.13221  eV     1   --> A              
     e( 34 - 34) =      5.46464  eV     1   --> A              
     e( 35 - 35) =      5.59688  eV     1   --> B              
     e( 36 - 36) =      5.74183  eV     1   --> A              
     e( 37 - 37) =      6.21364  eV     1   --> B              
     e( 38 - 38) =      6.23057  eV     1   --> A              
     e( 39 - 39) =      6.46349  eV     1   --> A              
     e( 40 - 40) =      6.78208  eV     1   --> B              
     e( 41 - 41) =      6.97242  eV     1   --> A              
     e( 42 - 42) =      7.20894  eV     1   --> B              
     e( 43 - 43) =      7.29616  eV     1   --> A              
     e( 44 - 44) =      7.77426  eV     1   --> B              
     e( 45 - 45) =      7.82263  eV     1   --> A              
     e( 46 - 46) =      7.95561  eV     1   --> A              
     e( 47 - 47) =      7.97341  eV     1   --> B              
     e( 48 - 48) =      8.18307  eV     1   --> A              
     e( 49 - 49) =      8.36669  eV     1   --> B              
     e( 50 - 50) =      8.49928  eV     1   --> B              
     e( 51 - 51) =      8.95896  eV     1   --> B              
     e( 52 - 52) =      9.18346  eV     1   --> A              
     e( 53 - 53) =      9.25398  eV     1   --> B              
     e( 54 - 54) =      9.33407  eV     1   --> B              
     e( 55 - 55) =     10.14394  eV     1   --> A              
     e( 56 - 56) =     10.53642  eV     1   --> B              
     e( 57 - 57) =     12.97469  eV     1   --> A              
     e( 58 - 58) =     13.53802  eV     1   --> A              
     e( 59 - 59) =     13.64598  eV     1   --> B              
     e( 60 - 60) =     14.07681  eV     1   --> A              
     e( 61 - 61) =     14.26302  eV     1   --> A              
     e( 62 - 62) =     14.43055  eV     1   --> B              
     e( 63 - 63) =     15.32607  eV     1   --> B              
     e( 64 - 64) =     15.42142  eV     1   --> A              
     e( 65 - 65) =     17.29500  eV     1   --> A              
     e( 66 - 66) =     17.55826  eV     1   --> A              
     e( 67 - 67) =     17.59748  eV     1   --> B              
     e( 68 - 68) =     18.44874  eV     1   --> A              
     e( 69 - 69) =     18.92351  eV     1   --> B              
     e( 70 - 70) =     19.92959  eV     1   --> A              
     e( 71 - 71) =     21.54921  eV     1   --> B              
     e( 72 - 72) =     21.77467  eV     1   --> A              
     e( 73 - 73) =     22.39855  eV     1   --> A              
     e( 74 - 74) =     22.42518  eV     1   --> B              
     e( 75 - 75) =     22.90666  eV     1   --> A              
     e( 76 - 76) =     23.17033  eV     1   --> B              
     e( 77 - 77) =     23.45308  eV     1   --> A              
     e( 78 - 78) =     23.62142  eV     1   --> B              
     e( 79 - 79) =     24.12270  eV     1   --> A              
     e( 80 - 80) =     24.70759  eV     1   --> A              

 **************************************************************************

 **************************************************************************

                    xk=(   0.00000,   0.32792,   0.00000  )

     Band symmetry, C_2  (2)    point group:

     e(  1 -  1) =    -91.70478  eV     1   --> A              
     e(  2 -  2) =    -68.88643  eV     1   --> A              
     e(  3 -  3) =    -64.32038  eV     1   --> A              
     e(  4 -  4) =    -64.30810  eV     1   --> A              
     e(  5 -  5) =    -52.14543  eV     1   --> B              
     e(  6 -  6) =    -52.14054  eV     1   --> B              
     e(  7 -  7) =    -52.12800  eV     1   --> A              
     e(  8 -  8) =    -37.94164  eV     1   --> B              
     e(  9 -  9) =    -37.93318  eV     1   --> A              
     e( 10 - 10) =    -37.91708  eV     1   --> B              
     e( 11 - 11) =    -28.75827  eV     1   --> B              
     e( 12 - 12) =    -28.70108  eV     1   --> A              
     e( 13 - 13) =    -28.67291  eV     1   --> B              
     e( 14 - 14) =    -28.61192  eV     1   --> B              
     e( 15 - 15) =    -28.60034  eV     1   --> A              
     e( 16 - 16) =    -28.53525  eV     1   --> B              
     e( 17 - 17) =     -8.31343  eV     1   --> A              
     e( 18 - 18) =     -7.61673  eV     1   --> A              
     e( 19 - 19) =     -7.09980  eV     1   --> A              
     e( 20 - 20) =     -7.03605  eV     1   --> B              
     e( 21 - 21) =     -6.89784  eV     1   --> B              
     e( 22 - 22) =     -6.67424  eV     1   --> A              
     e( 23 - 23) =     -6.49212  eV     1   --> B              
     e( 24 - 24) =     -6.14030  eV     1   --> B              
     e( 25 - 25) =      3.74468  eV     1   --> A              
     e( 26 - 26) =      3.94829  eV     1   --> A              
     e( 27 - 27) =      4.02283  eV     1   --> B              
     e( 28 - 28) =      4.25004  eV     1   --> A              
     e( 29 - 29) =      4.35489  eV     1   --> B              
     e( 30 - 30) =      4.58538  eV     1   --> A              
     e( 31 - 31) =      4.81845  eV     1   --> A              
     e( 32 - 32) =      4.92345  eV     1   --> B              
     e( 33 - 33) =      5.14354  eV     1   --> A              
     e( 34 - 34) =      5.44254  eV     1   --> A              
     e( 35 - 35) =      5.60172  eV     1   --> B              
     e( 36 - 36) =      5.74926  eV     1   --> A              
     e( 37 - 37) =      6.20026  eV     1   --> B              
     e( 38 - 38) =      6.22362  eV     1   --> A              
     e( 39 - 39) =      6.48861  eV     1   --> A              
     e( 40 - 40) =      6.78087  eV     1   --> B              
     e( 41 - 41) =      6.95791  eV     1   --> A              
     e( 42 - 42) =      7.21780  eV     1   --> B              
     e( 43 - 43) =      7.26862  eV     1   --> A              
     e( 44 - 44) =      7.77646  eV     1   --> A              
     e( 45 - 45) =      7.80426  eV     1   --> B              
     e( 46 - 46) =      7.94705  eV     1   --> A              
     e( 47 - 47) =      7.99201  eV     1   --> B              
     e( 48 - 48) =      8.19511  eV     1   --> A              
     e( 49 - 49) =      8.36803  eV     1   --> B              
     e( 50 - 50) =      8.47855  eV     1   --> B              
     e( 51 - 51) =      8.94941  eV     1   --> B              
     e( 52 - 52) =      9.19816  eV     1   --> A              
     e( 53 - 53) =      9.24625  eV     1   --> B              
     e( 54 - 54) =      9.32614  eV     1   --> B              
     e( 55 - 55) =     10.16611  eV     1   --> A              
     e( 56 - 56) =     10.54866  eV     1   --> B              
     e( 57 - 57) =     12.96122  eV     1   --> A              
     e( 58 - 58) =     13.56359  eV     1   --> A              
     e( 59 - 59) =     13.64563  eV     1   --> B              
     e( 60 - 60) =     14.06858  eV     1   --> A              
     e( 61 - 61) =     14.25149  eV     1   --> A              
     e( 62 - 62) =     14.44796  eV     1   --> B              
     e( 63 - 63) =     15.31433  eV     1   --> B              
     e( 64 - 64) =     15.42906  eV     1   --> A              
     e( 65 - 65) =     17.40674  eV     1   --> A              
     e( 66 - 66) =     17.56019  eV     1   --> B              
     e( 67 - 67) =     17.57169  eV     1   --> A              
     e( 68 - 68) =     18.37156  eV     1   --> A              
     e( 69 - 69) =     18.91509  eV     1   --> B              
     e( 70 - 70) =     19.88790  eV     1   --> A              
     e( 71 - 71) =     21.64280  eV     1   --> B              
     e( 72 - 72) =     21.76733  eV     1   --> A              
     e( 73 - 73) =     22.38036  eV     1   --> A              
     e( 74 - 74) =     22.49022  eV     1   --> B              
     e( 75 - 75) =     22.92092  eV     1   --> A              
     e( 76 - 76) =     23.06984  eV     1   --> B              
     e( 77 - 77) =     23.52607  eV     1   --> A              
     e( 78 - 78) =     23.56130  eV     1   --> B              
     e( 79 - 79) =     24.13372  eV     1   --> A              
     e( 80 - 80) =     24.63864  eV     1   --> A              

 **************************************************************************

 **************************************************************************

                    xk=(   0.00000,   0.34842,   0.00000  )

     Band symmetry, C_2  (2)    point group:

     e(  1 -  1) =    -91.70478  eV     1   --> A              
     e(  2 -  2) =    -68.88643  eV     1   --> A              
     e(  3 -  3) =    -64.32039  eV     1   --> A              
     e(  4 -  4) =    -64.30810  eV     1   --> A              
     e(  5 -  5) =    -52.14543  eV     1   --> B              
     e(  6 -  6) =    -52.14054  eV     1   --> B              
     e(  7 -  7) =    -52.12800  eV     1   --> A              
     e(  8 -  8) =    -37.94164  eV     1   --> B              
     e(  9 -  9) =    -37.93318  eV     1   --> A              
     e( 10 - 10) =    -37.91708  eV     1   --> B              
     e( 11 - 11) =    -28.75822  eV     1   --> B              
     e( 12 - 12) =    -28.70093  eV     1   --> A              
     e( 13 - 13) =    -28.67290  eV     1   --> B              
     e( 14 - 14) =    -28.61195  eV     1   --> B              
     e( 15 - 15) =    -28.60050  eV     1   --> A              
     e( 16 - 16) =    -28.53529  eV     1   --> B              
     e( 17 - 17) =     -8.29381  eV     1   --> A              
     e( 18 - 18) =     -7.64182  eV     1   --> A              
     e( 19 - 19) =     -7.09708  eV     1   --> A              
     e( 20 - 20) =     -7.03737  eV     1   --> B              
     e( 21 - 21) =     -6.89955  eV     1   --> B              
     e( 22 - 22) =     -6.67460  eV     1   --> A              
     e( 23 - 23) =     -6.49223  eV     1   --> B              
     e( 24 - 24) =     -6.13651  eV     1   --> B              
     e( 25 - 25) =      3.77750  eV     1   --> A              
     e( 26 - 26) =      3.97960  eV     1   --> A              
     e( 27 - 27) =      4.02321  eV     1   --> B              
     e( 28 - 28) =      4.26158  eV     1   --> A              
     e( 29 - 29) =      4.36253  eV     1   --> B              
     e( 30 - 30) =      4.54879  eV     1   --> A              
     e( 31 - 31) =      4.79473  eV     1   --> A              
     e( 32 - 32) =      4.90512  eV     1   --> B              
     e( 33 - 33) =      5.16464  eV     1   --> A              
     e( 34 - 34) =      5.40739  eV     1   --> A              
     e( 35 - 35) =      5.60523  eV     1   --> B              
     e( 36 - 36) =      5.76696  eV     1   --> A              
     e( 37 - 37) =      6.18998  eV     1   --> B              
     e( 38 - 38) =      6.21701  eV     1   --> A              
     e( 39 - 39) =      6.51409  eV     1   --> A              
     e( 40 - 40) =      6.77987  eV     1   --> B              
     e( 41 - 41) =      6.93615  eV     1   --> A              
     e( 42 - 42) =      7.22449  eV     1   --> B              
     e( 43 - 43) =      7.25158  eV     1   --> A              
     e( 44 - 44) =      7.73528  eV     1   --> A              
     e( 45 - 45) =      7.82950  eV     1   --> B              
     e( 46 - 46) =      7.94088  eV     1   --> A              
     e( 47 - 47) =      8.00892  eV     1   --> B              
     e( 48 - 48) =      8.20643  eV     1   --> A              
     e( 49 - 49) =      8.36795  eV     1   --> B              
     e( 50 - 50) =      8.45992  eV     1   --> B              
     e( 51 - 51) =      8.94138  eV     1   --> B              
     e( 52 - 52) =      9.20961  eV     1   --> A              
     e( 53 - 53) =      9.24001  eV     1   --> B              
     e( 54 - 54) =      9.32029  eV     1   --> B              
     e( 55 - 55) =     10.18397  eV     1   --> A              
     e( 56 - 56) =     10.55854  eV     1   --> B              
     e( 57 - 57) =     12.95015  eV     1   --> A              
     e( 58 - 58) =     13.58705  eV     1   --> A              
     e( 59 - 59) =     13.64526  eV     1   --> B              
     e( 60 - 60) =     14.05676  eV     1   --> A              
     e( 61 - 61) =     14.24478  eV     1   --> A              
     e( 62 - 62) =     14.46253  eV     1   --> B              
     e( 63 - 63) =     15.30449  eV     1   --> B              
     e( 64 - 64) =     15.43522  eV     1   --> A              
     e( 65 - 65) =     17.49455  eV     1   --> A              
     e( 66 - 66) =     17.53048  eV     1   --> B              
     e( 67 - 67) =     17.60491  eV     1   --> A              
     e( 68 - 68) =     18.28809  eV     1   --> A              
     e( 69 - 69) =     18.90794  eV     1   --> B              
     e( 70 - 70) =     19.85584  eV     1   --> A              
     e( 71 - 71) =     21.73237  eV     1   --> B              
     e( 72 - 72) =     21.76099  eV     1   --> A              
     e( 73 - 73) =     22.36570  eV     1   --> A              
     e( 74 - 74) =     22.53513  eV     1   --> B              
     e( 75 - 75) =     22.93239  eV     1   --> A              
     e( 76 - 76) =     22.98986  eV     1   --> B              
     e( 77 - 77) =     23.50519  eV     1   --> B              
     e( 78 - 78) =     23.59091  eV     1   --> A              
     e( 79 - 79) =     24.14975  eV     1   --> A              
     e( 80 - 80) =     24.56613  eV     1   --> A              

 **************************************************************************

 **************************************************************************

                    xk=(   0.00000,   0.36891,   0.00000  )

     Band symmetry, C_2  (2)    point group:

     e(  1 -  1) =    -91.70478  eV     1   --> A              
     e(  2 -  2) =    -68.88643  eV     1   --> A              
     e(  3 -  3) =    -64.32039  eV     1   --> A              
     e(  4 -  4) =    -64.30809  eV     1   --> A              
     e(  5 -  5) =    -52.14543  eV     1   --> B              
     e(  6 -  6) =    -52.14054  eV     1   --> B              
     e(  7 -  7) =    -52.12800  eV     1   --> A              
     e(  8 -  8) =    -37.94164  eV     1   --> B              
     e(  9 -  9) =    -37.93318  eV     1   --> A              
     e( 10 - 10) =    -37.91708  eV     1   --> B              
     e( 11 - 11) =    -28.75818  eV     1   --> B              
     e( 12 - 12) =    -28.70083  eV     1   --> A              
     e( 13 - 13) =    -28.67290  eV     1   --> B              
     e( 14 - 14) =    -28.61198  eV     1   --> B              
     e( 15 - 15) =    -28.60063  eV     1   --> A              
     e( 16 - 16) =    -28.53533  eV     1   --> B              
     e( 17 - 17) =     -8.27847  eV     1   --> A              
     e( 18 - 18) =     -7.66120  eV     1   --> A              
     e( 19 - 19) =     -7.09494  eV     1   --> A              
     e( 20 - 20) =     -7.03836  eV     1   --> B              
     e( 21 - 21) =     -6.90077  eV     1   --> B              
     e( 22 - 22) =     -6.67500  eV     1   --> A              
     e( 23 - 23) =     -6.49230  eV     1   --> B              
     e( 24 - 24) =     -6.13374  eV     1   --> B              
     e( 25 - 25) =      3.80392  eV     1   --> A              
     e( 26 - 26) =      4.00468  eV     1   --> A              
     e( 27 - 27) =      4.02352  eV     1   --> B              
     e( 28 - 28) =      4.26942  eV     1   --> A              
     e( 29 - 29) =      4.36832  eV     1   --> B              
     e( 30 - 30) =      4.51841  eV     1   --> A              
     e( 31 - 31) =      4.77507  eV     1   --> A              
     e( 32 - 32) =      4.89164  eV     1   --> B              
     e( 33 - 33) =      5.19385  eV     1   --> A              
     e( 34 - 34) =      5.36572  eV     1   --> A              
     e( 35 - 35) =      5.60756  eV     1   --> B              
     e( 36 - 36) =      5.78606  eV     1   --> A              
     e( 37 - 37) =      6.18274  eV     1   --> B              
     e( 38 - 38) =      6.21148  eV     1   --> A              
     e( 39 - 39) =      6.53711  eV     1   --> A              
     e( 40 - 40) =      6.77914  eV     1   --> B              
     e( 41 - 41) =      6.91236  eV     1   --> A              
     e( 42 - 42) =      7.22915  eV     1   --> B              
     e( 43 - 43) =      7.24273  eV     1   --> A              
     e( 44 - 44) =      7.70311  eV     1   --> A              
     e( 45 - 45) =      7.84871  eV     1   --> B              
     e( 46 - 46) =      7.93659  eV     1   --> A              
     e( 47 - 47) =      8.02268  eV     1   --> B              
     e( 48 - 48) =      8.21532  eV     1   --> A              
     e( 49 - 49) =      8.36698  eV     1   --> B              
     e( 50 - 50) =      8.44504  eV     1   --> B              
     e( 51 - 51) =      8.93529  eV     1   --> B              
     e( 52 - 52) =      9.21780  eV     1   --> A              
     e( 53 - 53) =      9.23543  eV     1   --> B              
     e( 54 - 54) =      9.31633  eV     1   --> B              
     e( 55 - 55) =     10.19708  eV     1   --> A              
     e( 56 - 56) =     10.56578  eV     1   --> B              
     e( 57 - 57) =     12.94191  eV     1   --> A              
     e( 58 - 58) =     13.60628  eV     1   --> A              
     e( 59 - 59) =     13.64493  eV     1   --> B              
     e( 60 - 60) =     14.04460  eV     1   --> A              
     e( 61 - 61) =     14.24143  eV     1   --> A              
     e( 62 - 62) =     14.47354  eV     1   --> B              
     e( 63 - 63) =     15.29704  eV     1   --> B              
     e( 64 - 64) =     15.43973  eV     1   --> A              
     e( 65 - 65) =     17.50886  eV     1   --> B              
     e( 66 - 66) =     17.53186  eV     1   --> A              
     e( 67 - 67) =     17.68017  eV     1   --> A              
     e( 68 - 68) =     18.20240  eV     1   --> A              
     e( 69 - 69) =     18.90252  eV     1   --> B              
     e( 70 - 70) =     19.83323  eV     1   --> A              
     e( 71 - 71) =     21.75613  eV     1   --> A              
     e( 72 - 72) =     21.81081  eV     1   --> B              
     e( 73 - 73) =     22.35496  eV     1   --> A              
     e( 74 - 74) =     22.55213  eV     1   --> B              
     e( 75 - 75) =     22.94078  eV     1   --> A              
     e( 76 - 76) =     22.94096  eV     1   --> B              
     e( 77 - 77) =     23.45745  eV     1   --> B              
     e( 78 - 78) =     23.64282  eV     1   --> A              
     e( 79 - 79) =     24.17095  eV     1   --> A              
     e( 80 - 80) =     24.49730  eV     1   --> A              

 **************************************************************************

 **************************************************************************

                    xk=(   0.00000,   0.38941,   0.00000  )

     Band symmetry, C_2  (2)    point group:

     e(  1 -  1) =    -91.70478  eV     1   --> A              
     e(  2 -  2) =    -68.88643  eV     1   --> A              
     e(  3 -  3) =    -64.32039  eV     1   --> A              
     e(  4 -  4) =    -64.30809  eV     1   --> A              
     e(  5 -  5) =    -52.14543  eV     1   --> B              
     e(  6 -  6) =    -52.14054  eV     1   --> B              
     e(  7 -  7) =    -52.12800  eV     1   --> A              
     e(  8 -  8) =    -37.94164  eV     1   --> B              
     e(  9 -  9) =    -37.93318  eV     1   --> A              
     e( 10 - 10) =    -37.91708  eV     1   --> B              
     e( 11 - 11) =    -28.75816  eV     1   --> B              
     e( 12 - 12) =    -28.70076  eV     1   --> A              
     e( 13 - 13) =    -28.67289  eV     1   --> B              
     e( 14 - 14) =    -28.61199  eV     1   --> B              
     e( 15 - 15) =    -28.60070  eV     1   --> A              
     e( 16 - 16) =    -28.53534  eV     1   --> B              
     e( 17 - 17) =     -8.26864  eV     1   --> A              
     e( 18 - 18) =     -7.67350  eV     1   --> A              
     e( 19 - 19) =     -7.09358  eV     1   --> A              
     e( 20 - 20) =     -7.03897  eV     1   --> B              
     e( 21 - 21) =     -6.90151  eV     1   --> B              
     e( 22 - 22) =     -6.67529  eV     1   --> A              
     e( 23 - 23) =     -6.49235  eV     1   --> B              
     e( 24 - 24) =     -6.13206  eV     1   --> B              
     e( 25 - 25) =      3.82128  eV     1   --> A              
     e( 26 - 26) =      4.02111  eV     1   --> A              
     e( 27 - 27) =      4.02373  eV     1   --> B              
     e( 28 - 28) =      4.27381  eV     1   --> A              
     e( 29 - 29) =      4.37193  eV     1   --> B              
     e( 30 - 30) =      4.49822  eV     1   --> A              
     e( 31 - 31) =      4.76196  eV     1   --> A              
     e( 32 - 32) =      4.88338  eV     1   --> B              
     e( 33 - 33) =      5.22824  eV     1   --> A              
     e( 34 - 34) =      5.32316  eV     1   --> A              
     e( 35 - 35) =      5.60887  eV     1   --> B              
     e( 36 - 36) =      5.80005  eV     1   --> A              
     e( 37 - 37) =      6.17844  eV     1   --> B              
     e( 38 - 38) =      6.20775  eV     1   --> A              
     e( 39 - 39) =      6.55382  eV     1   --> A              
     e( 40 - 40) =      6.77870  eV     1   --> B              
     e( 41 - 41) =      6.89358  eV     1   --> A              
     e( 42 - 42) =      7.23190  eV     1   --> B              
     e( 43 - 43) =      7.23900  eV     1   --> A              
     e( 44 - 44) =      7.68266  eV     1   --> A              
     e( 45 - 45) =      7.86077  eV     1   --> B              
     e( 46 - 46) =      7.93405  eV     1   --> A              
     e( 47 - 47) =      8.03178  eV     1   --> B              
     e( 48 - 48) =      8.22093  eV     1   --> A              
     e( 49 - 49) =      8.36587  eV     1   --> B              
     e( 50 - 50) =      8.43544  eV     1   --> B              
     e( 51 - 51) =      8.93147  eV     1   --> B              
     e( 52 - 52) =      9.22271  eV     1   --> A              
     e( 53 - 53) =      9.23263  eV     1   --> B              
     e( 54 - 54) =      9.31404  eV     1   --> B              
     e( 55 - 55) =     10.20508  eV     1   --> A              
     e( 56 - 56) =     10.57021  eV     1   --> B              
     e( 57 - 57) =     12.93683  eV     1   --> A              
     e( 58 - 58) =     13.61908  eV     1   --> A              
     e( 59 - 59) =     13.64471  eV     1   --> B              
     e( 60 - 60) =     14.03553  eV     1   --> A              
     e( 61 - 61) =     14.24003  eV     1   --> A              
     e( 62 - 62) =     14.48041  eV     1   --> B              
     e( 63 - 63) =     15.29238  eV     1   --> B              
     e( 64 - 64) =     15.44249  eV     1   --> A              
     e( 65 - 65) =     17.49574  eV     1   --> B              
     e( 66 - 66) =     17.54259  eV     1   --> A              
     e( 67 - 67) =     17.76259  eV     1   --> A              
     e( 68 - 68) =     18.12536  eV     1   --> A              
     e( 69 - 69) =     18.89913  eV     1   --> B              
     e( 70 - 70) =     19.81981  eV     1   --> A              
     e( 71 - 71) =     21.75307  eV     1   --> A              
     e( 72 - 72) =     21.86711  eV     1   --> B              
     e( 73 - 73) =     22.34841  eV     1   --> A              
     e( 74 - 74) =     22.54678  eV     1   --> B              
     e( 75 - 75) =     22.92246  eV     1   --> B              
     e( 76 - 76) =     22.94589  eV     1   --> A              
     e( 77 - 77) =     23.42427  eV     1   --> B              
     e( 78 - 78) =     23.67667  eV     1   --> A              
     e( 79 - 79) =     24.19349  eV     1   --> A              
     e( 80 - 80) =     24.44284  eV     1   --> A              

 **************************************************************************

 **************************************************************************

                    xk=(   0.00000,   0.40990,   0.00000  )

     Band symmetry, C_2  (2)    point group:

     e(  1 -  1) =    -91.70478  eV     1   --> A              
     e(  2 -  2) =    -68.88643  eV     1   --> A              
     e(  3 -  3) =    -64.32039  eV     1   --> A              
     e(  4 -  4) =    -64.30809  eV     1   --> A              
     e(  5 -  5) =    -52.14543  eV     1   --> B              
     e(  6 -  6) =    -52.14054  eV     1   --> B              
     e(  7 -  7) =    -52.12800  eV     1   --> A              
     e(  8 -  8) =    -37.94164  eV     1   --> B              
     e(  9 -  9) =    -37.93318  eV     1   --> A              
     e( 10 - 10) =    -37.91708  eV     1   --> B              
     e( 11 - 11) =    -28.75815  eV     1   --> B              
     e( 12 - 12) =    -28.70074  eV     1   --> A              
     e( 13 - 13) =    -28.67289  eV     1   --> B              
     e( 14 - 14) =    -28.61199  eV     1   --> B              
     e( 15 - 15) =    -28.60073  eV     1   --> A              
     e( 16 - 16) =    -28.53535  eV     1   --> B              
     e( 17 - 17) =     -8.26524  eV     1   --> A              
     e( 18 - 18) =     -7.67772  eV     1   --> A              
     e( 19 - 19) =     -7.09311  eV     1   --> A              
     e( 20 - 20) =     -7.03917  eV     1   --> B              
     e( 21 - 21) =     -6.90175  eV     1   --> B              
     e( 22 - 22) =     -6.67540  eV     1   --> A              
     e( 23 - 23) =     -6.49236  eV     1   --> B              
     e( 24 - 24) =     -6.13149  eV     1   --> B              
     e( 25 - 25) =      3.82736  eV     1   --> A              
     e( 26 - 26) =      4.02380  eV     1   --> B              
     e( 27 - 27) =      4.02686  eV     1   --> A              
     e( 28 - 28) =      4.27519  eV     1   --> A              
     e( 29 - 29) =      4.37317  eV     1   --> B              
     e( 30 - 30) =      4.49112  eV     1   --> A              
     e( 31 - 31) =      4.75734  eV     1   --> A              
     e( 32 - 32) =      4.88060  eV     1   --> B              
     e( 33 - 33) =      5.25366  eV     1   --> A              
     e( 34 - 34) =      5.29492  eV     1   --> A              
     e( 35 - 35) =      5.60930  eV     1   --> B              
     e( 36 - 36) =      5.80514  eV     1   --> A              
     e( 37 - 37) =      6.17701  eV     1   --> B              
     e( 38 - 38) =      6.20644  eV     1   --> A              
     e( 39 - 39) =      6.56005  eV     1   --> A              
     e( 40 - 40) =      6.77855  eV     1   --> B              
     e( 41 - 41) =      6.88637  eV     1   --> A              
     e( 42 - 42) =      7.23281  eV     1   --> B              
     e( 43 - 43) =      7.23804  eV     1   --> A              
     e( 44 - 44) =      7.67565  eV     1   --> A              
     e( 45 - 45) =      7.86488  eV     1   --> B              
     e( 46 - 46) =      7.93320  eV     1   --> A              
     e( 47 - 47) =      8.03497  eV     1   --> B              
     e( 48 - 48) =      8.22284  eV     1   --> A              
     e( 49 - 49) =      8.36538  eV     1   --> B              
     e( 50 - 50) =      8.43213  eV     1   --> B              
     e( 51 - 51) =      8.93017  eV     1   --> B              
     e( 52 - 52) =      9.22435  eV     1   --> A              
     e( 53 - 53) =      9.23169  eV     1   --> B              
     e( 54 - 54) =      9.31330  eV     1   --> B              
     e( 55 - 55) =     10.20778  eV     1   --> A              
     e( 56 - 56) =     10.57170  eV     1   --> B              
     e( 57 - 57) =     12.93511  eV     1   --> A              
     e( 58 - 58) =     13.62359  eV     1   --> A              
     e( 59 - 59) =     13.64463  eV     1   --> B              
     e( 60 - 60) =     14.03218  eV     1   --> A              
     e( 61 - 61) =     14.23966  eV     1   --> A              
     e( 62 - 62) =     14.48274  eV     1   --> B              
     e( 63 - 63) =     15.29080  eV     1   --> B              
     e( 64 - 64) =     15.44342  eV     1   --> A              
     e( 65 - 65) =     17.49133  eV     1   --> B              
     e( 66 - 66) =     17.54515  eV     1   --> A              
     e( 67 - 67) =     17.80203  eV     1   --> A              
     e( 68 - 68) =     18.08873  eV     1   --> A              
     e( 69 - 69) =     18.89798  eV     1   --> B              
     e( 70 - 70) =     19.81536  eV     1   --> A              
     e( 71 - 71) =     21.75203  eV     1   --> A              
     e( 72 - 72) =     21.88811  eV     1   --> B              
     e( 73 - 73) =     22.34622  eV     1   --> A              
     e( 74 - 74) =     22.54077  eV     1   --> B              
     e( 75 - 75) =     22.91930  eV     1   --> B              
     e( 76 - 76) =     22.94761  eV     1   --> A              
     e( 77 - 77) =     23.41220  eV     1   --> B              
     e( 78 - 78) =     23.68846  eV     1   --> A              
     e( 79 - 79) =     24.20465  eV     1   --> A              
     e( 80 - 80) =     24.42044  eV     1   --> A              

 **************************************************************************

 **************************************************************************

                    xk=(   0.02500,   0.40990,   0.00020  )

     point group C_1 (1)    
     there are  1 classes
     the character table:

       E    
A      1.00

     the symmetry operations in each class and the name of the first element:

     E        1
                                                                 

     Band symmetry, C_1 (1)     point group:

     e(  1 -  1) =    -91.70478  eV     1   --> A              
     e(  2 -  2) =    -68.88643  eV     1   --> A              
     e(  3 -  3) =    -64.32039  eV     1   --> A              
     e(  4 -  4) =    -64.30809  eV     1   --> A              
     e(  5 -  5) =    -52.14543  eV     1   --> A              
     e(  6 -  6) =    -52.14054  eV     1   --> A              
     e(  7 -  7) =    -52.12800  eV     1   --> A              
     e(  8 -  8) =    -37.94164  eV     1   --> A              
     e(  9 -  9) =    -37.93318  eV     1   --> A              
     e( 10 - 10) =    -37.91708  eV     1   --> A              
     e( 11 - 11) =    -28.75815  eV     1   --> A              
     e( 12 - 12) =    -28.70074  eV     1   --> A              
     e( 13 - 13) =    -28.67290  eV     1   --> A              
     e( 14 - 14) =    -28.61201  eV     1   --> A              
     e( 15 - 15) =    -28.60072  eV     1   --> A              
     e( 16 - 16) =    -28.53535  eV     1   --> A              
     e( 17 - 17) =     -8.26414  eV     1   --> A              
     e( 18 - 18) =     -7.67713  eV     1   --> A              
     e( 19 - 19) =     -7.09490  eV     1   --> A              
     e( 20 - 20) =     -7.03798  eV     1   --> A              
     e( 21 - 21) =     -6.90250  eV     1   --> A              
     e( 22 - 22) =     -6.67521  eV     1   --> A              
     e( 23 - 23) =     -6.49162  eV     1   --> A              
     e( 24 - 24) =     -6.13306  eV     1   --> A              
     e( 25 - 25) =      3.82639  eV     1   --> A              
     e( 26 - 26) =      4.02296  eV     1   --> A              
     e( 27 - 27) =      4.02868  eV     1   --> A              
     e( 28 - 28) =      4.27901  eV     1   --> A              
     e( 29 - 29) =      4.35085  eV     1   --> A              
     e( 30 - 30) =      4.50865  eV     1   --> A              
     e( 31 - 31) =      4.75077  eV     1   --> A              
     e( 32 - 32) =      4.88561  eV     1   --> A              
     e( 33 - 33) =      5.26023  eV     1   --> A              
     e( 34 - 34) =      5.29810  eV     1   --> A              
     e( 35 - 35) =      5.60721  eV     1   --> A              
     e( 36 - 36) =      5.80032  eV     1   --> A              
     e( 37 - 37) =      6.14723  eV     1   --> A              
     e( 38 - 38) =      6.23980  eV     1   --> A              
     e( 39 - 39) =      6.56460  eV     1   --> A              
     e( 40 - 40) =      6.77914  eV     1   --> A              
     e( 41 - 41) =      6.88998  eV     1   --> A              
     e( 42 - 42) =      7.19305  eV     1   --> A              
     e( 43 - 43) =      7.27842  eV     1   --> A              
     e( 44 - 44) =      7.66891  eV     1   --> A              
     e( 45 - 45) =      7.86226  eV     1   --> A              
     e( 46 - 46) =      7.92861  eV     1   --> A              
     e( 47 - 47) =      8.02907  eV     1   --> A              
     e( 48 - 48) =      8.22756  eV     1   --> A              
     e( 49 - 49) =      8.36775  eV     1   --> A              
     e( 50 - 50) =      8.43556  eV     1   --> A              
     e( 51 - 51) =      8.92759  eV     1   --> A              
     e( 52 - 52) =      9.21066  eV     1   --> A              
     e( 53 - 53) =      9.24689  eV     1   --> A              
     e( 54 - 54) =      9.31153  eV     1   --> A              
     e( 55 - 55) =     10.20896  eV     1   --> A              
     e( 56 - 56) =     10.56794  eV     1   --> A              
     e( 57 - 57) =     12.93707  eV     1   --> A              
     e( 58 - 58) =     13.62329  eV     1   --> A              
     e( 59 - 59) =     13.64351  eV     1   --> A              
     e( 60 - 60) =     14.03618  eV     1   --> A              
     e( 61 - 61) =     14.23944  eV     1   --> A              
     e( 62 - 62) =     14.48053  eV     1   --> A              
     e( 63 - 63) =     15.28025  eV     1   --> A              
     e( 64 - 64) =     15.45126  eV     1   --> A              
     e( 65 - 65) =     17.49579  eV     1   --> A              
     e( 66 - 66) =     17.54843  eV     1   --> A              
     e( 67 - 67) =     17.80737  eV     1   --> A              
     e( 68 - 68) =     18.07609  eV     1   --> A              
     e( 69 - 69) =     18.91014  eV     1   --> A              
     e( 70 - 70) =     19.81581  eV     1   --> A              
     e( 71 - 71) =     21.72406  eV     1   --> A              
     e( 72 - 72) =     21.89820  eV     1   --> A              
     e( 73 - 73) =     22.35022  eV     1   --> A              
     e( 74 - 74) =     22.54035  eV     1   --> A              
     e( 75 - 75) =     22.87553  eV     1   --> A              
     e( 76 - 76) =     22.98170  eV     1   --> A              
     e( 77 - 77) =     23.42914  eV     1   --> A              
     e( 78 - 78) =     23.69186  eV     1   --> A              
     e( 79 - 79) =     24.20621  eV     1   --> A              
     e( 80 - 80) =     24.42297  eV     1   --> A              

 **************************************************************************

 **************************************************************************

                    xk=(   0.05000,   0.40990,   0.00040  )

     Band symmetry, C_1 (1)     point group:

     e(  1 -  1) =    -91.70478  eV     1   --> A              
     e(  2 -  2) =    -68.88643  eV     1   --> A              
     e(  3 -  3) =    -64.32039  eV     1   --> A              
     e(  4 -  4) =    -64.30809  eV     1   --> A              
     e(  5 -  5) =    -52.14543  eV     1   --> A              
     e(  6 -  6) =    -52.14054  eV     1   --> A              
     e(  7 -  7) =    -52.12800  eV     1   --> A              
     e(  8 -  8) =    -37.94164  eV     1   --> A              
     e(  9 -  9) =    -37.93317  eV     1   --> A              
     e( 10 - 10) =    -37.91709  eV     1   --> A              
     e( 11 - 11) =    -28.75815  eV     1   --> A              
     e( 12 - 12) =    -28.70073  eV     1   --> A              
     e( 13 - 13) =    -28.67294  eV     1   --> A              
     e( 14 - 14) =    -28.61204  eV     1   --> A              
     e( 15 - 15) =    -28.60072  eV     1   --> A              
     e( 16 - 16) =    -28.53536  eV     1   --> A              
     e( 17 - 17) =     -8.26085  eV     1   --> A              
     e( 18 - 18) =     -7.67538  eV     1   --> A              
     e( 19 - 19) =     -7.09988  eV     1   --> A              
     e( 20 - 20) =     -7.03477  eV     1   --> A              
     e( 21 - 21) =     -6.90476  eV     1   --> A              
     e( 22 - 22) =     -6.67461  eV     1   --> A              
     e( 23 - 23) =     -6.48947  eV     1   --> A              
     e( 24 - 24) =     -6.13774  eV     1   --> A              
     e( 25 - 25) =      3.82362  eV     1   --> A              
     e( 26 - 26) =      4.01796  eV     1   --> A              
     e( 27 - 27) =      4.03553  eV     1   --> A              
     e( 28 - 28) =      4.29017  eV     1   --> A              
     e( 29 - 29) =      4.30622  eV     1   --> A              
     e( 30 - 30) =      4.53828  eV     1   --> A              
     e( 31 - 31) =      4.73673  eV     1   --> A              
     e( 32 - 32) =      4.89873  eV     1   --> A              
     e( 33 - 33) =      5.26877  eV     1   --> A              
     e( 34 - 34) =      5.31676  eV     1   --> A              
     e( 35 - 35) =      5.60167  eV     1   --> A              
     e( 36 - 36) =      5.78519  eV     1   --> A              
     e( 37 - 37) =      6.11495  eV     1   --> A              
     e( 38 - 38) =      6.28225  eV     1   --> A              
     e( 39 - 39) =      6.57812  eV     1   --> A              
     e( 40 - 40) =      6.78066  eV     1   --> A              
     e( 41 - 41) =      6.89993  eV     1   --> A              
     e( 42 - 42) =      7.15608  eV     1   --> A              
     e( 43 - 43) =      7.31844  eV     1   --> A              
     e( 44 - 44) =      7.65046  eV     1   --> A              
     e( 45 - 45) =      7.85147  eV     1   --> A              
     e( 46 - 46) =      7.91721  eV     1   --> A              
     e( 47 - 47) =      8.01463  eV     1   --> A              
     e( 48 - 48) =      8.23821  eV     1   --> A              
     e( 49 - 49) =      8.37336  eV     1   --> A              
     e( 50 - 50) =      8.44675  eV     1   --> A              
     e( 51 - 51) =      8.91990  eV     1   --> A              
     e( 52 - 52) =      9.19646  eV     1   --> A              
     e( 53 - 53) =      9.26551  eV     1   --> A              
     e( 54 - 54) =      9.30688  eV     1   --> A              
     e( 55 - 55) =     10.21239  eV     1   --> A              
     e( 56 - 56) =     10.55678  eV     1   --> A              
     e( 57 - 57) =     12.94286  eV     1   --> A              
     e( 58 - 58) =     13.62239  eV     1   --> A              
     e( 59 - 59) =     13.64018  eV     1   --> A              
     e( 60 - 60) =     14.04774  eV     1   --> A              
     e( 61 - 61) =     14.23904  eV     1   --> A              
     e( 62 - 62) =     14.47392  eV     1   --> A              
     e( 63 - 63) =     15.25400  eV     1   --> A              
     e( 64 - 64) =     15.46955  eV     1   --> A              
     e( 65 - 65) =     17.50893  eV     1   --> A              
     e( 66 - 66) =     17.55820  eV     1   --> A              
     e( 67 - 67) =     17.82248  eV     1   --> A              
     e( 68 - 68) =     18.04159  eV     1   --> A              
     e( 69 - 69) =     18.94418  eV     1   --> A              
     e( 70 - 70) =     19.81718  eV     1   --> A              
     e( 71 - 71) =     21.66053  eV     1   --> A              
     e( 72 - 72) =     21.90849  eV     1   --> A              
     e( 73 - 73) =     22.36195  eV     1   --> A              
     e( 74 - 74) =     22.53887  eV     1   --> A              
     e( 75 - 75) =     22.81889  eV     1   --> A              
     e( 76 - 76) =     23.01133  eV     1   --> A              
     e( 77 - 77) =     23.47776  eV     1   --> A              
     e( 78 - 78) =     23.70212  eV     1   --> A              
     e( 79 - 79) =     24.21054  eV     1   --> A              
     e( 80 - 80) =     24.43095  eV     1   --> A              

 **************************************************************************

 **************************************************************************

                    xk=(   0.07500,   0.40990,   0.00059  )

     Band symmetry, C_1 (1)     point group:

     e(  1 -  1) =    -91.70478  eV     1   --> A              
     e(  2 -  2) =    -68.88643  eV     1   --> A              
     e(  3 -  3) =    -64.32039  eV     1   --> A              
     e(  4 -  4) =    -64.30810  eV     1   --> A              
     e(  5 -  5) =    -52.14543  eV     1   --> A              
     e(  6 -  6) =    -52.14054  eV     1   --> A              
     e(  7 -  7) =    -52.12800  eV     1   --> A              
     e(  8 -  8) =    -37.94164  eV     1   --> A              
     e(  9 -  9) =    -37.93317  eV     1   --> A              
     e( 10 - 10) =    -37.91709  eV     1   --> A              
     e( 11 - 11) =    -28.75815  eV     1   --> A              
     e( 12 - 12) =    -28.70072  eV     1   --> A              
     e( 13 - 13) =    -28.67301  eV     1   --> A              
     e( 14 - 14) =    -28.61209  eV     1   --> A              
     e( 15 - 15) =    -28.60070  eV     1   --> A              
     e( 16 - 16) =    -28.53537  eV     1   --> A              
     e( 17 - 17) =     -8.25543  eV     1   --> A              
     e( 18 - 18) =     -7.67247  eV     1   --> A              
     e( 19 - 19) =     -7.10730  eV     1   --> A              
     e( 20 - 20) =     -7.03023  eV     1   --> A              
     e( 21 - 21) =     -6.90850  eV     1   --> A              
     e( 22 - 22) =     -6.67344  eV     1   --> A              
     e( 23 - 23) =     -6.48615  eV     1   --> A              
     e( 24 - 24) =     -6.14540  eV     1   --> A              
     e( 25 - 25) =      3.81939  eV     1   --> A              
     e( 26 - 26) =      4.00615  eV     1   --> A              
     e( 27 - 27) =      4.04659  eV     1   --> A              
     e( 28 - 28) =      4.25983  eV     1   --> A              
     e( 29 - 29) =      4.30855  eV     1   --> A              
     e( 30 - 30) =      4.55689  eV     1   --> A              
     e( 31 - 31) =      4.72775  eV     1   --> A              
     e( 32 - 32) =      4.91748  eV     1   --> A              
     e( 33 - 33) =      5.26765  eV     1   --> A              
     e( 34 - 34) =      5.35774  eV     1   --> A              
     e( 35 - 35) =      5.59443  eV     1   --> A              
     e( 36 - 36) =      5.75950  eV     1   --> A              
     e( 37 - 37) =      6.09301  eV     1   --> A              
     e( 38 - 38) =      6.31861  eV     1   --> A              
     e( 39 - 39) =      6.59888  eV     1   --> A              
     e( 40 - 40) =      6.78315  eV     1   --> A              
     e( 41 - 41) =      6.91365  eV     1   --> A              
     e( 42 - 42) =      7.13101  eV     1   --> A              
     e( 43 - 43) =      7.35206  eV     1   --> A              
     e( 44 - 44) =      7.62507  eV     1   --> A              
     e( 45 - 45) =      7.82724  eV     1   --> A              
     e( 46 - 46) =      7.90445  eV     1   --> A              
     e( 47 - 47) =      7.99596  eV     1   --> A              
     e( 48 - 48) =      8.24940  eV     1   --> A              
     e( 49 - 49) =      8.37878  eV     1   --> A              
     e( 50 - 50) =      8.46672  eV     1   --> A              
     e( 51 - 51) =      8.90736  eV     1   --> A              
     e( 52 - 52) =      9.18553  eV     1   --> A              
     e( 53 - 53) =      9.28168  eV     1   --> A              
     e( 54 - 54) =      9.30275  eV     1   --> A              
     e( 55 - 55) =     10.21768  eV     1   --> A              
     e( 56 - 56) =     10.53861  eV     1   --> A              
     e( 57 - 57) =     12.95223  eV     1   --> A              
     e( 58 - 58) =     13.62085  eV     1   --> A              
     e( 59 - 59) =     13.63484  eV     1   --> A              
     e( 60 - 60) =     14.06540  eV     1   --> A              
     e( 61 - 61) =     14.23929  eV     1   --> A              
     e( 62 - 62) =     14.46292  eV     1   --> A              
     e( 63 - 63) =     15.22023  eV     1   --> A              
     e( 64 - 64) =     15.49060  eV     1   --> A              
     e( 65 - 65) =     17.53006  eV     1   --> A              
     e( 66 - 66) =     17.57435  eV     1   --> A              
     e( 67 - 67) =     17.84221  eV     1   --> A              
     e( 68 - 68) =     17.99612  eV     1   --> A              
     e( 69 - 69) =     18.99455  eV     1   --> A              
     e( 70 - 70) =     19.81953  eV     1   --> A              
     e( 71 - 71) =     21.58135  eV     1   --> A              
     e( 72 - 72) =     21.90129  eV     1   --> A              
     e( 73 - 73) =     22.37956  eV     1   --> A              
     e( 74 - 74) =     22.53554  eV     1   --> A              
     e( 75 - 75) =     22.76690  eV     1   --> A              
     e( 76 - 76) =     23.02537  eV     1   --> A              
     e( 77 - 77) =     23.55117  eV     1   --> A              
     e( 78 - 78) =     23.71956  eV     1   --> A              
     e( 79 - 79) =     24.21648  eV     1   --> A              
     e( 80 - 80) =     24.44549  eV     1   --> A              

 **************************************************************************

 **************************************************************************

                    xk=(   0.10000,   0.40990,   0.00079  )

     Band symmetry, C_1 (1)     point group:

     e(  1 -  1) =    -91.70478  eV     1   --> A              
     e(  2 -  2) =    -68.88643  eV     1   --> A              
     e(  3 -  3) =    -64.32039  eV     1   --> A              
     e(  4 -  4) =    -64.30811  eV     1   --> A              
     e(  5 -  5) =    -52.14543  eV     1   --> A              
     e(  6 -  6) =    -52.14054  eV     1   --> A              
     e(  7 -  7) =    -52.12800  eV     1   --> A              
     e(  8 -  8) =    -37.94164  eV     1   --> A              
     e(  9 -  9) =    -37.93317  eV     1   --> A              
     e( 10 - 10) =    -37.91709  eV     1   --> A              
     e( 11 - 11) =    -28.75815  eV     1   --> A              
     e( 12 - 12) =    -28.70070  eV     1   --> A              
     e( 13 - 13) =    -28.67309  eV     1   --> A              
     e( 14 - 14) =    -28.61216  eV     1   --> A              
     e( 15 - 15) =    -28.60069  eV     1   --> A              
     e( 16 - 16) =    -28.53539  eV     1   --> A              
     e( 17 - 17) =     -8.24798  eV     1   --> A              
     e( 18 - 18) =     -7.66842  eV     1   --> A              
     e( 19 - 19) =     -7.11651  eV     1   --> A              
     e( 20 - 20) =     -7.02492  eV     1   --> A              
     e( 21 - 21) =     -6.91364  eV     1   --> A              
     e( 22 - 22) =     -6.67158  eV     1   --> A              
     e( 23 - 23) =     -6.48200  eV     1   --> A              
     e( 24 - 24) =     -6.15584  eV     1   --> A              
     e( 25 - 25) =      3.81415  eV     1   --> A              
     e( 26 - 26) =      3.98320  eV     1   --> A              
     e( 27 - 27) =      4.06032  eV     1   --> A              
     e( 28 - 28) =      4.22338  eV     1   --> A              
     e( 29 - 29) =      4.33247  eV     1   --> A              
     e( 30 - 30) =      4.55518  eV     1   --> A              
     e( 31 - 31) =      4.73357  eV     1   --> A              
     e( 32 - 32) =      4.94089  eV     1   --> A              
     e( 33 - 33) =      5.26134  eV     1   --> A              
     e( 34 - 34) =      5.41119  eV     1   --> A              
     e( 35 - 35) =      5.58756  eV     1   --> A              
     e( 36 - 36) =      5.72628  eV     1   --> A              
     e( 37 - 37) =      6.08015  eV     1   --> A              
     e( 38 - 38) =      6.34590  eV     1   --> A              
     e( 39 - 39) =      6.61916  eV     1   --> A              
     e( 40 - 40) =      6.79018  eV     1   --> A              
     e( 41 - 41) =      6.92787  eV     1   --> A              
     e( 42 - 42) =      7.12520  eV     1   --> A              
     e( 43 - 43) =      7.37379  eV     1   --> A              
     e( 44 - 44) =      7.60043  eV     1   --> A              
     e( 45 - 45) =      7.79038  eV     1   --> A              
     e( 46 - 46) =      7.89137  eV     1   --> A              
     e( 47 - 47) =      7.97413  eV     1   --> A              
     e( 48 - 48) =      8.25862  eV     1   --> A              
     e( 49 - 49) =      8.38172  eV     1   --> A              
     e( 50 - 50) =      8.49384  eV     1   --> A              
     e( 51 - 51) =      8.89069  eV     1   --> A              
     e( 52 - 52) =      9.17793  eV     1   --> A              
     e( 53 - 53) =      9.28485  eV     1   --> A              
     e( 54 - 54) =      9.31134  eV     1   --> A              
     e( 55 - 55) =     10.22424  eV     1   --> A              
     e( 56 - 56) =     10.51399  eV     1   --> A              
     e( 57 - 57) =     12.96477  eV     1   --> A              
     e( 58 - 58) =     13.61842  eV     1   --> A              
     e( 59 - 59) =     13.62795  eV     1   --> A              
     e( 60 - 60) =     14.08646  eV     1   --> A              
     e( 61 - 61) =     14.24195  eV     1   --> A              
     e( 62 - 62) =     14.44760  eV     1   --> A              
     e( 63 - 63) =     15.18405  eV     1   --> A              
     e( 64 - 64) =     15.51008  eV     1   --> A              
     e( 65 - 65) =     17.55775  eV     1   --> A              
     e( 66 - 66) =     17.59687  eV     1   --> A              
     e( 67 - 67) =     17.84330  eV     1   --> A              
     e( 68 - 68) =     17.96914  eV     1   --> A              
     e( 69 - 69) =     19.05545  eV     1   --> A              
     e( 70 - 70) =     19.82297  eV     1   --> A              
     e( 71 - 71) =     21.49439  eV     1   --> A              
     e( 72 - 72) =     21.87381  eV     1   --> A              
     e( 73 - 73) =     22.39871  eV     1   --> A              
     e( 74 - 74) =     22.52901  eV     1   --> A              
     e( 75 - 75) =     22.72473  eV     1   --> A              
     e( 76 - 76) =     23.02734  eV     1   --> A              
     e( 77 - 77) =     23.63872  eV     1   --> A              
     e( 78 - 78) =     23.74567  eV     1   --> A              
     e( 79 - 79) =     24.22218  eV     1   --> A              
     e( 80 - 80) =     24.46813  eV     1   --> A              

 **************************************************************************

 **************************************************************************

                    xk=(   0.12500,   0.40990,   0.00099  )

     Band symmetry, C_1 (1)     point group:

     e(  1 -  1) =    -91.70478  eV     1   --> A              
     e(  2 -  2) =    -68.88643  eV     1   --> A              
     e(  3 -  3) =    -64.32039  eV     1   --> A              
     e(  4 -  4) =    -64.30812  eV     1   --> A              
     e(  5 -  5) =    -52.14543  eV     1   --> A              
     e(  6 -  6) =    -52.14054  eV     1   --> A              
     e(  7 -  7) =    -52.12800  eV     1   --> A              
     e(  8 -  8) =    -37.94164  eV     1   --> A              
     e(  9 -  9) =    -37.93317  eV     1   --> A              
     e( 10 - 10) =    -37.91710  eV     1   --> A              
     e( 11 - 11) =    -28.75815  eV     1   --> A              
     e( 12 - 12) =    -28.70067  eV     1   --> A              
     e( 13 - 13) =    -28.67320  eV     1   --> A              
     e( 14 - 14) =    -28.61225  eV     1   --> A              
     e( 15 - 15) =    -28.60067  eV     1   --> A              
     e( 16 - 16) =    -28.53541  eV     1   --> A              
     e( 17 - 17) =     -8.23864  eV     1   --> A              
     e( 18 - 18) =     -7.66328  eV     1   --> A              
     e( 19 - 19) =     -7.12707  eV     1   --> A              
     e( 20 - 20) =     -7.01918  eV     1   --> A              
     e( 21 - 21) =     -6.92007  eV     1   --> A              
     e( 22 - 22) =     -6.66889  eV     1   --> A              
     e( 23 - 23) =     -6.47742  eV     1   --> A              
     e( 24 - 24) =     -6.16880  eV     1   --> A              
     e( 25 - 25) =      3.80821  eV     1   --> A              
     e( 26 - 26) =      3.94593  eV     1   --> A              
     e( 27 - 27) =      4.07439  eV     1   --> A              
     e( 28 - 28) =      4.20404  eV     1   --> A              
     e( 29 - 29) =      4.36045  eV     1   --> A              
     e( 30 - 30) =      4.53867  eV     1   --> A              
     e( 31 - 31) =      4.75130  eV     1   --> A              
     e( 32 - 32) =      4.96846  eV     1   --> A              
     e( 33 - 33) =      5.25294  eV     1   --> A              
     e( 34 - 34) =      5.46823  eV     1   --> A              
     e( 35 - 35) =      5.58257  eV     1   --> A              
     e( 36 - 36) =      5.69299  eV     1   --> A              
     e( 37 - 37) =      6.07195  eV     1   --> A              
     e( 38 - 38) =      6.36431  eV     1   --> A              
     e( 39 - 39) =      6.62337  eV     1   --> A              
     e( 40 - 40) =      6.81150  eV     1   --> A              
     e( 41 - 41) =      6.94238  eV     1   --> A              
     e( 42 - 42) =      7.14150  eV     1   --> A              
     e( 43 - 43) =      7.37511  eV     1   --> A              
     e( 44 - 44) =      7.58760  eV     1   --> A              
     e( 45 - 45) =      7.74631  eV     1   --> A              
     e( 46 - 46) =      7.87384  eV     1   --> A              
     e( 47 - 47) =      7.94963  eV     1   --> A              
     e( 48 - 48) =      8.26511  eV     1   --> A              
     e( 49 - 49) =      8.38208  eV     1   --> A              
     e( 50 - 50) =      8.52425  eV     1   --> A              
     e( 51 - 51) =      8.87118  eV     1   --> A              
     e( 52 - 52) =      9.17221  eV     1   --> A              
     e( 53 - 53) =      9.28178  eV     1   --> A              
     e( 54 - 54) =      9.32887  eV     1   --> A              
     e( 55 - 55) =     10.23140  eV     1   --> A              
     e( 56 - 56) =     10.48367  eV     1   --> A              
     e( 57 - 57) =     12.97995  eV     1   --> A              
     e( 58 - 58) =     13.61368  eV     1   --> A              
     e( 59 - 59) =     13.62123  eV     1   --> A              
     e( 60 - 60) =     14.10658  eV     1   --> A              
     e( 61 - 61) =     14.25014  eV     1   --> A              
     e( 62 - 62) =     14.42817  eV     1   --> A              
     e( 63 - 63) =     15.14845  eV     1   --> A              
     e( 64 - 64) =     15.52597  eV     1   --> A              
     e( 65 - 65) =     17.58889  eV     1   --> A              
     e( 66 - 66) =     17.62622  eV     1   --> A              
     e( 67 - 67) =     17.79691  eV     1   --> A              
     e( 68 - 68) =     17.99530  eV     1   --> A              
     e( 69 - 69) =     19.12225  eV     1   --> A              
     e( 70 - 70) =     19.82767  eV     1   --> A              
     e( 71 - 71) =     21.40342  eV     1   --> A              
     e( 72 - 72) =     21.82904  eV     1   --> A              
     e( 73 - 73) =     22.41376  eV     1   --> A              
     e( 74 - 74) =     22.51778  eV     1   --> A              
     e( 75 - 75) =     22.69530  eV     1   --> A              
     e( 76 - 76) =     23.02197  eV     1   --> A              
     e( 77 - 77) =     23.72347  eV     1   --> A              
     e( 78 - 78) =     23.78858  eV     1   --> A              
     e( 79 - 79) =     24.22520  eV     1   --> A              
     e( 80 - 80) =     24.50039  eV     1   --> A              

 **************************************************************************

 **************************************************************************

                    xk=(   0.15000,   0.40990,   0.00119  )

     Band symmetry, C_1 (1)     point group:

     e(  1 -  1) =    -91.70478  eV     1   --> A              
     e(  2 -  2) =    -68.88643  eV     1   --> A              
     e(  3 -  3) =    -64.32038  eV     1   --> A              
     e(  4 -  4) =    -64.30813  eV     1   --> A              
     e(  5 -  5) =    -52.14543  eV     1   --> A              
     e(  6 -  6) =    -52.14054  eV     1   --> A              
     e(  7 -  7) =    -52.12800  eV     1   --> A              
     e(  8 -  8) =    -37.94164  eV     1   --> A              
     e(  9 -  9) =    -37.93317  eV     1   --> A              
     e( 10 - 10) =    -37.91710  eV     1   --> A              
     e( 11 - 11) =    -28.75815  eV     1   --> A              
     e( 12 - 12) =    -28.70065  eV     1   --> A              
     e( 13 - 13) =    -28.67333  eV     1   --> A              
     e( 14 - 14) =    -28.61235  eV     1   --> A              
     e( 15 - 15) =    -28.60064  eV     1   --> A              
     e( 16 - 16) =    -28.53544  eV     1   --> A              
     e( 17 - 17) =     -8.22758  eV     1   --> A              
     e( 18 - 18) =     -7.65709  eV     1   --> A              
     e( 19 - 19) =     -7.13868  eV     1   --> A              
     e( 20 - 20) =     -7.01322  eV     1   --> A              
     e( 21 - 21) =     -6.92758  eV     1   --> A              
     e( 22 - 22) =     -6.66533  eV     1   --> A              
     e( 23 - 23) =     -6.47286  eV     1   --> A              
     e( 24 - 24) =     -6.18390  eV     1   --> A              
     e( 25 - 25) =      3.80128  eV     1   --> A              
     e( 26 - 26) =      3.89677  eV     1   --> A              
     e( 27 - 27) =      4.08582  eV     1   --> A              
     e( 28 - 28) =      4.20358  eV     1   --> A              
     e( 29 - 29) =      4.38866  eV     1   --> A              
     e( 30 - 30) =      4.52038  eV     1   --> A              
     e( 31 - 31) =      4.77240  eV     1   --> A              
     e( 32 - 32) =      4.99929  eV     1   --> A              
     e( 33 - 33) =      5.24449  eV     1   --> A              
     e( 34 - 34) =      5.51720  eV     1   --> A              
     e( 35 - 35) =      5.57818  eV     1   --> A              
     e( 36 - 36) =      5.67530  eV     1   --> A              
     e( 37 - 37) =      6.06377  eV     1   --> A              
     e( 38 - 38) =      6.37555  eV     1   --> A              
     e( 39 - 39) =      6.60279  eV     1   --> A              
     e( 40 - 40) =      6.84885  eV     1   --> A              
     e( 41 - 41) =      6.96337  eV     1   --> A              
     e( 42 - 42) =      7.17522  eV     1   --> A              
     e( 43 - 43) =      7.35072  eV     1   --> A              
     e( 44 - 44) =      7.59453  eV     1   --> A              
     e( 45 - 45) =      7.69920  eV     1   --> A              
     e( 46 - 46) =      7.84696  eV     1   --> A              
     e( 47 - 47) =      7.92479  eV     1   --> A              
     e( 48 - 48) =      8.26817  eV     1   --> A              
     e( 49 - 49) =      8.38066  eV     1   --> A              
     e( 50 - 50) =      8.55441  eV     1   --> A              
     e( 51 - 51) =      8.85072  eV     1   --> A              
     e( 52 - 52) =      9.16574  eV     1   --> A              
     e( 53 - 53) =      9.28313  eV     1   --> A              
     e( 54 - 54) =      9.34824  eV     1   --> A              
     e( 55 - 55) =     10.23839  eV     1   --> A              
     e( 56 - 56) =     10.44850  eV     1   --> A              
     e( 57 - 57) =     12.99708  eV     1   --> A              
     e( 58 - 58) =     13.60462  eV     1   --> A              
     e( 59 - 59) =     13.61708  eV     1   --> A              
     e( 60 - 60) =     14.12041  eV     1   --> A              
     e( 61 - 61) =     14.26763  eV     1   --> A              
     e( 62 - 62) =     14.40510  eV     1   --> A              
     e( 63 - 63) =     15.11549  eV     1   --> A              
     e( 64 - 64) =     15.53736  eV     1   --> A              
     e( 65 - 65) =     17.61484  eV     1   --> A              
     e( 66 - 66) =     17.66302  eV     1   --> A              
     e( 67 - 67) =     17.73375  eV     1   --> A              
     e( 68 - 68) =     18.05329  eV     1   --> A              
     e( 69 - 69) =     19.19174  eV     1   --> A              
     e( 70 - 70) =     19.83388  eV     1   --> A              
     e( 71 - 71) =     21.31071  eV     1   --> A              
     e( 72 - 72) =     21.77126  eV     1   --> A              
     e( 73 - 73) =     22.41951  eV     1   --> A              
     e( 74 - 74) =     22.50186  eV     1   --> A              
     e( 75 - 75) =     22.67871  eV     1   --> A              
     e( 76 - 76) =     23.01345  eV     1   --> A              
     e( 77 - 77) =     23.78076  eV     1   --> A              
     e( 78 - 78) =     23.86519  eV     1   --> A              
     e( 79 - 79) =     24.22239  eV     1   --> A              
     e( 80 - 80) =     24.54326  eV     1   --> A              

 **************************************************************************

 **************************************************************************

                    xk=(   0.17500,   0.40990,   0.00138  )

     Band symmetry, C_1 (1)     point group:

     e(  1 -  1) =    -91.70478  eV     1   --> A              
     e(  2 -  2) =    -68.88643  eV     1   --> A              
     e(  3 -  3) =    -64.32038  eV     1   --> A              
     e(  4 -  4) =    -64.30814  eV     1   --> A              
     e(  5 -  5) =    -52.14543  eV     1   --> A              
     e(  6 -  6) =    -52.14054  eV     1   --> A              
     e(  7 -  7) =    -52.12800  eV     1   --> A              
     e(  8 -  8) =    -37.94164  eV     1   --> A              
     e(  9 -  9) =    -37.93317  eV     1   --> A              
     e( 10 - 10) =    -37.91711  eV     1   --> A              
     e( 11 - 11) =    -28.75815  eV     1   --> A              
     e( 12 - 12) =    -28.70062  eV     1   --> A              
     e( 13 - 13) =    -28.67348  eV     1   --> A              
     e( 14 - 14) =    -28.61247  eV     1   --> A              
     e( 15 - 15) =    -28.60062  eV     1   --> A              
     e( 16 - 16) =    -28.53547  eV     1   --> A              
     e( 17 - 17) =     -8.21503  eV     1   --> A              
     e( 18 - 18) =     -7.64989  eV     1   --> A              
     e( 19 - 19) =     -7.15112  eV     1   --> A              
     e( 20 - 20) =     -7.00716  eV     1   --> A              
     e( 21 - 21) =     -6.93586  eV     1   --> A              
     e( 22 - 22) =     -6.66093  eV     1   --> A              
     e( 23 - 23) =     -6.46875  eV     1   --> A              
     e( 24 - 24) =     -6.20068  eV     1   --> A              
     e( 25 - 25) =      3.78969  eV     1   --> A              
     e( 26 - 26) =      3.84495  eV     1   --> A              
     e( 27 - 27) =      4.09266  eV     1   --> A              
     e( 28 - 28) =      4.21846  eV     1   --> A              
     e( 29 - 29) =      4.40818  eV     1   --> A              
     e( 30 - 30) =      4.51520  eV     1   --> A              
     e( 31 - 31) =      4.79132  eV     1   --> A              
     e( 32 - 32) =      5.03179  eV     1   --> A              
     e( 33 - 33) =      5.23850  eV     1   --> A              
     e( 34 - 34) =      5.53769  eV     1   --> A              
     e( 35 - 35) =      5.57331  eV     1   --> A              
     e( 36 - 36) =      5.69741  eV     1   --> A              
     e( 37 - 37) =      6.05208  eV     1   --> A              
     e( 38 - 38) =      6.38144  eV     1   --> A              
     e( 39 - 39) =      6.56461  eV     1   --> A              
     e( 40 - 40) =      6.88353  eV     1   --> A              
     e( 41 - 41) =      7.00369  eV     1   --> A              
     e( 42 - 42) =      7.21859  eV     1   --> A              
     e( 43 - 43) =      7.30632  eV     1   --> A              
     e( 44 - 44) =      7.61687  eV     1   --> A              
     e( 45 - 45) =      7.65270  eV     1   --> A              
     e( 46 - 46) =      7.80789  eV     1   --> A              
     e( 47 - 47) =      7.90223  eV     1   --> A              
     e( 48 - 48) =      8.26701  eV     1   --> A              
     e( 49 - 49) =      8.37817  eV     1   --> A              
     e( 50 - 50) =      8.58198  eV     1   --> A              
     e( 51 - 51) =      8.83153  eV     1   --> A              
     e( 52 - 52) =      9.15661  eV     1   --> A              
     e( 53 - 53) =      9.29066  eV     1   --> A              
     e( 54 - 54) =      9.36972  eV     1   --> A              
     e( 55 - 55) =     10.24447  eV     1   --> A              
     e( 56 - 56) =     10.40938  eV     1   --> A              
     e( 57 - 57) =     13.01537  eV     1   --> A              
     e( 58 - 58) =     13.59309  eV     1   --> A              
     e( 59 - 59) =     13.61416  eV     1   --> A              
     e( 60 - 60) =     14.12477  eV     1   --> A              
     e( 61 - 61) =     14.29544  eV     1   --> A              
     e( 62 - 62) =     14.37957  eV     1   --> A              
     e( 63 - 63) =     15.08669  eV     1   --> A              
     e( 64 - 64) =     15.54385  eV     1   --> A              
     e( 65 - 65) =     17.59962  eV     1   --> A              
     e( 66 - 66) =     17.69712  eV     1   --> A              
     e( 67 - 67) =     17.71591  eV     1   --> A              
     e( 68 - 68) =     18.12712  eV     1   --> A              
     e( 69 - 69) =     19.26170  eV     1   --> A              
     e( 70 - 70) =     19.84197  eV     1   --> A              
     e( 71 - 71) =     21.21779  eV     1   --> A              
     e( 72 - 72) =     21.70425  eV     1   --> A              
     e( 73 - 73) =     22.41269  eV     1   --> A              
     e( 74 - 74) =     22.48329  eV     1   --> A              
     e( 75 - 75) =     22.67166  eV     1   --> A              
     e( 76 - 76) =     23.00564  eV     1   --> A              
     e( 77 - 77) =     23.82364  eV     1   --> A              
     e( 78 - 78) =     23.95509  eV     1   --> A              
     e( 79 - 79) =     24.20976  eV     1   --> A              
     e( 80 - 80) =     24.59703  eV     1   --> A              

 **************************************************************************

 **************************************************************************

                    xk=(   0.20000,   0.40990,   0.00158  )

     Band symmetry, C_1 (1)     point group:

     e(  1 -  1) =    -91.70478  eV     1   --> A              
     e(  2 -  2) =    -68.88643  eV     1   --> A              
     e(  3 -  3) =    -64.32038  eV     1   --> A              
     e(  4 -  4) =    -64.30815  eV     1   --> A              
     e(  5 -  5) =    -52.14543  eV     1   --> A              
     e(  6 -  6) =    -52.14054  eV     1   --> A              
     e(  7 -  7) =    -52.12800  eV     1   --> A              
     e(  8 -  8) =    -37.94165  eV     1   --> A              
     e(  9 -  9) =    -37.93317  eV     1   --> A              
     e( 10 - 10) =    -37.91711  eV     1   --> A              
     e( 11 - 11) =    -28.75814  eV     1   --> A              
     e( 12 - 12) =    -28.70058  eV     1   --> A              
     e( 13 - 13) =    -28.67363  eV     1   --> A              
     e( 14 - 14) =    -28.61259  eV     1   --> A              
     e( 15 - 15) =    -28.60059  eV     1   --> A              
     e( 16 - 16) =    -28.53550  eV     1   --> A              
     e( 17 - 17) =     -8.20123  eV     1   --> A              
     e( 18 - 18) =     -7.64178  eV     1   --> A              
     e( 19 - 19) =     -7.16421  eV     1   --> A              
     e( 20 - 20) =     -7.00121  eV     1   --> A              
     e( 21 - 21) =     -6.94454  eV     1   --> A              
     e( 22 - 22) =     -6.65578  eV     1   --> A              
     e( 23 - 23) =     -6.46554  eV     1   --> A              
     e( 24 - 24) =     -6.21859  eV     1   --> A              
     e( 25 - 25) =      3.75536  eV     1   --> A              
     e( 26 - 26) =      3.81353  eV     1   --> A              
     e( 27 - 27) =      4.09491  eV     1   --> A              
     e( 28 - 28) =      4.24278  eV     1   --> A              
     e( 29 - 29) =      4.41049  eV     1   --> A              
     e( 30 - 30) =      4.53493  eV     1   --> A              
     e( 31 - 31) =      4.80514  eV     1   --> A              
     e( 32 - 32) =      5.06383  eV     1   --> A              
     e( 33 - 33) =      5.23813  eV     1   --> A              
     e( 34 - 34) =      5.52281  eV     1   --> A              
     e( 35 - 35) =      5.58237  eV     1   --> A              
     e( 36 - 36) =      5.75391  eV     1   --> A              
     e( 37 - 37) =      6.03451  eV     1   --> A              
     e( 38 - 38) =      6.38326  eV     1   --> A              
     e( 39 - 39) =      6.51835  eV     1   --> A              
     e( 40 - 40) =      6.89989  eV     1   --> A              
     e( 41 - 41) =      7.06962  eV     1   --> A              
     e( 42 - 42) =      7.24763  eV     1   --> A              
     e( 43 - 43) =      7.26816  eV     1   --> A              
     e( 44 - 44) =      7.59703  eV     1   --> A              
     e( 45 - 45) =      7.65819  eV     1   --> A              
     e( 46 - 46) =      7.75825  eV     1   --> A              
     e( 47 - 47) =      7.88263  eV     1   --> A              
     e( 48 - 48) =      8.26162  eV     1   --> A              
     e( 49 - 49) =      8.37462  eV     1   --> A              
     e( 50 - 50) =      8.60576  eV     1   --> A              
     e( 51 - 51) =      8.81572  eV     1   --> A              
     e( 52 - 52) =      9.14499  eV     1   --> A              
     e( 53 - 53) =      9.30161  eV     1   --> A              
     e( 54 - 54) =      9.39525  eV     1   --> A              
     e( 55 - 55) =     10.24891  eV     1   --> A              
     e( 56 - 56) =     10.36730  eV     1   --> A              
     e( 57 - 57) =     13.03393  eV     1   --> A              
     e( 58 - 58) =     13.58060  eV     1   --> A              
     e( 59 - 59) =     13.61167  eV     1   --> A              
     e( 60 - 60) =     14.12031  eV     1   --> A              
     e( 61 - 61) =     14.32526  eV     1   --> A              
     e( 62 - 62) =     14.35842  eV     1   --> A              
     e( 63 - 63) =     15.06313  eV     1   --> A              
     e( 64 - 64) =     15.54538  eV     1   --> A              
     e( 65 - 65) =     17.53143  eV     1   --> A              
     e( 66 - 66) =     17.72364  eV     1   --> A              
     e( 67 - 67) =     17.76373  eV     1   --> A              
     e( 68 - 68) =     18.21203  eV     1   --> A              
     e( 69 - 69) =     19.33061  eV     1   --> A              
     e( 70 - 70) =     19.85241  eV     1   --> A              
     e( 71 - 71) =     21.12574  eV     1   --> A              
     e( 72 - 72) =     21.63085  eV     1   --> A              
     e( 73 - 73) =     22.39354  eV     1   --> A              
     e( 74 - 74) =     22.46331  eV     1   --> A              
     e( 75 - 75) =     22.66885  eV     1   --> A              
     e( 76 - 76) =     23.00258  eV     1   --> A              
     e( 77 - 77) =     23.86478  eV     1   --> A              
     e( 78 - 78) =     24.03785  eV     1   --> A              
     e( 79 - 79) =     24.18317  eV     1   --> A              
     e( 80 - 80) =     24.66127  eV     1   --> A              

 **************************************************************************

 **************************************************************************

                    xk=(   0.22500,   0.40990,   0.00178  )

     Band symmetry, C_1 (1)     point group:

     e(  1 -  1) =    -91.70478  eV     1   --> A              
     e(  2 -  2) =    -68.88643  eV     1   --> A              
     e(  3 -  3) =    -64.32038  eV     1   --> A              
     e(  4 -  4) =    -64.30816  eV     1   --> A              
     e(  5 -  5) =    -52.14543  eV     1   --> A              
     e(  6 -  6) =    -52.14055  eV     1   --> A              
     e(  7 -  7) =    -52.12800  eV     1   --> A              
     e(  8 -  8) =    -37.94165  eV     1   --> A              
     e(  9 -  9) =    -37.93317  eV     1   --> A              
     e( 10 - 10) =    -37.91712  eV     1   --> A              
     e( 11 - 11) =    -28.75814  eV     1   --> A              
     e( 12 - 12) =    -28.70055  eV     1   --> A              
     e( 13 - 13) =    -28.67380  eV     1   --> A              
     e( 14 - 14) =    -28.61272  eV     1   --> A              
     e( 15 - 15) =    -28.60056  eV     1   --> A              
     e( 16 - 16) =    -28.53553  eV     1   --> A              
     e( 17 - 17) =     -8.18649  eV     1   --> A              
     e( 18 - 18) =     -7.63283  eV     1   --> A              
     e( 19 - 19) =     -7.17776  eV     1   --> A              
     e( 20 - 20) =     -6.99567  eV     1   --> A              
     e( 21 - 21) =     -6.95305  eV     1   --> A              
     e( 22 - 22) =     -6.65006  eV     1   --> A              
     e( 23 - 23) =     -6.46368  eV     1   --> A              
     e( 24 - 24) =     -6.23697  eV     1   --> A              
     e( 25 - 25) =      3.69934  eV     1   --> A              
     e( 26 - 26) =      3.80477  eV     1   --> A              
     e( 27 - 27) =      4.09328  eV     1   --> A              
     e( 28 - 28) =      4.26999  eV     1   --> A              
     e( 29 - 29) =      4.40534  eV     1   --> A              
     e( 30 - 30) =      4.57278  eV     1   --> A              
     e( 31 - 31) =      4.81229  eV     1   --> A              
     e( 32 - 32) =      5.09317  eV     1   --> A              
     e( 33 - 33) =      5.24646  eV     1   --> A              
     e( 34 - 34) =      5.50122  eV     1   --> A              
     e( 35 - 35) =      5.59902  eV     1   --> A              
     e( 36 - 36) =      5.82381  eV     1   --> A              
     e( 37 - 37) =      6.00996  eV     1   --> A              
     e( 38 - 38) =      6.38188  eV     1   --> A              
     e( 39 - 39) =      6.47043  eV     1   --> A              
     e( 40 - 40) =      6.90019  eV     1   --> A              
     e( 41 - 41) =      7.15049  eV     1   --> A              
     e( 42 - 42) =      7.18926  eV     1   --> A              
     e( 43 - 43) =      7.31085  eV     1   --> A              
     e( 44 - 44) =      7.54713  eV     1   --> A              
     e( 45 - 45) =      7.69338  eV     1   --> A              
     e( 46 - 46) =      7.70524  eV     1   --> A              
     e( 47 - 47) =      7.86850  eV     1   --> A              
     e( 48 - 48) =      8.25313  eV     1   --> A              
     e( 49 - 49) =      8.36927  eV     1   --> A              
     e( 50 - 50) =      8.62539  eV     1   --> A              
     e( 51 - 51) =      8.80473  eV     1   --> A              
     e( 52 - 52) =      9.13242  eV     1   --> A              
     e( 53 - 53) =      9.31161  eV     1   --> A              
     e( 54 - 54) =      9.42655  eV     1   --> A              
     e( 55 - 55) =     10.25097  eV     1   --> A              
     e( 56 - 56) =     10.32338  eV     1   --> A              
     e( 57 - 57) =     13.05180  eV     1   --> A              
     e( 58 - 58) =     13.56801  eV     1   --> A              
     e( 59 - 59) =     13.60961  eV     1   --> A              
     e( 60 - 60) =     14.10889  eV     1   --> A              
     e( 61 - 61) =     14.31379  eV     1   --> A              
     e( 62 - 62) =     14.38259  eV     1   --> A              
     e( 63 - 63) =     15.04551  eV     1   --> A              
     e( 64 - 64) =     15.54208  eV     1   --> A              
     e( 65 - 65) =     17.45223  eV     1   --> A              
     e( 66 - 66) =     17.75924  eV     1   --> A              
     e( 67 - 67) =     17.81919  eV     1   --> A              
     e( 68 - 68) =     18.30552  eV     1   --> A              
     e( 69 - 69) =     19.39731  eV     1   --> A              
     e( 70 - 70) =     19.86588  eV     1   --> A              
     e( 71 - 71) =     21.03535  eV     1   --> A              
     e( 72 - 72) =     21.55300  eV     1   --> A              
     e( 73 - 73) =     22.36553  eV     1   --> A              
     e( 74 - 74) =     22.44085  eV     1   --> A              
     e( 75 - 75) =     22.66494  eV     1   --> A              
     e( 76 - 76) =     23.00856  eV     1   --> A              
     e( 77 - 77) =     23.90493  eV     1   --> A              
     e( 78 - 78) =     24.09394  eV     1   --> A              
     e( 79 - 79) =     24.15162  eV     1   --> A              
     e( 80 - 80) =     24.73488  eV     1   --> A              

 **************************************************************************

 **************************************************************************

                    xk=(   0.25000,   0.40990,   0.00198  )

     Band symmetry, C_1 (1)     point group:

     e(  1 -  1) =    -91.70478  eV     1   --> A              
     e(  2 -  2) =    -68.88643  eV     1   --> A              
     e(  3 -  3) =    -64.32038  eV     1   --> A              
     e(  4 -  4) =    -64.30818  eV     1   --> A              
     e(  5 -  5) =    -52.14543  eV     1   --> A              
     e(  6 -  6) =    -52.14055  eV     1   --> A              
     e(  7 -  7) =    -52.12800  eV     1   --> A              
     e(  8 -  8) =    -37.94165  eV     1   --> A              
     e(  9 -  9) =    -37.93317  eV     1   --> A              
     e( 10 - 10) =    -37.91713  eV     1   --> A              
     e( 11 - 11) =    -28.75814  eV     1   --> A              
     e( 12 - 12) =    -28.70051  eV     1   --> A              
     e( 13 - 13) =    -28.67397  eV     1   --> A              
     e( 14 - 14) =    -28.61286  eV     1   --> A              
     e( 15 - 15) =    -28.60053  eV     1   --> A              
     e( 16 - 16) =    -28.53556  eV     1   --> A              
     e( 17 - 17) =     -8.17112  eV     1   --> A              
     e( 18 - 18) =     -7.62315  eV     1   --> A              
     e( 19 - 19) =     -7.19160  eV     1   --> A              
     e( 20 - 20) =     -6.99131  eV     1   --> A              
     e( 21 - 21) =     -6.96040  eV     1   --> A              
     e( 22 - 22) =     -6.64393  eV     1   --> A              
     e( 23 - 23) =     -6.46358  eV     1   --> A              
     e( 24 - 24) =     -6.25508  eV     1   --> A              
     e( 25 - 25) =      3.64035  eV     1   --> A              
     e( 26 - 26) =      3.80206  eV     1   --> A              
     e( 27 - 27) =      4.08847  eV     1   --> A              
     e( 28 - 28) =      4.29178  eV     1   --> A              
     e( 29 - 29) =      4.40783  eV     1   --> A              
     e( 30 - 30) =      4.61838  eV     1   --> A              
     e( 31 - 31) =      4.81250  eV     1   --> A              
     e( 32 - 32) =      5.11848  eV     1   --> A              
     e( 33 - 33) =      5.26465  eV     1   --> A              
     e( 34 - 34) =      5.48524  eV     1   --> A              
     e( 35 - 35) =      5.62122  eV     1   --> A              
     e( 36 - 36) =      5.89506  eV     1   --> A              
     e( 37 - 37) =      5.98103  eV     1   --> A              
     e( 38 - 38) =      6.37779  eV     1   --> A              
     e( 39 - 39) =      6.42478  eV     1   --> A              
     e( 40 - 40) =      6.88746  eV     1   --> A              
     e( 41 - 41) =      7.12684  eV     1   --> A              
     e( 42 - 42) =      7.23763  eV     1   --> A              
     e( 43 - 43) =      7.34584  eV     1   --> A              
     e( 44 - 44) =      7.50010  eV     1   --> A              
     e( 45 - 45) =      7.64321  eV     1   --> A              
     e( 46 - 46) =      7.72524  eV     1   --> A              
     e( 47 - 47) =      7.87190  eV     1   --> A              
     e( 48 - 48) =      8.24332  eV     1   --> A              
     e( 49 - 49) =      8.36137  eV     1   --> A              
     e( 50 - 50) =      8.64101  eV     1   --> A              
     e( 51 - 51) =      8.79881  eV     1   --> A              
     e( 52 - 52) =      9.12054  eV     1   --> A              
     e( 53 - 53) =      9.31787  eV     1   --> A              
     e( 54 - 54) =      9.46347  eV     1   --> A              
     e( 55 - 55) =     10.24892  eV     1   --> A              
     e( 56 - 56) =     10.27986  eV     1   --> A              
     e( 57 - 57) =     13.06799  eV     1   --> A              
     e( 58 - 58) =     13.55611  eV     1   --> A              
     e( 59 - 59) =     13.60815  eV     1   --> A              
     e( 60 - 60) =     14.09175  eV     1   --> A              
     e( 61 - 61) =     14.28616  eV     1   --> A              
     e( 62 - 62) =     14.42543  eV     1   --> A              
     e( 63 - 63) =     15.03419  eV     1   --> A              
     e( 64 - 64) =     15.53420  eV     1   --> A              
     e( 65 - 65) =     17.37302  eV     1   --> A              
     e( 66 - 66) =     17.79747  eV     1   --> A              
     e( 67 - 67) =     17.87731  eV     1   --> A              
     e( 68 - 68) =     18.40546  eV     1   --> A              
     e( 69 - 69) =     19.46091  eV     1   --> A              
     e( 70 - 70) =     19.88323  eV     1   --> A              
     e( 71 - 71) =     20.94722  eV     1   --> A              
     e( 72 - 72) =     21.47191  eV     1   --> A              
     e( 73 - 73) =     22.33204  eV     1   --> A              
     e( 74 - 74) =     22.41510  eV     1   --> A              
     e( 75 - 75) =     22.65572  eV     1   --> A              
     e( 76 - 76) =     23.02732  eV     1   --> A              
     e( 77 - 77) =     23.94234  eV     1   --> A              
     e( 78 - 78) =     24.05340  eV     1   --> A              
     e( 79 - 79) =     24.18394  eV     1   --> A              
     e( 80 - 80) =     24.81575  eV     1   --> A              

 **************************************************************************

 **************************************************************************

                    xk=(   0.27500,   0.40990,   0.00217  )

     Band symmetry, C_1 (1)     point group:

     e(  1 -  1) =    -91.70478  eV     1   --> A              
     e(  2 -  2) =    -68.88643  eV     1   --> A              
     e(  3 -  3) =    -64.32038  eV     1   --> A              
     e(  4 -  4) =    -64.30819  eV     1   --> A              
     e(  5 -  5) =    -52.14543  eV     1   --> A              
     e(  6 -  6) =    -52.14055  eV     1   --> A              
     e(  7 -  7) =    -52.12800  eV     1   --> A              
     e(  8 -  8) =    -37.94165  eV     1   --> A              
     e(  9 -  9) =    -37.93317  eV     1   --> A              
     e( 10 - 10) =    -37.91713  eV     1   --> A              
     e( 11 - 11) =    -28.75814  eV     1   --> A              
     e( 12 - 12) =    -28.70048  eV     1   --> A              
     e( 13 - 13) =    -28.67414  eV     1   --> A              
     e( 14 - 14) =    -28.61299  eV     1   --> A              
     e( 15 - 15) =    -28.60050  eV     1   --> A              
     e( 16 - 16) =    -28.53559  eV     1   --> A              
     e( 17 - 17) =     -8.15549  eV     1   --> A              
     e( 18 - 18) =     -7.61290  eV     1   --> A              
     e( 19 - 19) =     -7.20555  eV     1   --> A              
     e( 20 - 20) =     -6.98987  eV     1   --> A              
     e( 21 - 21) =     -6.96467  eV     1   --> A              
     e( 22 - 22) =     -6.63759  eV     1   --> A              
     e( 23 - 23) =     -6.46563  eV     1   --> A              
     e( 24 - 24) =     -6.27212  eV     1   --> A              
     e( 25 - 25) =      3.58341  eV     1   --> A              
     e( 26 - 26) =      3.80172  eV     1   --> A              
     e( 27 - 27) =      4.08133  eV     1   --> A              
     e( 28 - 28) =      4.30021  eV     1   --> A              
     e( 29 - 29) =      4.42718  eV     1   --> A              
     e( 30 - 30) =      4.66657  eV     1   --> A              
     e( 31 - 31) =      4.80721  eV     1   --> A              
     e( 32 - 32) =      5.13989  eV     1   --> A              
     e( 33 - 33) =      5.29076  eV     1   --> A              
     e( 34 - 34) =      5.47879  eV     1   --> A              
     e( 35 - 35) =      5.64949  eV     1   --> A              
     e( 36 - 36) =      5.91804  eV     1   --> A              
     e( 37 - 37) =      5.99461  eV     1   --> A              
     e( 38 - 38) =      6.37100  eV     1   --> A              
     e( 39 - 39) =      6.38396  eV     1   --> A              
     e( 40 - 40) =      6.86156  eV     1   --> A              
     e( 41 - 41) =      7.06977  eV     1   --> A              
     e( 42 - 42) =      7.29897  eV     1   --> A              
     e( 43 - 43) =      7.36856  eV     1   --> A              
     e( 44 - 44) =      7.47949  eV     1   --> A              
     e( 45 - 45) =      7.58822  eV     1   --> A              
     e( 46 - 46) =      7.72296  eV     1   --> A              
     e( 47 - 47) =      7.90886  eV     1   --> A              
     e( 48 - 48) =      8.23381  eV     1   --> A              
     e( 49 - 49) =      8.35105  eV     1   --> A              
     e( 50 - 50) =      8.65275  eV     1   --> A              
     e( 51 - 51) =      8.79707  eV     1   --> A              
     e( 52 - 52) =      9.11075  eV     1   --> A              
     e( 53 - 53) =      9.31968  eV     1   --> A              
     e( 54 - 54) =      9.50408  eV     1   --> A              
     e( 55 - 55) =     10.22643  eV     1   --> A              
     e( 56 - 56) =     10.25381  eV     1   --> A              
     e( 57 - 57) =     13.08161  eV     1   --> A              
     e( 58 - 58) =     13.54565  eV     1   --> A              
     e( 59 - 59) =     13.60754  eV     1   --> A              
     e( 60 - 60) =     14.06978  eV     1   --> A              
     e( 61 - 61) =     14.25894  eV     1   --> A              
     e( 62 - 62) =     14.46957  eV     1   --> A              
     e( 63 - 63) =     15.02918  eV     1   --> A              
     e( 64 - 64) =     15.52208  eV     1   --> A              
     e( 65 - 65) =     17.29686  eV     1   --> A              
     e( 66 - 66) =     17.83617  eV     1   --> A              
     e( 67 - 67) =     17.93634  eV     1   --> A              
     e( 68 - 68) =     18.50964  eV     1   --> A              
     e( 69 - 69) =     19.52065  eV     1   --> A              
     e( 70 - 70) =     19.90546  eV     1   --> A              
     e( 71 - 71) =     20.86183  eV     1   --> A              
     e( 72 - 72) =     21.38831  eV     1   --> A              
     e( 73 - 73) =     22.29507  eV     1   --> A              
     e( 74 - 74) =     22.38677  eV     1   --> A              
     e( 75 - 75) =     22.63906  eV     1   --> A              
     e( 76 - 76) =     23.06092  eV     1   --> A              
     e( 77 - 77) =     23.96743  eV     1   --> A              
     e( 78 - 78) =     23.98213  eV     1   --> A              
     e( 79 - 79) =     24.22926  eV     1   --> A              
     e( 80 - 80) =     24.90004  eV     1   --> A              

 **************************************************************************

 **************************************************************************

                    xk=(   0.30000,   0.40990,   0.00237  )

     Band symmetry, C_1 (1)     point group:

     e(  1 -  1) =    -91.70478  eV     1   --> A              
     e(  2 -  2) =    -68.88643  eV     1   --> A              
     e(  3 -  3) =    -64.32038  eV     1   --> A              
     e(  4 -  4) =    -64.30820  eV     1   --> A              
     e(  5 -  5) =    -52.14543  eV     1   --> A              
     e(  6 -  6) =    -52.14055  eV     1   --> A              
     e(  7 -  7) =    -52.12800  eV     1   --> A              
     e(  8 -  8) =    -37.94165  eV     1   --> A              
     e(  9 -  9) =    -37.93317  eV     1   --> A              
     e( 10 - 10) =    -37.91714  eV     1   --> A              
     e( 11 - 11) =    -28.75814  eV     1   --> A              
     e( 12 - 12) =    -28.70044  eV     1   --> A              
     e( 13 - 13) =    -28.67430  eV     1   --> A              
     e( 14 - 14) =    -28.61312  eV     1   --> A              
     e( 15 - 15) =    -28.60047  eV     1   --> A              
     e( 16 - 16) =    -28.53562  eV     1   --> A              
     e( 17 - 17) =     -8.13999  eV     1   --> A              
     e( 18 - 18) =     -7.60224  eV     1   --> A              
     e( 19 - 19) =     -7.21939  eV     1   --> A              
     e( 20 - 20) =     -6.99285  eV     1   --> A              
     e( 21 - 21) =     -6.96421  eV     1   --> A              
     e( 22 - 22) =     -6.63123  eV     1   --> A              
     e( 23 - 23) =     -6.47006  eV     1   --> A              
     e( 24 - 24) =     -6.28737  eV     1   --> A              
     e( 25 - 25) =      3.53025  eV     1   --> A              
     e( 26 - 26) =      3.80285  eV     1   --> A              
     e( 27 - 27) =      4.07300  eV     1   --> A              
     e( 28 - 28) =      4.29636  eV     1   --> A              
     e( 29 - 29) =      4.46103  eV     1   --> A              
     e( 30 - 30) =      4.71316  eV     1   --> A              
     e( 31 - 31) =      4.80040  eV     1   --> A              
     e( 32 - 32) =      5.15797  eV     1   --> A              
     e( 33 - 33) =      5.32102  eV     1   --> A              
     e( 34 - 34) =      5.48360  eV     1   --> A              
     e( 35 - 35) =      5.68400  eV     1   --> A              
     e( 36 - 36) =      5.87670  eV     1   --> A              
     e( 37 - 37) =      6.06722  eV     1   --> A              
     e( 38 - 38) =      6.34594  eV     1   --> A              
     e( 39 - 39) =      6.36464  eV     1   --> A              
     e( 40 - 40) =      6.82185  eV     1   --> A              
     e( 41 - 41) =      7.02028  eV     1   --> A              
     e( 42 - 42) =      7.25995  eV     1   --> A              
     e( 43 - 43) =      7.43520  eV     1   --> A              
     e( 44 - 44) =      7.49458  eV     1   --> A              
     e( 45 - 45) =      7.54477  eV     1   --> A              
     e( 46 - 46) =      7.69722  eV     1   --> A              
     e( 47 - 47) =      7.97043  eV     1   --> A              
     e( 48 - 48) =      8.22561  eV     1   --> A              
     e( 49 - 49) =      8.33948  eV     1   --> A              
     e( 50 - 50) =      8.66026  eV     1   --> A              
     e( 51 - 51) =      8.79797  eV     1   --> A              
     e( 52 - 52) =      9.10422  eV     1   --> A              
     e( 53 - 53) =      9.31740  eV     1   --> A              
     e( 54 - 54) =      9.54588  eV     1   --> A              
     e( 55 - 55) =     10.18381  eV     1   --> A              
     e( 56 - 56) =     10.24585  eV     1   --> A              
     e( 57 - 57) =     13.09194  eV     1   --> A              
     e( 58 - 58) =     13.53722  eV     1   --> A              
     e( 59 - 59) =     13.60800  eV     1   --> A              
     e( 60 - 60) =     14.04401  eV     1   --> A              
     e( 61 - 61) =     14.23403  eV     1   --> A              
     e( 62 - 62) =     14.51242  eV     1   --> A              
     e( 63 - 63) =     15.03023  eV     1   --> A              
     e( 64 - 64) =     15.50613  eV     1   --> A              
     e( 65 - 65) =     17.22538  eV     1   --> A              
     e( 66 - 66) =     17.87408  eV     1   --> A              
     e( 67 - 67) =     17.99473  eV     1   --> A              
     e( 68 - 68) =     18.61560  eV     1   --> A              
     e( 69 - 69) =     19.57600  eV     1   --> A              
     e( 70 - 70) =     19.93356  eV     1   --> A              
     e( 71 - 71) =     20.77964  eV     1   --> A              
     e( 72 - 72) =     21.30260  eV     1   --> A              
     e( 73 - 73) =     22.25599  eV     1   --> A              
     e( 74 - 74) =     22.35734  eV     1   --> A              
     e( 75 - 75) =     22.61503  eV     1   --> A              
     e( 76 - 76) =     23.10930  eV     1   --> A              
     e( 77 - 77) =     23.88717  eV     1   --> A              
     e( 78 - 78) =     24.00265  eV     1   --> A              
     e( 79 - 79) =     24.26782  eV     1   --> A              
     e( 80 - 80) =     24.98087  eV     1   --> A              

 **************************************************************************

 **************************************************************************

                    xk=(   0.32500,   0.40990,   0.00257  )

     Band symmetry, C_1 (1)     point group:

     e(  1 -  1) =    -91.70478  eV     1   --> A              
     e(  2 -  2) =    -68.88643  eV     1   --> A              
     e(  3 -  3) =    -64.32038  eV     1   --> A              
     e(  4 -  4) =    -64.30822  eV     1   --> A              
     e(  5 -  5) =    -52.14543  eV     1   --> A              
     e(  6 -  6) =    -52.14055  eV     1   --> A              
     e(  7 -  7) =    -52.12800  eV     1   --> A              
     e(  8 -  8) =    -37.94165  eV     1   --> A              
     e(  9 -  9) =    -37.93317  eV     1   --> A              
     e( 10 - 10) =    -37.91715  eV     1   --> A              
     e( 11 - 11) =    -28.75813  eV     1   --> A              
     e( 12 - 12) =    -28.70041  eV     1   --> A              
     e( 13 - 13) =    -28.67446  eV     1   --> A              
     e( 14 - 14) =    -28.61324  eV     1   --> A              
     e( 15 - 15) =    -28.60044  eV     1   --> A              
     e( 16 - 16) =    -28.53565  eV     1   --> A              
     e( 17 - 17) =     -8.12501  eV     1   --> A              
     e( 18 - 18) =     -7.59140  eV     1   --> A              
     e( 19 - 19) =     -7.23289  eV     1   --> A              
     e( 20 - 20) =     -6.99854  eV     1   --> A              
     e( 21 - 21) =     -6.96065  eV     1   --> A              
     e( 22 - 22) =     -6.62505  eV     1   --> A              
     e( 23 - 23) =     -6.47686  eV     1   --> A              
     e( 24 - 24) =     -6.30028  eV     1   --> A              
     e( 25 - 25) =      3.48184  eV     1   --> A              
     e( 26 - 26) =      3.80492  eV     1   --> A              
     e( 27 - 27) =      4.06481  eV     1   --> A              
     e( 28 - 28) =      4.28567  eV     1   --> A              
     e( 29 - 29) =      4.50183  eV     1   --> A              
     e( 30 - 30) =      4.74695  eV     1   --> A              
     e( 31 - 31) =      4.80437  eV     1   --> A              
     e( 32 - 32) =      5.17290  eV     1   --> A              
     e( 33 - 33) =      5.35205  eV     1   --> A              
     e( 34 - 34) =      5.49868  eV     1   --> A              
     e( 35 - 35) =      5.72415  eV     1   --> A              
     e( 36 - 36) =      5.82830  eV     1   --> A              
     e( 37 - 37) =      6.14493  eV     1   --> A              
     e( 38 - 38) =      6.31428  eV     1   --> A              
     e( 39 - 39) =      6.35542  eV     1   --> A              
     e( 40 - 40) =      6.76981  eV     1   --> A              
     e( 41 - 41) =      6.97959  eV     1   --> A              
     e( 42 - 42) =      7.17696  eV     1   --> A              
     e( 43 - 43) =      7.47350  eV     1   --> A              
     e( 44 - 44) =      7.51058  eV     1   --> A              
     e( 45 - 45) =      7.56082  eV     1   --> A              
     e( 46 - 46) =      7.66277  eV     1   --> A              
     e( 47 - 47) =      8.04128  eV     1   --> A              
     e( 48 - 48) =      8.21915  eV     1   --> A              
     e( 49 - 49) =      8.32882  eV     1   --> A              
     e( 50 - 50) =      8.66269  eV     1   --> A              
     e( 51 - 51) =      8.79999  eV     1   --> A              
     e( 52 - 52) =      9.10188  eV     1   --> A              
     e( 53 - 53) =      9.31164  eV     1   --> A              
     e( 54 - 54) =      9.58653  eV     1   --> A              
     e( 55 - 55) =     10.14103  eV     1   --> A              
     e( 56 - 56) =     10.23731  eV     1   --> A              
     e( 57 - 57) =     13.09865  eV     1   --> A              
     e( 58 - 58) =     13.53111  eV     1   --> A              
     e( 59 - 59) =     13.60976  eV     1   --> A              
     e( 60 - 60) =     14.01593  eV     1   --> A              
     e( 61 - 61) =     14.21190  eV     1   --> A              
     e( 62 - 62) =     14.55256  eV     1   --> A              
     e( 63 - 63) =     15.03686  eV     1   --> A              
     e( 64 - 64) =     15.48683  eV     1   --> A              
     e( 65 - 65) =     17.15978  eV     1   --> A              
     e( 66 - 66) =     17.91018  eV     1   --> A              
     e( 67 - 67) =     18.05101  eV     1   --> A              
     e( 68 - 68) =     18.72057  eV     1   --> A              
     e( 69 - 69) =     19.62688  eV     1   --> A              
     e( 70 - 70) =     19.96814  eV     1   --> A              
     e( 71 - 71) =     20.70122  eV     1   --> A              
     e( 72 - 72) =     21.21503  eV     1   --> A              
     e( 73 - 73) =     22.21618  eV     1   --> A              
     e( 74 - 74) =     22.32839  eV     1   --> A              
     e( 75 - 75) =     22.58512  eV     1   --> A              
     e( 76 - 76) =     23.17092  eV     1   --> A              
     e( 77 - 77) =     23.80376  eV     1   --> A              
     e( 78 - 78) =     24.02116  eV     1   --> A              
     e( 79 - 79) =     24.30043  eV     1   --> A              
     e( 80 - 80) =     25.04375  eV     1   --> A              

 **************************************************************************

 **************************************************************************

                    xk=(   0.35000,   0.40990,   0.00277  )

     Band symmetry, C_1 (1)     point group:

     e(  1 -  1) =    -91.70478  eV     1   --> A              
     e(  2 -  2) =    -68.88643  eV     1   --> A              
     e(  3 -  3) =    -64.32038  eV     1   --> A              
     e(  4 -  4) =    -64.30823  eV     1   --> A              
     e(  5 -  5) =    -52.14543  eV     1   --> A              
     e(  6 -  6) =    -52.14055  eV     1   --> A              
     e(  7 -  7) =    -52.12800  eV     1   --> A              
     e(  8 -  8) =    -37.94165  eV     1   --> A              
     e(  9 -  9) =    -37.93317  eV     1   --> A              
     e( 10 - 10) =    -37.91715  eV     1   --> A              
     e( 11 - 11) =    -28.75813  eV     1   --> A              
     e( 12 - 12) =    -28.70038  eV     1   --> A              
     e( 13 - 13) =    -28.67461  eV     1   --> A              
     e( 14 - 14) =    -28.61336  eV     1   --> A              
     e( 15 - 15) =    -28.60042  eV     1   --> A              
     e( 16 - 16) =    -28.53568  eV     1   --> A              
     e( 17 - 17) =     -8.11096  eV     1   --> A              
     e( 18 - 18) =     -7.58067  eV     1   --> A              
     e( 19 - 19) =     -7.24578  eV     1   --> A              
     e( 20 - 20) =     -7.00480  eV     1   --> A              
     e( 21 - 21) =     -6.95607  eV     1   --> A              
     e( 22 - 22) =     -6.61921  eV     1   --> A              
     e( 23 - 23) =     -6.48562  eV     1   --> A              
     e( 24 - 24) =     -6.31062  eV     1   --> A              
     e( 25 - 25) =      3.43885  eV     1   --> A              
     e( 26 - 26) =      3.80750  eV     1   --> A              
     e( 27 - 27) =      4.05807  eV     1   --> A              
     e( 28 - 28) =      4.27110  eV     1   --> A              
     e( 29 - 29) =      4.54445  eV     1   --> A              
     e( 30 - 30) =      4.75157  eV     1   --> A              
     e( 31 - 31) =      4.83676  eV     1   --> A              
     e( 32 - 32) =      5.18499  eV     1   --> A              
     e( 33 - 33) =      5.38172  eV     1   --> A              
     e( 34 - 34) =      5.51760  eV     1   --> A              
     e( 35 - 35) =      5.76008  eV     1   --> A              
     e( 36 - 36) =      5.79457  eV     1   --> A              
     e( 37 - 37) =      6.22154  eV     1   --> A              
     e( 38 - 38) =      6.28642  eV     1   --> A              
     e( 39 - 39) =      6.34624  eV     1   --> A              
     e( 40 - 40) =      6.70959  eV     1   --> A              
     e( 41 - 41) =      6.94560  eV     1   --> A              
     e( 42 - 42) =      7.08097  eV     1   --> A              
     e( 43 - 43) =      7.43441  eV     1   --> A              
     e( 44 - 44) =      7.55976  eV     1   --> A              
     e( 45 - 45) =      7.59796  eV     1   --> A              
     e( 46 - 46) =      7.65006  eV     1   --> A              
     e( 47 - 47) =      8.11228  eV     1   --> A              
     e( 48 - 48) =      8.21452  eV     1   --> A              
     e( 49 - 49) =      8.32236  eV     1   --> A              
     e( 50 - 50) =      8.65911  eV     1   --> A              
     e( 51 - 51) =      8.80180  eV     1   --> A              
     e( 52 - 52) =      9.10428  eV     1   --> A              
     e( 53 - 53) =      9.30305  eV     1   --> A              
     e( 54 - 54) =      9.62409  eV     1   --> A              
     e( 55 - 55) =     10.10074  eV     1   --> A              
     e( 56 - 56) =     10.22713  eV     1   --> A              
     e( 57 - 57) =     13.10183  eV     1   --> A              
     e( 58 - 58) =     13.52724  eV     1   --> A              
     e( 59 - 59) =     13.61289  eV     1   --> A              
     e( 60 - 60) =     13.98729  eV     1   --> A              
     e( 61 - 61) =     14.19250  eV     1   --> A              
     e( 62 - 62) =     14.58899  eV     1   --> A              
     e( 63 - 63) =     15.04840  eV     1   --> A              
     e( 64 - 64) =     15.46477  eV     1   --> A              
     e( 65 - 65) =     17.10105  eV     1   --> A              
     e( 66 - 66) =     17.94352  eV     1   --> A              
     e( 67 - 67) =     18.10370  eV     1   --> A              
     e( 68 - 68) =     18.82138  eV     1   --> A              
     e( 69 - 69) =     19.67388  eV     1   --> A              
     e( 70 - 70) =     20.00892  eV     1   --> A              
     e( 71 - 71) =     20.62751  eV     1   --> A              
     e( 72 - 72) =     21.12590  eV     1   --> A              
     e( 73 - 73) =     22.17718  eV     1   --> A              
     e( 74 - 74) =     22.30128  eV     1   --> A              
     e( 75 - 75) =     22.55140  eV     1   --> A              
     e( 76 - 76) =     23.24346  eV     1   --> A              
     e( 77 - 77) =     23.72886  eV     1   --> A              
     e( 78 - 78) =     24.03196  eV     1   --> A              
     e( 79 - 79) =     24.32805  eV     1   --> A              
     e( 80 - 80) =     25.05459  eV     1   --> A              

 **************************************************************************

 **************************************************************************

                    xk=(   0.37500,   0.40990,   0.00296  )

     Band symmetry, C_1 (1)     point group:

     e(  1 -  1) =    -91.70478  eV     1   --> A              
     e(  2 -  2) =    -68.88643  eV     1   --> A              
     e(  3 -  3) =    -64.32038  eV     1   --> A              
     e(  4 -  4) =    -64.30824  eV     1   --> A              
     e(  5 -  5) =    -52.14543  eV     1   --> A              
     e(  6 -  6) =    -52.14055  eV     1   --> A              
     e(  7 -  7) =    -52.12800  eV     1   --> A              
     e(  8 -  8) =    -37.94165  eV     1   --> A              
     e(  9 -  9) =    -37.93317  eV     1   --> A              
     e( 10 - 10) =    -37.91716  eV     1   --> A              
     e( 11 - 11) =    -28.75813  eV     1   --> A              
     e( 12 - 12) =    -28.70035  eV     1   --> A              
     e( 13 - 13) =    -28.67473  eV     1   --> A              
     e( 14 - 14) =    -28.61346  eV     1   --> A              
     e( 15 - 15) =    -28.60040  eV     1   --> A              
     e( 16 - 16) =    -28.53570  eV     1   --> A              
     e( 17 - 17) =     -8.09825  eV     1   --> A              
     e( 18 - 18) =     -7.57038  eV     1   --> A              
     e( 19 - 19) =     -7.25773  eV     1   --> A              
     e( 20 - 20) =     -7.01069  eV     1   --> A              
     e( 21 - 21) =     -6.95143  eV     1   --> A              
     e( 22 - 22) =     -6.61388  eV     1   --> A              
     e( 23 - 23) =     -6.49558  eV     1   --> A              
     e( 24 - 24) =     -6.31850  eV     1   --> A              
     e( 25 - 25) =      3.40177  eV     1   --> A              
     e( 26 - 26) =      3.81015  eV     1   --> A              
     e( 27 - 27) =      4.05379  eV     1   --> A              
     e( 28 - 28) =      4.25401  eV     1   --> A              
     e( 29 - 29) =      4.58564  eV     1   --> A              
     e( 30 - 30) =      4.74427  eV     1   --> A              
     e( 31 - 31) =      4.88130  eV     1   --> A              
     e( 32 - 32) =      5.19515  eV     1   --> A              
     e( 33 - 33) =      5.40857  eV     1   --> A              
     e( 34 - 34) =      5.52574  eV     1   --> A              
     e( 35 - 35) =      5.74893  eV     1   --> A              
     e( 36 - 36) =      5.83229  eV     1   --> A              
     e( 37 - 37) =      6.25898  eV     1   --> A              
     e( 38 - 38) =      6.29717  eV     1   --> A              
     e( 39 - 39) =      6.33838  eV     1   --> A              
     e( 40 - 40) =      6.64620  eV     1   --> A              
     e( 41 - 41) =      6.91361  eV     1   --> A              
     e( 42 - 42) =      6.98222  eV     1   --> A              
     e( 43 - 43) =      7.39672  eV     1   --> A              
     e( 44 - 44) =      7.54986  eV     1   --> A              
     e( 45 - 45) =      7.62199  eV     1   --> A              
     e( 46 - 46) =      7.70198  eV     1   --> A              
     e( 47 - 47) =      8.17473  eV     1   --> A              
     e( 48 - 48) =      8.21213  eV     1   --> A              
     e( 49 - 49) =      8.32573  eV     1   --> A              
     e( 50 - 50) =      8.64906  eV     1   --> A              
     e( 51 - 51) =      8.80232  eV     1   --> A              
     e( 52 - 52) =      9.11150  eV     1   --> A              
     e( 53 - 53) =      9.29223  eV     1   --> A              
     e( 54 - 54) =      9.65704  eV     1   --> A              
     e( 55 - 55) =     10.06421  eV     1   --> A              
     e( 56 - 56) =     10.21594  eV     1   --> A              
     e( 57 - 57) =     13.10206  eV     1   --> A              
     e( 58 - 58) =     13.52521  eV     1   --> A              
     e( 59 - 59) =     13.61730  eV     1   --> A              
     e( 60 - 60) =     13.95986  eV     1   --> A              
     e( 61 - 61) =     14.17571  eV     1   --> A              
     e( 62 - 62) =     14.62091  eV     1   --> A              
     e( 63 - 63) =     15.06393  eV     1   --> A              
     e( 64 - 64) =     15.44071  eV     1   --> A              
     e( 65 - 65) =     17.04999  eV     1   --> A              
     e( 66 - 66) =     17.97328  eV     1   --> A              
     e( 67 - 67) =     18.15136  eV     1   --> A              
     e( 68 - 68) =     18.91455  eV     1   --> A              
     e( 69 - 69) =     19.71828  eV     1   --> A              
     e( 70 - 70) =     20.05412  eV     1   --> A              
     e( 71 - 71) =     20.56034  eV     1   --> A              
     e( 72 - 72) =     21.03572  eV     1   --> A              
     e( 73 - 73) =     22.14066  eV     1   --> A              
     e( 74 - 74) =     22.27710  eV     1   --> A              
     e( 75 - 75) =     22.51624  eV     1   --> A              
     e( 76 - 76) =     23.32358  eV     1   --> A              
     e( 77 - 77) =     23.66673  eV     1   --> A              
     e( 78 - 78) =     24.03576  eV     1   --> A              
     e( 79 - 79) =     24.35055  eV     1   --> A              
     e( 80 - 80) =     24.98509  eV     1   --> A              

 **************************************************************************

 **************************************************************************

                    xk=(   0.39999,   0.40990,   0.00316  )

     Band symmetry, C_1 (1)     point group:

     e(  1 -  1) =    -91.70478  eV     1   --> A              
     e(  2 -  2) =    -68.88643  eV     1   --> A              
     e(  3 -  3) =    -64.32038  eV     1   --> A              
     e(  4 -  4) =    -64.30825  eV     1   --> A              
     e(  5 -  5) =    -52.14543  eV     1   --> A              
     e(  6 -  6) =    -52.14055  eV     1   --> A              
     e(  7 -  7) =    -52.12800  eV     1   --> A              
     e(  8 -  8) =    -37.94165  eV     1   --> A              
     e(  9 -  9) =    -37.93317  eV     1   --> A              
     e( 10 - 10) =    -37.91716  eV     1   --> A              
     e( 11 - 11) =    -28.75813  eV     1   --> A              
     e( 12 - 12) =    -28.70033  eV     1   --> A              
     e( 13 - 13) =    -28.67484  eV     1   --> A              
     e( 14 - 14) =    -28.61354  eV     1   --> A              
     e( 15 - 15) =    -28.60038  eV     1   --> A              
     e( 16 - 16) =    -28.53573  eV     1   --> A              
     e( 17 - 17) =     -8.08724  eV     1   --> A              
     e( 18 - 18) =     -7.56096  eV     1   --> A              
     e( 19 - 19) =     -7.26840  eV     1   --> A              
     e( 20 - 20) =     -7.01579  eV     1   --> A              
     e( 21 - 21) =     -6.94719  eV     1   --> A              
     e( 22 - 22) =     -6.60920  eV     1   --> A              
     e( 23 - 23) =     -6.50573  eV     1   --> A              
     e( 24 - 24) =     -6.32424  eV     1   --> A              
     e( 25 - 25) =      3.37097  eV     1   --> A              
     e( 26 - 26) =      3.81250  eV     1   --> A              
     e( 27 - 27) =      4.05254  eV     1   --> A              
     e( 28 - 28) =      4.23551  eV     1   --> A              
     e( 29 - 29) =      4.62295  eV     1   --> A              
     e( 30 - 30) =      4.73596  eV     1   --> A              
     e( 31 - 31) =      4.92739  eV     1   --> A              
     e( 32 - 32) =      5.20471  eV     1   --> A              
     e( 33 - 33) =      5.42936  eV     1   --> A              
     e( 34 - 34) =      5.50970  eV     1   --> A              
     e( 35 - 35) =      5.75470  eV     1   --> A              
     e( 36 - 36) =      5.88973  eV     1   --> A              
     e( 37 - 37) =      6.23694  eV     1   --> A              
     e( 38 - 38) =      6.33009  eV     1   --> A              
     e( 39 - 39) =      6.36614  eV     1   --> A              
     e( 40 - 40) =      6.58487  eV     1   --> A              
     e( 41 - 41) =      6.85997  eV     1   --> A              
     e( 42 - 42) =      6.90738  eV     1   --> A              
     e( 43 - 43) =      7.36429  eV     1   --> A              
     e( 44 - 44) =      7.50853  eV     1   --> A              
     e( 45 - 45) =      7.66199  eV     1   --> A              
     e( 46 - 46) =      7.75623  eV     1   --> A              
     e( 47 - 47) =      8.20526  eV     1   --> A              
     e( 48 - 48) =      8.22513  eV     1   --> A              
     e( 49 - 49) =      8.34746  eV     1   --> A              
     e( 50 - 50) =      8.63272  eV     1   --> A              
     e( 51 - 51) =      8.80086  eV     1   --> A              
     e( 52 - 52) =      9.12297  eV     1   --> A              
     e( 53 - 53) =      9.27973  eV     1   --> A              
     e( 54 - 54) =      9.68431  eV     1   --> A              
     e( 55 - 55) =     10.03254  eV     1   --> A              
     e( 56 - 56) =     10.20474  eV     1   --> A              
     e( 57 - 57) =     13.10024  eV     1   --> A              
     e( 58 - 58) =     13.52445  eV     1   --> A              
     e( 59 - 59) =     13.62262  eV     1   --> A              
     e( 60 - 60) =     13.93520  eV     1   --> A              
     e( 61 - 61) =     14.16147  eV     1   --> A              
     e( 62 - 62) =     14.64775  eV     1   --> A              
     e( 63 - 63) =     15.08224  eV     1   --> A              
     e( 64 - 64) =     15.41568  eV     1   --> A              
     e( 65 - 65) =     17.00731  eV     1   --> A              
     e( 66 - 66) =     17.99872  eV     1   --> A              
     e( 67 - 67) =     18.19262  eV     1   --> A              
     e( 68 - 68) =     18.99640  eV     1   --> A              
     e( 69 - 69) =     19.76149  eV     1   --> A              
     e( 70 - 70) =     20.09950  eV     1   --> A              
     e( 71 - 71) =     20.50359  eV     1   --> A              
     e( 72 - 72) =     20.94543  eV     1   --> A              
     e( 73 - 73) =     22.10827  eV     1   --> A              
     e( 74 - 74) =     22.25669  eV     1   --> A              
     e( 75 - 75) =     22.48216  eV     1   --> A              
     e( 76 - 76) =     23.40514  eV     1   --> A              
     e( 77 - 77) =     23.62185  eV     1   --> A              
     e( 78 - 78) =     24.03407  eV     1   --> A              
     e( 79 - 79) =     24.36660  eV     1   --> A              
     e( 80 - 80) =     24.87414  eV     1   --> A              

 **************************************************************************

 **************************************************************************

                    xk=(   0.42499,   0.40990,   0.00336  )

     Band symmetry, C_1 (1)     point group:

     e(  1 -  1) =    -91.70478  eV     1   --> A              
     e(  2 -  2) =    -68.88643  eV     1   --> A              
     e(  3 -  3) =    -64.32037  eV     1   --> A              
     e(  4 -  4) =    -64.30825  eV     1   --> A              
     e(  5 -  5) =    -52.14543  eV     1   --> A              
     e(  6 -  6) =    -52.14055  eV     1   --> A              
     e(  7 -  7) =    -52.12800  eV     1   --> A              
     e(  8 -  8) =    -37.94165  eV     1   --> A              
     e(  9 -  9) =    -37.93317  eV     1   --> A              
     e( 10 - 10) =    -37.91716  eV     1   --> A              
     e( 11 - 11) =    -28.75813  eV     1   --> A              
     e( 12 - 12) =    -28.70031  eV     1   --> A              
     e( 13 - 13) =    -28.67493  eV     1   --> A              
     e( 14 - 14) =    -28.61361  eV     1   --> A              
     e( 15 - 15) =    -28.60036  eV     1   --> A              
     e( 16 - 16) =    -28.53574  eV     1   --> A              
     e( 17 - 17) =     -8.07829  eV     1   --> A              
     e( 18 - 18) =     -7.55286  eV     1   --> A              
     e( 19 - 19) =     -7.27736  eV     1   --> A              
     e( 20 - 20) =     -7.01989  eV     1   --> A              
     e( 21 - 21) =     -6.94362  eV     1   --> A              
     e( 22 - 22) =     -6.60532  eV     1   --> A              
     e( 23 - 23) =     -6.51502  eV     1   --> A              
     e( 24 - 24) =     -6.32823  eV     1   --> A              
     e( 25 - 25) =      3.34674  eV     1   --> A              
     e( 26 - 26) =      3.81432  eV     1   --> A              
     e( 27 - 27) =      4.05425  eV     1   --> A              
     e( 28 - 28) =      4.21708  eV     1   --> A              
     e( 29 - 29) =      4.65445  eV     1   --> A              
     e( 30 - 30) =      4.72866  eV     1   --> A              
     e( 31 - 31) =      4.97207  eV     1   --> A              
     e( 32 - 32) =      5.21532  eV     1   --> A              
     e( 33 - 33) =      5.42897  eV     1   --> A              
     e( 34 - 34) =      5.48794  eV     1   --> A              
     e( 35 - 35) =      5.78296  eV     1   --> A              
     e( 36 - 36) =      5.95157  eV     1   --> A              
     e( 37 - 37) =      6.21659  eV     1   --> A              
     e( 38 - 38) =      6.32798  eV     1   --> A              
     e( 39 - 39) =      6.41758  eV     1   --> A              
     e( 40 - 40) =      6.53582  eV     1   --> A              
     e( 41 - 41) =      6.77013  eV     1   --> A              
     e( 42 - 42) =      6.87508  eV     1   --> A              
     e( 43 - 43) =      7.33865  eV     1   --> A              
     e( 44 - 44) =      7.46764  eV     1   --> A              
     e( 45 - 45) =      7.69984  eV     1   --> A              
     e( 46 - 46) =      7.79710  eV     1   --> A              
     e( 47 - 47) =      8.20591  eV     1   --> A              
     e( 48 - 48) =      8.24907  eV     1   --> A              
     e( 49 - 49) =      8.38811  eV     1   --> A              
     e( 50 - 50) =      8.61079  eV     1   --> A              
     e( 51 - 51) =      8.79742  eV     1   --> A              
     e( 52 - 52) =      9.13753  eV     1   --> A              
     e( 53 - 53) =      9.26611  eV     1   --> A              
     e( 54 - 54) =      9.70531  eV     1   --> A              
     e( 55 - 55) =     10.00672  eV     1   --> A              
     e( 56 - 56) =     10.19463  eV     1   --> A              
     e( 57 - 57) =     13.09741  eV     1   --> A              
     e( 58 - 58) =     13.52440  eV     1   --> A              
     e( 59 - 59) =     13.62816  eV     1   --> A              
     e( 60 - 60) =     13.91459  eV     1   --> A              
     e( 61 - 61) =     14.14994  eV     1   --> A              
     e( 62 - 62) =     14.66904  eV     1   --> A              
     e( 63 - 63) =     15.10167  eV     1   --> A              
     e( 64 - 64) =     15.39119  eV     1   --> A              
     e( 65 - 65) =     16.97356  eV     1   --> A              
     e( 66 - 66) =     18.01919  eV     1   --> A              
     e( 67 - 67) =     18.22622  eV     1   --> A              
     e( 68 - 68) =     19.06348  eV     1   --> A              
     e( 69 - 69) =     19.80402  eV     1   --> A              
     e( 70 - 70) =     20.13702  eV     1   --> A              
     e( 71 - 71) =     20.46500  eV     1   --> A              
     e( 72 - 72) =     20.85684  eV     1   --> A              
     e( 73 - 73) =     22.08146  eV     1   --> A              
     e( 74 - 74) =     22.24062  eV     1   --> A              
     e( 75 - 75) =     22.45181  eV     1   --> A              
     e( 76 - 76) =     23.47147  eV     1   --> A              
     e( 77 - 77) =     23.60647  eV     1   --> A              
     e( 78 - 78) =     24.02867  eV     1   --> A              
     e( 79 - 79) =     24.37363  eV     1   --> A              
     e( 80 - 80) =     24.76173  eV     1   --> A              

 **************************************************************************

 **************************************************************************

                    xk=(   0.44999,   0.40990,   0.00356  )

     Band symmetry, C_1 (1)     point group:

     e(  1 -  1) =    -91.70478  eV     1   --> A              
     e(  2 -  2) =    -68.88643  eV     1   --> A              
     e(  3 -  3) =    -64.32037  eV     1   --> A              
     e(  4 -  4) =    -64.30826  eV     1   --> A              
     e(  5 -  5) =    -52.14543  eV     1   --> A              
     e(  6 -  6) =    -52.14055  eV     1   --> A              
     e(  7 -  7) =    -52.12800  eV     1   --> A              
     e(  8 -  8) =    -37.94166  eV     1   --> A              
     e(  9 -  9) =    -37.93317  eV     1   --> A              
     e( 10 - 10) =    -37.91717  eV     1   --> A              
     e( 11 - 11) =    -28.75813  eV     1   --> A              
     e( 12 - 12) =    -28.70030  eV     1   --> A              
     e( 13 - 13) =    -28.67500  eV     1   --> A              
     e( 14 - 14) =    -28.61366  eV     1   --> A              
     e( 15 - 15) =    -28.60035  eV     1   --> A              
     e( 16 - 16) =    -28.53575  eV     1   --> A              
     e( 17 - 17) =     -8.07168  eV     1   --> A              
     e( 18 - 18) =     -7.54659  eV     1   --> A              
     e( 19 - 19) =     -7.28419  eV     1   --> A              
     e( 20 - 20) =     -7.02289  eV     1   --> A              
     e( 21 - 21) =     -6.94092  eV     1   --> A              
     e( 22 - 22) =     -6.60238  eV     1   --> A              
     e( 23 - 23) =     -6.52248  eV     1   --> A              
     e( 24 - 24) =     -6.33083  eV     1   --> A              
     e( 25 - 25) =      3.32929  eV     1   --> A              
     e( 26 - 26) =      3.81554  eV     1   --> A              
     e( 27 - 27) =      4.05800  eV     1   --> A              
     e( 28 - 28) =      4.20067  eV     1   --> A              
     e( 29 - 29) =      4.67897  eV     1   --> A              
     e( 30 - 30) =      4.72238  eV     1   --> A              
     e( 31 - 31) =      5.01201  eV     1   --> A              
     e( 32 - 32) =      5.22913  eV     1   --> A              
     e( 33 - 33) =      5.39082  eV     1   --> A              
     e( 34 - 34) =      5.49032  eV     1   --> A              
     e( 35 - 35) =      5.81646  eV     1   --> A              
     e( 36 - 36) =      6.01282  eV     1   --> A              
     e( 37 - 37) =      6.19878  eV     1   --> A              
     e( 38 - 38) =      6.33045  eV     1   --> A              
     e( 39 - 39) =      6.42333  eV     1   --> A              
     e( 40 - 40) =      6.52923  eV     1   --> A              
     e( 41 - 41) =      6.68609  eV     1   --> A              
     e( 42 - 42) =      6.85093  eV     1   --> A              
     e( 43 - 43) =      7.32076  eV     1   --> A              
     e( 44 - 44) =      7.43340  eV     1   --> A              
     e( 45 - 45) =      7.73215  eV     1   --> A              
     e( 46 - 46) =      7.82206  eV     1   --> A              
     e( 47 - 47) =      8.20548  eV     1   --> A              
     e( 48 - 48) =      8.26463  eV     1   --> A              
     e( 49 - 49) =      8.43515  eV     1   --> A              
     e( 50 - 50) =      8.58418  eV     1   --> A              
     e( 51 - 51) =      8.79289  eV     1   --> A              
     e( 52 - 52) =      9.15331  eV     1   --> A              
     e( 53 - 53) =      9.25222  eV     1   --> A              
     e( 54 - 54) =      9.71995  eV     1   --> A              
     e( 55 - 55) =      9.98759  eV     1   --> A              
     e( 56 - 56) =     10.18665  eV     1   --> A              
     e( 57 - 57) =     13.09457  eV     1   --> A              
     e( 58 - 58) =     13.52463  eV     1   --> A              
     e( 59 - 59) =     13.63308  eV     1   --> A              
     e( 60 - 60) =     13.89907  eV     1   --> A              
     e( 61 - 61) =     14.14138  eV     1   --> A              
     e( 62 - 62) =     14.68448  eV     1   --> A              
     e( 63 - 63) =     15.11982  eV     1   --> A              
     e( 64 - 64) =     15.36950  eV     1   --> A              
     e( 65 - 65) =     16.94916  eV     1   --> A              
     e( 66 - 66) =     18.03419  eV     1   --> A              
     e( 67 - 67) =     18.25106  eV     1   --> A              
     e( 68 - 68) =     19.11300  eV     1   --> A              
     e( 69 - 69) =     19.84394  eV     1   --> A              
     e( 70 - 70) =     20.15597  eV     1   --> A              
     e( 71 - 71) =     20.45505  eV     1   --> A              
     e( 72 - 72) =     20.77359  eV     1   --> A              
     e( 73 - 73) =     22.06143  eV     1   --> A              
     e( 74 - 74) =     22.22919  eV     1   --> A              
     e( 75 - 75) =     22.42777  eV     1   --> A              
     e( 76 - 76) =     23.49397  eV     1   --> A              
     e( 77 - 77) =     23.64087  eV     1   --> A              
     e( 78 - 78) =     24.02124  eV     1   --> A              
     e( 79 - 79) =     24.36853  eV     1   --> A              
     e( 80 - 80) =     24.67029  eV     1   --> A              

 **************************************************************************

 **************************************************************************

                    xk=(   0.47499,   0.40990,   0.00375  )

     Band symmetry, C_1 (1)     point group:

     e(  1 -  1) =    -91.70478  eV     1   --> A              
     e(  2 -  2) =    -68.88643  eV     1   --> A              
     e(  3 -  3) =    -64.32037  eV     1   --> A              
     e(  4 -  4) =    -64.30826  eV     1   --> A              
     e(  5 -  5) =    -52.14543  eV     1   --> A              
     e(  6 -  6) =    -52.14055  eV     1   --> A              
     e(  7 -  7) =    -52.12800  eV     1   --> A              
     e(  8 -  8) =    -37.94166  eV     1   --> A              
     e(  9 -  9) =    -37.93317  eV     1   --> A              
     e( 10 - 10) =    -37.91717  eV     1   --> A              
     e( 11 - 11) =    -28.75813  eV     1   --> A              
     e( 12 - 12) =    -28.70029  eV     1   --> A              
     e( 13 - 13) =    -28.67504  eV     1   --> A              
     e( 14 - 14) =    -28.61370  eV     1   --> A              
     e( 15 - 15) =    -28.60034  eV     1   --> A              
     e( 16 - 16) =    -28.53576  eV     1   --> A              
     e( 17 - 17) =     -8.06762  eV     1   --> A              
     e( 18 - 18) =     -7.54260  eV     1   --> A              
     e( 19 - 19) =     -7.28849  eV     1   --> A              
     e( 20 - 20) =     -7.02471  eV     1   --> A              
     e( 21 - 21) =     -6.93924  eV     1   --> A              
     e( 22 - 22) =     -6.60053  eV     1   --> A              
     e( 23 - 23) =     -6.52731  eV     1   --> A              
     e( 24 - 24) =     -6.33229  eV     1   --> A              
     e( 25 - 25) =      3.31877  eV     1   --> A              
     e( 26 - 26) =      3.81621  eV     1   --> A              
     e( 27 - 27) =      4.06191  eV     1   --> A              
     e( 28 - 28) =      4.18890  eV     1   --> A              
     e( 29 - 29) =      4.69632  eV     1   --> A              
     e( 30 - 30) =      4.71633  eV     1   --> A              
     e( 31 - 31) =      5.04121  eV     1   --> A              
     e( 32 - 32) =      5.24842  eV     1   --> A              
     e( 33 - 33) =      5.34422  eV     1   --> A              
     e( 34 - 34) =      5.49780  eV     1   --> A              
     e( 35 - 35) =      5.84211  eV     1   --> A              
     e( 36 - 36) =      6.06397  eV     1   --> A              
     e( 37 - 37) =      6.18411  eV     1   --> A              
     e( 38 - 38) =      6.33889  eV     1   --> A              
     e( 39 - 39) =      6.39281  eV     1   --> A              
     e( 40 - 40) =      6.55376  eV     1   --> A              
     e( 41 - 41) =      6.62453  eV     1   --> A              
     e( 42 - 42) =      6.83255  eV     1   --> A              
     e( 43 - 43) =      7.31068  eV     1   --> A              
     e( 44 - 44) =      7.41025  eV     1   --> A              
     e( 45 - 45) =      7.75526  eV     1   --> A              
     e( 46 - 46) =      7.83316  eV     1   --> A              
     e( 47 - 47) =      8.20519  eV     1   --> A              
     e( 48 - 48) =      8.27514  eV     1   --> A              
     e( 49 - 49) =      8.47959  eV     1   --> A              
     e( 50 - 50) =      8.55361  eV     1   --> A              
     e( 51 - 51) =      8.78896  eV     1   --> A              
     e( 52 - 52) =      9.16717  eV     1   --> A              
     e( 53 - 53) =      9.24006  eV     1   --> A              
     e( 54 - 54) =      9.72850  eV     1   --> A              
     e( 55 - 55) =      9.97582  eV     1   --> A              
     e( 56 - 56) =     10.18157  eV     1   --> A              
     e( 57 - 57) =     13.09253  eV     1   --> A              
     e( 58 - 58) =     13.52487  eV     1   --> A              
     e( 59 - 59) =     13.63648  eV     1   --> A              
     e( 60 - 60) =     13.88941  eV     1   --> A              
     e( 61 - 61) =     14.13608  eV     1   --> A              
     e( 62 - 62) =     14.69382  eV     1   --> A              
     e( 63 - 63) =     15.13335  eV     1   --> A              
     e( 64 - 64) =     15.35389  eV     1   --> A              
     e( 65 - 65) =     16.93440  eV     1   --> A              
     e( 66 - 66) =     18.04334  eV     1   --> A              
     e( 67 - 67) =     18.26632  eV     1   --> A              
     e( 68 - 68) =     19.14324  eV     1   --> A              
     e( 69 - 69) =     19.87515  eV     1   --> A              
     e( 70 - 70) =     20.15567  eV     1   --> A              
     e( 71 - 71) =     20.47253  eV     1   --> A              
     e( 72 - 72) =     20.70447  eV     1   --> A              
     e( 73 - 73) =     22.04905  eV     1   --> A              
     e( 74 - 74) =     22.22242  eV     1   --> A              
     e( 75 - 75) =     22.41228  eV     1   --> A              
     e( 76 - 76) =     23.49152  eV     1   --> A              
     e( 77 - 77) =     23.69185  eV     1   --> A              
     e( 78 - 78) =     24.01386  eV     1   --> A              
     e( 79 - 79) =     24.35365  eV     1   --> A              
     e( 80 - 80) =     24.61451  eV     1   --> A              

 **************************************************************************

 **************************************************************************

                    xk=(   0.49999,   0.40990,   0.00395  )

     point group C_2  (2)   
     there are  2 classes
     the character table:

       E     C2   
A      1.00  1.00
B      1.00 -1.00

     the symmetry operations in each class and the name of the first element:

     E        1
                                                                 
     C2       2
                                                                 

     Band symmetry, C_2  (2)    point group:

     e(  1 -  1) =    -91.70478  eV     1   --> B              
     e(  2 -  2) =    -68.88643  eV     1   --> B              
     e(  3 -  3) =    -64.32037  eV     1   --> A              
     e(  4 -  4) =    -64.30826  eV     1   --> A              
     e(  5 -  5) =    -52.14543  eV     1   --> A              
     e(  6 -  6) =    -52.14055  eV     1   --> A              
     e(  7 -  7) =    -52.12800  eV     1   --> B              
     e(  8 -  8) =    -37.94166  eV     1   --> A              
     e(  9 -  9) =    -37.93317  eV     1   --> B              
     e( 10 - 10) =    -37.91717  eV     1   --> A              
     e( 11 - 11) =    -28.75813  eV     1   --> B              
     e( 12 - 12) =    -28.70028  eV     1   --> A              
     e( 13 - 13) =    -28.67505  eV     1   --> B              
     e( 14 - 14) =    -28.61371  eV     1   --> B              
     e( 15 - 15) =    -28.60034  eV     1   --> A              
     e( 16 - 16) =    -28.53576  eV     1   --> B              
     e( 17 - 17) =     -8.06625  eV     1   --> A              
     e( 18 - 18) =     -7.54123  eV     1   --> B              
     e( 19 - 19) =     -7.28996  eV     1   --> A              
     e( 20 - 20) =     -7.02532  eV     1   --> B              
     e( 21 - 21) =     -6.93867  eV     1   --> A              
     e( 22 - 22) =     -6.59989  eV     1   --> A              
     e( 23 - 23) =     -6.52898  eV     1   --> B              
     e( 24 - 24) =     -6.33276  eV     1   --> B              
     e( 25 - 25) =      3.31525  eV     1   --> B              
     e( 26 - 26) =      3.81642  eV     1   --> A              
     e( 27 - 27) =      4.06361  eV     1   --> B              
     e( 28 - 28) =      4.18454  eV     1   --> A              
     e( 29 - 29) =      4.70571  eV     1   --> A              
     e( 30 - 30) =      4.71077  eV     1   --> B              
     e( 31 - 31) =      5.05216  eV     1   --> B              
     e( 32 - 32) =      5.26425  eV     1   --> B              
     e( 33 - 33) =      5.31741  eV     1   --> A              
     e( 34 - 34) =      5.50079  eV     1   --> A              
     e( 35 - 35) =      5.85168  eV     1   --> A              
     e( 36 - 36) =      6.08631  eV     1   --> A              
     e( 37 - 37) =      6.17690  eV     1   --> B              
     e( 38 - 38) =      6.34826  eV     1   --> B              
     e( 39 - 39) =      6.37276  eV     1   --> A              
     e( 40 - 40) =      6.56575  eV     1   --> A              
     e( 41 - 41) =      6.60109  eV     1   --> B              
     e( 42 - 42) =      6.82522  eV     1   --> B              
     e( 43 - 43) =      7.30753  eV     1   --> B              
     e( 44 - 44) =      7.40197  eV     1   --> A              
     e( 45 - 45) =      7.76402  eV     1   --> A              
     e( 46 - 46) =      7.83571  eV     1   --> B              
     e( 47 - 47) =      8.20509  eV     1   --> B              
     e( 48 - 48) =      8.27909  eV     1   --> A              
     e( 49 - 49) =      8.51704  eV     1   --> A              
     e( 50 - 50) =      8.52091  eV     1   --> B              
     e( 51 - 51) =      8.78738  eV     1   --> B              
     e( 52 - 52) =      9.17332  eV     1   --> B              
     e( 53 - 53) =      9.23458  eV     1   --> A              
     e( 54 - 54) =      9.73129  eV     1   --> B              
     e( 55 - 55) =      9.97184  eV     1   --> A              
     e( 56 - 56) =     10.17983  eV     1   --> B              
     e( 57 - 57) =     13.09179  eV     1   --> A              
     e( 58 - 58) =     13.52497  eV     1   --> B              
     e( 59 - 59) =     13.63770  eV     1   --> A              
     e( 60 - 60) =     13.88613  eV     1   --> B              
     e( 61 - 61) =     14.13428  eV     1   --> A              
     e( 62 - 62) =     14.69695  eV     1   --> A              
     e( 63 - 63) =     15.13847  eV     1   --> A              
     e( 64 - 64) =     15.34807  eV     1   --> B              
     e( 65 - 65) =     16.92946  eV     1   --> B              
     e( 66 - 66) =     18.04642  eV     1   --> A              
     e( 67 - 67) =     18.27147  eV     1   --> B              
     e( 68 - 68) =     19.15338  eV     1   --> A              
     e( 69 - 69) =     19.88757  eV     1   --> A              
     e( 70 - 70) =     20.15203  eV     1   --> B              
     e( 71 - 71) =     20.48796  eV     1   --> B              
     e( 72 - 72) =     20.67336  eV     1   --> A              
     e( 73 - 73) =     22.04486  eV     1   --> B              
     e( 74 - 74) =     22.22019  eV     1   --> A              
     e( 75 - 75) =     22.40692  eV     1   --> B              
     e( 76 - 76) =     23.48911  eV     1   --> A              
     e( 77 - 77) =     23.71432  eV     1   --> A              
     e( 78 - 78) =     24.01038  eV     1   --> B              
     e( 79 - 79) =     24.34471  eV     1   --> B              
     e( 80 - 80) =     24.59685  eV     1   --> B              

 **************************************************************************

 **************************************************************************

                    xk=(   0.47499,   0.38941,   0.00375  )

     point group C_1 (1)    
     there are  1 classes
     the character table:

       E    
A      1.00

     the symmetry operations in each class and the name of the first element:

     E        1
                                                                 

     Band symmetry, C_1 (1)     point group:

     e(  1 -  1) =    -91.70478  eV     1   --> A              
     e(  2 -  2) =    -68.88643  eV     1   --> A              
     e(  3 -  3) =    -64.32037  eV     1   --> A              
     e(  4 -  4) =    -64.30826  eV     1   --> A              
     e(  5 -  5) =    -52.14543  eV     1   --> A              
     e(  6 -  6) =    -52.14055  eV     1   --> A              
     e(  7 -  7) =    -52.12800  eV     1   --> A              
     e(  8 -  8) =    -37.94166  eV     1   --> A              
     e(  9 -  9) =    -37.93317  eV     1   --> A              
     e( 10 - 10) =    -37.91717  eV     1   --> A              
     e( 11 - 11) =    -28.75814  eV     1   --> A              
     e( 12 - 12) =    -28.70031  eV     1   --> A              
     e( 13 - 13) =    -28.67504  eV     1   --> A              
     e( 14 - 14) =    -28.61369  eV     1   --> A              
     e( 15 - 15) =    -28.60032  eV     1   --> A              
     e( 16 - 16) =    -28.53576  eV     1   --> A              
     e( 17 - 17) =     -8.06851  eV     1   --> A              
     e( 18 - 18) =     -7.54177  eV     1   --> A              
     e( 19 - 19) =     -7.28837  eV     1   --> A              
     e( 20 - 20) =     -7.02452  eV     1   --> A              
     e( 21 - 21) =     -6.93861  eV     1   --> A              
     e( 22 - 22) =     -6.60012  eV     1   --> A              
     e( 23 - 23) =     -6.52869  eV     1   --> A              
     e( 24 - 24) =     -6.33219  eV     1   --> A              
     e( 25 - 25) =      3.32049  eV     1   --> A              
     e( 26 - 26) =      3.81578  eV     1   --> A              
     e( 27 - 27) =      4.06393  eV     1   --> A              
     e( 28 - 28) =      4.18925  eV     1   --> A              
     e( 29 - 29) =      4.69559  eV     1   --> A              
     e( 30 - 30) =      4.71575  eV     1   --> A              
     e( 31 - 31) =      5.03727  eV     1   --> A              
     e( 32 - 32) =      5.24750  eV     1   --> A              
     e( 33 - 33) =      5.32714  eV     1   --> A              
     e( 34 - 34) =      5.51294  eV     1   --> A              
     e( 35 - 35) =      5.84456  eV     1   --> A              
     e( 36 - 36) =      6.05694  eV     1   --> A              
     e( 37 - 37) =      6.17529  eV     1   --> A              
     e( 38 - 38) =      6.34255  eV     1   --> A              
     e( 39 - 39) =      6.39284  eV     1   --> A              
     e( 40 - 40) =      6.56171  eV     1   --> A              
     e( 41 - 41) =      6.63231  eV     1   --> A              
     e( 42 - 42) =      6.83289  eV     1   --> A              
     e( 43 - 43) =      7.31255  eV     1   --> A              
     e( 44 - 44) =      7.41060  eV     1   --> A              
     e( 45 - 45) =      7.75468  eV     1   --> A              
     e( 46 - 46) =      7.82944  eV     1   --> A              
     e( 47 - 47) =      8.20635  eV     1   --> A              
     e( 48 - 48) =      8.26488  eV     1   --> A              
     e( 49 - 49) =      8.48505  eV     1   --> A              
     e( 50 - 50) =      8.55571  eV     1   --> A              
     e( 51 - 51) =      8.79126  eV     1   --> A              
     e( 52 - 52) =      9.16580  eV     1   --> A              
     e( 53 - 53) =      9.24127  eV     1   --> A              
     e( 54 - 54) =      9.72835  eV     1   --> A              
     e( 55 - 55) =      9.97801  eV     1   --> A              
     e( 56 - 56) =     10.18309  eV     1   --> A              
     e( 57 - 57) =     13.09341  eV     1   --> A              
     e( 58 - 58) =     13.52265  eV     1   --> A              
     e( 59 - 59) =     13.63541  eV     1   --> A              
     e( 60 - 60) =     13.89152  eV     1   --> A              
     e( 61 - 61) =     14.13511  eV     1   --> A              
     e( 62 - 62) =     14.69292  eV     1   --> A              
     e( 63 - 63) =     15.13452  eV     1   --> A              
     e( 64 - 64) =     15.35334  eV     1   --> A              
     e( 65 - 65) =     16.93879  eV     1   --> A              
     e( 66 - 66) =     18.03889  eV     1   --> A              
     e( 67 - 67) =     18.26646  eV     1   --> A              
     e( 68 - 68) =     19.13952  eV     1   --> A              
     e( 69 - 69) =     19.86359  eV     1   --> A              
     e( 70 - 70) =     20.14804  eV     1   --> A              
     e( 71 - 71) =     20.47742  eV     1   --> A              
     e( 72 - 72) =     20.71864  eV     1   --> A              
     e( 73 - 73) =     22.04106  eV     1   --> A              
     e( 74 - 74) =     22.22067  eV     1   --> A              
     e( 75 - 75) =     22.41647  eV     1   --> A              
     e( 76 - 76) =     23.48297  eV     1   --> A              
     e( 77 - 77) =     23.70527  eV     1   --> A              
     e( 78 - 78) =     24.00220  eV     1   --> A              
     e( 79 - 79) =     24.34506  eV     1   --> A              
     e( 80 - 80) =     24.62124  eV     1   --> A              

 **************************************************************************

 **************************************************************************

                    xk=(   0.44999,   0.36891,   0.00356  )

     Band symmetry, C_1 (1)     point group:

     e(  1 -  1) =    -91.70478  eV     1   --> A              
     e(  2 -  2) =    -68.88643  eV     1   --> A              
     e(  3 -  3) =    -64.32037  eV     1   --> A              
     e(  4 -  4) =    -64.30825  eV     1   --> A              
     e(  5 -  5) =    -52.14543  eV     1   --> A              
     e(  6 -  6) =    -52.14055  eV     1   --> A              
     e(  7 -  7) =    -52.12800  eV     1   --> A              
     e(  8 -  8) =    -37.94166  eV     1   --> A              
     e(  9 -  9) =    -37.93317  eV     1   --> A              
     e( 10 - 10) =    -37.91717  eV     1   --> A              
     e( 11 - 11) =    -28.75816  eV     1   --> A              
     e( 12 - 12) =    -28.70039  eV     1   --> A              
     e( 13 - 13) =    -28.67501  eV     1   --> A              
     e( 14 - 14) =    -28.61364  eV     1   --> A              
     e( 15 - 15) =    -28.60025  eV     1   --> A              
     e( 16 - 16) =    -28.53573  eV     1   --> A              
     e( 17 - 17) =     -8.07548  eV     1   --> A              
     e( 18 - 18) =     -7.54288  eV     1   --> A              
     e( 19 - 19) =     -7.28382  eV     1   --> A              
     e( 20 - 20) =     -7.02214  eV     1   --> A              
     e( 21 - 21) =     -6.93841  eV     1   --> A              
     e( 22 - 22) =     -6.60083  eV     1   --> A              
     e( 23 - 23) =     -6.52781  eV     1   --> A              
     e( 24 - 24) =     -6.33052  eV     1   --> A              
     e( 25 - 25) =      3.33599  eV     1   --> A              
     e( 26 - 26) =      3.81424  eV     1   --> A              
     e( 27 - 27) =      4.06392  eV     1   --> A              
     e( 28 - 28) =      4.20329  eV     1   --> A              
     e( 29 - 29) =      4.67449  eV     1   --> A              
     e( 30 - 30) =      4.72115  eV     1   --> A              
     e( 31 - 31) =      4.99545  eV     1   --> A              
     e( 32 - 32) =      5.22161  eV     1   --> A              
     e( 33 - 33) =      5.33945  eV     1   --> A              
     e( 34 - 34) =      5.53592  eV     1   --> A              
     e( 35 - 35) =      5.82764  eV     1   --> A              
     e( 36 - 36) =      5.99383  eV     1   --> A              
     e( 37 - 37) =      6.17070  eV     1   --> A              
     e( 38 - 38) =      6.34345  eV     1   --> A              
     e( 39 - 39) =      6.41940  eV     1   --> A              
     e( 40 - 40) =      6.55130  eV     1   --> A              
     e( 41 - 41) =      6.71249  eV     1   --> A              
     e( 42 - 42) =      6.85906  eV     1   --> A              
     e( 43 - 43) =      7.32763  eV     1   --> A              
     e( 44 - 44) =      7.43392  eV     1   --> A              
     e( 45 - 45) =      7.73032  eV     1   --> A              
     e( 46 - 46) =      7.80567  eV     1   --> A              
     e( 47 - 47) =      8.20941  eV     1   --> A              
     e( 48 - 48) =      8.23016  eV     1   --> A              
     e( 49 - 49) =      8.45945  eV     1   --> A              
     e( 50 - 50) =      8.58863  eV     1   --> A              
     e( 51 - 51) =      8.79993  eV     1   --> A              
     e( 52 - 52) =      9.15069  eV     1   --> A              
     e( 53 - 53) =      9.25460  eV     1   --> A              
     e( 54 - 54) =      9.71945  eV     1   --> A              
     e( 55 - 55) =      9.99439  eV     1   --> A              
     e( 56 - 56) =     10.19362  eV     1   --> A              
     e( 57 - 57) =     13.09802  eV     1   --> A              
     e( 58 - 58) =     13.51628  eV     1   --> A              
     e( 59 - 59) =     13.62909  eV     1   --> A              
     e( 60 - 60) =     13.90581  eV     1   --> A              
     e( 61 - 61) =     14.13820  eV     1   --> A              
     e( 62 - 62) =     14.68148  eV     1   --> A              
     e( 63 - 63) =     15.12404  eV     1   --> A              
     e( 64 - 64) =     15.36752  eV     1   --> A              
     e( 65 - 65) =     16.96632  eV     1   --> A              
     e( 66 - 66) =     18.01580  eV     1   --> A              
     e( 67 - 67) =     18.25256  eV     1   --> A              
     e( 68 - 68) =     19.09695  eV     1   --> A              
     e( 69 - 69) =     19.80086  eV     1   --> A              
     e( 70 - 70) =     20.14509  eV     1   --> A              
     e( 71 - 71) =     20.46238  eV     1   --> A              
     e( 72 - 72) =     20.82030  eV     1   --> A              
     e( 73 - 73) =     22.03277  eV     1   --> A              
     e( 74 - 74) =     22.22259  eV     1   --> A              
     e( 75 - 75) =     22.44099  eV     1   --> A              
     e( 76 - 76) =     23.45794  eV     1   --> A              
     e( 77 - 77) =     23.69932  eV     1   --> A              
     e( 78 - 78) =     23.97558  eV     1   --> A              
     e( 79 - 79) =     24.34009  eV     1   --> A              
     e( 80 - 80) =     24.69107  eV     1   --> A              

 **************************************************************************

 **************************************************************************

                    xk=(   0.42499,   0.34842,   0.00336  )

     Band symmetry, C_1 (1)     point group:

     e(  1 -  1) =    -91.70478  eV     1   --> A              
     e(  2 -  2) =    -68.88643  eV     1   --> A              
     e(  3 -  3) =    -64.32037  eV     1   --> A              
     e(  4 -  4) =    -64.30824  eV     1   --> A              
     e(  5 -  5) =    -52.14543  eV     1   --> A              
     e(  6 -  6) =    -52.14055  eV     1   --> A              
     e(  7 -  7) =    -52.12800  eV     1   --> A              
     e(  8 -  8) =    -37.94165  eV     1   --> A              
     e(  9 -  9) =    -37.93317  eV     1   --> A              
     e( 10 - 10) =    -37.91716  eV     1   --> A              
     e( 11 - 11) =    -28.75821  eV     1   --> A              
     e( 12 - 12) =    -28.70053  eV     1   --> A              
     e( 13 - 13) =    -28.67496  eV     1   --> A              
     e( 14 - 14) =    -28.61357  eV     1   --> A              
     e( 15 - 15) =    -28.60014  eV     1   --> A              
     e( 16 - 16) =    -28.53569  eV     1   --> A              
     e( 17 - 17) =     -8.08761  eV     1   --> A              
     e( 18 - 18) =     -7.54329  eV     1   --> A              
     e( 19 - 19) =     -7.27686  eV     1   --> A              
     e( 20 - 20) =     -7.01828  eV     1   --> A              
     e( 21 - 21) =     -6.93798  eV     1   --> A              
     e( 22 - 22) =     -6.60217  eV     1   --> A              
     e( 23 - 23) =     -6.52637  eV     1   --> A              
     e( 24 - 24) =     -6.32783  eV     1   --> A              
     e( 25 - 25) =      3.36112  eV     1   --> A              
     e( 26 - 26) =      3.81284  eV     1   --> A              
     e( 27 - 27) =      4.06129  eV     1   --> A              
     e( 28 - 28) =      4.22590  eV     1   --> A              
     e( 29 - 29) =      4.64139  eV     1   --> A              
     e( 30 - 30) =      4.72752  eV     1   --> A              
     e( 31 - 31) =      4.93616  eV     1   --> A              
     e( 32 - 32) =      5.20071  eV     1   --> A              
     e( 33 - 33) =      5.34865  eV     1   --> A              
     e( 34 - 34) =      5.54348  eV     1   --> A              
     e( 35 - 35) =      5.81384  eV     1   --> A              
     e( 36 - 36) =      5.92942  eV     1   --> A              
     e( 37 - 37) =      6.16585  eV     1   --> A              
     e( 38 - 38) =      6.34397  eV     1   --> A              
     e( 39 - 39) =      6.43572  eV     1   --> A              
     e( 40 - 40) =      6.54858  eV     1   --> A              
     e( 41 - 41) =      6.80541  eV     1   --> A              
     e( 42 - 42) =      6.91530  eV     1   --> A              
     e( 43 - 43) =      7.35188  eV     1   --> A              
     e( 44 - 44) =      7.46575  eV     1   --> A              
     e( 45 - 45) =      7.69777  eV     1   --> A              
     e( 46 - 46) =      7.75686  eV     1   --> A              
     e( 47 - 47) =      8.18085  eV     1   --> A              
     e( 48 - 48) =      8.22559  eV     1   --> A              
     e( 49 - 49) =      8.44136  eV     1   --> A              
     e( 50 - 50) =      8.61478  eV     1   --> A              
     e( 51 - 51) =      8.80688  eV     1   --> A              
     e( 52 - 52) =      9.13683  eV     1   --> A              
     e( 53 - 53) =      9.26743  eV     1   --> A              
     e( 54 - 54) =      9.70464  eV     1   --> A              
     e( 55 - 55) =     10.01543  eV     1   --> A              
     e( 56 - 56) =     10.21331  eV     1   --> A              
     e( 57 - 57) =     13.10498  eV     1   --> A              
     e( 58 - 58) =     13.50742  eV     1   --> A              
     e( 59 - 59) =     13.61975  eV     1   --> A              
     e( 60 - 60) =     13.92418  eV     1   --> A              
     e( 61 - 61) =     14.14532  eV     1   --> A              
     e( 62 - 62) =     14.66447  eV     1   --> A              
     e( 63 - 63) =     15.10989  eV     1   --> A              
     e( 64 - 64) =     15.38717  eV     1   --> A              
     e( 65 - 65) =     17.01057  eV     1   --> A              
     e( 66 - 66) =     17.97645  eV     1   --> A              
     e( 67 - 67) =     18.23226  eV     1   --> A              
     e( 68 - 68) =     19.02442  eV     1   --> A              
     e( 69 - 69) =     19.72200  eV     1   --> A              
     e( 70 - 70) =     20.15191  eV     1   --> A              
     e( 71 - 71) =     20.45107  eV     1   --> A              
     e( 72 - 72) =     20.93894  eV     1   --> A              
     e( 73 - 73) =     22.02740  eV     1   --> A              
     e( 74 - 74) =     22.22603  eV     1   --> A              
     e( 75 - 75) =     22.47191  eV     1   --> A              
     e( 76 - 76) =     23.41372  eV     1   --> A              
     e( 77 - 77) =     23.71913  eV     1   --> A              
     e( 78 - 78) =     23.93488  eV     1   --> A              
     e( 79 - 79) =     24.32787  eV     1   --> A              
     e( 80 - 80) =     24.78480  eV     1   --> A              

 **************************************************************************

 **************************************************************************

                    xk=(   0.39999,   0.32792,   0.00316  )

     Band symmetry, C_1 (1)     point group:

     e(  1 -  1) =    -91.70478  eV     1   --> A              
     e(  2 -  2) =    -68.88643  eV     1   --> A              
     e(  3 -  3) =    -64.32037  eV     1   --> A              
     e(  4 -  4) =    -64.30823  eV     1   --> A              
     e(  5 -  5) =    -52.14543  eV     1   --> A              
     e(  6 -  6) =    -52.14055  eV     1   --> A              
     e(  7 -  7) =    -52.12800  eV     1   --> A              
     e(  8 -  8) =    -37.94165  eV     1   --> A              
     e(  9 -  9) =    -37.93317  eV     1   --> A              
     e( 10 - 10) =    -37.91716  eV     1   --> A              
     e( 11 - 11) =    -28.75827  eV     1   --> A              
     e( 12 - 12) =    -28.70070  eV     1   --> A              
     e( 13 - 13) =    -28.67489  eV     1   --> A              
     e( 14 - 14) =    -28.61346  eV     1   --> A              
     e( 15 - 15) =    -28.60000  eV     1   --> A              
     e( 16 - 16) =    -28.53563  eV     1   --> A              
     e( 17 - 17) =     -8.10543  eV     1   --> A              
     e( 18 - 18) =     -7.54135  eV     1   --> A              
     e( 19 - 19) =     -7.26817  eV     1   --> A              
     e( 20 - 20) =     -7.01313  eV     1   --> A              
     e( 21 - 21) =     -6.93717  eV     1   --> A              
     e( 22 - 22) =     -6.60428  eV     1   --> A              
     e( 23 - 23) =     -6.52434  eV     1   --> A              
     e( 24 - 24) =     -6.32429  eV     1   --> A              
     e( 25 - 25) =      3.39471  eV     1   --> A              
     e( 26 - 26) =      3.81294  eV     1   --> A              
     e( 27 - 27) =      4.05349  eV     1   --> A              
     e( 28 - 28) =      4.25498  eV     1   --> A              
     e( 29 - 29) =      4.59528  eV     1   --> A              
     e( 30 - 30) =      4.73619  eV     1   --> A              
     e( 31 - 31) =      4.87074  eV     1   --> A              
     e( 32 - 32) =      5.18413  eV     1   --> A              
     e( 33 - 33) =      5.35628  eV     1   --> A              
     e( 34 - 34) =      5.52182  eV     1   --> A              
     e( 35 - 35) =      5.81213  eV     1   --> A              
     e( 36 - 36) =      5.87857  eV     1   --> A              
     e( 37 - 37) =      6.16224  eV     1   --> A              
     e( 38 - 38) =      6.33629  eV     1   --> A              
     e( 39 - 39) =      6.43693  eV     1   --> A              
     e( 40 - 40) =      6.56570  eV     1   --> A              
     e( 41 - 41) =      6.88360  eV     1   --> A              
     e( 42 - 42) =      7.01091  eV     1   --> A              
     e( 43 - 43) =      7.38172  eV     1   --> A              
     e( 44 - 44) =      7.49729  eV     1   --> A              
     e( 45 - 45) =      7.66049  eV     1   --> A              
     e( 46 - 46) =      7.68891  eV     1   --> A              
     e( 47 - 47) =      8.14278  eV     1   --> A              
     e( 48 - 48) =      8.24305  eV     1   --> A              
     e( 49 - 49) =      8.42781  eV     1   --> A              
     e( 50 - 50) =      8.63281  eV     1   --> A              
     e( 51 - 51) =      8.80686  eV     1   --> A              
     e( 52 - 52) =      9.12866  eV     1   --> A              
     e( 53 - 53) =      9.27676  eV     1   --> A              
     e( 54 - 54) =      9.68429  eV     1   --> A              
     e( 55 - 55) =     10.03471  eV     1   --> A              
     e( 56 - 56) =     10.24343  eV     1   --> A              
     e( 57 - 57) =     13.11330  eV     1   --> A              
     e( 58 - 58) =     13.49805  eV     1   --> A              
     e( 59 - 59) =     13.60807  eV     1   --> A              
     e( 60 - 60) =     13.94083  eV     1   --> A              
     e( 61 - 61) =     14.15860  eV     1   --> A              
     e( 62 - 62) =     14.64472  eV     1   --> A              
     e( 63 - 63) =     15.09469  eV     1   --> A              
     e( 64 - 64) =     15.40899  eV     1   --> A              
     e( 65 - 65) =     17.06882  eV     1   --> A              
     e( 66 - 66) =     17.92169  eV     1   --> A              
     e( 67 - 67) =     18.20718  eV     1   --> A              
     e( 68 - 68) =     18.92468  eV     1   --> A              
     e( 69 - 69) =     19.64624  eV     1   --> A              
     e( 70 - 70) =     20.16893  eV     1   --> A              
     e( 71 - 71) =     20.44151  eV     1   --> A              
     e( 72 - 72) =     21.05308  eV     1   --> A              
     e( 73 - 73) =     22.03315  eV     1   --> A              
     e( 74 - 74) =     22.22989  eV     1   --> A              
     e( 75 - 75) =     22.50207  eV     1   --> A              
     e( 76 - 76) =     23.36859  eV     1   --> A              
     e( 77 - 77) =     23.74235  eV     1   --> A              
     e( 78 - 78) =     23.90896  eV     1   --> A              
     e( 79 - 79) =     24.31360  eV     1   --> A              
     e( 80 - 80) =     24.86220  eV     1   --> A              

 **************************************************************************

 **************************************************************************

                    xk=(   0.37500,   0.30743,   0.00296  )

     Band symmetry, C_1 (1)     point group:

     e(  1 -  1) =    -91.70478  eV     1   --> A              
     e(  2 -  2) =    -68.88643  eV     1   --> A              
     e(  3 -  3) =    -64.32037  eV     1   --> A              
     e(  4 -  4) =    -64.30822  eV     1   --> A              
     e(  5 -  5) =    -52.14543  eV     1   --> A              
     e(  6 -  6) =    -52.14055  eV     1   --> A              
     e(  7 -  7) =    -52.12800  eV     1   --> A              
     e(  8 -  8) =    -37.94165  eV     1   --> A              
     e(  9 -  9) =    -37.93317  eV     1   --> A              
     e( 10 - 10) =    -37.91715  eV     1   --> A              
     e( 11 - 11) =    -28.75835  eV     1   --> A              
     e( 12 - 12) =    -28.70092  eV     1   --> A              
     e( 13 - 13) =    -28.67480  eV     1   --> A              
     e( 14 - 14) =    -28.61333  eV     1   --> A              
     e( 15 - 15) =    -28.59981  eV     1   --> A              
     e( 16 - 16) =    -28.53556  eV     1   --> A              
     e( 17 - 17) =     -8.12923  eV     1   --> A              
     e( 18 - 18) =     -7.53559  eV     1   --> A              
     e( 19 - 19) =     -7.25839  eV     1   --> A              
     e( 20 - 20) =     -7.00699  eV     1   --> A              
     e( 21 - 21) =     -6.93583  eV     1   --> A              
     e( 22 - 22) =     -6.60730  eV     1   --> A              
     e( 23 - 23) =     -6.52169  eV     1   --> A              
     e( 24 - 24) =     -6.32009  eV     1   --> A              
     e( 25 - 25) =      3.43487  eV     1   --> A              
     e( 26 - 26) =      3.81598  eV     1   --> A              
     e( 27 - 27) =      4.03821  eV     1   --> A              
     e( 28 - 28) =      4.28666  eV     1   --> A              
     e( 29 - 29) =      4.53810  eV     1   --> A              
     e( 30 - 30) =      4.74531  eV     1   --> A              
     e( 31 - 31) =      4.80949  eV     1   --> A              
     e( 32 - 32) =      5.16967  eV     1   --> A              
     e( 33 - 33) =      5.36274  eV     1   --> A              
     e( 34 - 34) =      5.48331  eV     1   --> A              
     e( 35 - 35) =      5.80378  eV     1   --> A              
     e( 36 - 36) =      5.85414  eV     1   --> A              
     e( 37 - 37) =      6.15957  eV     1   --> A              
     e( 38 - 38) =      6.31970  eV     1   --> A              
     e( 39 - 39) =      6.43541  eV     1   --> A              
     e( 40 - 40) =      6.59330  eV     1   --> A              
     e( 41 - 41) =      6.95489  eV     1   --> A              
     e( 42 - 42) =      7.12464  eV     1   --> A              
     e( 43 - 43) =      7.40615  eV     1   --> A              
     e( 44 - 44) =      7.51025  eV     1   --> A              
     e( 45 - 45) =      7.59892  eV     1   --> A              
     e( 46 - 46) =      7.65828  eV     1   --> A              
     e( 47 - 47) =      8.11420  eV     1   --> A              
     e( 48 - 48) =      8.26591  eV     1   --> A              
     e( 49 - 49) =      8.41801  eV     1   --> A              
     e( 50 - 50) =      8.64111  eV     1   --> A              
     e( 51 - 51) =      8.79920  eV     1   --> A              
     e( 52 - 52) =      9.12739  eV     1   --> A              
     e( 53 - 53) =      9.28107  eV     1   --> A              
     e( 54 - 54) =      9.65921  eV     1   --> A              
     e( 55 - 55) =     10.04846  eV     1   --> A              
     e( 56 - 56) =     10.28219  eV     1   --> A              
     e( 57 - 57) =     13.12187  eV     1   --> A              
     e( 58 - 58) =     13.49004  eV     1   --> A              
     e( 59 - 59) =     13.59436  eV     1   --> A              
     e( 60 - 60) =     13.95139  eV     1   --> A              
     e( 61 - 61) =     14.17853  eV     1   --> A              
     e( 62 - 62) =     14.62575  eV     1   --> A              
     e( 63 - 63) =     15.08033  eV     1   --> A              
     e( 64 - 64) =     15.43058  eV     1   --> A              
     e( 65 - 65) =     17.13647  eV     1   --> A              
     e( 66 - 66) =     17.85482  eV     1   --> A              
     e( 67 - 67) =     18.17667  eV     1   --> A              
     e( 68 - 68) =     18.80773  eV     1   --> A              
     e( 69 - 69) =     19.58071  eV     1   --> A              
     e( 70 - 70) =     20.19483  eV     1   --> A              
     e( 71 - 71) =     20.43209  eV     1   --> A              
     e( 72 - 72) =     21.14957  eV     1   --> A              
     e( 73 - 73) =     22.05624  eV     1   --> A              
     e( 74 - 74) =     22.23317  eV     1   --> A              
     e( 75 - 75) =     22.52868  eV     1   --> A              
     e( 76 - 76) =     23.33668  eV     1   --> A              
     e( 77 - 77) =     23.71549  eV     1   --> A              
     e( 78 - 78) =     23.95237  eV     1   --> A              
     e( 79 - 79) =     24.30117  eV     1   --> A              
     e( 80 - 80) =     24.87462  eV     1   --> A              

 **************************************************************************

 **************************************************************************

                    xk=(   0.35000,   0.28693,   0.00277  )

     Band symmetry, C_1 (1)     point group:

     e(  1 -  1) =    -91.70478  eV     1   --> A              
     e(  2 -  2) =    -68.88643  eV     1   --> A              
     e(  3 -  3) =    -64.32037  eV     1   --> A              
     e(  4 -  4) =    -64.30820  eV     1   --> A              
     e(  5 -  5) =    -52.14543  eV     1   --> A              
     e(  6 -  6) =    -52.14055  eV     1   --> A              
     e(  7 -  7) =    -52.12800  eV     1   --> A              
     e(  8 -  8) =    -37.94165  eV     1   --> A              
     e(  9 -  9) =    -37.93317  eV     1   --> A              
     e( 10 - 10) =    -37.91715  eV     1   --> A              
     e( 11 - 11) =    -28.75844  eV     1   --> A              
     e( 12 - 12) =    -28.70118  eV     1   --> A              
     e( 13 - 13) =    -28.67469  eV     1   --> A              
     e( 14 - 14) =    -28.61318  eV     1   --> A              
     e( 15 - 15) =    -28.59960  eV     1   --> A              
     e( 16 - 16) =    -28.53548  eV     1   --> A              
     e( 17 - 17) =     -8.15888  eV     1   --> A              
     e( 18 - 18) =     -7.52508  eV     1   --> A              
     e( 19 - 19) =     -7.24798  eV     1   --> A              
     e( 20 - 20) =     -7.00027  eV     1   --> A              
     e( 21 - 21) =     -6.93380  eV     1   --> A              
     e( 22 - 22) =     -6.61127  eV     1   --> A              
     e( 23 - 23) =     -6.51839  eV     1   --> A              
     e( 24 - 24) =     -6.31546  eV     1   --> A              
     e( 25 - 25) =      3.47875  eV     1   --> A              
     e( 26 - 26) =      3.82360  eV     1   --> A              
     e( 27 - 27) =      4.01375  eV     1   --> A              
     e( 28 - 28) =      4.31410  eV     1   --> A              
     e( 29 - 29) =      4.47575  eV     1   --> A              
     e( 30 - 30) =      4.72436  eV     1   --> A              
     e( 31 - 31) =      4.78802  eV     1   --> A              
     e( 32 - 32) =      5.15575  eV     1   --> A              
     e( 33 - 33) =      5.36649  eV     1   --> A              
     e( 34 - 34) =      5.44898  eV     1   --> A              
     e( 35 - 35) =      5.77656  eV     1   --> A              
     e( 36 - 36) =      5.85333  eV     1   --> A              
     e( 37 - 37) =      6.15656  eV     1   --> A              
     e( 38 - 38) =      6.30113  eV     1   --> A              
     e( 39 - 39) =      6.43975  eV     1   --> A              
     e( 40 - 40) =      6.61904  eV     1   --> A              
     e( 41 - 41) =      7.02408  eV     1   --> A              
     e( 42 - 42) =      7.23502  eV     1   --> A              
     e( 43 - 43) =      7.38750  eV     1   --> A              
     e( 44 - 44) =      7.49010  eV     1   --> A              
     e( 45 - 45) =      7.57549  eV     1   --> A              
     e( 46 - 46) =      7.67218  eV     1   --> A              
     e( 47 - 47) =      8.09483  eV     1   --> A              
     e( 48 - 48) =      8.28747  eV     1   --> A              
     e( 49 - 49) =      8.41521  eV     1   --> A              
     e( 50 - 50) =      8.63759  eV     1   --> A              
     e( 51 - 51) =      8.78763  eV     1   --> A              
     e( 52 - 52) =      9.13175  eV     1   --> A              
     e( 53 - 53) =      9.27947  eV     1   --> A              
     e( 54 - 54) =      9.63054  eV     1   --> A              
     e( 55 - 55) =     10.05633  eV     1   --> A              
     e( 56 - 56) =     10.32473  eV     1   --> A              
     e( 57 - 57) =     13.12966  eV     1   --> A              
     e( 58 - 58) =     13.48457  eV     1   --> A              
     e( 59 - 59) =     13.57893  eV     1   --> A              
     e( 60 - 60) =     13.95477  eV     1   --> A              
     e( 61 - 61) =     14.20214  eV     1   --> A              
     e( 62 - 62) =     14.61140  eV     1   --> A              
     e( 63 - 63) =     15.06829  eV     1   --> A              
     e( 64 - 64) =     15.45033  eV     1   --> A              
     e( 65 - 65) =     17.20593  eV     1   --> A              
     e( 66 - 66) =     17.78092  eV     1   --> A              
     e( 67 - 67) =     18.13837  eV     1   --> A              
     e( 68 - 68) =     18.68970  eV     1   --> A              
     e( 69 - 69) =     19.52440  eV     1   --> A              
     e( 70 - 70) =     20.22849  eV     1   --> A              
     e( 71 - 71) =     20.42259  eV     1   --> A              
     e( 72 - 72) =     21.22114  eV     1   --> A              
     e( 73 - 73) =     22.09626  eV     1   --> A              
     e( 74 - 74) =     22.23823  eV     1   --> A              
     e( 75 - 75) =     22.55404  eV     1   --> A              
     e( 76 - 76) =     23.31779  eV     1   --> A              
     e( 77 - 77) =     23.65774  eV     1   --> A              
     e( 78 - 78) =     24.04947  eV     1   --> A              
     e( 79 - 79) =     24.29317  eV     1   --> A              
     e( 80 - 80) =     24.80698  eV     1   --> A              

 **************************************************************************

 **************************************************************************

                    xk=(   0.32500,   0.26644,   0.00257  )

     Band symmetry, C_1 (1)     point group:

     e(  1 -  1) =    -91.70478  eV     1   --> A              
     e(  2 -  2) =    -68.88643  eV     1   --> A              
     e(  3 -  3) =    -64.32037  eV     1   --> A              
     e(  4 -  4) =    -64.30819  eV     1   --> A              
     e(  5 -  5) =    -52.14543  eV     1   --> A              
     e(  6 -  6) =    -52.14055  eV     1   --> A              
     e(  7 -  7) =    -52.12800  eV     1   --> A              
     e(  8 -  8) =    -37.94165  eV     1   --> A              
     e(  9 -  9) =    -37.93317  eV     1   --> A              
     e( 10 - 10) =    -37.91714  eV     1   --> A              
     e( 11 - 11) =    -28.75853  eV     1   --> A              
     e( 12 - 12) =    -28.70146  eV     1   --> A              
     e( 13 - 13) =    -28.67457  eV     1   --> A              
     e( 14 - 14) =    -28.61301  eV     1   --> A              
     e( 15 - 15) =    -28.59936  eV     1   --> A              
     e( 16 - 16) =    -28.53539  eV     1   --> A              
     e( 17 - 17) =     -8.19371  eV     1   --> A              
     e( 18 - 18) =     -7.50957  eV     1   --> A              
     e( 19 - 19) =     -7.23720  eV     1   --> A              
     e( 20 - 20) =     -6.99355  eV     1   --> A              
     e( 21 - 21) =     -6.93087  eV     1   --> A              
     e( 22 - 22) =     -6.61617  eV     1   --> A              
     e( 23 - 23) =     -6.51447  eV     1   --> A              
     e( 24 - 24) =     -6.31060  eV     1   --> A              
     e( 25 - 25) =      3.52230  eV     1   --> A              
     e( 26 - 26) =      3.83748  eV     1   --> A              
     e( 27 - 27) =      3.97966  eV     1   --> A              
     e( 28 - 28) =      4.32085  eV     1   --> A              
     e( 29 - 29) =      4.42278  eV     1   --> A              
     e( 30 - 30) =      4.67439  eV     1   --> A              
     e( 31 - 31) =      4.81048  eV     1   --> A              
     e( 32 - 32) =      5.14158  eV     1   --> A              
     e( 33 - 33) =      5.36431  eV     1   --> A              
     e( 34 - 34) =      5.43358  eV     1   --> A              
     e( 35 - 35) =      5.74877  eV     1   --> A              
     e( 36 - 36) =      5.84949  eV     1   --> A              
     e( 37 - 37) =      6.15184  eV     1   --> A              
     e( 38 - 38) =      6.28860  eV     1   --> A              
     e( 39 - 39) =      6.44984  eV     1   --> A              
     e( 40 - 40) =      6.63646  eV     1   --> A              
     e( 41 - 41) =      7.07262  eV     1   --> A              
     e( 42 - 42) =      7.31798  eV     1   --> A              
     e( 43 - 43) =      7.33874  eV     1   --> A              
     e( 44 - 44) =      7.48145  eV     1   --> A              
     e( 45 - 45) =      7.59475  eV     1   --> A              
     e( 46 - 46) =      7.71228  eV     1   --> A              
     e( 47 - 47) =      8.08381  eV     1   --> A              
     e( 48 - 48) =      8.29750  eV     1   --> A              
     e( 49 - 49) =      8.42642  eV     1   --> A              
     e( 50 - 50) =      8.62153  eV     1   --> A              
     e( 51 - 51) =      8.77684  eV     1   --> A              
     e( 52 - 52) =      9.13977  eV     1   --> A              
     e( 53 - 53) =      9.27153  eV     1   --> A              
     e( 54 - 54) =      9.59974  eV     1   --> A              
     e( 55 - 55) =     10.05948  eV     1   --> A              
     e( 56 - 56) =     10.36545  eV     1   --> A              
     e( 57 - 57) =     13.13596  eV     1   --> A              
     e( 58 - 58) =     13.48156  eV     1   --> A              
     e( 59 - 59) =     13.56278  eV     1   --> A              
     e( 60 - 60) =     13.95258  eV     1   --> A              
     e( 61 - 61) =     14.22388  eV     1   --> A              
     e( 62 - 62) =     14.60499  eV     1   --> A              
     e( 63 - 63) =     15.05993  eV     1   --> A              
     e( 64 - 64) =     15.46723  eV     1   --> A              
     e( 65 - 65) =     17.26461  eV     1   --> A              
     e( 66 - 66) =     17.70561  eV     1   --> A              
     e( 67 - 67) =     18.09196  eV     1   --> A              
     e( 68 - 68) =     18.58876  eV     1   --> A              
     e( 69 - 69) =     19.47400  eV     1   --> A              
     e( 70 - 70) =     20.26879  eV     1   --> A              
     e( 71 - 71) =     20.41394  eV     1   --> A              
     e( 72 - 72) =     21.26732  eV     1   --> A              
     e( 73 - 73) =     22.13678  eV     1   --> A              
     e( 74 - 74) =     22.25817  eV     1   --> A              
     e( 75 - 75) =     22.58387  eV     1   --> A              
     e( 76 - 76) =     23.29781  eV     1   --> A              
     e( 77 - 77) =     23.60922  eV     1   --> A              
     e( 78 - 78) =     24.16447  eV     1   --> A              
     e( 79 - 79) =     24.29549  eV     1   --> A              
     e( 80 - 80) =     24.69185  eV     1   --> A              

 **************************************************************************

 **************************************************************************

                    xk=(   0.30000,   0.24594,   0.00237  )

     Band symmetry, C_1 (1)     point group:

     e(  1 -  1) =    -91.70478  eV     1   --> A              
     e(  2 -  2) =    -68.88643  eV     1   --> A              
     e(  3 -  3) =    -64.32037  eV     1   --> A              
     e(  4 -  4) =    -64.30817  eV     1   --> A              
     e(  5 -  5) =    -52.14542  eV     1   --> A              
     e(  6 -  6) =    -52.14055  eV     1   --> A              
     e(  7 -  7) =    -52.12800  eV     1   --> A              
     e(  8 -  8) =    -37.94165  eV     1   --> A              
     e(  9 -  9) =    -37.93317  eV     1   --> A              
     e( 10 - 10) =    -37.91714  eV     1   --> A              
     e( 11 - 11) =    -28.75863  eV     1   --> A              
     e( 12 - 12) =    -28.70175  eV     1   --> A              
     e( 13 - 13) =    -28.67444  eV     1   --> A              
     e( 14 - 14) =    -28.61283  eV     1   --> A              
     e( 15 - 15) =    -28.59910  eV     1   --> A              
     e( 16 - 16) =    -28.53529  eV     1   --> A              
     e( 17 - 17) =     -8.23265  eV     1   --> A              
     e( 18 - 18) =     -7.48948  eV     1   --> A              
     e( 19 - 19) =     -7.22608  eV     1   --> A              
     e( 20 - 20) =     -6.98755  eV     1   --> A              
     e( 21 - 21) =     -6.92681  eV     1   --> A              
     e( 22 - 22) =     -6.62191  eV     1   --> A              
     e( 23 - 23) =     -6.51004  eV     1   --> A              
     e( 24 - 24) =     -6.30560  eV     1   --> A              
     e( 25 - 25) =      3.56041  eV     1   --> A              
     e( 26 - 26) =      3.85812  eV     1   --> A              
     e( 27 - 27) =      3.93817  eV     1   --> A              
     e( 28 - 28) =      4.28235  eV     1   --> A              
     e( 29 - 29) =      4.39892  eV     1   --> A              
     e( 30 - 30) =      4.63598  eV     1   --> A              
     e( 31 - 31) =      4.84357  eV     1   --> A              
     e( 32 - 32) =      5.12787  eV     1   --> A              
     e( 33 - 33) =      5.35768  eV     1   --> A              
     e( 34 - 34) =      5.43894  eV     1   --> A              
     e( 35 - 35) =      5.72558  eV     1   --> A              
     e( 36 - 36) =      5.83645  eV     1   --> A              
     e( 37 - 37) =      6.14495  eV     1   --> A              
     e( 38 - 38) =      6.28499  eV     1   --> A              
     e( 39 - 39) =      6.46356  eV     1   --> A              
     e( 40 - 40) =      6.64164  eV     1   --> A              
     e( 41 - 41) =      7.06043  eV     1   --> A              
     e( 42 - 42) =      7.31002  eV     1   --> A              
     e( 43 - 43) =      7.39341  eV     1   --> A              
     e( 44 - 44) =      7.49296  eV     1   --> A              
     e( 45 - 45) =      7.63282  eV     1   --> A              
     e( 46 - 46) =      7.76362  eV     1   --> A              
     e( 47 - 47) =      8.08167  eV     1   --> A              
     e( 48 - 48) =      8.29207  eV     1   --> A              
     e( 49 - 49) =      8.45198  eV     1   --> A              
     e( 50 - 50) =      8.59590  eV     1   --> A              
     e( 51 - 51) =      8.76905  eV     1   --> A              
     e( 52 - 52) =      9.15027  eV     1   --> A              
     e( 53 - 53) =      9.25733  eV     1   --> A              
     e( 54 - 54) =      9.56841  eV     1   --> A              
     e( 55 - 55) =     10.05900  eV     1   --> A              
     e( 56 - 56) =     10.39966  eV     1   --> A              
     e( 57 - 57) =     13.14054  eV     1   --> A              
     e( 58 - 58) =     13.47863  eV     1   --> A              
     e( 59 - 59) =     13.54877  eV     1   --> A              
     e( 60 - 60) =     13.94723  eV     1   --> A              
     e( 61 - 61) =     14.23884  eV     1   --> A              
     e( 62 - 62) =     14.60781  eV     1   --> A              
     e( 63 - 63) =     15.05667  eV     1   --> A              
     e( 64 - 64) =     15.48073  eV     1   --> A              
     e( 65 - 65) =     17.29275  eV     1   --> A              
     e( 66 - 66) =     17.63428  eV     1   --> A              
     e( 67 - 67) =     18.04659  eV     1   --> A              
     e( 68 - 68) =     18.51874  eV     1   --> A              
     e( 69 - 69) =     19.42672  eV     1   --> A              
     e( 70 - 70) =     20.31390  eV     1   --> A              
     e( 71 - 71) =     20.40852  eV     1   --> A              
     e( 72 - 72) =     21.29347  eV     1   --> A              
     e( 73 - 73) =     22.15194  eV     1   --> A              
     e( 74 - 74) =     22.30946  eV     1   --> A              
     e( 75 - 75) =     22.62489  eV     1   --> A              
     e( 76 - 76) =     23.25725  eV     1   --> A              
     e( 77 - 77) =     23.59368  eV     1   --> A              
     e( 78 - 78) =     24.24516  eV     1   --> A              
     e( 79 - 79) =     24.34462  eV     1   --> A              
     e( 80 - 80) =     24.56145  eV     1   --> A              

 **************************************************************************

 **************************************************************************

                    xk=(   0.27500,   0.22545,   0.00217  )

     Band symmetry, C_1 (1)     point group:

     e(  1 -  1) =    -91.70479  eV     1   --> A              
     e(  2 -  2) =    -68.88643  eV     1   --> A              
     e(  3 -  3) =    -64.32037  eV     1   --> A              
     e(  4 -  4) =    -64.30816  eV     1   --> A              
     e(  5 -  5) =    -52.14542  eV     1   --> A              
     e(  6 -  6) =    -52.14055  eV     1   --> A              
     e(  7 -  7) =    -52.12800  eV     1   --> A              
     e(  8 -  8) =    -37.94165  eV     1   --> A              
     e(  9 -  9) =    -37.93317  eV     1   --> A              
     e( 10 - 10) =    -37.91713  eV     1   --> A              
     e( 11 - 11) =    -28.75873  eV     1   --> A              
     e( 12 - 12) =    -28.70206  eV     1   --> A              
     e( 13 - 13) =    -28.67429  eV     1   --> A              
     e( 14 - 14) =    -28.61264  eV     1   --> A              
     e( 15 - 15) =    -28.59883  eV     1   --> A              
     e( 16 - 16) =    -28.53518  eV     1   --> A              
     e( 17 - 17) =     -8.27438  eV     1   --> A              
     e( 18 - 18) =     -7.46577  eV     1   --> A              
     e( 19 - 19) =     -7.21438  eV     1   --> A              
     e( 20 - 20) =     -6.98296  eV     1   --> A              
     e( 21 - 21) =     -6.92139  eV     1   --> A              
     e( 22 - 22) =     -6.62842  eV     1   --> A              
     e( 23 - 23) =     -6.50534  eV     1   --> A              
     e( 24 - 24) =     -6.30045  eV     1   --> A              
     e( 25 - 25) =      3.58808  eV     1   --> A              
     e( 26 - 26) =      3.86800  eV     1   --> A              
     e( 27 - 27) =      3.90938  eV     1   --> A              
     e( 28 - 28) =      4.21978  eV     1   --> A              
     e( 29 - 29) =      4.37857  eV     1   --> A              
     e( 30 - 30) =      4.62240  eV     1   --> A              
     e( 31 - 31) =      4.88006  eV     1   --> A              
     e( 32 - 32) =      5.11719  eV     1   --> A              
     e( 33 - 33) =      5.35116  eV     1   --> A              
     e( 34 - 34) =      5.45795  eV     1   --> A              
     e( 35 - 35) =      5.70787  eV     1   --> A              
     e( 36 - 36) =      5.81756  eV     1   --> A              
     e( 37 - 37) =      6.13615  eV     1   --> A              
     e( 38 - 38) =      6.28879  eV     1   --> A              
     e( 39 - 39) =      6.47777  eV     1   --> A              
     e( 40 - 40) =      6.63313  eV     1   --> A              
     e( 41 - 41) =      7.00355  eV     1   --> A              
     e( 42 - 42) =      7.33413  eV     1   --> A              
     e( 43 - 43) =      7.41742  eV     1   --> A              
     e( 44 - 44) =      7.53954  eV     1   --> A              
     e( 45 - 45) =      7.67722  eV     1   --> A              
     e( 46 - 46) =      7.81592  eV     1   --> A              
     e( 47 - 47) =      8.09029  eV     1   --> A              
     e( 48 - 48) =      8.27815  eV     1   --> A              
     e( 49 - 49) =      8.47827  eV     1   --> A              
     e( 50 - 50) =      8.56914  eV     1   --> A              
     e( 51 - 51) =      8.76504  eV     1   --> A              
     e( 52 - 52) =      9.16294  eV     1   --> A              
     e( 53 - 53) =      9.23776  eV     1   --> A              
     e( 54 - 54) =      9.53820  eV     1   --> A              
     e( 55 - 55) =     10.05555  eV     1   --> A              
     e( 56 - 56) =     10.42408  eV     1   --> A              
     e( 57 - 57) =     13.14357  eV     1   --> A              
     e( 58 - 58) =     13.47078  eV     1   --> A              
     e( 59 - 59) =     13.54214  eV     1   --> A              
     e( 60 - 60) =     13.94077  eV     1   --> A              
     e( 61 - 61) =     14.24521  eV     1   --> A              
     e( 62 - 62) =     14.61761  eV     1   --> A              
     e( 63 - 63) =     15.05996  eV     1   --> A              
     e( 64 - 64) =     15.49064  eV     1   --> A              
     e( 65 - 65) =     17.26805  eV     1   --> A              
     e( 66 - 66) =     17.57151  eV     1   --> A              
     e( 67 - 67) =     18.02173  eV     1   --> A              
     e( 68 - 68) =     18.48400  eV     1   --> A              
     e( 69 - 69) =     19.38078  eV     1   --> A              
     e( 70 - 70) =     20.35785  eV     1   --> A              
     e( 71 - 71) =     20.41333  eV     1   --> A              
     e( 72 - 72) =     21.30729  eV     1   --> A              
     e( 73 - 73) =     22.14670  eV     1   --> A              
     e( 74 - 74) =     22.37393  eV     1   --> A              
     e( 75 - 75) =     22.68212  eV     1   --> A              
     e( 76 - 76) =     23.19358  eV     1   --> A              
     e( 77 - 77) =     23.61400  eV     1   --> A              
     e( 78 - 78) =     24.26049  eV     1   --> A              
     e( 79 - 79) =     24.39042  eV     1   --> A              
     e( 80 - 80) =     24.50262  eV     1   --> A              

 **************************************************************************

 **************************************************************************

                    xk=(   0.25000,   0.20495,   0.00198  )

     Band symmetry, C_1 (1)     point group:

     e(  1 -  1) =    -91.70479  eV     1   --> A              
     e(  2 -  2) =    -68.88643  eV     1   --> A              
     e(  3 -  3) =    -64.32037  eV     1   --> A              
     e(  4 -  4) =    -64.30816  eV     1   --> A              
     e(  5 -  5) =    -52.14542  eV     1   --> A              
     e(  6 -  6) =    -52.14054  eV     1   --> A              
     e(  7 -  7) =    -52.12800  eV     1   --> A              
     e(  8 -  8) =    -37.94165  eV     1   --> A              
     e(  9 -  9) =    -37.93317  eV     1   --> A              
     e( 10 - 10) =    -37.91712  eV     1   --> A              
     e( 11 - 11) =    -28.75883  eV     1   --> A              
     e( 12 - 12) =    -28.70237  eV     1   --> A              
     e( 13 - 13) =    -28.67415  eV     1   --> A              
     e( 14 - 14) =    -28.61244  eV     1   --> A              
     e( 15 - 15) =    -28.59855  eV     1   --> A              
     e( 16 - 16) =    -28.53506  eV     1   --> A              
     e( 17 - 17) =     -8.31747  eV     1   --> A              
     e( 18 - 18) =     -7.43979  eV     1   --> A              
     e( 19 - 19) =     -7.20163  eV     1   --> A              
     e( 20 - 20) =     -6.98026  eV     1   --> A              
     e( 21 - 21) =     -6.91463  eV     1   --> A              
     e( 22 - 22) =     -6.63567  eV     1   --> A              
     e( 23 - 23) =     -6.50068  eV     1   --> A              
     e( 24 - 24) =     -6.29499  eV     1   --> A              
     e( 25 - 25) =      3.60165  eV     1   --> A              
     e( 26 - 26) =      3.82605  eV     1   --> A              
     e( 27 - 27) =      3.93388  eV     1   --> A              
     e( 28 - 28) =      4.15911  eV     1   --> A              
     e( 29 - 29) =      4.34337  eV     1   --> A              
     e( 30 - 30) =      4.63376  eV     1   --> A              
     e( 31 - 31) =      4.91460  eV     1   --> A              
     e( 32 - 32) =      5.11224  eV     1   --> A              
     e( 33 - 33) =      5.34458  eV     1   --> A              
     e( 34 - 34) =      5.48451  eV     1   --> A              
     e( 35 - 35) =      5.69448  eV     1   --> A              
     e( 36 - 36) =      5.80157  eV     1   --> A              
     e( 37 - 37) =      6.12557  eV     1   --> A              
     e( 38 - 38) =      6.29749  eV     1   --> A              
     e( 39 - 39) =      6.48686  eV     1   --> A              
     e( 40 - 40) =      6.61648  eV     1   --> A              
     e( 41 - 41) =      6.94939  eV     1   --> A              
     e( 42 - 42) =      7.34759  eV     1   --> A              
     e( 43 - 43) =      7.43683  eV     1   --> A              
     e( 44 - 44) =      7.59639  eV     1   --> A              
     e( 45 - 45) =      7.72136  eV     1   --> A              
     e( 46 - 46) =      7.86170  eV     1   --> A              
     e( 47 - 47) =      8.11074  eV     1   --> A              
     e( 48 - 48) =      8.26422  eV     1   --> A              
     e( 49 - 49) =      8.47805  eV     1   --> A              
     e( 50 - 50) =      8.56245  eV     1   --> A              
     e( 51 - 51) =      8.76701  eV     1   --> A              
     e( 52 - 52) =      9.17512  eV     1   --> A              
     e( 53 - 53) =      9.21716  eV     1   --> A              
     e( 54 - 54) =      9.51061  eV     1   --> A              
     e( 55 - 55) =     10.04929  eV     1   --> A              
     e( 56 - 56) =     10.43688  eV     1   --> A              
     e( 57 - 57) =     13.14531  eV     1   --> A              
     e( 58 - 58) =     13.45565  eV     1   --> A              
     e( 59 - 59) =     13.54561  eV     1   --> A              
     e( 60 - 60) =     13.93465  eV     1   --> A              
     e( 61 - 61) =     14.24432  eV     1   --> A              
     e( 62 - 62) =     14.62931  eV     1   --> A              
     e( 63 - 63) =     15.07099  eV     1   --> A              
     e( 64 - 64) =     15.49710  eV     1   --> A              
     e( 65 - 65) =     17.18387  eV     1   --> A              
     e( 66 - 66) =     17.52052  eV     1   --> A              
     e( 67 - 67) =     18.02711  eV     1   --> A              
     e( 68 - 68) =     18.48215  eV     1   --> A              
     e( 69 - 69) =     19.33509  eV     1   --> A              
     e( 70 - 70) =     20.38370  eV     1   --> A              
     e( 71 - 71) =     20.44684  eV     1   --> A              
     e( 72 - 72) =     21.31587  eV     1   --> A              
     e( 73 - 73) =     22.13228  eV     1   --> A              
     e( 74 - 74) =     22.42917  eV     1   --> A              
     e( 75 - 75) =     22.75159  eV     1   --> A              
     e( 76 - 76) =     23.12453  eV     1   --> A              
     e( 77 - 77) =     23.65678  eV     1   --> A              
     e( 78 - 78) =     24.23210  eV     1   --> A              
     e( 79 - 79) =     24.31298  eV     1   --> A              
     e( 80 - 80) =     24.60735  eV     1   --> A              

 **************************************************************************

 **************************************************************************

                    xk=(   0.22500,   0.18446,   0.00178  )

     Band symmetry, C_1 (1)     point group:

     e(  1 -  1) =    -91.70479  eV     1   --> A              
     e(  2 -  2) =    -68.88643  eV     1   --> A              
     e(  3 -  3) =    -64.32037  eV     1   --> A              
     e(  4 -  4) =    -64.30816  eV     1   --> A              
     e(  5 -  5) =    -52.14542  eV     1   --> A              
     e(  6 -  6) =    -52.14054  eV     1   --> A              
     e(  7 -  7) =    -52.12800  eV     1   --> A              
     e(  8 -  8) =    -37.94165  eV     1   --> A              
     e(  9 -  9) =    -37.93317  eV     1   --> A              
     e( 10 - 10) =    -37.91711  eV     1   --> A              
     e( 11 - 11) =    -28.75893  eV     1   --> A              
     e( 12 - 12) =    -28.70267  eV     1   --> A              
     e( 13 - 13) =    -28.67400  eV     1   --> A              
     e( 14 - 14) =    -28.61225  eV     1   --> A              
     e( 15 - 15) =    -28.59828  eV     1   --> A              
     e( 16 - 16) =    -28.53495  eV     1   --> A              
     e( 17 - 17) =     -8.36058  eV     1   --> A              
     e( 18 - 18) =     -7.41317  eV     1   --> A              
     e( 19 - 19) =     -7.18711  eV     1   --> A              
     e( 20 - 20) =     -6.97951  eV     1   --> A              
     e( 21 - 21) =     -6.90676  eV     1   --> A              
     e( 22 - 22) =     -6.64379  eV     1   --> A              
     e( 23 - 23) =     -6.49647  eV     1   --> A              
     e( 24 - 24) =     -6.28900  eV     1   --> A              
     e( 25 - 25) =      3.59877  eV     1   --> A              
     e( 26 - 26) =      3.77708  eV     1   --> A              
     e( 27 - 27) =      3.96006  eV     1   --> A              
     e( 28 - 28) =      4.11615  eV     1   --> A              
     e( 29 - 29) =      4.29875  eV     1   --> A              
     e( 30 - 30) =      4.66029  eV     1   --> A              
     e( 31 - 31) =      4.94385  eV     1   --> A              
     e( 32 - 32) =      5.11202  eV     1   --> A              
     e( 33 - 33) =      5.33800  eV     1   --> A              
     e( 34 - 34) =      5.51166  eV     1   --> A              
     e( 35 - 35) =      5.67932  eV     1   --> A              
     e( 36 - 36) =      5.80387  eV     1   --> A              
     e( 37 - 37) =      6.11359  eV     1   --> A              
     e( 38 - 38) =      6.30940  eV     1   --> A              
     e( 39 - 39) =      6.48349  eV     1   --> A              
     e( 40 - 40) =      6.60636  eV     1   --> A              
     e( 41 - 41) =      6.91079  eV     1   --> A              
     e( 42 - 42) =      7.34911  eV     1   --> A              
     e( 43 - 43) =      7.44944  eV     1   --> A              
     e( 44 - 44) =      7.64823  eV     1   --> A              
     e( 45 - 45) =      7.75952  eV     1   --> A              
     e( 46 - 46) =      7.89960  eV     1   --> A              
     e( 47 - 47) =      8.13792  eV     1   --> A              
     e( 48 - 48) =      8.25770  eV     1   --> A              
     e( 49 - 49) =      8.44678  eV     1   --> A              
     e( 50 - 50) =      8.57776  eV     1   --> A              
     e( 51 - 51) =      8.77883  eV     1   --> A              
     e( 52 - 52) =      9.16492  eV     1   --> A              
     e( 53 - 53) =      9.21923  eV     1   --> A              
     e( 54 - 54) =      9.48672  eV     1   --> A              
     e( 55 - 55) =     10.03996  eV     1   --> A              
     e( 56 - 56) =     10.43778  eV     1   --> A              
     e( 57 - 57) =     13.14581  eV     1   --> A              
     e( 58 - 58) =     13.43731  eV     1   --> A              
     e( 59 - 59) =     13.55588  eV     1   --> A              
     e( 60 - 60) =     13.92968  eV     1   --> A              
     e( 61 - 61) =     14.23883  eV     1   --> A              
     e( 62 - 62) =     14.63759  eV     1   --> A              
     e( 63 - 63) =     15.09005  eV     1   --> A              
     e( 64 - 64) =     15.50049  eV     1   --> A              
     e( 65 - 65) =     17.05613  eV     1   --> A              
     e( 66 - 66) =     17.48275  eV     1   --> A              
     e( 67 - 67) =     18.05200  eV     1   --> A              
     e( 68 - 68) =     18.50853  eV     1   --> A              
     e( 69 - 69) =     19.28881  eV     1   --> A              
     e( 70 - 70) =     20.39957  eV     1   --> A              
     e( 71 - 71) =     20.50292  eV     1   --> A              
     e( 72 - 72) =     21.32441  eV     1   --> A              
     e( 73 - 73) =     22.11025  eV     1   --> A              
     e( 74 - 74) =     22.46956  eV     1   --> A              
     e( 75 - 75) =     22.80808  eV     1   --> A              
     e( 76 - 76) =     23.07869  eV     1   --> A              
     e( 77 - 77) =     23.70966  eV     1   --> A              
     e( 78 - 78) =     24.13349  eV     1   --> A              
     e( 79 - 79) =     24.30847  eV     1   --> A              
     e( 80 - 80) =     24.67688  eV     1   --> A              

 **************************************************************************

 **************************************************************************

                    xk=(   0.20000,   0.16396,   0.00158  )

     Band symmetry, C_1 (1)     point group:

     e(  1 -  1) =    -91.70479  eV     1   --> A              
     e(  2 -  2) =    -68.88643  eV     1   --> A              
     e(  3 -  3) =    -64.32037  eV     1   --> A              
     e(  4 -  4) =    -64.30817  eV     1   --> A              
     e(  5 -  5) =    -52.14542  eV     1   --> A              
     e(  6 -  6) =    -52.14054  eV     1   --> A              
     e(  7 -  7) =    -52.12800  eV     1   --> A              
     e(  8 -  8) =    -37.94165  eV     1   --> A              
     e(  9 -  9) =    -37.93317  eV     1   --> A              
     e( 10 - 10) =    -37.91711  eV     1   --> A              
     e( 11 - 11) =    -28.75901  eV     1   --> A              
     e( 12 - 12) =    -28.70296  eV     1   --> A              
     e( 13 - 13) =    -28.67385  eV     1   --> A              
     e( 14 - 14) =    -28.61207  eV     1   --> A              
     e( 15 - 15) =    -28.59801  eV     1   --> A              
     e( 16 - 16) =    -28.53484  eV     1   --> A              
     e( 17 - 17) =     -8.40243  eV     1   --> A              
     e( 18 - 18) =     -7.38770  eV     1   --> A              
     e( 19 - 19) =     -7.16996  eV     1   --> A              
     e( 20 - 20) =     -6.98045  eV     1   --> A              
     e( 21 - 21) =     -6.89825  eV     1   --> A              
     e( 22 - 22) =     -6.65300  eV     1   --> A              
     e( 23 - 23) =     -6.49305  eV     1   --> A              
     e( 24 - 24) =     -6.28227  eV     1   --> A              
     e( 25 - 25) =      3.57837  eV     1   --> A              
     e( 26 - 26) =      3.73294  eV     1   --> A              
     e( 27 - 27) =      3.96491  eV     1   --> A              
     e( 28 - 28) =      4.10547  eV     1   --> A              
     e( 29 - 29) =      4.25237  eV     1   --> A              
     e( 30 - 30) =      4.69229  eV     1   --> A              
     e( 31 - 31) =      4.96943  eV     1   --> A              
     e( 32 - 32) =      5.10842  eV     1   --> A              
     e( 33 - 33) =      5.33607  eV     1   --> A              
     e( 34 - 34) =      5.53283  eV     1   --> A              
     e( 35 - 35) =      5.65658  eV     1   --> A              
     e( 36 - 36) =      5.83666  eV     1   --> A              
     e( 37 - 37) =      6.10242  eV     1   --> A              
     e( 38 - 38) =      6.32379  eV     1   --> A              
     e( 39 - 39) =      6.46973  eV     1   --> A              
     e( 40 - 40) =      6.61078  eV     1   --> A              
     e( 41 - 41) =      6.88459  eV     1   --> A              
     e( 42 - 42) =      7.34658  eV     1   --> A              
     e( 43 - 43) =      7.44556  eV     1   --> A              
     e( 44 - 44) =      7.68915  eV     1   --> A              
     e( 45 - 45) =      7.78712  eV     1   --> A              
     e( 46 - 46) =      7.93303  eV     1   --> A              
     e( 47 - 47) =      8.15690  eV     1   --> A              
     e( 48 - 48) =      8.26346  eV     1   --> A              
     e( 49 - 49) =      8.41423  eV     1   --> A              
     e( 50 - 50) =      8.59266  eV     1   --> A              
     e( 51 - 51) =      8.80322  eV     1   --> A              
     e( 52 - 52) =      9.13114  eV     1   --> A              
     e( 53 - 53) =      9.24608  eV     1   --> A              
     e( 54 - 54) =      9.46710  eV     1   --> A              
     e( 55 - 55) =     10.02676  eV     1   --> A              
     e( 56 - 56) =     10.42805  eV     1   --> A              
     e( 57 - 57) =     13.14463  eV     1   --> A              
     e( 58 - 58) =     13.42083  eV     1   --> A              
     e( 59 - 59) =     13.56910  eV     1   --> A              
     e( 60 - 60) =     13.92603  eV     1   --> A              
     e( 61 - 61) =     14.23126  eV     1   --> A              
     e( 62 - 62) =     14.63918  eV     1   --> A              
     e( 63 - 63) =     15.11605  eV     1   --> A              
     e( 64 - 64) =     15.50136  eV     1   --> A              
     e( 65 - 65) =     16.90607  eV     1   --> A              
     e( 66 - 66) =     17.45816  eV     1   --> A              
     e( 67 - 67) =     18.08296  eV     1   --> A              
     e( 68 - 68) =     18.55580  eV     1   --> A              
     e( 69 - 69) =     19.24104  eV     1   --> A              
     e( 70 - 70) =     20.42284  eV     1   --> A              
     e( 71 - 71) =     20.56644  eV     1   --> A              
     e( 72 - 72) =     21.33605  eV     1   --> A              
     e( 73 - 73) =     22.07768  eV     1   --> A              
     e( 74 - 74) =     22.49800  eV     1   --> A              
     e( 75 - 75) =     22.81274  eV     1   --> A              
     e( 76 - 76) =     23.08605  eV     1   --> A              
     e( 77 - 77) =     23.76480  eV     1   --> A              
     e( 78 - 78) =     24.04666  eV     1   --> A              
     e( 79 - 79) =     24.32137  eV     1   --> A              
     e( 80 - 80) =     24.66085  eV     1   --> A              

 **************************************************************************

 **************************************************************************

                    xk=(   0.17500,   0.14347,   0.00138  )

     Band symmetry, C_1 (1)     point group:

     e(  1 -  1) =    -91.70479  eV     1   --> A              
     e(  2 -  2) =    -68.88643  eV     1   --> A              
     e(  3 -  3) =    -64.32036  eV     1   --> A              
     e(  4 -  4) =    -64.30817  eV     1   --> A              
     e(  5 -  5) =    -52.14542  eV     1   --> A              
     e(  6 -  6) =    -52.14054  eV     1   --> A              
     e(  7 -  7) =    -52.12800  eV     1   --> A              
     e(  8 -  8) =    -37.94165  eV     1   --> A              
     e(  9 -  9) =    -37.93317  eV     1   --> A              
     e( 10 - 10) =    -37.91710  eV     1   --> A              
     e( 11 - 11) =    -28.75909  eV     1   --> A              
     e( 12 - 12) =    -28.70323  eV     1   --> A              
     e( 13 - 13) =    -28.67371  eV     1   --> A              
     e( 14 - 14) =    -28.61189  eV     1   --> A              
     e( 15 - 15) =    -28.59775  eV     1   --> A              
     e( 16 - 16) =    -28.53474  eV     1   --> A              
     e( 17 - 17) =     -8.44191  eV     1   --> A              
     e( 18 - 18) =     -7.36502  eV     1   --> A              
     e( 19 - 19) =     -7.14949  eV     1   --> A              
     e( 20 - 20) =     -6.98264  eV     1   --> A              
     e( 21 - 21) =     -6.88952  eV     1   --> A              
     e( 22 - 22) =     -6.66360  eV     1   --> A              
     e( 23 - 23) =     -6.49069  eV     1   --> A              
     e( 24 - 24) =     -6.27471  eV     1   --> A              
     e( 25 - 25) =      3.54335  eV     1   --> A              
     e( 26 - 26) =      3.69453  eV     1   --> A              
     e( 27 - 27) =      3.95442  eV     1   --> A              
     e( 28 - 28) =      4.11619  eV     1   --> A              
     e( 29 - 29) =      4.21190  eV     1   --> A              
     e( 30 - 30) =      4.72160  eV     1   --> A              
     e( 31 - 31) =      4.99461  eV     1   --> A              
     e( 32 - 32) =      5.09321  eV     1   --> A              
     e( 33 - 33) =      5.34547  eV     1   --> A              
     e( 34 - 34) =      5.54657  eV     1   --> A              
     e( 35 - 35) =      5.63039  eV     1   --> A              
     e( 36 - 36) =      5.89206  eV     1   --> A              
     e( 37 - 37) =      6.09835  eV     1   --> A              
     e( 38 - 38) =      6.34083  eV     1   --> A              
     e( 39 - 39) =      6.45790  eV     1   --> A              
     e( 40 - 40) =      6.62359  eV     1   --> A              
     e( 41 - 41) =      6.86553  eV     1   --> A              
     e( 42 - 42) =      7.33661  eV     1   --> A              
     e( 43 - 43) =      7.42854  eV     1   --> A              
     e( 44 - 44) =      7.71893  eV     1   --> A              
     e( 45 - 45) =      7.80118  eV     1   --> A              
     e( 46 - 46) =      7.96326  eV     1   --> A              
     e( 47 - 47) =      8.15285  eV     1   --> A              
     e( 48 - 48) =      8.27203  eV     1   --> A              
     e( 49 - 49) =      8.40834  eV     1   --> A              
     e( 50 - 50) =      8.60365  eV     1   --> A              
     e( 51 - 51) =      8.83891  eV     1   --> A              
     e( 52 - 52) =      9.08918  eV     1   --> A              
     e( 53 - 53) =      9.28182  eV     1   --> A              
     e( 54 - 54) =      9.45185  eV     1   --> A              
     e( 55 - 55) =     10.00832  eV     1   --> A              
     e( 56 - 56) =     10.41050  eV     1   --> A              
     e( 57 - 57) =     13.14103  eV     1   --> A              
     e( 58 - 58) =     13.41000  eV     1   --> A              
     e( 59 - 59) =     13.58291  eV     1   --> A              
     e( 60 - 60) =     13.92325  eV     1   --> A              
     e( 61 - 61) =     14.22357  eV     1   --> A              
     e( 62 - 62) =     14.63335  eV     1   --> A              
     e( 63 - 63) =     15.14666  eV     1   --> A              
     e( 64 - 64) =     15.50030  eV     1   --> A              
     e( 65 - 65) =     16.74949  eV     1   --> A              
     e( 66 - 66) =     17.44531  eV     1   --> A              
     e( 67 - 67) =     18.11530  eV     1   --> A              
     e( 68 - 68) =     18.61375  eV     1   --> A              
     e( 69 - 69) =     19.19079  eV     1   --> A              
     e( 70 - 70) =     20.45941  eV     1   --> A              
     e( 71 - 71) =     20.63341  eV     1   --> A              
     e( 72 - 72) =     21.35203  eV     1   --> A              
     e( 73 - 73) =     22.03096  eV     1   --> A              
     e( 74 - 74) =     22.51861  eV     1   --> A              
     e( 75 - 75) =     22.77678  eV     1   --> A              
     e( 76 - 76) =     23.11864  eV     1   --> A              
     e( 77 - 77) =     23.81862  eV     1   --> A              
     e( 78 - 78) =     24.00212  eV     1   --> A              
     e( 79 - 79) =     24.33588  eV     1   --> A              
     e( 80 - 80) =     24.59933  eV     1   --> A              

 **************************************************************************

 **************************************************************************

                    xk=(   0.15000,   0.12297,   0.00119  )

     Band symmetry, C_1 (1)     point group:

     e(  1 -  1) =    -91.70479  eV     1   --> A              
     e(  2 -  2) =    -68.88643  eV     1   --> A              
     e(  3 -  3) =    -64.32036  eV     1   --> A              
     e(  4 -  4) =    -64.30818  eV     1   --> A              
     e(  5 -  5) =    -52.14542  eV     1   --> A              
     e(  6 -  6) =    -52.14054  eV     1   --> A              
     e(  7 -  7) =    -52.12800  eV     1   --> A              
     e(  8 -  8) =    -37.94165  eV     1   --> A              
     e(  9 -  9) =    -37.93317  eV     1   --> A              
     e( 10 - 10) =    -37.91710  eV     1   --> A              
     e( 11 - 11) =    -28.75916  eV     1   --> A              
     e( 12 - 12) =    -28.70347  eV     1   --> A              
     e( 13 - 13) =    -28.67358  eV     1   --> A              
     e( 14 - 14) =    -28.61173  eV     1   --> A              
     e( 15 - 15) =    -28.59752  eV     1   --> A              
     e( 16 - 16) =    -28.53464  eV     1   --> A              
     e( 17 - 17) =     -8.47803  eV     1   --> A              
     e( 18 - 18) =     -7.34628  eV     1   --> A              
     e( 19 - 19) =     -7.12560  eV     1   --> A              
     e( 20 - 20) =     -6.98554  eV     1   --> A              
     e( 21 - 21) =     -6.88094  eV     1   --> A              
     e( 22 - 22) =     -6.67587  eV     1   --> A              
     e( 23 - 23) =     -6.48943  eV     1   --> A              
     e( 24 - 24) =     -6.26648  eV     1   --> A              
     e( 25 - 25) =      3.50072  eV     1   --> A              
     e( 26 - 26) =      3.65958  eV     1   --> A              
     e( 27 - 27) =      3.94662  eV     1   --> A              
     e( 28 - 28) =      4.11532  eV     1   --> A              
     e( 29 - 29) =      4.19250  eV     1   --> A              
     e( 30 - 30) =      4.74165  eV     1   --> A              
     e( 31 - 31) =      5.00238  eV     1   --> A              
     e( 32 - 32) =      5.08655  eV     1   --> A              
     e( 33 - 33) =      5.36648  eV     1   --> A              
     e( 34 - 34) =      5.55469  eV     1   --> A              
     e( 35 - 35) =      5.60771  eV     1   --> A              
     e( 36 - 36) =      5.94506  eV     1   --> A              
     e( 37 - 37) =      6.11641  eV     1   --> A              
     e( 38 - 38) =      6.36182  eV     1   --> A              
     e( 39 - 39) =      6.45552  eV     1   --> A              
     e( 40 - 40) =      6.63859  eV     1   --> A              
     e( 41 - 41) =      6.85004  eV     1   --> A              
     e( 42 - 42) =      7.30461  eV     1   --> A              
     e( 43 - 43) =      7.41500  eV     1   --> A              
     e( 44 - 44) =      7.74013  eV     1   --> A              
     e( 45 - 45) =      7.79864  eV     1   --> A              
     e( 46 - 46) =      7.98732  eV     1   --> A              
     e( 47 - 47) =      8.12937  eV     1   --> A              
     e( 48 - 48) =      8.27013  eV     1   --> A              
     e( 49 - 49) =      8.43964  eV     1   --> A              
     e( 50 - 50) =      8.61578  eV     1   --> A              
     e( 51 - 51) =      8.88179  eV     1   --> A              
     e( 52 - 52) =      9.04192  eV     1   --> A              
     e( 53 - 53) =      9.32197  eV     1   --> A              
     e( 54 - 54) =      9.44093  eV     1   --> A              
     e( 55 - 55) =      9.98288  eV     1   --> A              
     e( 56 - 56) =     10.38915  eV     1   --> A              
     e( 57 - 57) =     13.13457  eV     1   --> A              
     e( 58 - 58) =     13.40704  eV     1   --> A              
     e( 59 - 59) =     13.59589  eV     1   --> A              
     e( 60 - 60) =     13.92044  eV     1   --> A              
     e( 61 - 61) =     14.21724  eV     1   --> A              
     e( 62 - 62) =     14.62112  eV     1   --> A              
     e( 63 - 63) =     15.17905  eV     1   --> A              
     e( 64 - 64) =     15.49780  eV     1   --> A              
     e( 65 - 65) =     16.59708  eV     1   --> A              
     e( 66 - 66) =     17.44165  eV     1   --> A              
     e( 67 - 67) =     18.15027  eV     1   --> A              
     e( 68 - 68) =     18.67237  eV     1   --> A              
     e( 69 - 69) =     19.13718  eV     1   --> A              
     e( 70 - 70) =     20.51164  eV     1   --> A              
     e( 71 - 71) =     20.70206  eV     1   --> A              
     e( 72 - 72) =     21.37176  eV     1   --> A              
     e( 73 - 73) =     21.96879  eV     1   --> A              
     e( 74 - 74) =     22.53448  eV     1   --> A              
     e( 75 - 75) =     22.73349  eV     1   --> A              
     e( 76 - 76) =     23.12612  eV     1   --> A              
     e( 77 - 77) =     23.87679  eV     1   --> A              
     e( 78 - 78) =     24.00754  eV     1   --> A              
     e( 79 - 79) =     24.34492  eV     1   --> A              
     e( 80 - 80) =     24.53541  eV     1   --> A              

 **************************************************************************

 **************************************************************************

                    xk=(   0.12500,   0.10248,   0.00099  )

     Band symmetry, C_1 (1)     point group:

     e(  1 -  1) =    -91.70479  eV     1   --> A              
     e(  2 -  2) =    -68.88643  eV     1   --> A              
     e(  3 -  3) =    -64.32036  eV     1   --> A              
     e(  4 -  4) =    -64.30820  eV     1   --> A              
     e(  5 -  5) =    -52.14542  eV     1   --> A              
     e(  6 -  6) =    -52.14054  eV     1   --> A              
     e(  7 -  7) =    -52.12800  eV     1   --> A              
     e(  8 -  8) =    -37.94165  eV     1   --> A              
     e(  9 -  9) =    -37.93317  eV     1   --> A              
     e( 10 - 10) =    -37.91709  eV     1   --> A              
     e( 11 - 11) =    -28.75922  eV     1   --> A              
     e( 12 - 12) =    -28.70369  eV     1   --> A              
     e( 13 - 13) =    -28.67346  eV     1   --> A              
     e( 14 - 14) =    -28.61159  eV     1   --> A              
     e( 15 - 15) =    -28.59731  eV     1   --> A              
     e( 16 - 16) =    -28.53455  eV     1   --> A              
     e( 17 - 17) =     -8.50995  eV     1   --> A              
     e( 18 - 18) =     -7.33182  eV     1   --> A              
     e( 19 - 19) =     -7.09908  eV     1   --> A              
     e( 20 - 20) =     -6.98865  eV     1   --> A              
     e( 21 - 21) =     -6.87274  eV     1   --> A              
     e( 22 - 22) =     -6.68994  eV     1   --> A              
     e( 23 - 23) =     -6.48912  eV     1   --> A              
     e( 24 - 24) =     -6.25797  eV     1   --> A              
     e( 25 - 25) =      3.45729  eV     1   --> A              
     e( 26 - 26) =      3.62726  eV     1   --> A              
     e( 27 - 27) =      3.94681  eV     1   --> A              
     e( 28 - 28) =      4.09065  eV     1   --> A              
     e( 29 - 29) =      4.19943  eV     1   --> A              
     e( 30 - 30) =      4.74915  eV     1   --> A              
     e( 31 - 31) =      4.96552  eV     1   --> A              
     e( 32 - 32) =      5.12360  eV     1   --> A              
     e( 33 - 33) =      5.39281  eV     1   --> A              
     e( 34 - 34) =      5.55710  eV     1   --> A              
     e( 35 - 35) =      5.59479  eV     1   --> A              
     e( 36 - 36) =      5.96928  eV     1   --> A              
     e( 37 - 37) =      6.17193  eV     1   --> A              
     e( 38 - 38) =      6.38922  eV     1   --> A              
     e( 39 - 39) =      6.46439  eV     1   --> A              
     e( 40 - 40) =      6.65315  eV     1   --> A              
     e( 41 - 41) =      6.83614  eV     1   --> A              
     e( 42 - 42) =      7.24469  eV     1   --> A              
     e( 43 - 43) =      7.41489  eV     1   --> A              
     e( 44 - 44) =      7.74583  eV     1   --> A              
     e( 45 - 45) =      7.78307  eV     1   --> A              
     e( 46 - 46) =      7.99765  eV     1   --> A              
     e( 47 - 47) =      8.11130  eV     1   --> A              
     e( 48 - 48) =      8.26345  eV     1   --> A              
     e( 49 - 49) =      8.48435  eV     1   --> A              
     e( 50 - 50) =      8.63635  eV     1   --> A              
     e( 51 - 51) =      8.92564  eV     1   --> A              
     e( 52 - 52) =      8.99206  eV     1   --> A              
     e( 53 - 53) =      9.36298  eV     1   --> A              
     e( 54 - 54) =      9.43470  eV     1   --> A              
     e( 55 - 55) =      9.94894  eV     1   --> A              
     e( 56 - 56) =     10.36833  eV     1   --> A              
     e( 57 - 57) =     13.12565  eV     1   --> A              
     e( 58 - 58) =     13.41224  eV     1   --> A              
     e( 59 - 59) =     13.60718  eV     1   --> A              
     e( 60 - 60) =     13.91663  eV     1   --> A              
     e( 61 - 61) =     14.21335  eV     1   --> A              
     e( 62 - 62) =     14.60439  eV     1   --> A              
     e( 63 - 63) =     15.21063  eV     1   --> A              
     e( 64 - 64) =     15.49424  eV     1   --> A              
     e( 65 - 65) =     16.45657  eV     1   --> A              
     e( 66 - 66) =     17.44404  eV     1   --> A              
     e( 67 - 67) =     18.19014  eV     1   --> A              
     e( 68 - 68) =     18.72461  eV     1   --> A              
     e( 69 - 69) =     19.07985  eV     1   --> A              
     e( 70 - 70) =     20.57933  eV     1   --> A              
     e( 71 - 71) =     20.77071  eV     1   --> A              
     e( 72 - 72) =     21.39299  eV     1   --> A              
     e( 73 - 73) =     21.89388  eV     1   --> A              
     e( 74 - 74) =     22.54693  eV     1   --> A              
     e( 75 - 75) =     22.69450  eV     1   --> A              
     e( 76 - 76) =     23.09552  eV     1   --> A              
     e( 77 - 77) =     23.94793  eV     1   --> A              
     e( 78 - 78) =     24.04813  eV     1   --> A              
     e( 79 - 79) =     24.33787  eV     1   --> A              
     e( 80 - 80) =     24.49380  eV     1   --> A              

 **************************************************************************

 **************************************************************************

                    xk=(   0.10000,   0.08198,   0.00079  )

     Band symmetry, C_1 (1)     point group:

     e(  1 -  1) =    -91.70479  eV     1   --> A              
     e(  2 -  2) =    -68.88644  eV     1   --> A              
     e(  3 -  3) =    -64.32036  eV     1   --> A              
     e(  4 -  4) =    -64.30821  eV     1   --> A              
     e(  5 -  5) =    -52.14542  eV     1   --> A              
     e(  6 -  6) =    -52.14054  eV     1   --> A              
     e(  7 -  7) =    -52.12800  eV     1   --> A              
     e(  8 -  8) =    -37.94164  eV     1   --> A              
     e(  9 -  9) =    -37.93318  eV     1   --> A              
     e( 10 - 10) =    -37.91709  eV     1   --> A              
     e( 11 - 11) =    -28.75927  eV     1   --> A              
     e( 12 - 12) =    -28.70386  eV     1   --> A              
     e( 13 - 13) =    -28.67336  eV     1   --> A              
     e( 14 - 14) =    -28.61147  eV     1   --> A              
     e( 15 - 15) =    -28.59713  eV     1   --> A              
     e( 16 - 16) =    -28.53447  eV     1   --> A              
     e( 17 - 17) =     -8.53700  eV     1   --> A              
     e( 18 - 18) =     -7.32132  eV     1   --> A              
     e( 19 - 19) =     -7.07174  eV     1   --> A              
     e( 20 - 20) =     -6.99140  eV     1   --> A              
     e( 21 - 21) =     -6.86502  eV     1   --> A              
     e( 22 - 22) =     -6.70560  eV     1   --> A              
     e( 23 - 23) =     -6.48948  eV     1   --> A              
     e( 24 - 24) =     -6.24974  eV     1   --> A              
     e( 25 - 25) =      3.41766  eV     1   --> A              
     e( 26 - 26) =      3.59867  eV     1   --> A              
     e( 27 - 27) =      3.95319  eV     1   --> A              
     e( 28 - 28) =      4.06140  eV     1   --> A              
     e( 29 - 29) =      4.21320  eV     1   --> A              
     e( 30 - 30) =      4.74304  eV     1   --> A              
     e( 31 - 31) =      4.91657  eV     1   --> A              
     e( 32 - 32) =      5.17807  eV     1   --> A              
     e( 33 - 33) =      5.41847  eV     1   --> A              
     e( 34 - 34) =      5.55256  eV     1   --> A              
     e( 35 - 35) =      5.59521  eV     1   --> A              
     e( 36 - 36) =      5.97009  eV     1   --> A              
     e( 37 - 37) =      6.24784  eV     1   --> A              
     e( 38 - 38) =      6.42429  eV     1   --> A              
     e( 39 - 39) =      6.48583  eV     1   --> A              
     e( 40 - 40) =      6.66680  eV     1   --> A              
     e( 41 - 41) =      6.82326  eV     1   --> A              
     e( 42 - 42) =      7.16792  eV     1   --> A              
     e( 43 - 43) =      7.42224  eV     1   --> A              
     e( 44 - 44) =      7.70323  eV     1   --> A              
     e( 45 - 45) =      7.78423  eV     1   --> A              
     e( 46 - 46) =      7.99390  eV     1   --> A              
     e( 47 - 47) =      8.11698  eV     1   --> A              
     e( 48 - 48) =      8.25519  eV     1   --> A              
     e( 49 - 49) =      8.52275  eV     1   --> A              
     e( 50 - 50) =      8.67015  eV     1   --> A              
     e( 51 - 51) =      8.92675  eV     1   --> A              
     e( 52 - 52) =      8.98012  eV     1   --> A              
     e( 53 - 53) =      9.39930  eV     1   --> A              
     e( 54 - 54) =      9.43615  eV     1   --> A              
     e( 55 - 55) =      9.90653  eV     1   --> A              
     e( 56 - 56) =     10.35133  eV     1   --> A              
     e( 57 - 57) =     13.11557  eV     1   --> A              
     e( 58 - 58) =     13.42402  eV     1   --> A              
     e( 59 - 59) =     13.61622  eV     1   --> A              
     e( 60 - 60) =     13.91126  eV     1   --> A              
     e( 61 - 61) =     14.21236  eV     1   --> A              
     e( 62 - 62) =     14.58535  eV     1   --> A              
     e( 63 - 63) =     15.23929  eV     1   --> A              
     e( 64 - 64) =     15.48993  eV     1   --> A              
     e( 65 - 65) =     16.33396  eV     1   --> A              
     e( 66 - 66) =     17.44950  eV     1   --> A              
     e( 67 - 67) =     18.23569  eV     1   --> A              
     e( 68 - 68) =     18.76682  eV     1   --> A              
     e( 69 - 69) =     19.01962  eV     1   --> A              
     e( 70 - 70) =     20.65931  eV     1   --> A              
     e( 71 - 71) =     20.83718  eV     1   --> A              
     e( 72 - 72) =     21.41187  eV     1   --> A              
     e( 73 - 73) =     21.81254  eV     1   --> A              
     e( 74 - 74) =     22.55501  eV     1   --> A              
     e( 75 - 75) =     22.66212  eV     1   --> A              
     e( 76 - 76) =     23.04141  eV     1   --> A              
     e( 77 - 77) =     24.02157  eV     1   --> A              
     e( 78 - 78) =     24.10661  eV     1   --> A              
     e( 79 - 79) =     24.31142  eV     1   --> A              
     e( 80 - 80) =     24.48722  eV     1   --> A              

 **************************************************************************

 **************************************************************************

                    xk=(   0.07500,   0.06149,   0.00059  )

     Band symmetry, C_1 (1)     point group:

     e(  1 -  1) =    -91.70479  eV     1   --> A              
     e(  2 -  2) =    -68.88644  eV     1   --> A              
     e(  3 -  3) =    -64.32035  eV     1   --> A              
     e(  4 -  4) =    -64.30822  eV     1   --> A              
     e(  5 -  5) =    -52.14542  eV     1   --> A              
     e(  6 -  6) =    -52.14054  eV     1   --> A              
     e(  7 -  7) =    -52.12800  eV     1   --> A              
     e(  8 -  8) =    -37.94164  eV     1   --> A              
     e(  9 -  9) =    -37.93318  eV     1   --> A              
     e( 10 - 10) =    -37.91708  eV     1   --> A              
     e( 11 - 11) =    -28.75931  eV     1   --> A              
     e( 12 - 12) =    -28.70401  eV     1   --> A              
     e( 13 - 13) =    -28.67328  eV     1   --> A              
     e( 14 - 14) =    -28.61137  eV     1   --> A              
     e( 15 - 15) =    -28.59699  eV     1   --> A              
     e( 16 - 16) =    -28.53441  eV     1   --> A              
     e( 17 - 17) =     -8.55860  eV     1   --> A              
     e( 18 - 18) =     -7.31410  eV     1   --> A              
     e( 19 - 19) =     -7.04628  eV     1   --> A              
     e( 20 - 20) =     -6.99307  eV     1   --> A              
     e( 21 - 21) =     -6.85781  eV     1   --> A              
     e( 22 - 22) =     -6.72213  eV     1   --> A              
     e( 23 - 23) =     -6.49016  eV     1   --> A              
     e( 24 - 24) =     -6.24245  eV     1   --> A              
     e( 25 - 25) =      3.38464  eV     1   --> A              
     e( 26 - 26) =      3.57522  eV     1   --> A              
     e( 27 - 27) =      3.96179  eV     1   --> A              
     e( 28 - 28) =      4.03752  eV     1   --> A              
     e( 29 - 29) =      4.22585  eV     1   --> A              
     e( 30 - 30) =      4.72318  eV     1   --> A              
     e( 31 - 31) =      4.87725  eV     1   --> A              
     e( 32 - 32) =      5.23144  eV     1   --> A              
     e( 33 - 33) =      5.44121  eV     1   --> A              
     e( 34 - 34) =      5.54494  eV     1   --> A              
     e( 35 - 35) =      5.60381  eV     1   --> A              
     e( 36 - 36) =      5.96221  eV     1   --> A              
     e( 37 - 37) =      6.31884  eV     1   --> A              
     e( 38 - 38) =      6.46161  eV     1   --> A              
     e( 39 - 39) =      6.52269  eV     1   --> A              
     e( 40 - 40) =      6.68138  eV     1   --> A              
     e( 41 - 41) =      6.81224  eV     1   --> A              
     e( 42 - 42) =      7.08546  eV     1   --> A              
     e( 43 - 43) =      7.43170  eV     1   --> A              
     e( 44 - 44) =      7.63029  eV     1   --> A              
     e( 45 - 45) =      7.79075  eV     1   --> A              
     e( 46 - 46) =      7.99096  eV     1   --> A              
     e( 47 - 47) =      8.13451  eV     1   --> A              
     e( 48 - 48) =      8.24712  eV     1   --> A              
     e( 49 - 49) =      8.55272  eV     1   --> A              
     e( 50 - 50) =      8.71019  eV     1   --> A              
     e( 51 - 51) =      8.87607  eV     1   --> A              
     e( 52 - 52) =      9.01446  eV     1   --> A              
     e( 53 - 53) =      9.41797  eV     1   --> A              
     e( 54 - 54) =      9.45631  eV     1   --> A              
     e( 55 - 55) =      9.85831  eV     1   --> A              
     e( 56 - 56) =     10.33950  eV     1   --> A              
     e( 57 - 57) =     13.10596  eV     1   --> A              
     e( 58 - 58) =     13.43946  eV     1   --> A              
     e( 59 - 59) =     13.62269  eV     1   --> A              
     e( 60 - 60) =     13.90469  eV     1   --> A              
     e( 61 - 61) =     14.21390  eV     1   --> A              
     e( 62 - 62) =     14.56637  eV     1   --> A              
     e( 63 - 63) =     15.26343  eV     1   --> A              
     e( 64 - 64) =     15.48526  eV     1   --> A              
     e( 65 - 65) =     16.23403  eV     1   --> A              
     e( 66 - 66) =     17.45563  eV     1   --> A              
     e( 67 - 67) =     18.28518  eV     1   --> A              
     e( 68 - 68) =     18.79785  eV     1   --> A              
     e( 69 - 69) =     18.95931  eV     1   --> A              
     e( 70 - 70) =     20.74524  eV     1   --> A              
     e( 71 - 71) =     20.89826  eV     1   --> A              
     e( 72 - 72) =     21.42330  eV     1   --> A              
     e( 73 - 73) =     21.73367  eV     1   --> A              
     e( 74 - 74) =     22.55613  eV     1   --> A              
     e( 75 - 75) =     22.63796  eV     1   --> A              
     e( 76 - 76) =     22.98322  eV     1   --> A              
     e( 77 - 77) =     24.08258  eV     1   --> A              
     e( 78 - 78) =     24.16104  eV     1   --> A              
     e( 79 - 79) =     24.28515  eV     1   --> A              
     e( 80 - 80) =     24.50916  eV     1   --> A              

 **************************************************************************

 **************************************************************************

                    xk=(   0.05000,   0.04099,   0.00040  )

     Band symmetry, C_1 (1)     point group:

     e(  1 -  1) =    -91.70479  eV     1   --> A              
     e(  2 -  2) =    -68.88644  eV     1   --> A              
     e(  3 -  3) =    -64.32035  eV     1   --> A              
     e(  4 -  4) =    -64.30823  eV     1   --> A              
     e(  5 -  5) =    -52.14542  eV     1   --> A              
     e(  6 -  6) =    -52.14054  eV     1   --> A              
     e(  7 -  7) =    -52.12800  eV     1   --> A              
     e(  8 -  8) =    -37.94164  eV     1   --> A              
     e(  9 -  9) =    -37.93318  eV     1   --> A              
     e( 10 - 10) =    -37.91708  eV     1   --> A              
     e( 11 - 11) =    -28.75933  eV     1   --> A              
     e( 12 - 12) =    -28.70411  eV     1   --> A              
     e( 13 - 13) =    -28.67321  eV     1   --> A              
     e( 14 - 14) =    -28.61130  eV     1   --> A              
     e( 15 - 15) =    -28.59689  eV     1   --> A              
     e( 16 - 16) =    -28.53437  eV     1   --> A              
     e( 17 - 17) =     -8.57433  eV     1   --> A              
     e( 18 - 18) =     -7.30949  eV     1   --> A              
     e( 19 - 19) =     -7.02649  eV     1   --> A              
     e( 20 - 20) =     -6.99249  eV     1   --> A              
     e( 21 - 21) =     -6.85124  eV     1   --> A              
     e( 22 - 22) =     -6.73792  eV     1   --> A              
     e( 23 - 23) =     -6.49086  eV     1   --> A              
     e( 24 - 24) =     -6.23672  eV     1   --> A              
     e( 25 - 25) =      3.36001  eV     1   --> A              
     e( 26 - 26) =      3.55792  eV     1   --> A              
     e( 27 - 27) =      3.96788  eV     1   --> A              
     e( 28 - 28) =      4.02304  eV     1   --> A              
     e( 29 - 29) =      4.23589  eV     1   --> A              
     e( 30 - 30) =      4.69501  eV     1   --> A              
     e( 31 - 31) =      4.85390  eV     1   --> A              
     e( 32 - 32) =      5.27382  eV     1   --> A              
     e( 33 - 33) =      5.46241  eV     1   --> A              
     e( 34 - 34) =      5.53582  eV     1   --> A              
     e( 35 - 35) =      5.61444  eV     1   --> A              
     e( 36 - 36) =      5.95264  eV     1   --> A              
     e( 37 - 37) =      6.37347  eV     1   --> A              
     e( 38 - 38) =      6.49622  eV     1   --> A              
     e( 39 - 39) =      6.56255  eV     1   --> A              
     e( 40 - 40) =      6.70245  eV     1   --> A              
     e( 41 - 41) =      6.80539  eV     1   --> A              
     e( 42 - 42) =      7.00779  eV     1   --> A              
     e( 43 - 43) =      7.44036  eV     1   --> A              
     e( 44 - 44) =      7.55205  eV     1   --> A              
     e( 45 - 45) =      7.79416  eV     1   --> A              
     e( 46 - 46) =      7.99390  eV     1   --> A              
     e( 47 - 47) =      8.14966  eV     1   --> A              
     e( 48 - 48) =      8.24231  eV     1   --> A              
     e( 49 - 49) =      8.58148  eV     1   --> A              
     e( 50 - 50) =      8.73454  eV     1   --> A              
     e( 51 - 51) =      8.83641  eV     1   --> A              
     e( 52 - 52) =      9.04141  eV     1   --> A              
     e( 53 - 53) =      9.42473  eV     1   --> A              
     e( 54 - 54) =      9.48698  eV     1   --> A              
     e( 55 - 55) =      9.81006  eV     1   --> A              
     e( 56 - 56) =     10.33245  eV     1   --> A              
     e( 57 - 57) =     13.09818  eV     1   --> A              
     e( 58 - 58) =     13.45492  eV     1   --> A              
     e( 59 - 59) =     13.62657  eV     1   --> A              
     e( 60 - 60) =     13.89813  eV     1   --> A              
     e( 61 - 61) =     14.21680  eV     1   --> A              
     e( 62 - 62) =     14.55001  eV     1   --> A              
     e( 63 - 63) =     15.28177  eV     1   --> A              
     e( 64 - 64) =     15.48087  eV     1   --> A              
     e( 65 - 65) =     16.16035  eV     1   --> A              
     e( 66 - 66) =     17.46082  eV     1   --> A              
     e( 67 - 67) =     18.33350  eV     1   --> A              
     e( 68 - 68) =     18.81722  eV     1   --> A              
     e( 69 - 69) =     18.90519  eV     1   --> A              
     e( 70 - 70) =     20.82703  eV     1   --> A              
     e( 71 - 71) =     20.94926  eV     1   --> A              
     e( 72 - 72) =     21.42232  eV     1   --> A              
     e( 73 - 73) =     21.66853  eV     1   --> A              
     e( 74 - 74) =     22.54973  eV     1   --> A              
     e( 75 - 75) =     22.62314  eV     1   --> A              
     e( 76 - 76) =     22.93512  eV     1   --> A              
     e( 77 - 77) =     24.12814  eV     1   --> A              
     e( 78 - 78) =     24.18338  eV     1   --> A              
     e( 79 - 79) =     24.27791  eV     1   --> A              
     e( 80 - 80) =     24.54993  eV     1   --> A              

 **************************************************************************

 **************************************************************************

                    xk=(   0.02500,   0.02050,   0.00020  )

     Band symmetry, C_1 (1)     point group:

     e(  1 -  1) =    -91.70479  eV     1   --> A              
     e(  2 -  2) =    -68.88644  eV     1   --> A              
     e(  3 -  3) =    -64.32035  eV     1   --> A              
     e(  4 -  4) =    -64.30824  eV     1   --> A              
     e(  5 -  5) =    -52.14542  eV     1   --> A              
     e(  6 -  6) =    -52.14054  eV     1   --> A              
     e(  7 -  7) =    -52.12800  eV     1   --> A              
     e(  8 -  8) =    -37.94164  eV     1   --> A              
     e(  9 -  9) =    -37.93318  eV     1   --> A              
     e( 10 - 10) =    -37.91708  eV     1   --> A              
     e( 11 - 11) =    -28.75935  eV     1   --> A              
     e( 12 - 12) =    -28.70417  eV     1   --> A              
     e( 13 - 13) =    -28.67318  eV     1   --> A              
     e( 14 - 14) =    -28.61126  eV     1   --> A              
     e( 15 - 15) =    -28.59682  eV     1   --> A              
     e( 16 - 16) =    -28.53434  eV     1   --> A              
     e( 17 - 17) =     -8.58389  eV     1   --> A              
     e( 18 - 18) =     -7.30693  eV     1   --> A              
     e( 19 - 19) =     -7.01601  eV     1   --> A              
     e( 20 - 20) =     -6.98899  eV     1   --> A              
     e( 21 - 21) =     -6.84600  eV     1   --> A              
     e( 22 - 22) =     -6.75014  eV     1   --> A              
     e( 23 - 23) =     -6.49138  eV     1   --> A              
     e( 24 - 24) =     -6.23307  eV     1   --> A              
     e( 25 - 25) =      3.34485  eV     1   --> A              
     e( 26 - 26) =      3.54736  eV     1   --> A              
     e( 27 - 27) =      3.96904  eV     1   --> A              
     e( 28 - 28) =      4.01820  eV     1   --> A              
     e( 29 - 29) =      4.24258  eV     1   --> A              
     e( 30 - 30) =      4.67091  eV     1   --> A              
     e( 31 - 31) =      4.84287  eV     1   --> A              
     e( 32 - 32) =      5.29974  eV     1   --> A              
     e( 33 - 33) =      5.48338  eV     1   --> A              
     e( 34 - 34) =      5.52394  eV     1   --> A              
     e( 35 - 35) =      5.62276  eV     1   --> A              
     e( 36 - 36) =      5.94518  eV     1   --> A              
     e( 37 - 37) =      6.40760  eV     1   --> A              
     e( 38 - 38) =      6.53084  eV     1   --> A              
     e( 39 - 39) =      6.57804  eV     1   --> A              
     e( 40 - 40) =      6.72920  eV     1   --> A              
     e( 41 - 41) =      6.80572  eV     1   --> A              
     e( 42 - 42) =      6.94816  eV     1   --> A              
     e( 43 - 43) =      7.44660  eV     1   --> A              
     e( 44 - 44) =      7.48956  eV     1   --> A              
     e( 45 - 45) =      7.79515  eV     1   --> A              
     e( 46 - 46) =      7.99889  eV     1   --> A              
     e( 47 - 47) =      8.15691  eV     1   --> A              
     e( 48 - 48) =      8.24199  eV     1   --> A              
     e( 49 - 49) =      8.61328  eV     1   --> A              
     e( 50 - 50) =      8.71738  eV     1   --> A              
     e( 51 - 51) =      8.83070  eV     1   --> A              
     e( 52 - 52) =      9.05706  eV     1   --> A              
     e( 53 - 53) =      9.42941  eV     1   --> A              
     e( 54 - 54) =      9.51270  eV     1   --> A              
     e( 55 - 55) =      9.77138  eV     1   --> A              
     e( 56 - 56) =     10.32896  eV     1   --> A              
     e( 57 - 57) =     13.09317  eV     1   --> A              
     e( 58 - 58) =     13.46646  eV     1   --> A              
     e( 59 - 59) =     13.62831  eV     1   --> A              
     e( 60 - 60) =     13.89325  eV     1   --> A              
     e( 61 - 61) =     14.21950  eV     1   --> A              
     e( 62 - 62) =     14.53882  eV     1   --> A              
     e( 63 - 63) =     15.29329  eV     1   --> A              
     e( 64 - 64) =     15.47764  eV     1   --> A              
     e( 65 - 65) =     16.11531  eV     1   --> A              
     e( 66 - 66) =     17.46419  eV     1   --> A              
     e( 67 - 67) =     18.37129  eV     1   --> A              
     e( 68 - 68) =     18.82265  eV     1   --> A              
     e( 69 - 69) =     18.86974  eV     1   --> A              
     e( 70 - 70) =     20.88958  eV     1   --> A              
     e( 71 - 71) =     20.98416  eV     1   --> A              
     e( 72 - 72) =     21.41031  eV     1   --> A              
     e( 73 - 73) =     21.62779  eV     1   --> A              
     e( 74 - 74) =     22.54134  eV     1   --> A              
     e( 75 - 75) =     22.61551  eV     1   --> A              
     e( 76 - 76) =     22.90475  eV     1   --> A              
     e( 77 - 77) =     24.15179  eV     1   --> A              
     e( 78 - 78) =     24.19006  eV     1   --> A              
     e( 79 - 79) =     24.27848  eV     1   --> A              
     e( 80 - 80) =     24.59104  eV     1   --> A              

 **************************************************************************

 **************************************************************************

                    xk=(   0.00000,   0.00000,   0.00000  )

     point group C_2  (2)   
     there are  2 classes
     the character table:

       E     C2   
A      1.00  1.00
B      1.00 -1.00

     the symmetry operations in each class and the name of the first element:

     E        1
                                                                 
     C2       2
                                                                 

     Band symmetry, C_2  (2)    point group:

     e(  1 -  1) =    -91.70479  eV     1   --> A              
     e(  2 -  2) =    -68.88644  eV     1   --> A              
     e(  3 -  3) =    -64.32035  eV     1   --> A              
     e(  4 -  4) =    -64.30824  eV     1   --> A              
     e(  5 -  5) =    -52.14542  eV     1   --> B              
     e(  6 -  6) =    -52.14054  eV     1   --> B              
     e(  7 -  7) =    -52.12800  eV     1   --> A              
     e(  8 -  8) =    -37.94164  eV     1   --> B              
     e(  9 -  9) =    -37.93318  eV     1   --> A              
     e( 10 - 10) =    -37.91708  eV     1   --> B              
     e( 11 - 11) =    -28.75935  eV     1   --> B              
     e( 12 - 12) =    -28.70419  eV     1   --> A              
     e( 13 - 13) =    -28.67316  eV     1   --> B              
     e( 14 - 14) =    -28.61124  eV     1   --> B              
     e( 15 - 15) =    -28.59680  eV     1   --> A              
     e( 16 - 16) =    -28.53433  eV     1   --> B              
     e( 17 - 17) =     -8.58710  eV     1   --> A              
     e( 18 - 18) =     -7.30612  eV     1   --> A              
     e( 19 - 19) =     -7.01338  eV     1   --> B              
     e( 20 - 20) =     -6.98660  eV     1   --> A              
     e( 21 - 21) =     -6.84385  eV     1   --> B              
     e( 22 - 22) =     -6.75492  eV     1   --> A              
     e( 23 - 23) =     -6.49156  eV     1   --> B              
     e( 24 - 24) =     -6.23181  eV     1   --> B              
     e( 25 - 25) =      3.33973  eV     1   --> A              
     e( 26 - 26) =      3.54381  eV     1   --> A              
     e( 27 - 27) =      3.96856  eV     1   --> A              
     e( 28 - 28) =      4.01773  eV     1   --> B              
     e( 29 - 29) =      4.24499  eV     1   --> B              
     e( 30 - 30) =      4.66158  eV     1   --> A              
     e( 31 - 31) =      4.83969  eV     1   --> A              
     e( 32 - 32) =      5.30822  eV     1   --> B              
     e( 33 - 33) =      5.49783  eV     1   --> A              
     e( 34 - 34) =      5.51310  eV     1   --> B              
     e( 35 - 35) =      5.62588  eV     1   --> A              
     e( 36 - 36) =      5.94236  eV     1   --> A              
     e( 37 - 37) =      6.41906  eV     1   --> A              
     e( 38 - 38) =      6.55570  eV     1   --> B              
     e( 39 - 39) =      6.57028  eV     1   --> A              
     e( 40 - 40) =      6.74134  eV     1   --> B              
     e( 41 - 41) =      6.80922  eV     1   --> A              
     e( 42 - 42) =      6.92440  eV     1   --> B              
     e( 43 - 43) =      7.44969  eV     1   --> A              
     e( 44 - 44) =      7.46421  eV     1   --> B              
     e( 45 - 45) =      7.79525  eV     1   --> B              
     e( 46 - 46) =      8.00122  eV     1   --> A              
     e( 47 - 47) =      8.15848  eV     1   --> A              
     e( 48 - 48) =      8.24276  eV     1   --> B              
     e( 49 - 49) =      8.63526  eV     1   --> B              
     e( 50 - 50) =      8.69428  eV     1   --> A              
     e( 51 - 51) =      8.83504  eV     1   --> A              
     e( 52 - 52) =      9.06201  eV     1   --> B              
     e( 53 - 53) =      9.43131  eV     1   --> B              
     e( 54 - 54) =      9.52337  eV     1   --> B              
     e( 55 - 55) =      9.75575  eV     1   --> A              
     e( 56 - 56) =     10.32793  eV     1   --> B              
     e( 57 - 57) =     13.09144  eV     1   --> A              
     e( 58 - 58) =     13.47077  eV     1   --> A              
     e( 59 - 59) =     13.62874  eV     1   --> B              
     e( 60 - 60) =     13.89145  eV     1   --> A              
     e( 61 - 61) =     14.22058  eV     1   --> B              
     e( 62 - 62) =     14.53482  eV     1   --> A              
     e( 63 - 63) =     15.29722  eV     1   --> A              
     e( 64 - 64) =     15.47643  eV     1   --> B              
     e( 65 - 65) =     16.10018  eV     1   --> A              
     e( 66 - 66) =     17.46535  eV     1   --> A              
     e( 67 - 67) =     18.38612  eV     1   --> B              
     e( 68 - 68) =     18.81930  eV     1   --> A              
     e( 69 - 69) =     18.86078  eV     1   --> B              
     e( 70 - 70) =     20.91385  eV     1   --> B              
     e( 71 - 71) =     20.99679  eV     1   --> A              
     e( 72 - 72) =     21.40234  eV     1   --> B              
     e( 73 - 73) =     21.61461  eV     1   --> A              
     e( 74 - 74) =     22.53770  eV     1   --> A              
     e( 75 - 75) =     22.61303  eV     1   --> A              
     e( 76 - 76) =     22.89456  eV     1   --> A              
     e( 77 - 77) =     24.15500  eV     1   --> B              
     e( 78 - 78) =     24.19701  eV     1   --> A              
     e( 79 - 79) =     24.27730  eV     1   --> B              
     e( 80 - 80) =     24.60834  eV     1   --> A              

 **************************************************************************

 **************************************************************************

                    xk=(  -0.00004,   0.00000,   0.02342  )

     point group C_1 (1)    
     there are  1 classes
     the character table:

       E    
A      1.00

     the symmetry operations in each class and the name of the first element:

     E        1
                                                                 

     Band symmetry, C_1 (1)     point group:

     e(  1 -  1) =    -91.70479  eV     1   --> A              
     e(  2 -  2) =    -68.88644  eV     1   --> A              
     e(  3 -  3) =    -64.32034  eV     1   --> A              
     e(  4 -  4) =    -64.30825  eV     1   --> A              
     e(  5 -  5) =    -52.14542  eV     1   --> A              
     e(  6 -  6) =    -52.14054  eV     1   --> A              
     e(  7 -  7) =    -52.12800  eV     1   --> A              
     e(  8 -  8) =    -37.94164  eV     1   --> A              
     e(  9 -  9) =    -37.93318  eV     1   --> A              
     e( 10 - 10) =    -37.91708  eV     1   --> A              
     e( 11 - 11) =    -28.75934  eV     1   --> A              
     e( 12 - 12) =    -28.70436  eV     1   --> A              
     e( 13 - 13) =    -28.67306  eV     1   --> A              
     e( 14 - 14) =    -28.61149  eV     1   --> A              
     e( 15 - 15) =    -28.59656  eV     1   --> A              
     e( 16 - 16) =    -28.53429  eV     1   --> A              
     e( 17 - 17) =     -8.58480  eV     1   --> A              
     e( 18 - 18) =     -7.30695  eV     1   --> A              
     e( 19 - 19) =     -7.01688  eV     1   --> A              
     e( 20 - 20) =     -6.98482  eV     1   --> A              
     e( 21 - 21) =     -6.84471  eV     1   --> A              
     e( 22 - 22) =     -6.75340  eV     1   --> A              
     e( 23 - 23) =     -6.49184  eV     1   --> A              
     e( 24 - 24) =     -6.23246  eV     1   --> A              
     e( 25 - 25) =      3.34228  eV     1   --> A              
     e( 26 - 26) =      3.54784  eV     1   --> A              
     e( 27 - 27) =      3.97001  eV     1   --> A              
     e( 28 - 28) =      4.01628  eV     1   --> A              
     e( 29 - 29) =      4.23384  eV     1   --> A              
     e( 30 - 30) =      4.67538  eV     1   --> A              
     e( 31 - 31) =      4.83697  eV     1   --> A              
     e( 32 - 32) =      5.29114  eV     1   --> A              
     e( 33 - 33) =      5.50023  eV     1   --> A              
     e( 34 - 34) =      5.51706  eV     1   --> A              
     e( 35 - 35) =      5.62633  eV     1   --> A              
     e( 36 - 36) =      5.94375  eV     1   --> A              
     e( 37 - 37) =      6.42045  eV     1   --> A              
     e( 38 - 38) =      6.54330  eV     1   --> A              
     e( 39 - 39) =      6.58553  eV     1   --> A              
     e( 40 - 40) =      6.74497  eV     1   --> A              
     e( 41 - 41) =      6.81070  eV     1   --> A              
     e( 42 - 42) =      6.92288  eV     1   --> A              
     e( 43 - 43) =      7.45511  eV     1   --> A              
     e( 44 - 44) =      7.45722  eV     1   --> A              
     e( 45 - 45) =      7.78191  eV     1   --> A              
     e( 46 - 46) =      8.01880  eV     1   --> A              
     e( 47 - 47) =      8.15634  eV     1   --> A              
     e( 48 - 48) =      8.23999  eV     1   --> A              
     e( 49 - 49) =      8.63004  eV     1   --> A              
     e( 50 - 50) =      8.69237  eV     1   --> A              
     e( 51 - 51) =      8.83552  eV     1   --> A              
     e( 52 - 52) =      9.06378  eV     1   --> A              
     e( 53 - 53) =      9.42278  eV     1   --> A              
     e( 54 - 54) =      9.51814  eV     1   --> A              
     e( 55 - 55) =      9.77057  eV     1   --> A              
     e( 56 - 56) =     10.32887  eV     1   --> A              
     e( 57 - 57) =     13.09466  eV     1   --> A              
     e( 58 - 58) =     13.47088  eV     1   --> A              
     e( 59 - 59) =     13.62728  eV     1   --> A              
     e( 60 - 60) =     13.89009  eV     1   --> A              
     e( 61 - 61) =     14.21888  eV     1   --> A              
     e( 62 - 62) =     14.53376  eV     1   --> A              
     e( 63 - 63) =     15.29626  eV     1   --> A              
     e( 64 - 64) =     15.47285  eV     1   --> A              
     e( 65 - 65) =     16.10945  eV     1   --> A              
     e( 66 - 66) =     17.46494  eV     1   --> A              
     e( 67 - 67) =     18.36837  eV     1   --> A              
     e( 68 - 68) =     18.83720  eV     1   --> A              
     e( 69 - 69) =     18.86310  eV     1   --> A              
     e( 70 - 70) =     20.91565  eV     1   --> A              
     e( 71 - 71) =     20.99531  eV     1   --> A              
     e( 72 - 72) =     21.39053  eV     1   --> A              
     e( 73 - 73) =     21.61486  eV     1   --> A              
     e( 74 - 74) =     22.53890  eV     1   --> A              
     e( 75 - 75) =     22.62113  eV     1   --> A              
     e( 76 - 76) =     22.89567  eV     1   --> A              
     e( 77 - 77) =     24.12274  eV     1   --> A              
     e( 78 - 78) =     24.19359  eV     1   --> A              
     e( 79 - 79) =     24.30880  eV     1   --> A              
     e( 80 - 80) =     24.60966  eV     1   --> A              

 **************************************************************************

 **************************************************************************

                    xk=(  -0.00009,   0.00000,   0.04684  )

     Band symmetry, C_1 (1)     point group:

     e(  1 -  1) =    -91.70479  eV     1   --> A              
     e(  2 -  2) =    -68.88644  eV     1   --> A              
     e(  3 -  3) =    -64.32031  eV     1   --> A              
     e(  4 -  4) =    -64.30828  eV     1   --> A              
     e(  5 -  5) =    -52.14542  eV     1   --> A              
     e(  6 -  6) =    -52.14054  eV     1   --> A              
     e(  7 -  7) =    -52.12800  eV     1   --> A              
     e(  8 -  8) =    -37.94165  eV     1   --> A              
     e(  9 -  9) =    -37.93318  eV     1   --> A              
     e( 10 - 10) =    -37.91708  eV     1   --> A              
     e( 11 - 11) =    -28.75931  eV     1   --> A              
     e( 12 - 12) =    -28.70486  eV     1   --> A              
     e( 13 - 13) =    -28.67274  eV     1   --> A              
     e( 14 - 14) =    -28.61220  eV     1   --> A              
     e( 15 - 15) =    -28.59587  eV     1   --> A              
     e( 16 - 16) =    -28.53416  eV     1   --> A              
     e( 17 - 17) =     -8.57792  eV     1   --> A              
     e( 18 - 18) =     -7.30939  eV     1   --> A              
     e( 19 - 19) =     -7.02547  eV     1   --> A              
     e( 20 - 20) =     -6.98176  eV     1   --> A              
     e( 21 - 21) =     -6.84667  eV     1   --> A              
     e( 22 - 22) =     -6.74914  eV     1   --> A              
     e( 23 - 23) =     -6.49263  eV     1   --> A              
     e( 24 - 24) =     -6.23439  eV     1   --> A              
     e( 25 - 25) =      3.34989  eV     1   --> A              
     e( 26 - 26) =      3.55976  eV     1   --> A              
     e( 27 - 27) =      3.97427  eV     1   --> A              
     e( 28 - 28) =      4.01098  eV     1   --> A              
     e( 29 - 29) =      4.20648  eV     1   --> A              
     e( 30 - 30) =      4.71103  eV     1   --> A              
     e( 31 - 31) =      4.82914  eV     1   --> A              
     e( 32 - 32) =      5.24662  eV     1   --> A              
     e( 33 - 33) =      5.50178  eV     1   --> A              
     e( 34 - 34) =      5.53055  eV     1   --> A              
     e( 35 - 35) =      5.62800  eV     1   --> A              
     e( 36 - 36) =      5.94613  eV     1   --> A              
     e( 37 - 37) =      6.42168  eV     1   --> A              
     e( 38 - 38) =      6.52564  eV     1   --> A              
     e( 39 - 39) =      6.61512  eV     1   --> A              
     e( 40 - 40) =      6.75416  eV     1   --> A              
     e( 41 - 41) =      6.81526  eV     1   --> A              
     e( 42 - 42) =      6.91890  eV     1   --> A              
     e( 43 - 43) =      7.43679  eV     1   --> A              
     e( 44 - 44) =      7.47080  eV     1   --> A              
     e( 45 - 45) =      7.75371  eV     1   --> A              
     e( 46 - 46) =      8.05650  eV     1   --> A              
     e( 47 - 47) =      8.15086  eV     1   --> A              
     e( 48 - 48) =      8.23388  eV     1   --> A              
     e( 49 - 49) =      8.61478  eV     1   --> A              
     e( 50 - 50) =      8.68663  eV     1   --> A              
     e( 51 - 51) =      8.83670  eV     1   --> A              
     e( 52 - 52) =      9.06887  eV     1   --> A              
     e( 53 - 53) =      9.39961  eV     1   --> A              
     e( 54 - 54) =      9.50692  eV     1   --> A              
     e( 55 - 55) =      9.80845  eV     1   --> A              
     e( 56 - 56) =     10.33167  eV     1   --> A              
     e( 57 - 57) =     13.10421  eV     1   --> A              
     e( 58 - 58) =     13.47114  eV     1   --> A              
     e( 59 - 59) =     13.62315  eV     1   --> A              
     e( 60 - 60) =     13.88605  eV     1   --> A              
     e( 61 - 61) =     14.21383  eV     1   --> A              
     e( 62 - 62) =     14.53056  eV     1   --> A              
     e( 63 - 63) =     15.29330  eV     1   --> A              
     e( 64 - 64) =     15.46224  eV     1   --> A              
     e( 65 - 65) =     16.13702  eV     1   --> A              
     e( 66 - 66) =     17.46369  eV     1   --> A              
     e( 67 - 67) =     18.32292  eV     1   --> A              
     e( 68 - 68) =     18.86090  eV     1   --> A              
     e( 69 - 69) =     18.89213  eV     1   --> A              
     e( 70 - 70) =     20.91932  eV     1   --> A              
     e( 71 - 71) =     20.99141  eV     1   --> A              
     e( 72 - 72) =     21.35846  eV     1   --> A              
     e( 73 - 73) =     21.61474  eV     1   --> A              
     e( 74 - 74) =     22.54063  eV     1   --> A              
     e( 75 - 75) =     22.64493  eV     1   --> A              
     e( 76 - 76) =     22.90059  eV     1   --> A              
     e( 77 - 77) =     24.06511  eV     1   --> A              
     e( 78 - 78) =     24.17643  eV     1   --> A              
     e( 79 - 79) =     24.36966  eV     1   --> A              
     e( 80 - 80) =     24.61504  eV     1   --> A              

 **************************************************************************

 **************************************************************************

                    xk=(  -0.00013,   0.00000,   0.07026  )

     Band symmetry, C_1 (1)     point group:

     e(  1 -  1) =    -91.70480  eV     1   --> A              
     e(  2 -  2) =    -68.88644  eV     1   --> A              
     e(  3 -  3) =    -64.32025  eV     1   --> A              
     e(  4 -  4) =    -64.30833  eV     1   --> A              
     e(  5 -  5) =    -52.14542  eV     1   --> A              
     e(  6 -  6) =    -52.14054  eV     1   --> A              
     e(  7 -  7) =    -52.12800  eV     1   --> A              
     e(  8 -  8) =    -37.94165  eV     1   --> A              
     e(  9 -  9) =    -37.93318  eV     1   --> A              
     e( 10 - 10) =    -37.91708  eV     1   --> A              
     e( 11 - 11) =    -28.75926  eV     1   --> A              
     e( 12 - 12) =    -28.70566  eV     1   --> A              
     e( 13 - 13) =    -28.67223  eV     1   --> A              
     e( 14 - 14) =    -28.61326  eV     1   --> A              
     e( 15 - 15) =    -28.59484  eV     1   --> A              
     e( 16 - 16) =    -28.53396  eV     1   --> A              
     e( 17 - 17) =     -8.56649  eV     1   --> A              
     e( 18 - 18) =     -7.31328  eV     1   --> A              
     e( 19 - 19) =     -7.03709  eV     1   --> A              
     e( 20 - 20) =     -6.98052  eV     1   --> A              
     e( 21 - 21) =     -6.84822  eV     1   --> A              
     e( 22 - 22) =     -6.74291  eV     1   --> A              
     e( 23 - 23) =     -6.49381  eV     1   --> A              
     e( 24 - 24) =     -6.23752  eV     1   --> A              
     e( 25 - 25) =      3.36241  eV     1   --> A              
     e( 26 - 26) =      3.57904  eV     1   --> A              
     e( 27 - 27) =      3.98080  eV     1   --> A              
     e( 28 - 28) =      3.99921  eV     1   --> A              
     e( 29 - 29) =      4.17580  eV     1   --> A              
     e( 30 - 30) =      4.75506  eV     1   --> A              
     e( 31 - 31) =      4.81856  eV     1   --> A              
     e( 32 - 32) =      5.18695  eV     1   --> A              
     e( 33 - 33) =      5.50183  eV     1   --> A              
     e( 34 - 34) =      5.54821  eV     1   --> A              
     e( 35 - 35) =      5.63189  eV     1   --> A              
     e( 36 - 36) =      5.94630  eV     1   --> A              
     e( 37 - 37) =      6.41477  eV     1   --> A              
     e( 38 - 38) =      6.51129  eV     1   --> A              
     e( 39 - 39) =      6.65746  eV     1   --> A              
     e( 40 - 40) =      6.76573  eV     1   --> A              
     e( 41 - 41) =      6.82320  eV     1   --> A              
     e( 42 - 42) =      6.91420  eV     1   --> A              
     e( 43 - 43) =      7.40504  eV     1   --> A              
     e( 44 - 44) =      7.49511  eV     1   --> A              
     e( 45 - 45) =      7.72515  eV     1   --> A              
     e( 46 - 46) =      8.08569  eV     1   --> A              
     e( 47 - 47) =      8.14590  eV     1   --> A              
     e( 48 - 48) =      8.23391  eV     1   --> A              
     e( 49 - 49) =      8.59048  eV     1   --> A              
     e( 50 - 50) =      8.67718  eV     1   --> A              
     e( 51 - 51) =      8.83797  eV     1   --> A              
     e( 52 - 52) =      9.07665  eV     1   --> A              
     e( 53 - 53) =      9.36844  eV     1   --> A              
     e( 54 - 54) =      9.49446  eV     1   --> A              
     e( 55 - 55) =      9.85862  eV     1   --> A              
     e( 56 - 56) =     10.33628  eV     1   --> A              
     e( 57 - 57) =     13.11983  eV     1   --> A              
     e( 58 - 58) =     13.47132  eV     1   --> A              
     e( 59 - 59) =     13.61704  eV     1   --> A              
     e( 60 - 60) =     13.87948  eV     1   --> A              
     e( 61 - 61) =     14.20564  eV     1   --> A              
     e( 62 - 62) =     14.52511  eV     1   --> A              
     e( 63 - 63) =     15.28817  eV     1   --> A              
     e( 64 - 64) =     15.44496  eV     1   --> A              
     e( 65 - 65) =     16.18216  eV     1   --> A              
     e( 66 - 66) =     17.46162  eV     1   --> A              
     e( 67 - 67) =     18.26312  eV     1   --> A              
     e( 68 - 68) =     18.86768  eV     1   --> A              
     e( 69 - 69) =     18.95693  eV     1   --> A              
     e( 70 - 70) =     20.91744  eV     1   --> A              
     e( 71 - 71) =     20.98891  eV     1   --> A              
     e( 72 - 72) =     21.31408  eV     1   --> A              
     e( 73 - 73) =     21.61338  eV     1   --> A              
     e( 74 - 74) =     22.54096  eV     1   --> A              
     e( 75 - 75) =     22.67919  eV     1   --> A              
     e( 76 - 76) =     22.91476  eV     1   --> A              
     e( 77 - 77) =     24.00298  eV     1   --> A              
     e( 78 - 78) =     24.14541  eV     1   --> A              
     e( 79 - 79) =     24.43538  eV     1   --> A              
     e( 80 - 80) =     24.62811  eV     1   --> A              

 **************************************************************************

 **************************************************************************

                    xk=(  -0.00017,   0.00000,   0.09368  )

     Band symmetry, C_1 (1)     point group:

     e(  1 -  1) =    -91.70480  eV     1   --> A              
     e(  2 -  2) =    -68.88644  eV     1   --> A              
     e(  3 -  3) =    -64.32017  eV     1   --> A              
     e(  4 -  4) =    -64.30841  eV     1   --> A              
     e(  5 -  5) =    -52.14541  eV     1   --> A              
     e(  6 -  6) =    -52.14054  eV     1   --> A              
     e(  7 -  7) =    -52.12800  eV     1   --> A              
     e(  8 -  8) =    -37.94165  eV     1   --> A              
     e(  9 -  9) =    -37.93318  eV     1   --> A              
     e( 10 - 10) =    -37.91708  eV     1   --> A              
     e( 11 - 11) =    -28.75918  eV     1   --> A              
     e( 12 - 12) =    -28.70674  eV     1   --> A              
     e( 13 - 13) =    -28.67154  eV     1   --> A              
     e( 14 - 14) =    -28.61458  eV     1   --> A              
     e( 15 - 15) =    -28.59358  eV     1   --> A              
     e( 16 - 16) =    -28.53369  eV     1   --> A              
     e( 17 - 17) =     -8.55056  eV     1   --> A              
     e( 18 - 18) =     -7.31840  eV     1   --> A              
     e( 19 - 19) =     -7.05117  eV     1   --> A              
     e( 20 - 20) =     -6.98310  eV     1   --> A              
     e( 21 - 21) =     -6.84751  eV     1   --> A              
     e( 22 - 22) =     -6.73555  eV     1   --> A              
     e( 23 - 23) =     -6.49516  eV     1   --> A              
     e( 24 - 24) =     -6.24176  eV     1   --> A              
     e( 25 - 25) =      3.37959  eV     1   --> A              
     e( 26 - 26) =      3.60452  eV     1   --> A              
     e( 27 - 27) =      3.97427  eV     1   --> A              
     e( 28 - 28) =      3.99263  eV     1   --> A              
     e( 29 - 29) =      4.15361  eV     1   --> A              
     e( 30 - 30) =      4.77555  eV     1   --> A              
     e( 31 - 31) =      4.82533  eV     1   --> A              
     e( 32 - 32) =      5.12458  eV     1   --> A              
     e( 33 - 33) =      5.50189  eV     1   --> A              
     e( 34 - 34) =      5.56429  eV     1   --> A              
     e( 35 - 35) =      5.63962  eV     1   --> A              
     e( 36 - 36) =      5.94299  eV     1   --> A              
     e( 37 - 37) =      6.39415  eV     1   --> A              
     e( 38 - 38) =      6.50307  eV     1   --> A              
     e( 39 - 39) =      6.70952  eV     1   --> A              
     e( 40 - 40) =      6.77735  eV     1   --> A              
     e( 41 - 41) =      6.83561  eV     1   --> A              
     e( 42 - 42) =      6.91187  eV     1   --> A              
     e( 43 - 43) =      7.36603  eV     1   --> A              
     e( 44 - 44) =      7.52554  eV     1   --> A              
     e( 45 - 45) =      7.70131  eV     1   --> A              
     e( 46 - 46) =      8.08344  eV     1   --> A              
     e( 47 - 47) =      8.14017  eV     1   --> A              
     e( 48 - 48) =      8.25684  eV     1   --> A              
     e( 49 - 49) =      8.55880  eV     1   --> A              
     e( 50 - 50) =      8.66441  eV     1   --> A              
     e( 51 - 51) =      8.83888  eV     1   --> A              
     e( 52 - 52) =      9.08617  eV     1   --> A              
     e( 53 - 53) =      9.33622  eV     1   --> A              
     e( 54 - 54) =      9.48170  eV     1   --> A              
     e( 55 - 55) =      9.91405  eV     1   --> A              
     e( 56 - 56) =     10.34263  eV     1   --> A              
     e( 57 - 57) =     13.14109  eV     1   --> A              
     e( 58 - 58) =     13.47114  eV     1   --> A              
     e( 59 - 59) =     13.60999  eV     1   --> A              
     e( 60 - 60) =     13.87058  eV     1   --> A              
     e( 61 - 61) =     14.19455  eV     1   --> A              
     e( 62 - 62) =     14.51732  eV     1   --> A              
     e( 63 - 63) =     15.28062  eV     1   --> A              
     e( 64 - 64) =     15.42167  eV     1   --> A              
     e( 65 - 65) =     16.24374  eV     1   --> A              
     e( 66 - 66) =     17.45871  eV     1   --> A              
     e( 67 - 67) =     18.19812  eV     1   --> A              
     e( 68 - 68) =     18.87517  eV     1   --> A              
     e( 69 - 69) =     19.03025  eV     1   --> A              
     e( 70 - 70) =     20.89588  eV     1   --> A              
     e( 71 - 71) =     20.99572  eV     1   --> A              
     e( 72 - 72) =     21.26682  eV     1   --> A              
     e( 73 - 73) =     21.61210  eV     1   --> A              
     e( 74 - 74) =     22.54008  eV     1   --> A              
     e( 75 - 75) =     22.71202  eV     1   --> A              
     e( 76 - 76) =     22.94781  eV     1   --> A              
     e( 77 - 77) =     23.93943  eV     1   --> A              
     e( 78 - 78) =     24.10111  eV     1   --> A              
     e( 79 - 79) =     24.49701  eV     1   --> A              
     e( 80 - 80) =     24.65346  eV     1   --> A              

 **************************************************************************

 **************************************************************************

                    xk=(  -0.00021,   0.00000,   0.11710  )

     Band symmetry, C_1 (1)     point group:

     e(  1 -  1) =    -91.70480  eV     1   --> A              
     e(  2 -  2) =    -68.88644  eV     1   --> A              
     e(  3 -  3) =    -64.32008  eV     1   --> A              
     e(  4 -  4) =    -64.30850  eV     1   --> A              
     e(  5 -  5) =    -52.14541  eV     1   --> A              
     e(  6 -  6) =    -52.14054  eV     1   --> A              
     e(  7 -  7) =    -52.12800  eV     1   --> A              
     e(  8 -  8) =    -37.94165  eV     1   --> A              
     e(  9 -  9) =    -37.93318  eV     1   --> A              
     e( 10 - 10) =    -37.91707  eV     1   --> A              
     e( 11 - 11) =    -28.75906  eV     1   --> A              
     e( 12 - 12) =    -28.70806  eV     1   --> A              
     e( 13 - 13) =    -28.67070  eV     1   --> A              
     e( 14 - 14) =    -28.61608  eV     1   --> A              
     e( 15 - 15) =    -28.59218  eV     1   --> A              
     e( 16 - 16) =    -28.53336  eV     1   --> A              
     e( 17 - 17) =     -8.53019  eV     1   --> A              
     e( 18 - 18) =     -7.32448  eV     1   --> A              
     e( 19 - 19) =     -7.06785  eV     1   --> A              
     e( 20 - 20) =     -6.99048  eV     1   --> A              
     e( 21 - 21) =     -6.84315  eV     1   --> A              
     e( 22 - 22) =     -6.72778  eV     1   --> A              
     e( 23 - 23) =     -6.49644  eV     1   --> A              
     e( 24 - 24) =     -6.24698  eV     1   --> A              
     e( 25 - 25) =      3.40107  eV     1   --> A              
     e( 26 - 26) =      3.63398  eV     1   --> A              
     e( 27 - 27) =      3.94339  eV     1   --> A              
     e( 28 - 28) =      4.00355  eV     1   --> A              
     e( 29 - 29) =      4.14505  eV     1   --> A              
     e( 30 - 30) =      4.75486  eV     1   --> A              
     e( 31 - 31) =      4.85147  eV     1   --> A              
     e( 32 - 32) =      5.07605  eV     1   --> A              
     e( 33 - 33) =      5.50136  eV     1   --> A              
     e( 34 - 34) =      5.57667  eV     1   --> A              
     e( 35 - 35) =      5.65170  eV     1   --> A              
     e( 36 - 36) =      5.93772  eV     1   --> A              
     e( 37 - 37) =      6.36370  eV     1   --> A              
     e( 38 - 38) =      6.49550  eV     1   --> A              
     e( 39 - 39) =      6.75968  eV     1   --> A              
     e( 40 - 40) =      6.78682  eV     1   --> A              
     e( 41 - 41) =      6.85842  eV     1   --> A              
     e( 42 - 42) =      6.91638  eV     1   --> A              
     e( 43 - 43) =      7.32505  eV     1   --> A              
     e( 44 - 44) =      7.55878  eV     1   --> A              
     e( 45 - 45) =      7.68240  eV     1   --> A              
     e( 46 - 46) =      8.05920  eV     1   --> A              
     e( 47 - 47) =      8.12542  eV     1   --> A              
     e( 48 - 48) =      8.29710  eV     1   --> A              
     e( 49 - 49) =      8.52334  eV     1   --> A              
     e( 50 - 50) =      8.64898  eV     1   --> A              
     e( 51 - 51) =      8.83943  eV     1   --> A              
     e( 52 - 52) =      9.09635  eV     1   --> A              
     e( 53 - 53) =      9.30726  eV     1   --> A              
     e( 54 - 54) =      9.46868  eV     1   --> A              
     e( 55 - 55) =      9.97091  eV     1   --> A              
     e( 56 - 56) =     10.35060  eV     1   --> A              
     e( 57 - 57) =     13.16734  eV     1   --> A              
     e( 58 - 58) =     13.47039  eV     1   --> A              
     e( 59 - 59) =     13.60313  eV     1   --> A              
     e( 60 - 60) =     13.85969  eV     1   --> A              
     e( 61 - 61) =     14.18082  eV     1   --> A              
     e( 62 - 62) =     14.50708  eV     1   --> A              
     e( 63 - 63) =     15.27039  eV     1   --> A              
     e( 64 - 64) =     15.39320  eV     1   --> A              
     e( 65 - 65) =     16.32024  eV     1   --> A              
     e( 66 - 66) =     17.45501  eV     1   --> A              
     e( 67 - 67) =     18.13297  eV     1   --> A              
     e( 68 - 68) =     18.88434  eV     1   --> A              
     e( 69 - 69) =     19.10555  eV     1   --> A              
     e( 70 - 70) =     20.84730  eV     1   --> A              
     e( 71 - 71) =     21.01200  eV     1   --> A              
     e( 72 - 72) =     21.22482  eV     1   --> A              
     e( 73 - 73) =     21.61458  eV     1   --> A              
     e( 74 - 74) =     22.53896  eV     1   --> A              
     e( 75 - 75) =     22.73268  eV     1   --> A              
     e( 76 - 76) =     23.00781  eV     1   --> A              
     e( 77 - 77) =     23.87479  eV     1   --> A              
     e( 78 - 78) =     24.04477  eV     1   --> A              
     e( 79 - 79) =     24.54840  eV     1   --> A              
     e( 80 - 80) =     24.69406  eV     1   --> A              

 **************************************************************************

 **************************************************************************

                    xk=(  -0.00026,   0.00000,   0.14052  )

     Band symmetry, C_1 (1)     point group:

     e(  1 -  1) =    -91.70480  eV     1   --> A              
     e(  2 -  2) =    -68.88644  eV     1   --> A              
     e(  3 -  3) =    -64.31997  eV     1   --> A              
     e(  4 -  4) =    -64.30861  eV     1   --> A              
     e(  5 -  5) =    -52.14541  eV     1   --> A              
     e(  6 -  6) =    -52.14054  eV     1   --> A              
     e(  7 -  7) =    -52.12800  eV     1   --> A              
     e(  8 -  8) =    -37.94165  eV     1   --> A              
     e(  9 -  9) =    -37.93318  eV     1   --> A              
     e( 10 - 10) =    -37.91707  eV     1   --> A              
     e( 11 - 11) =    -28.75891  eV     1   --> A              
     e( 12 - 12) =    -28.70959  eV     1   --> A              
     e( 13 - 13) =    -28.66973  eV     1   --> A              
     e( 14 - 14) =    -28.61769  eV     1   --> A              
     e( 15 - 15) =    -28.59069  eV     1   --> A              
     e( 16 - 16) =    -28.53297  eV     1   --> A              
     e( 17 - 17) =     -8.50548  eV     1   --> A              
     e( 18 - 18) =     -7.33124  eV     1   --> A              
     e( 19 - 19) =     -7.08773  eV     1   --> A              
     e( 20 - 20) =     -7.00230  eV     1   --> A              
     e( 21 - 21) =     -6.83481  eV     1   --> A              
     e( 22 - 22) =     -6.72018  eV     1   --> A              
     e( 23 - 23) =     -6.49739  eV     1   --> A              
     e( 24 - 24) =     -6.25304  eV     1   --> A              
     e( 25 - 25) =      3.42633  eV     1   --> A              
     e( 26 - 26) =      3.66280  eV     1   --> A              
     e( 27 - 27) =      3.91139  eV     1   --> A              
     e( 28 - 28) =      4.01687  eV     1   --> A              
     e( 29 - 29) =      4.14848  eV     1   --> A              
     e( 30 - 30) =      4.71998  eV     1   --> A              
     e( 31 - 31) =      4.84956  eV     1   --> A              
     e( 32 - 32) =      5.06298  eV     1   --> A              
     e( 33 - 33) =      5.49795  eV     1   --> A              
     e( 34 - 34) =      5.58747  eV     1   --> A              
     e( 35 - 35) =      5.66537  eV     1   --> A              
     e( 36 - 36) =      5.93346  eV     1   --> A              
     e( 37 - 37) =      6.32981  eV     1   --> A              
     e( 38 - 38) =      6.48282  eV     1   --> A              
     e( 39 - 39) =      6.78796  eV     1   --> A              
     e( 40 - 40) =      6.79495  eV     1   --> A              
     e( 41 - 41) =      6.89644  eV     1   --> A              
     e( 42 - 42) =      6.93632  eV     1   --> A              
     e( 43 - 43) =      7.28759  eV     1   --> A              
     e( 44 - 44) =      7.59041  eV     1   --> A              
     e( 45 - 45) =      7.66776  eV     1   --> A              
     e( 46 - 46) =      8.02391  eV     1   --> A              
     e( 47 - 47) =      8.10709  eV     1   --> A              
     e( 48 - 48) =      8.33082  eV     1   --> A              
     e( 49 - 49) =      8.49374  eV     1   --> A              
     e( 50 - 50) =      8.63160  eV     1   --> A              
     e( 51 - 51) =      8.84013  eV     1   --> A              
     e( 52 - 52) =      9.10614  eV     1   --> A              
     e( 53 - 53) =      9.28352  eV     1   --> A              
     e( 54 - 54) =      9.45575  eV     1   --> A              
     e( 55 - 55) =     10.02703  eV     1   --> A              
     e( 56 - 56) =     10.36004  eV     1   --> A              
     e( 57 - 57) =     13.19772  eV     1   --> A              
     e( 58 - 58) =     13.46913  eV     1   --> A              
     e( 59 - 59) =     13.59746  eV     1   --> A              
     e( 60 - 60) =     13.84720  eV     1   --> A              
     e( 61 - 61) =     14.16465  eV     1   --> A              
     e( 62 - 62) =     14.49438  eV     1   --> A              
     e( 63 - 63) =     15.25721  eV     1   --> A              
     e( 64 - 64) =     15.36063  eV     1   --> A              
     e( 65 - 65) =     16.40991  eV     1   --> A              
     e( 66 - 66) =     17.45057  eV     1   --> A              
     e( 67 - 67) =     18.07046  eV     1   --> A              
     e( 68 - 68) =     18.89519  eV     1   --> A              
     e( 69 - 69) =     19.17947  eV     1   --> A              
     e( 70 - 70) =     20.77342  eV     1   --> A              
     e( 71 - 71) =     21.03136  eV     1   --> A              
     e( 72 - 72) =     21.19153  eV     1   --> A              
     e( 73 - 73) =     21.62622  eV     1   --> A              
     e( 74 - 74) =     22.53850  eV     1   --> A              
     e( 75 - 75) =     22.74062  eV     1   --> A              
     e( 76 - 76) =     23.09310  eV     1   --> A              
     e( 77 - 77) =     23.80899  eV     1   --> A              
     e( 78 - 78) =     23.97833  eV     1   --> A              
     e( 79 - 79) =     24.58817  eV     1   --> A              
     e( 80 - 80) =     24.74692  eV     1   --> A              

 **************************************************************************

 **************************************************************************

                    xk=(  -0.00030,   0.00000,   0.16394  )

     Band symmetry, C_1 (1)     point group:

     e(  1 -  1) =    -91.70481  eV     1   --> A              
     e(  2 -  2) =    -68.88644  eV     1   --> A              
     e(  3 -  3) =    -64.31984  eV     1   --> A              
     e(  4 -  4) =    -64.30873  eV     1   --> A              
     e(  5 -  5) =    -52.14541  eV     1   --> A              
     e(  6 -  6) =    -52.14054  eV     1   --> A              
     e(  7 -  7) =    -52.12800  eV     1   --> A              
     e(  8 -  8) =    -37.94166  eV     1   --> A              
     e(  9 -  9) =    -37.93318  eV     1   --> A              
     e( 10 - 10) =    -37.91707  eV     1   --> A              
     e( 11 - 11) =    -28.75872  eV     1   --> A              
     e( 12 - 12) =    -28.71128  eV     1   --> A              
     e( 13 - 13) =    -28.66864  eV     1   --> A              
     e( 14 - 14) =    -28.61940  eV     1   --> A              
     e( 15 - 15) =    -28.58916  eV     1   --> A              
     e( 16 - 16) =    -28.53254  eV     1   --> A              
     e( 17 - 17) =     -8.47654  eV     1   --> A              
     e( 18 - 18) =     -7.33842  eV     1   --> A              
     e( 19 - 19) =     -7.11168  eV     1   --> A              
     e( 20 - 20) =     -7.01709  eV     1   --> A              
     e( 21 - 21) =     -6.82304  eV     1   --> A              
     e( 22 - 22) =     -6.71318  eV     1   --> A              
     e( 23 - 23) =     -6.49777  eV     1   --> A              
     e( 24 - 24) =     -6.25980  eV     1   --> A              
     e( 25 - 25) =      3.45464  eV     1   --> A              
     e( 26 - 26) =      3.68198  eV     1   --> A              
     e( 27 - 27) =      3.89185  eV     1   --> A              
     e( 28 - 28) =      4.03154  eV     1   --> A              
     e( 29 - 29) =      4.16079  eV     1   --> A              
     e( 30 - 30) =      4.67576  eV     1   --> A              
     e( 31 - 31) =      4.81760  eV     1   --> A              
     e( 32 - 32) =      5.08393  eV     1   --> A              
     e( 33 - 33) =      5.48856  eV     1   --> A              
     e( 34 - 34) =      5.60103  eV     1   --> A              
     e( 35 - 35) =      5.67621  eV     1   --> A              
     e( 36 - 36) =      5.93274  eV     1   --> A              
     e( 37 - 37) =      6.29721  eV     1   --> A              
     e( 38 - 38) =      6.46357  eV     1   --> A              
     e( 39 - 39) =      6.78462  eV     1   --> A              
     e( 40 - 40) =      6.81368  eV     1   --> A              
     e( 41 - 41) =      6.92472  eV     1   --> A              
     e( 42 - 42) =      6.98609  eV     1   --> A              
     e( 43 - 43) =      7.25959  eV     1   --> A              
     e( 44 - 44) =      7.61315  eV     1   --> A              
     e( 45 - 45) =      7.65903  eV     1   --> A              
     e( 46 - 46) =      7.98234  eV     1   --> A              
     e( 47 - 47) =      8.09029  eV     1   --> A              
     e( 48 - 48) =      8.33276  eV     1   --> A              
     e( 49 - 49) =      8.48967  eV     1   --> A              
     e( 50 - 50) =      8.61302  eV     1   --> A              
     e( 51 - 51) =      8.84189  eV     1   --> A              
     e( 52 - 52) =      9.11466  eV     1   --> A              
     e( 53 - 53) =      9.26551  eV     1   --> A              
     e( 54 - 54) =      9.44332  eV     1   --> A              
     e( 55 - 55) =     10.08107  eV     1   --> A              
     e( 56 - 56) =     10.37077  eV     1   --> A              
     e( 57 - 57) =     13.23110  eV     1   --> A              
     e( 58 - 58) =     13.46795  eV     1   --> A              
     e( 59 - 59) =     13.59358  eV     1   --> A              
     e( 60 - 60) =     13.83359  eV     1   --> A              
     e( 61 - 61) =     14.14621  eV     1   --> A              
     e( 62 - 62) =     14.47923  eV     1   --> A              
     e( 63 - 63) =     15.24076  eV     1   --> A              
     e( 64 - 64) =     15.32530  eV     1   --> A              
     e( 65 - 65) =     16.51084  eV     1   --> A              
     e( 66 - 66) =     17.44551  eV     1   --> A              
     e( 67 - 67) =     18.01229  eV     1   --> A              
     e( 68 - 68) =     18.90757  eV     1   --> A              
     e( 69 - 69) =     19.24993  eV     1   --> A              
     e( 70 - 70) =     20.67905  eV     1   --> A              
     e( 71 - 71) =     21.04808  eV     1   --> A              
     e( 72 - 72) =     21.16564  eV     1   --> A              
     e( 73 - 73) =     21.65292  eV     1   --> A              
     e( 74 - 74) =     22.53941  eV     1   --> A              
     e( 75 - 75) =     22.74111  eV     1   --> A              
     e( 76 - 76) =     23.19651  eV     1   --> A              
     e( 77 - 77) =     23.74218  eV     1   --> A              
     e( 78 - 78) =     23.90408  eV     1   --> A              
     e( 79 - 79) =     24.61845  eV     1   --> A              
     e( 80 - 80) =     24.80446  eV     1   --> A              

 **************************************************************************

 **************************************************************************

                    xk=(  -0.00034,   0.00000,   0.18736  )

     Band symmetry, C_1 (1)     point group:

     e(  1 -  1) =    -91.70481  eV     1   --> A              
     e(  2 -  2) =    -68.88643  eV     1   --> A              
     e(  3 -  3) =    -64.31969  eV     1   --> A              
     e(  4 -  4) =    -64.30887  eV     1   --> A              
     e(  5 -  5) =    -52.14541  eV     1   --> A              
     e(  6 -  6) =    -52.14054  eV     1   --> A              
     e(  7 -  7) =    -52.12800  eV     1   --> A              
     e(  8 -  8) =    -37.94166  eV     1   --> A              
     e(  9 -  9) =    -37.93318  eV     1   --> A              
     e( 10 - 10) =    -37.91707  eV     1   --> A              
     e( 11 - 11) =    -28.75848  eV     1   --> A              
     e( 12 - 12) =    -28.71311  eV     1   --> A              
     e( 13 - 13) =    -28.66745  eV     1   --> A              
     e( 14 - 14) =    -28.62117  eV     1   --> A              
     e( 15 - 15) =    -28.58762  eV     1   --> A              
     e( 16 - 16) =    -28.53209  eV     1   --> A              
     e( 17 - 17) =     -8.44349  eV     1   --> A              
     e( 18 - 18) =     -7.34578  eV     1   --> A              
     e( 19 - 19) =     -7.14064  eV     1   --> A              
     e( 20 - 20) =     -7.03304  eV     1   --> A              
     e( 21 - 21) =     -6.80869  eV     1   --> A              
     e( 22 - 22) =     -6.70707  eV     1   --> A              
     e( 23 - 23) =     -6.49744  eV     1   --> A              
     e( 24 - 24) =     -6.26710  eV     1   --> A              
     e( 25 - 25) =      3.48480  eV     1   --> A              
     e( 26 - 26) =      3.68131  eV     1   --> A              
     e( 27 - 27) =      3.89701  eV     1   --> A              
     e( 28 - 28) =      4.04683  eV     1   --> A              
     e( 29 - 29) =      4.18020  eV     1   --> A              
     e( 30 - 30) =      4.62593  eV     1   --> A              
     e( 31 - 31) =      4.77649  eV     1   --> A              
     e( 32 - 32) =      5.11622  eV     1   --> A              
     e( 33 - 33) =      5.47089  eV     1   --> A              
     e( 34 - 34) =      5.62027  eV     1   --> A              
     e( 35 - 35) =      5.68145  eV     1   --> A              
     e( 36 - 36) =      5.93528  eV     1   --> A              
     e( 37 - 37) =      6.26978  eV     1   --> A              
     e( 38 - 38) =      6.43961  eV     1   --> A              
     e( 39 - 39) =      6.77560  eV     1   --> A              
     e( 40 - 40) =      6.82664  eV     1   --> A              
     e( 41 - 41) =      6.94517  eV     1   --> A              
     e( 42 - 42) =      7.04231  eV     1   --> A              
     e( 43 - 43) =      7.24858  eV     1   --> A              
     e( 44 - 44) =      7.61666  eV     1   --> A              
     e( 45 - 45) =      7.66108  eV     1   --> A              
     e( 46 - 46) =      7.93806  eV     1   --> A              
     e( 47 - 47) =      8.07778  eV     1   --> A              
     e( 48 - 48) =      8.30087  eV     1   --> A              
     e( 49 - 49) =      8.51285  eV     1   --> A              
     e( 50 - 50) =      8.59397  eV     1   --> A              
     e( 51 - 51) =      8.84574  eV     1   --> A              
     e( 52 - 52) =      9.12132  eV     1   --> A              
     e( 53 - 53) =      9.25310  eV     1   --> A              
     e( 54 - 54) =      9.43174  eV     1   --> A              
     e( 55 - 55) =     10.13209  eV     1   --> A              
     e( 56 - 56) =     10.38264  eV     1   --> A              
     e( 57 - 57) =     13.26592  eV     1   --> A              
     e( 58 - 58) =     13.46803  eV     1   --> A              
     e( 59 - 59) =     13.59168  eV     1   --> A              
     e( 60 - 60) =     13.81942  eV     1   --> A              
     e( 61 - 61) =     14.12565  eV     1   --> A              
     e( 62 - 62) =     14.46173  eV     1   --> A              
     e( 63 - 63) =     15.22059  eV     1   --> A              
     e( 64 - 64) =     15.28882  eV     1   --> A              
     e( 65 - 65) =     16.62095  eV     1   --> A              
     e( 66 - 66) =     17.44006  eV     1   --> A              
     e( 67 - 67) =     17.95958  eV     1   --> A              
     e( 68 - 68) =     18.92126  eV     1   --> A              
     e( 69 - 69) =     19.31554  eV     1   --> A              
     e( 70 - 70) =     20.56971  eV     1   --> A              
     e( 71 - 71) =     21.05652  eV     1   --> A              
     e( 72 - 72) =     21.14596  eV     1   --> A              
     e( 73 - 73) =     21.69907  eV     1   --> A              
     e( 74 - 74) =     22.54224  eV     1   --> A              
     e( 75 - 75) =     22.73853  eV     1   --> A              
     e( 76 - 76) =     23.31105  eV     1   --> A              
     e( 77 - 77) =     23.67543  eV     1   --> A              
     e( 78 - 78) =     23.82461  eV     1   --> A              
     e( 79 - 79) =     24.63929  eV     1   --> A              
     e( 80 - 80) =     24.86051  eV     1   --> A              

 **************************************************************************

 **************************************************************************

                    xk=(  -0.00038,   0.00000,   0.21078  )

     Band symmetry, C_1 (1)     point group:

     e(  1 -  1) =    -91.70482  eV     1   --> A              
     e(  2 -  2) =    -68.88643  eV     1   --> A              
     e(  3 -  3) =    -64.31953  eV     1   --> A              
     e(  4 -  4) =    -64.30902  eV     1   --> A              
     e(  5 -  5) =    -52.14541  eV     1   --> A              
     e(  6 -  6) =    -52.14054  eV     1   --> A              
     e(  7 -  7) =    -52.12800  eV     1   --> A              
     e(  8 -  8) =    -37.94166  eV     1   --> A              
     e(  9 -  9) =    -37.93318  eV     1   --> A              
     e( 10 - 10) =    -37.91707  eV     1   --> A              
     e( 11 - 11) =    -28.75818  eV     1   --> A              
     e( 12 - 12) =    -28.71502  eV     1   --> A              
     e( 13 - 13) =    -28.66618  eV     1   --> A              
     e( 14 - 14) =    -28.62299  eV     1   --> A              
     e( 15 - 15) =    -28.58610  eV     1   --> A              
     e( 16 - 16) =    -28.53162  eV     1   --> A              
     e( 17 - 17) =     -8.40649  eV     1   --> A              
     e( 18 - 18) =     -7.35313  eV     1   --> A              
     e( 19 - 19) =     -7.17518  eV     1   --> A              
     e( 20 - 20) =     -7.04869  eV     1   --> A              
     e( 21 - 21) =     -6.79262  eV     1   --> A              
     e( 22 - 22) =     -6.70197  eV     1   --> A              
     e( 23 - 23) =     -6.49634  eV     1   --> A              
     e( 24 - 24) =     -6.27480  eV     1   --> A              
     e( 25 - 25) =      3.51472  eV     1   --> A              
     e( 26 - 26) =      3.66320  eV     1   --> A              
     e( 27 - 27) =      3.92499  eV     1   --> A              
     e( 28 - 28) =      4.06155  eV     1   --> A              
     e( 29 - 29) =      4.20649  eV     1   --> A              
     e( 30 - 30) =      4.57725  eV     1   --> A              
     e( 31 - 31) =      4.73552  eV     1   --> A              
     e( 32 - 32) =      5.14664  eV     1   --> A              
     e( 33 - 33) =      5.44421  eV     1   --> A              
     e( 34 - 34) =      5.64547  eV     1   --> A              
     e( 35 - 35) =      5.68144  eV     1   --> A              
     e( 36 - 36) =      5.93711  eV     1   --> A              
     e( 37 - 37) =      6.25073  eV     1   --> A              
     e( 38 - 38) =      6.41506  eV     1   --> A              
     e( 39 - 39) =      6.76438  eV     1   --> A              
     e( 40 - 40) =      6.83247  eV     1   --> A              
     e( 41 - 41) =      6.96454  eV     1   --> A              
     e( 42 - 42) =      7.08361  eV     1   --> A              
     e( 43 - 43) =      7.26136  eV     1   --> A              
     e( 44 - 44) =      7.60523  eV     1   --> A              
     e( 45 - 45) =      7.66548  eV     1   --> A              
     e( 46 - 46) =      7.89409  eV     1   --> A              
     e( 47 - 47) =      8.07049  eV     1   --> A              
     e( 48 - 48) =      8.25758  eV     1   --> A              
     e( 49 - 49) =      8.54277  eV     1   --> A              
     e( 50 - 50) =      8.57587  eV     1   --> A              
     e( 51 - 51) =      8.85252  eV     1   --> A              
     e( 52 - 52) =      9.12585  eV     1   --> A              
     e( 53 - 53) =      9.24596  eV     1   --> A              
     e( 54 - 54) =      9.42106  eV     1   --> A              
     e( 55 - 55) =     10.17942  eV     1   --> A              
     e( 56 - 56) =     10.39550  eV     1   --> A              
     e( 57 - 57) =     13.30017  eV     1   --> A              
     e( 58 - 58) =     13.47102  eV     1   --> A              
     e( 59 - 59) =     13.59172  eV     1   --> A              
     e( 60 - 60) =     13.80530  eV     1   --> A              
     e( 61 - 61) =     14.10319  eV     1   --> A              
     e( 62 - 62) =     14.44203  eV     1   --> A              
     e( 63 - 63) =     15.19613  eV     1   --> A              
     e( 64 - 64) =     15.25307  eV     1   --> A              
     e( 65 - 65) =     16.73796  eV     1   --> A              
     e( 66 - 66) =     17.43463  eV     1   --> A              
     e( 67 - 67) =     17.91323  eV     1   --> A              
     e( 68 - 68) =     18.93587  eV     1   --> A              
     e( 69 - 69) =     19.37532  eV     1   --> A              
     e( 70 - 70) =     20.45013  eV     1   --> A              
     e( 71 - 71) =     21.05061  eV     1   --> A              
     e( 72 - 72) =     21.13505  eV     1   --> A              
     e( 73 - 73) =     21.76606  eV     1   --> A              
     e( 74 - 74) =     22.54748  eV     1   --> A              
     e( 75 - 75) =     22.73548  eV     1   --> A              
     e( 76 - 76) =     23.42551  eV     1   --> A              
     e( 77 - 77) =     23.61443  eV     1   --> A              
     e( 78 - 78) =     23.74410  eV     1   --> A              
     e( 79 - 79) =     24.64748  eV     1   --> A              
     e( 80 - 80) =     24.91199  eV     1   --> A              

 **************************************************************************

 **************************************************************************

                    xk=(  -0.00043,   0.00000,   0.23420  )

     Band symmetry, C_1 (1)     point group:

     e(  1 -  1) =    -91.70482  eV     1   --> A              
     e(  2 -  2) =    -68.88643  eV     1   --> A              
     e(  3 -  3) =    -64.31937  eV     1   --> A              
     e(  4 -  4) =    -64.30918  eV     1   --> A              
     e(  5 -  5) =    -52.14540  eV     1   --> A              
     e(  6 -  6) =    -52.14054  eV     1   --> A              
     e(  7 -  7) =    -52.12800  eV     1   --> A              
     e(  8 -  8) =    -37.94167  eV     1   --> A              
     e(  9 -  9) =    -37.93318  eV     1   --> A              
     e( 10 - 10) =    -37.91707  eV     1   --> A              
     e( 11 - 11) =    -28.75782  eV     1   --> A              
     e( 12 - 12) =    -28.71700  eV     1   --> A              
     e( 13 - 13) =    -28.66484  eV     1   --> A              
     e( 14 - 14) =    -28.62485  eV     1   --> A              
     e( 15 - 15) =    -28.58463  eV     1   --> A              
     e( 16 - 16) =    -28.53114  eV     1   --> A              
     e( 17 - 17) =     -8.36571  eV     1   --> A              
     e( 18 - 18) =     -7.36033  eV     1   --> A              
     e( 19 - 19) =     -7.21530  eV     1   --> A              
     e( 20 - 20) =     -7.06322  eV     1   --> A              
     e( 21 - 21) =     -6.77554  eV     1   --> A              
     e( 22 - 22) =     -6.69786  eV     1   --> A              
     e( 23 - 23) =     -6.49456  eV     1   --> A              
     e( 24 - 24) =     -6.28274  eV     1   --> A              
     e( 25 - 25) =      3.53973  eV     1   --> A              
     e( 26 - 26) =      3.64123  eV     1   --> A              
     e( 27 - 27) =      3.96342  eV     1   --> A              
     e( 28 - 28) =      4.07383  eV     1   --> A              
     e( 29 - 29) =      4.24082  eV     1   --> A              
     e( 30 - 30) =      4.53740  eV     1   --> A              
     e( 31 - 31) =      4.69587  eV     1   --> A              
     e( 32 - 32) =      5.17015  eV     1   --> A              
     e( 33 - 33) =      5.40880  eV     1   --> A              
     e( 34 - 34) =      5.67036  eV     1   --> A              
     e( 35 - 35) =      5.68319  eV     1   --> A              
     e( 36 - 36) =      5.93326  eV     1   --> A              
     e( 37 - 37) =      6.24019  eV     1   --> A              
     e( 38 - 38) =      6.39590  eV     1   --> A              
     e( 39 - 39) =      6.75247  eV     1   --> A              
     e( 40 - 40) =      6.82858  eV     1   --> A              
     e( 41 - 41) =      6.98365  eV     1   --> A              
     e( 42 - 42) =      7.10958  eV     1   --> A              
     e( 43 - 43) =      7.29222  eV     1   --> A              
     e( 44 - 44) =      7.58661  eV     1   --> A              
     e( 45 - 45) =      7.66385  eV     1   --> A              
     e( 46 - 46) =      7.85238  eV     1   --> A              
     e( 47 - 47) =      8.06618  eV     1   --> A              
     e( 48 - 48) =      8.21807  eV     1   --> A              
     e( 49 - 49) =      8.55186  eV     1   --> A              
     e( 50 - 50) =      8.57731  eV     1   --> A              
     e( 51 - 51) =      8.86242  eV     1   --> A              
     e( 52 - 52) =      9.12837  eV     1   --> A              
     e( 53 - 53) =      9.24365  eV     1   --> A              
     e( 54 - 54) =      9.41106  eV     1   --> A              
     e( 55 - 55) =     10.22247  eV     1   --> A              
     e( 56 - 56) =     10.40923  eV     1   --> A              
     e( 57 - 57) =     13.33147  eV     1   --> A              
     e( 58 - 58) =     13.47841  eV     1   --> A              
     e( 59 - 59) =     13.59386  eV     1   --> A              
     e( 60 - 60) =     13.79187  eV     1   --> A              
     e( 61 - 61) =     14.07917  eV     1   --> A              
     e( 62 - 62) =     14.42032  eV     1   --> A              
     e( 63 - 63) =     15.16711  eV     1   --> A              
     e( 64 - 64) =     15.21967  eV     1   --> A              
     e( 65 - 65) =     16.85916  eV     1   --> A              
     e( 66 - 66) =     17.42992  eV     1   --> A              
     e( 67 - 67) =     17.87412  eV     1   --> A              
     e( 68 - 68) =     18.95082  eV     1   --> A              
     e( 69 - 69) =     19.42845  eV     1   --> A              
     e( 70 - 70) =     20.32407  eV     1   --> A              
     e( 71 - 71) =     21.03028  eV     1   --> A              
     e( 72 - 72) =     21.13301  eV     1   --> A              
     e( 73 - 73) =     21.85229  eV     1   --> A              
     e( 74 - 74) =     22.55557  eV     1   --> A              
     e( 75 - 75) =     22.73360  eV     1   --> A              
     e( 76 - 76) =     23.47917  eV     1   --> A              
     e( 77 - 77) =     23.59492  eV     1   --> A              
     e( 78 - 78) =     23.68743  eV     1   --> A              
     e( 79 - 79) =     24.63832  eV     1   --> A              
     e( 80 - 80) =     24.95791  eV     1   --> A              

 **************************************************************************

 **************************************************************************

                    xk=(  -0.00047,   0.00000,   0.25762  )

     Band symmetry, C_1 (1)     point group:

     e(  1 -  1) =    -91.70483  eV     1   --> A              
     e(  2 -  2) =    -68.88643  eV     1   --> A              
     e(  3 -  3) =    -64.31920  eV     1   --> A              
     e(  4 -  4) =    -64.30934  eV     1   --> A              
     e(  5 -  5) =    -52.14540  eV     1   --> A              
     e(  6 -  6) =    -52.14054  eV     1   --> A              
     e(  7 -  7) =    -52.12800  eV     1   --> A              
     e(  8 -  8) =    -37.94167  eV     1   --> A              
     e(  9 -  9) =    -37.93318  eV     1   --> A              
     e( 10 - 10) =    -37.91707  eV     1   --> A              
     e( 11 - 11) =    -28.75740  eV     1   --> A              
     e( 12 - 12) =    -28.71900  eV     1   --> A              
     e( 13 - 13) =    -28.66343  eV     1   --> A              
     e( 14 - 14) =    -28.62672  eV     1   --> A              
     e( 15 - 15) =    -28.58323  eV     1   --> A              
     e( 16 - 16) =    -28.53068  eV     1   --> A              
     e( 17 - 17) =     -8.32134  eV     1   --> A              
     e( 18 - 18) =     -7.36729  eV     1   --> A              
     e( 19 - 19) =     -7.26051  eV     1   --> A              
     e( 20 - 20) =     -7.07634  eV     1   --> A              
     e( 21 - 21) =     -6.75817  eV     1   --> A              
     e( 22 - 22) =     -6.69451  eV     1   --> A              
     e( 23 - 23) =     -6.49232  eV     1   --> A              
     e( 24 - 24) =     -6.29077  eV     1   --> A              
     e( 25 - 25) =      3.54943  eV     1   --> A              
     e( 26 - 26) =      3.63102  eV     1   --> A              
     e( 27 - 27) =      4.00259  eV     1   --> A              
     e( 28 - 28) =      4.08214  eV     1   --> A              
     e( 29 - 29) =      4.28502  eV     1   --> A              
     e( 30 - 30) =      4.51256  eV     1   --> A              
     e( 31 - 31) =      4.65702  eV     1   --> A              
     e( 32 - 32) =      5.18486  eV     1   --> A              
     e( 33 - 33) =      5.36551  eV     1   --> A              
     e( 34 - 34) =      5.66931  eV     1   --> A              
     e( 35 - 35) =      5.71229  eV     1   --> A              
     e( 36 - 36) =      5.92251  eV     1   --> A              
     e( 37 - 37) =      6.23234  eV     1   --> A              
     e( 38 - 38) =      6.38926  eV     1   --> A              
     e( 39 - 39) =      6.74071  eV     1   --> A              
     e( 40 - 40) =      6.81405  eV     1   --> A              
     e( 41 - 41) =      7.00332  eV     1   --> A              
     e( 42 - 42) =      7.13062  eV     1   --> A              
     e( 43 - 43) =      7.32401  eV     1   --> A              
     e( 44 - 44) =      7.56223  eV     1   --> A              
     e( 45 - 45) =      7.65845  eV     1   --> A              
     e( 46 - 46) =      7.81331  eV     1   --> A              
     e( 47 - 47) =      8.05936  eV     1   --> A              
     e( 48 - 48) =      8.19202  eV     1   --> A              
     e( 49 - 49) =      8.53608  eV     1   --> A              
     e( 50 - 50) =      8.60116  eV     1   --> A              
     e( 51 - 51) =      8.87486  eV     1   --> A              
     e( 52 - 52) =      9.12944  eV     1   --> A              
     e( 53 - 53) =      9.24545  eV     1   --> A              
     e( 54 - 54) =      9.40140  eV     1   --> A              
     e( 55 - 55) =     10.26073  eV     1   --> A              
     e( 56 - 56) =     10.42378  eV     1   --> A              
     e( 57 - 57) =     13.35796  eV     1   --> A              
     e( 58 - 58) =     13.49025  eV     1   --> A              
     e( 59 - 59) =     13.59882  eV     1   --> A              
     e( 60 - 60) =     13.77977  eV     1   --> A              
     e( 61 - 61) =     14.05423  eV     1   --> A              
     e( 62 - 62) =     14.39678  eV     1   --> A              
     e( 63 - 63) =     15.13465  eV     1   --> A              
     e( 64 - 64) =     15.18898  eV     1   --> A              
     e( 65 - 65) =     16.98085  eV     1   --> A              
     e( 66 - 66) =     17.42727  eV     1   --> A              
     e( 67 - 67) =     17.84350  eV     1   --> A              
     e( 68 - 68) =     18.96514  eV     1   --> A              
     e( 69 - 69) =     19.47405  eV     1   --> A              
     e( 70 - 70) =     20.19486  eV     1   --> A              
     e( 71 - 71) =     21.00296  eV     1   --> A              
     e( 72 - 72) =     21.13446  eV     1   --> A              
     e( 73 - 73) =     21.95434  eV     1   --> A              
     e( 74 - 74) =     22.56704  eV     1   --> A              
     e( 75 - 75) =     22.73415  eV     1   --> A              
     e( 76 - 76) =     23.42815  eV     1   --> A              
     e( 77 - 77) =     23.54788  eV     1   --> A              
     e( 78 - 78) =     23.76780  eV     1   --> A              
     e( 79 - 79) =     24.60780  eV     1   --> A              
     e( 80 - 80) =     24.99851  eV     1   --> A              

 **************************************************************************

 **************************************************************************

                    xk=(  -0.00051,   0.00000,   0.28104  )

     Band symmetry, C_1 (1)     point group:

     e(  1 -  1) =    -91.70483  eV     1   --> A              
     e(  2 -  2) =    -68.88643  eV     1   --> A              
     e(  3 -  3) =    -64.31902  eV     1   --> A              
     e(  4 -  4) =    -64.30951  eV     1   --> A              
     e(  5 -  5) =    -52.14540  eV     1   --> A              
     e(  6 -  6) =    -52.14054  eV     1   --> A              
     e(  7 -  7) =    -52.12800  eV     1   --> A              
     e(  8 -  8) =    -37.94168  eV     1   --> A              
     e(  9 -  9) =    -37.93318  eV     1   --> A              
     e( 10 - 10) =    -37.91707  eV     1   --> A              
     e( 11 - 11) =    -28.75693  eV     1   --> A              
     e( 12 - 12) =    -28.72099  eV     1   --> A              
     e( 13 - 13) =    -28.66197  eV     1   --> A              
     e( 14 - 14) =    -28.62861  eV     1   --> A              
     e( 15 - 15) =    -28.58192  eV     1   --> A              
     e( 16 - 16) =    -28.53023  eV     1   --> A              
     e( 17 - 17) =     -8.27359  eV     1   --> A              
     e( 18 - 18) =     -7.37420  eV     1   --> A              
     e( 19 - 19) =     -7.30989  eV     1   --> A              
     e( 20 - 20) =     -7.08800  eV     1   --> A              
     e( 21 - 21) =     -6.74134  eV     1   --> A              
     e( 22 - 22) =     -6.69139  eV     1   --> A              
     e( 23 - 23) =     -6.48989  eV     1   --> A              
     e( 24 - 24) =     -6.29870  eV     1   --> A              
     e( 25 - 25) =      3.53872  eV     1   --> A              
     e( 26 - 26) =      3.63821  eV     1   --> A              
     e( 27 - 27) =      4.03664  eV     1   --> A              
     e( 28 - 28) =      4.08867  eV     1   --> A              
     e( 29 - 29) =      4.33966  eV     1   --> A              
     e( 30 - 30) =      4.50536  eV     1   --> A              
     e( 31 - 31) =      4.61871  eV     1   --> A              
     e( 32 - 32) =      5.19017  eV     1   --> A              
     e( 33 - 33) =      5.31547  eV     1   --> A              
     e( 34 - 34) =      5.66415  eV     1   --> A              
     e( 35 - 35) =      5.74507  eV     1   --> A              
     e( 36 - 36) =      5.90913  eV     1   --> A              
     e( 37 - 37) =      6.21950  eV     1   --> A              
     e( 38 - 38) =      6.39841  eV     1   --> A              
     e( 39 - 39) =      6.72876  eV     1   --> A              
     e( 40 - 40) =      6.79211  eV     1   --> A              
     e( 41 - 41) =      7.02414  eV     1   --> A              
     e( 42 - 42) =      7.15203  eV     1   --> A              
     e( 43 - 43) =      7.34434  eV     1   --> A              
     e( 44 - 44) =      7.53440  eV     1   --> A              
     e( 45 - 45) =      7.65234  eV     1   --> A              
     e( 46 - 46) =      7.77620  eV     1   --> A              
     e( 47 - 47) =      8.04755  eV     1   --> A              
     e( 48 - 48) =      8.18268  eV     1   --> A              
     e( 49 - 49) =      8.52095  eV     1   --> A              
     e( 50 - 50) =      8.62335  eV     1   --> A              
     e( 51 - 51) =      8.88893  eV     1   --> A              
     e( 52 - 52) =      9.12983  eV     1   --> A              
     e( 53 - 53) =      9.25016  eV     1   --> A              
     e( 54 - 54) =      9.39186  eV     1   --> A              
     e( 55 - 55) =     10.29378  eV     1   --> A              
     e( 56 - 56) =     10.43909  eV     1   --> A              
     e( 57 - 57) =     13.37971  eV     1   --> A              
     e( 58 - 58) =     13.50361  eV     1   --> A              
     e( 59 - 59) =     13.60793  eV     1   --> A              
     e( 60 - 60) =     13.76959  eV     1   --> A              
     e( 61 - 61) =     14.02945  eV     1   --> A              
     e( 62 - 62) =     14.37162  eV     1   --> A              
     e( 63 - 63) =     15.10104  eV     1   --> A              
     e( 64 - 64) =     15.16018  eV     1   --> A              
     e( 65 - 65) =     17.09700  eV     1   --> A              
     e( 66 - 66) =     17.42940  eV     1   --> A              
     e( 67 - 67) =     17.82359  eV     1   --> A              
     e( 68 - 68) =     18.97726  eV     1   --> A              
     e( 69 - 69) =     19.51100  eV     1   --> A              
     e( 70 - 70) =     20.06610  eV     1   --> A              
     e( 71 - 71) =     20.97522  eV     1   --> A              
     e( 72 - 72) =     21.13547  eV     1   --> A              
     e( 73 - 73) =     22.06773  eV     1   --> A              
     e( 74 - 74) =     22.58262  eV     1   --> A              
     e( 75 - 75) =     22.73845  eV     1   --> A              
     e( 76 - 76) =     23.35477  eV     1   --> A              
     e( 77 - 77) =     23.47048  eV     1   --> A              
     e( 78 - 78) =     23.90592  eV     1   --> A              
     e( 79 - 79) =     24.55486  eV     1   --> A              
     e( 80 - 80) =     25.03460  eV     1   --> A              

 **************************************************************************

 **************************************************************************

                    xk=(  -0.00056,   0.00000,   0.30446  )

     Band symmetry, C_1 (1)     point group:

     e(  1 -  1) =    -91.70483  eV     1   --> A              
     e(  2 -  2) =    -68.88643  eV     1   --> A              
     e(  3 -  3) =    -64.31885  eV     1   --> A              
     e(  4 -  4) =    -64.30967  eV     1   --> A              
     e(  5 -  5) =    -52.14540  eV     1   --> A              
     e(  6 -  6) =    -52.14054  eV     1   --> A              
     e(  7 -  7) =    -52.12800  eV     1   --> A              
     e(  8 -  8) =    -37.94168  eV     1   --> A              
     e(  9 -  9) =    -37.93318  eV     1   --> A              
     e( 10 - 10) =    -37.91707  eV     1   --> A              
     e( 11 - 11) =    -28.75641  eV     1   --> A              
     e( 12 - 12) =    -28.72293  eV     1   --> A              
     e( 13 - 13) =    -28.66047  eV     1   --> A              
     e( 14 - 14) =    -28.63048  eV     1   --> A              
     e( 15 - 15) =    -28.58071  eV     1   --> A              
     e( 16 - 16) =    -28.52981  eV     1   --> A              
     e( 17 - 17) =     -8.22270  eV     1   --> A              
     e( 18 - 18) =     -7.38395  eV     1   --> A              
     e( 19 - 19) =     -7.35980  eV     1   --> A              
     e( 20 - 20) =     -7.09823  eV     1   --> A              
     e( 21 - 21) =     -6.72629  eV     1   --> A              
     e( 22 - 22) =     -6.68750  eV     1   --> A              
     e( 23 - 23) =     -6.48760  eV     1   --> A              
     e( 24 - 24) =     -6.30633  eV     1   --> A              
     e( 25 - 25) =      3.52042  eV     1   --> A              
     e( 26 - 26) =      3.64821  eV     1   --> A              
     e( 27 - 27) =      4.06040  eV     1   --> A              
     e( 28 - 28) =      4.10236  eV     1   --> A              
     e( 29 - 29) =      4.40257  eV     1   --> A              
     e( 30 - 30) =      4.51400  eV     1   --> A              
     e( 31 - 31) =      4.58157  eV     1   --> A              
     e( 32 - 32) =      5.18608  eV     1   --> A              
     e( 33 - 33) =      5.26008  eV     1   --> A              
     e( 34 - 34) =      5.66025  eV     1   --> A              
     e( 35 - 35) =      5.77181  eV     1   --> A              
     e( 36 - 36) =      5.90137  eV     1   --> A              
     e( 37 - 37) =      6.20008  eV     1   --> A              
     e( 38 - 38) =      6.41707  eV     1   --> A              
     e( 39 - 39) =      6.71251  eV     1   --> A              
     e( 40 - 40) =      6.77253  eV     1   --> A              
     e( 41 - 41) =      7.04595  eV     1   --> A              
     e( 42 - 42) =      7.17315  eV     1   --> A              
     e( 43 - 43) =      7.35020  eV     1   --> A              
     e( 44 - 44) =      7.50716  eV     1   --> A              
     e( 45 - 45) =      7.64434  eV     1   --> A              
     e( 46 - 46) =      7.74037  eV     1   --> A              
     e( 47 - 47) =      8.03609  eV     1   --> A              
     e( 48 - 48) =      8.18411  eV     1   --> A              
     e( 49 - 49) =      8.50903  eV     1   --> A              
     e( 50 - 50) =      8.64323  eV     1   --> A              
     e( 51 - 51) =      8.90401  eV     1   --> A              
     e( 52 - 52) =      9.13028  eV     1   --> A              
     e( 53 - 53) =      9.25595  eV     1   --> A              
     e( 54 - 54) =      9.38262  eV     1   --> A              
     e( 55 - 55) =     10.32141  eV     1   --> A              
     e( 56 - 56) =     10.45497  eV     1   --> A              
     e( 57 - 57) =     13.39866  eV     1   --> A              
     e( 58 - 58) =     13.51398  eV     1   --> A              
     e( 59 - 59) =     13.62147  eV     1   --> A              
     e( 60 - 60) =     13.76187  eV     1   --> A              
     e( 61 - 61) =     14.00666  eV     1   --> A              
     e( 62 - 62) =     14.34499  eV     1   --> A              
     e( 63 - 63) =     15.06847  eV     1   --> A              
     e( 64 - 64) =     15.13263  eV     1   --> A              
     e( 65 - 65) =     17.19670  eV     1   --> A              
     e( 66 - 66) =     17.44178  eV     1   --> A              
     e( 67 - 67) =     17.81874  eV     1   --> A              
     e( 68 - 68) =     18.98457  eV     1   --> A              
     e( 69 - 69) =     19.53760  eV     1   --> A              
     e( 70 - 70) =     19.94258  eV     1   --> A              
     e( 71 - 71) =     20.95129  eV     1   --> A              
     e( 72 - 72) =     21.13426  eV     1   --> A              
     e( 73 - 73) =     22.18682  eV     1   --> A              
     e( 74 - 74) =     22.60330  eV     1   --> A              
     e( 75 - 75) =     22.74861  eV     1   --> A              
     e( 76 - 76) =     23.27552  eV     1   --> A              
     e( 77 - 77) =     23.39491  eV     1   --> A              
     e( 78 - 78) =     24.05107  eV     1   --> A              
     e( 79 - 79) =     24.48383  eV     1   --> A              
     e( 80 - 80) =     25.06713  eV     1   --> A              

 **************************************************************************

 **************************************************************************

                    xk=(  -0.00060,   0.00000,   0.32788  )

     Band symmetry, C_1 (1)     point group:

     e(  1 -  1) =    -91.70484  eV     1   --> A              
     e(  2 -  2) =    -68.88643  eV     1   --> A              
     e(  3 -  3) =    -64.31869  eV     1   --> A              
     e(  4 -  4) =    -64.30983  eV     1   --> A              
     e(  5 -  5) =    -52.14539  eV     1   --> A              
     e(  6 -  6) =    -52.14054  eV     1   --> A              
     e(  7 -  7) =    -52.12800  eV     1   --> A              
     e(  8 -  8) =    -37.94168  eV     1   --> A              
     e(  9 -  9) =    -37.93318  eV     1   --> A              
     e( 10 - 10) =    -37.91707  eV     1   --> A              
     e( 11 - 11) =    -28.75585  eV     1   --> A              
     e( 12 - 12) =    -28.72478  eV     1   --> A              
     e( 13 - 13) =    -28.65896  eV     1   --> A              
     e( 14 - 14) =    -28.63233  eV     1   --> A              
     e( 15 - 15) =    -28.57963  eV     1   --> A              
     e( 16 - 16) =    -28.52944  eV     1   --> A              
     e( 17 - 17) =     -8.16892  eV     1   --> A              
     e( 18 - 18) =     -7.42541  eV     1   --> A              
     e( 19 - 19) =     -7.38062  eV     1   --> A              
     e( 20 - 20) =     -7.10708  eV     1   --> A              
     e( 21 - 21) =     -6.71497  eV     1   --> A              
     e( 22 - 22) =     -6.68112  eV     1   --> A              
     e( 23 - 23) =     -6.48576  eV     1   --> A              
     e( 24 - 24) =     -6.31346  eV     1   --> A              
     e( 25 - 25) =      3.50323  eV     1   --> A              
     e( 26 - 26) =      3.65051  eV     1   --> A              
     e( 27 - 27) =      4.07641  eV     1   --> A              
     e( 28 - 28) =      4.12744  eV     1   --> A              
     e( 29 - 29) =      4.46839  eV     1   --> A              
     e( 30 - 30) =      4.52615  eV     1   --> A              
     e( 31 - 31) =      4.55589  eV     1   --> A              
     e( 32 - 32) =      5.17300  eV     1   --> A              
     e( 33 - 33) =      5.20097  eV     1   --> A              
     e( 34 - 34) =      5.65915  eV     1   --> A              
     e( 35 - 35) =      5.78532  eV     1   --> A              
     e( 36 - 36) =      5.90794  eV     1   --> A              
     e( 37 - 37) =      6.17657  eV     1   --> A              
     e( 38 - 38) =      6.43352  eV     1   --> A              
     e( 39 - 39) =      6.68693  eV     1   --> A              
     e( 40 - 40) =      6.76805  eV     1   --> A              
     e( 41 - 41) =      7.06789  eV     1   --> A              
     e( 42 - 42) =      7.19088  eV     1   --> A              
     e( 43 - 43) =      7.34684  eV     1   --> A              
     e( 44 - 44) =      7.48307  eV     1   --> A              
     e( 45 - 45) =      7.63138  eV     1   --> A              
     e( 46 - 46) =      7.70575  eV     1   --> A              
     e( 47 - 47) =      8.03015  eV     1   --> A              
     e( 48 - 48) =      8.18894  eV     1   --> A              
     e( 49 - 49) =      8.50184  eV     1   --> A              
     e( 50 - 50) =      8.66049  eV     1   --> A              
     e( 51 - 51) =      8.92023  eV     1   --> A              
     e( 52 - 52) =      9.13131  eV     1   --> A              
     e( 53 - 53) =      9.26023  eV     1   --> A              
     e( 54 - 54) =      9.37466  eV     1   --> A              
     e( 55 - 55) =     10.34368  eV     1   --> A              
     e( 56 - 56) =     10.47102  eV     1   --> A              
     e( 57 - 57) =     13.41717  eV     1   --> A              
     e( 58 - 58) =     13.51925  eV     1   --> A              
     e( 59 - 59) =     13.63619  eV     1   --> A              
     e( 60 - 60) =     13.75686  eV     1   --> A              
     e( 61 - 61) =     13.98872  eV     1   --> A              
     e( 62 - 62) =     14.31706  eV     1   --> A              
     e( 63 - 63) =     15.03846  eV     1   --> A              
     e( 64 - 64) =     15.10630  eV     1   --> A              
     e( 65 - 65) =     17.26460  eV     1   --> A              
     e( 66 - 66) =     17.47060  eV     1   --> A              
     e( 67 - 67) =     17.83700  eV     1   --> A              
     e( 68 - 68) =     18.98286  eV     1   --> A              
     e( 69 - 69) =     19.55095  eV     1   --> A              
     e( 70 - 70) =     19.83168  eV     1   --> A              
     e( 71 - 71) =     20.93400  eV     1   --> A              
     e( 72 - 72) =     21.12990  eV     1   --> A              
     e( 73 - 73) =     22.30389  eV     1   --> A              
     e( 74 - 74) =     22.62984  eV     1   --> A              
     e( 75 - 75) =     22.76894  eV     1   --> A              
     e( 76 - 76) =     23.19421  eV     1   --> A              
     e( 77 - 77) =     23.32559  eV     1   --> A              
     e( 78 - 78) =     24.17721  eV     1   --> A              
     e( 79 - 79) =     24.41720  eV     1   --> A              
     e( 80 - 80) =     25.09688  eV     1   --> A              

 **************************************************************************

 **************************************************************************

                    xk=(  -0.00064,   0.00000,   0.35130  )

     Band symmetry, C_1 (1)     point group:

     e(  1 -  1) =    -91.70484  eV     1   --> A              
     e(  2 -  2) =    -68.88643  eV     1   --> A              
     e(  3 -  3) =    -64.31854  eV     1   --> A              
     e(  4 -  4) =    -64.30997  eV     1   --> A              
     e(  5 -  5) =    -52.14539  eV     1   --> A              
     e(  6 -  6) =    -52.14054  eV     1   --> A              
     e(  7 -  7) =    -52.12800  eV     1   --> A              
     e(  8 -  8) =    -37.94168  eV     1   --> A              
     e(  9 -  9) =    -37.93318  eV     1   --> A              
     e( 10 - 10) =    -37.91706  eV     1   --> A              
     e( 11 - 11) =    -28.75527  eV     1   --> A              
     e( 12 - 12) =    -28.72649  eV     1   --> A              
     e( 13 - 13) =    -28.65745  eV     1   --> A              
     e( 14 - 14) =    -28.63413  eV     1   --> A              
     e( 15 - 15) =    -28.57869  eV     1   --> A              
     e( 16 - 16) =    -28.52910  eV     1   --> A              
     e( 17 - 17) =     -8.11253  eV     1   --> A              
     e( 18 - 18) =     -7.48392  eV     1   --> A              
     e( 19 - 19) =     -7.38634  eV     1   --> A              
     e( 20 - 20) =     -7.11456  eV     1   --> A              
     e( 21 - 21) =     -6.70855  eV     1   --> A              
     e( 22 - 22) =     -6.67130  eV     1   --> A              
     e( 23 - 23) =     -6.48462  eV     1   --> A              
     e( 24 - 24) =     -6.31985  eV     1   --> A              
     e( 25 - 25) =      3.48998  eV     1   --> A              
     e( 26 - 26) =      3.64254  eV     1   --> A              
     e( 27 - 27) =      4.09564  eV     1   --> A              
     e( 28 - 28) =      4.15715  eV     1   --> A              
     e( 29 - 29) =      4.49564  eV     1   --> A              
     e( 30 - 30) =      4.53321  eV     1   --> A              
     e( 31 - 31) =      4.58373  eV     1   --> A              
     e( 32 - 32) =      5.13952  eV     1   --> A              
     e( 33 - 33) =      5.15254  eV     1   --> A              
     e( 34 - 34) =      5.66212  eV     1   --> A              
     e( 35 - 35) =      5.78597  eV     1   --> A              
     e( 36 - 36) =      5.92843  eV     1   --> A              
     e( 37 - 37) =      6.15140  eV     1   --> A              
     e( 38 - 38) =      6.43668  eV     1   --> A              
     e( 39 - 39) =      6.65938  eV     1   --> A              
     e( 40 - 40) =      6.77966  eV     1   --> A              
     e( 41 - 41) =      7.08848  eV     1   --> A              
     e( 42 - 42) =      7.20165  eV     1   --> A              
     e( 43 - 43) =      7.34392  eV     1   --> A              
     e( 44 - 44) =      7.46185  eV     1   --> A              
     e( 45 - 45) =      7.61239  eV     1   --> A              
     e( 46 - 46) =      7.67293  eV     1   --> A              
     e( 47 - 47) =      8.02967  eV     1   --> A              
     e( 48 - 48) =      8.19325  eV     1   --> A              
     e( 49 - 49) =      8.50046  eV     1   --> A              
     e( 50 - 50) =      8.67407  eV     1   --> A              
     e( 51 - 51) =      8.93813  eV     1   --> A              
     e( 52 - 52) =      9.13326  eV     1   --> A              
     e( 53 - 53) =      9.25988  eV     1   --> A              
     e( 54 - 54) =      9.36960  eV     1   --> A              
     e( 55 - 55) =     10.36102  eV     1   --> A              
     e( 56 - 56) =     10.48654  eV     1   --> A              
     e( 57 - 57) =     13.43681  eV     1   --> A              
     e( 58 - 58) =     13.52046  eV     1   --> A              
     e( 59 - 59) =     13.64625  eV     1   --> A              
     e( 60 - 60) =     13.75394  eV     1   --> A              
     e( 61 - 61) =     13.97943  eV     1   --> A              
     e( 62 - 62) =     14.28798  eV     1   --> A              
     e( 63 - 63) =     15.01202  eV     1   --> A              
     e( 64 - 64) =     15.08170  eV     1   --> A              
     e( 65 - 65) =     17.29742  eV     1   --> A              
     e( 66 - 66) =     17.50788  eV     1   --> A              
     e( 67 - 67) =     17.88852  eV     1   --> A              
     e( 68 - 68) =     18.96585  eV     1   --> A              
     e( 69 - 69) =     19.54642  eV     1   --> A              
     e( 70 - 70) =     19.74474  eV     1   --> A              
     e( 71 - 71) =     20.92501  eV     1   --> A              
     e( 72 - 72) =     21.12190  eV     1   --> A              
     e( 73 - 73) =     22.40836  eV     1   --> A              
     e( 74 - 74) =     22.66040  eV     1   --> A              
     e( 75 - 75) =     22.80850  eV     1   --> A              
     e( 76 - 76) =     23.11441  eV     1   --> A              
     e( 77 - 77) =     23.26411  eV     1   --> A              
     e( 78 - 78) =     24.18553  eV     1   --> A              
     e( 79 - 79) =     24.45487  eV     1   --> A              
     e( 80 - 80) =     25.12421  eV     1   --> A              

 **************************************************************************

 **************************************************************************

                    xk=(  -0.00068,   0.00000,   0.37472  )

     Band symmetry, C_1 (1)     point group:

     e(  1 -  1) =    -91.70484  eV     1   --> A              
     e(  2 -  2) =    -68.88643  eV     1   --> A              
     e(  3 -  3) =    -64.31841  eV     1   --> A              
     e(  4 -  4) =    -64.31010  eV     1   --> A              
     e(  5 -  5) =    -52.14539  eV     1   --> A              
     e(  6 -  6) =    -52.14054  eV     1   --> A              
     e(  7 -  7) =    -52.12800  eV     1   --> A              
     e(  8 -  8) =    -37.94169  eV     1   --> A              
     e(  9 -  9) =    -37.93318  eV     1   --> A              
     e( 10 - 10) =    -37.91706  eV     1   --> A              
     e( 11 - 11) =    -28.75470  eV     1   --> A              
     e( 12 - 12) =    -28.72802  eV     1   --> A              
     e( 13 - 13) =    -28.65598  eV     1   --> A              
     e( 14 - 14) =    -28.63583  eV     1   --> A              
     e( 15 - 15) =    -28.57790  eV     1   --> A              
     e( 16 - 16) =    -28.52882  eV     1   --> A              
     e( 17 - 17) =     -8.05384  eV     1   --> A              
     e( 18 - 18) =     -7.54549  eV     1   --> A              
     e( 19 - 19) =     -7.39033  eV     1   --> A              
     e( 20 - 20) =     -7.12069  eV     1   --> A              
     e( 21 - 21) =     -6.70569  eV     1   --> A              
     e( 22 - 22) =     -6.65976  eV     1   --> A              
     e( 23 - 23) =     -6.48426  eV     1   --> A              
     e( 24 - 24) =     -6.32531  eV     1   --> A              
     e( 25 - 25) =      3.48154  eV     1   --> A              
     e( 26 - 26) =      3.62636  eV     1   --> A              
     e( 27 - 27) =      4.12125  eV     1   --> A              
     e( 28 - 28) =      4.18763  eV     1   --> A              
     e( 29 - 29) =      4.46138  eV     1   --> A              
     e( 30 - 30) =      4.57817  eV     1   --> A              
     e( 31 - 31) =      4.63796  eV     1   --> A              
     e( 32 - 32) =      5.07885  eV     1   --> A              
     e( 33 - 33) =      5.12564  eV     1   --> A              
     e( 34 - 34) =      5.66987  eV     1   --> A              
     e( 35 - 35) =      5.78143  eV     1   --> A              
     e( 36 - 36) =      5.95288  eV     1   --> A              
     e( 37 - 37) =      6.12735  eV     1   --> A              
     e( 38 - 38) =      6.42114  eV     1   --> A              
     e( 39 - 39) =      6.63976  eV     1   --> A              
     e( 40 - 40) =      6.80198  eV     1   --> A              
     e( 41 - 41) =      7.10529  eV     1   --> A              
     e( 42 - 42) =      7.20517  eV     1   --> A              
     e( 43 - 43) =      7.34839  eV     1   --> A              
     e( 44 - 44) =      7.44233  eV     1   --> A              
     e( 45 - 45) =      7.58907  eV     1   --> A              
     e( 46 - 46) =      7.64309  eV     1   --> A              
     e( 47 - 47) =      8.03165  eV     1   --> A              
     e( 48 - 48) =      8.19583  eV     1   --> A              
     e( 49 - 49) =      8.50497  eV     1   --> A              
     e( 50 - 50) =      8.68292  eV     1   --> A              
     e( 51 - 51) =      8.95790  eV     1   --> A              
     e( 52 - 52) =      9.13645  eV     1   --> A              
     e( 53 - 53) =      9.25260  eV     1   --> A              
     e( 54 - 54) =      9.36864  eV     1   --> A              
     e( 55 - 55) =     10.37407  eV     1   --> A              
     e( 56 - 56) =     10.50065  eV     1   --> A              
     e( 57 - 57) =     13.45821  eV     1   --> A              
     e( 58 - 58) =     13.51966  eV     1   --> A              
     e( 59 - 59) =     13.64741  eV     1   --> A              
     e( 60 - 60) =     13.75129  eV     1   --> A              
     e( 61 - 61) =     13.98203  eV     1   --> A              
     e( 62 - 62) =     14.25797  eV     1   --> A              
     e( 63 - 63) =     14.98980  eV     1   --> A              
     e( 64 - 64) =     15.05965  eV     1   --> A              
     e( 65 - 65) =     17.30973  eV     1   --> A              
     e( 66 - 66) =     17.53545  eV     1   --> A              
     e( 67 - 67) =     17.97557  eV     1   --> A              
     e( 68 - 68) =     18.92611  eV     1   --> A              
     e( 69 - 69) =     19.52278  eV     1   --> A              
     e( 70 - 70) =     19.69136  eV     1   --> A              
     e( 71 - 71) =     20.92477  eV     1   --> A              
     e( 72 - 72) =     21.11011  eV     1   --> A              
     e( 73 - 73) =     22.49105  eV     1   --> A              
     e( 74 - 74) =     22.68824  eV     1   --> A              
     e( 75 - 75) =     22.87644  eV     1   --> A              
     e( 76 - 76) =     23.04181  eV     1   --> A              
     e( 77 - 77) =     23.21266  eV     1   --> A              
     e( 78 - 78) =     24.08160  eV     1   --> A              
     e( 79 - 79) =     24.59264  eV     1   --> A              
     e( 80 - 80) =     25.14881  eV     1   --> A              

 **************************************************************************

 **************************************************************************

                    xk=(  -0.00073,   0.00000,   0.39814  )

     Band symmetry, C_1 (1)     point group:

     e(  1 -  1) =    -91.70485  eV     1   --> A              
     e(  2 -  2) =    -68.88643  eV     1   --> A              
     e(  3 -  3) =    -64.31830  eV     1   --> A              
     e(  4 -  4) =    -64.31020  eV     1   --> A              
     e(  5 -  5) =    -52.14539  eV     1   --> A              
     e(  6 -  6) =    -52.14054  eV     1   --> A              
     e(  7 -  7) =    -52.12800  eV     1   --> A              
     e(  8 -  8) =    -37.94169  eV     1   --> A              
     e(  9 -  9) =    -37.93318  eV     1   --> A              
     e( 10 - 10) =    -37.91706  eV     1   --> A              
     e( 11 - 11) =    -28.75419  eV     1   --> A              
     e( 12 - 12) =    -28.72930  eV     1   --> A              
     e( 13 - 13) =    -28.65461  eV     1   --> A              
     e( 14 - 14) =    -28.63738  eV     1   --> A              
     e( 15 - 15) =    -28.57727  eV     1   --> A              
     e( 16 - 16) =    -28.52860  eV     1   --> A              
     e( 17 - 17) =     -7.99317  eV     1   --> A              
     e( 18 - 18) =     -7.60877  eV     1   --> A              
     e( 19 - 19) =     -7.39332  eV     1   --> A              
     e( 20 - 20) =     -7.12546  eV     1   --> A              
     e( 21 - 21) =     -6.70455  eV     1   --> A              
     e( 22 - 22) =     -6.64877  eV     1   --> A              
     e( 23 - 23) =     -6.48461  eV     1   --> A              
     e( 24 - 24) =     -6.32967  eV     1   --> A              
     e( 25 - 25) =      3.47790  eV     1   --> A              
     e( 26 - 26) =      3.60605  eV     1   --> A              
     e( 27 - 27) =      4.15105  eV     1   --> A              
     e( 28 - 28) =      4.21652  eV     1   --> A              
     e( 29 - 29) =      4.42680  eV     1   --> A              
     e( 30 - 30) =      4.61382  eV     1   --> A              
     e( 31 - 31) =      4.69882  eV     1   --> A              
     e( 32 - 32) =      5.02062  eV     1   --> A              
     e( 33 - 33) =      5.09595  eV     1   --> A              
     e( 34 - 34) =      5.68200  eV     1   --> A              
     e( 35 - 35) =      5.77710  eV     1   --> A              
     e( 36 - 36) =      5.97053  eV     1   --> A              
     e( 37 - 37) =      6.10981  eV     1   --> A              
     e( 38 - 38) =      6.39127  eV     1   --> A              
     e( 39 - 39) =      6.62984  eV     1   --> A              
     e( 40 - 40) =      6.82890  eV     1   --> A              
     e( 41 - 41) =      7.11504  eV     1   --> A              
     e( 42 - 42) =      7.20724  eV     1   --> A              
     e( 43 - 43) =      7.35975  eV     1   --> A              
     e( 44 - 44) =      7.42398  eV     1   --> A              
     e( 45 - 45) =      7.56445  eV     1   --> A              
     e( 46 - 46) =      7.61773  eV     1   --> A              
     e( 47 - 47) =      8.03346  eV     1   --> A              
     e( 48 - 48) =      8.19684  eV     1   --> A              
     e( 49 - 49) =      8.51396  eV     1   --> A              
     e( 50 - 50) =      8.68687  eV     1   --> A              
     e( 51 - 51) =      8.97849  eV     1   --> A              
     e( 52 - 52) =      9.14149  eV     1   --> A              
     e( 53 - 53) =      9.23848  eV     1   --> A              
     e( 54 - 54) =      9.37102  eV     1   --> A              
     e( 55 - 55) =     10.38347  eV     1   --> A              
     e( 56 - 56) =     10.51253  eV     1   --> A              
     e( 57 - 57) =     13.48068  eV     1   --> A              
     e( 58 - 58) =     13.51922  eV     1   --> A              
     e( 59 - 59) =     13.63876  eV     1   --> A              
     e( 60 - 60) =     13.74763  eV     1   --> A              
     e( 61 - 61) =     13.99647  eV     1   --> A              
     e( 62 - 62) =     14.22755  eV     1   --> A              
     e( 63 - 63) =     14.97222  eV     1   --> A              
     e( 64 - 64) =     15.04111  eV     1   --> A              
     e( 65 - 65) =     17.31360  eV     1   --> A              
     e( 66 - 66) =     17.54969  eV     1   --> A              
     e( 67 - 67) =     18.08785  eV     1   --> A              
     e( 68 - 68) =     18.85907  eV     1   --> A              
     e( 69 - 69) =     19.49364  eV     1   --> A              
     e( 70 - 70) =     19.66429  eV     1   --> A              
     e( 71 - 71) =     20.93239  eV     1   --> A              
     e( 72 - 72) =     21.09496  eV     1   --> A              
     e( 73 - 73) =     22.55281  eV     1   --> A              
     e( 74 - 74) =     22.70786  eV     1   --> A              
     e( 75 - 75) =     22.93364  eV     1   --> A              
     e( 76 - 76) =     23.01240  eV     1   --> A              
     e( 77 - 77) =     23.17939  eV     1   --> A              
     e( 78 - 78) =     23.94900  eV     1   --> A              
     e( 79 - 79) =     24.74738  eV     1   --> A              
     e( 80 - 80) =     25.16922  eV     1   --> A              

 **************************************************************************

 **************************************************************************

                    xk=(  -0.00077,   0.00000,   0.42156  )

     Band symmetry, C_1 (1)     point group:

     e(  1 -  1) =    -91.70485  eV     1   --> A              
     e(  2 -  2) =    -68.88643  eV     1   --> A              
     e(  3 -  3) =    -64.31821  eV     1   --> A              
     e(  4 -  4) =    -64.31028  eV     1   --> A              
     e(  5 -  5) =    -52.14539  eV     1   --> A              
     e(  6 -  6) =    -52.14054  eV     1   --> A              
     e(  7 -  7) =    -52.12800  eV     1   --> A              
     e(  8 -  8) =    -37.94169  eV     1   --> A              
     e(  9 -  9) =    -37.93318  eV     1   --> A              
     e( 10 - 10) =    -37.91706  eV     1   --> A              
     e( 11 - 11) =    -28.75377  eV     1   --> A              
     e( 12 - 12) =    -28.73027  eV     1   --> A              
     e( 13 - 13) =    -28.65345  eV     1   --> A              
     e( 14 - 14) =    -28.63868  eV     1   --> A              
     e( 15 - 15) =    -28.57681  eV     1   --> A              
     e( 16 - 16) =    -28.52844  eV     1   --> A              
     e( 17 - 17) =     -7.93087  eV     1   --> A              
     e( 18 - 18) =     -7.67310  eV     1   --> A              
     e( 19 - 19) =     -7.39543  eV     1   --> A              
     e( 20 - 20) =     -7.12887  eV     1   --> A              
     e( 21 - 21) =     -6.70414  eV     1   --> A              
     e( 22 - 22) =     -6.63986  eV     1   --> A              
     e( 23 - 23) =     -6.48535  eV     1   --> A              
     e( 24 - 24) =     -6.33283  eV     1   --> A              
     e( 25 - 25) =      3.47830  eV     1   --> A              
     e( 26 - 26) =      3.58604  eV     1   --> A              
     e( 27 - 27) =      4.18126  eV     1   --> A              
     e( 28 - 28) =      4.24046  eV     1   --> A              
     e( 29 - 29) =      4.39572  eV     1   --> A              
     e( 30 - 30) =      4.64228  eV     1   --> A              
     e( 31 - 31) =      4.75620  eV     1   --> A              
     e( 32 - 32) =      4.96724  eV     1   --> A              
     e( 33 - 33) =      5.06754  eV     1   --> A              
     e( 34 - 34) =      5.69616  eV     1   --> A              
     e( 35 - 35) =      5.77523  eV     1   --> A              
     e( 36 - 36) =      5.97297  eV     1   --> A              
     e( 37 - 37) =      6.10569  eV     1   --> A              
     e( 38 - 38) =      6.35755  eV     1   --> A              
     e( 39 - 39) =      6.62610  eV     1   --> A              
     e( 40 - 40) =      6.85409  eV     1   --> A              
     e( 41 - 41) =      7.11669  eV     1   --> A              
     e( 42 - 42) =      7.21316  eV     1   --> A              
     e( 43 - 43) =      7.37341  eV     1   --> A              
     e( 44 - 44) =      7.40753  eV     1   --> A              
     e( 45 - 45) =      7.54208  eV     1   --> A              
     e( 46 - 46) =      7.59831  eV     1   --> A              
     e( 47 - 47) =      8.03415  eV     1   --> A              
     e( 48 - 48) =      8.19693  eV     1   --> A              
     e( 49 - 49) =      8.52461  eV     1   --> A              
     e( 50 - 50) =      8.68701  eV     1   --> A              
     e( 51 - 51) =      8.99736  eV     1   --> A              
     e( 52 - 52) =      9.14932  eV     1   --> A              
     e( 53 - 53) =      9.21970  eV     1   --> A              
     e( 54 - 54) =      9.37464  eV     1   --> A              
     e( 55 - 55) =     10.38980  eV     1   --> A              
     e( 56 - 56) =     10.52149  eV     1   --> A              
     e( 57 - 57) =     13.49902  eV     1   --> A              
     e( 58 - 58) =     13.52505  eV     1   --> A              
     e( 59 - 59) =     13.62162  eV     1   --> A              
     e( 60 - 60) =     13.74372  eV     1   --> A              
     e( 61 - 61) =     14.01855  eV     1   --> A              
     e( 62 - 62) =     14.19802  eV     1   --> A              
     e( 63 - 63) =     14.95952  eV     1   --> A              
     e( 64 - 64) =     15.02701  eV     1   --> A              
     e( 65 - 65) =     17.31439  eV     1   --> A              
     e( 66 - 66) =     17.55577  eV     1   --> A              
     e( 67 - 67) =     18.21166  eV     1   --> A              
     e( 68 - 68) =     18.76793  eV     1   --> A              
     e( 69 - 69) =     19.47354  eV     1   --> A              
     e( 70 - 70) =     19.64936  eV     1   --> A              
     e( 71 - 71) =     20.94539  eV     1   --> A              
     e( 72 - 72) =     21.07786  eV     1   --> A              
     e( 73 - 73) =     22.60185  eV     1   --> A              
     e( 74 - 74) =     22.71711  eV     1   --> A              
     e( 75 - 75) =     22.89737  eV     1   --> A              
     e( 76 - 76) =     23.06132  eV     1   --> A              
     e( 77 - 77) =     23.20488  eV     1   --> A              
     e( 78 - 78) =     23.80701  eV     1   --> A              
     e( 79 - 79) =     24.89830  eV     1   --> A              
     e( 80 - 80) =     25.18178  eV     1   --> A              

 **************************************************************************

 **************************************************************************

                    xk=(  -0.00081,   0.00000,   0.44498  )

     Band symmetry, C_1 (1)     point group:

     e(  1 -  1) =    -91.70485  eV     1   --> A              
     e(  2 -  2) =    -68.88643  eV     1   --> A              
     e(  3 -  3) =    -64.31816  eV     1   --> A              
     e(  4 -  4) =    -64.31033  eV     1   --> A              
     e(  5 -  5) =    -52.14539  eV     1   --> A              
     e(  6 -  6) =    -52.14054  eV     1   --> A              
     e(  7 -  7) =    -52.12800  eV     1   --> A              
     e(  8 -  8) =    -37.94169  eV     1   --> A              
     e(  9 -  9) =    -37.93318  eV     1   --> A              
     e( 10 - 10) =    -37.91706  eV     1   --> A              
     e( 11 - 11) =    -28.75350  eV     1   --> A              
     e( 12 - 12) =    -28.73088  eV     1   --> A              
     e( 13 - 13) =    -28.65263  eV     1   --> A              
     e( 14 - 14) =    -28.63957  eV     1   --> A              
     e( 15 - 15) =    -28.57654  eV     1   --> A              
     e( 16 - 16) =    -28.52834  eV     1   --> A              
     e( 17 - 17) =     -7.86733  eV     1   --> A              
     e( 18 - 18) =     -7.73791  eV     1   --> A              
     e( 19 - 19) =     -7.39670  eV     1   --> A              
     e( 20 - 20) =     -7.13093  eV     1   --> A              
     e( 21 - 21) =     -6.70402  eV     1   --> A              
     e( 22 - 22) =     -6.63406  eV     1   --> A              
     e( 23 - 23) =     -6.48607  eV     1   --> A              
     e( 24 - 24) =     -6.33473  eV     1   --> A              
     e( 25 - 25) =      3.48081  eV     1   --> A              
     e( 26 - 26) =      3.57081  eV     1   --> A              
     e( 27 - 27) =      4.20673  eV     1   --> A              
     e( 28 - 28) =      4.25503  eV     1   --> A              
     e( 29 - 29) =      4.37251  eV     1   --> A              
     e( 30 - 30) =      4.66140  eV     1   --> A              
     e( 31 - 31) =      4.80567  eV     1   --> A              
     e( 32 - 32) =      4.92103  eV     1   --> A              
     e( 33 - 33) =      5.04615  eV     1   --> A              
     e( 34 - 34) =      5.70776  eV     1   --> A              
     e( 35 - 35) =      5.77610  eV     1   --> A              
     e( 36 - 36) =      5.96421  eV     1   --> A              
     e( 37 - 37) =      6.11208  eV     1   --> A              
     e( 38 - 38) =      6.33073  eV     1   --> A              
     e( 39 - 39) =      6.62510  eV     1   --> A              
     e( 40 - 40) =      6.87190  eV     1   --> A              
     e( 41 - 41) =      7.11429  eV     1   --> A              
     e( 42 - 42) =      7.22070  eV     1   --> A              
     e( 43 - 43) =      7.38459  eV     1   --> A              
     e( 44 - 44) =      7.39523  eV     1   --> A              
     e( 45 - 45) =      7.52584  eV     1   --> A              
     e( 46 - 46) =      7.58610  eV     1   --> A              
     e( 47 - 47) =      8.03406  eV     1   --> A              
     e( 48 - 48) =      8.19672  eV     1   --> A              
     e( 49 - 49) =      8.53329  eV     1   --> A              
     e( 50 - 50) =      8.68547  eV     1   --> A              
     e( 51 - 51) =      9.01091  eV     1   --> A              
     e( 52 - 52) =      9.16096  eV     1   --> A              
     e( 53 - 53) =      9.19925  eV     1   --> A              
     e( 54 - 54) =      9.37759  eV     1   --> A              
     e( 55 - 55) =     10.39345  eV     1   --> A              
     e( 56 - 56) =     10.52705  eV     1   --> A              
     e( 57 - 57) =     13.50480  eV     1   --> A              
     e( 58 - 58) =     13.54546  eV     1   --> A              
     e( 59 - 59) =     13.59841  eV     1   --> A              
     e( 60 - 60) =     13.74095  eV     1   --> A              
     e( 61 - 61) =     14.04077  eV     1   --> A              
     e( 62 - 62) =     14.17308  eV     1   --> A              
     e( 63 - 63) =     14.95185  eV     1   --> A              
     e( 64 - 64) =     15.01818  eV     1   --> A              
     e( 65 - 65) =     17.31427  eV     1   --> A              
     e( 66 - 66) =     17.55799  eV     1   --> A              
     e( 67 - 67) =     18.33164  eV     1   --> A              
     e( 68 - 68) =     18.66637  eV     1   --> A              
     e( 69 - 69) =     19.46412  eV     1   --> A              
     e( 70 - 70) =     19.64066  eV     1   --> A              
     e( 71 - 71) =     20.95911  eV     1   --> A              
     e( 72 - 72) =     21.06231  eV     1   --> A              
     e( 73 - 73) =     22.64367  eV     1   --> A              
     e( 74 - 74) =     22.71187  eV     1   --> A              
     e( 75 - 75) =     22.86226  eV     1   --> A              
     e( 76 - 76) =     23.06433  eV     1   --> A              
     e( 77 - 77) =     23.31087  eV     1   --> A              
     e( 78 - 78) =     23.66756  eV     1   --> A              
     e( 79 - 79) =     25.03006  eV     1   --> A              
     e( 80 - 80) =     25.17820  eV     1   --> A              

 **************************************************************************

 **************************************************************************

                    xk=(  -0.00086,   0.00000,   0.46840  )

     zone border point and non-symmorphic group 
     symmetry decomposition not available

 **************************************************************************

 **************************************************************************

                    xk=(   0.02414,   0.02050,   0.46860  )

     point group C_1 (1)    
     there are  1 classes
     the character table:

       E    
A      1.00

     the symmetry operations in each class and the name of the first element:

     E        1
                                                                 

     Band symmetry, C_1 (1)     point group:

     e(  1 -  1) =    -91.70485  eV     1   --> A              
     e(  2 -  2) =    -68.88643  eV     1   --> A              
     e(  3 -  3) =    -64.31815  eV     1   --> A              
     e(  4 -  4) =    -64.31035  eV     1   --> A              
     e(  5 -  5) =    -52.14539  eV     1   --> A              
     e(  6 -  6) =    -52.14054  eV     1   --> A              
     e(  7 -  7) =    -52.12800  eV     1   --> A              
     e(  8 -  8) =    -37.94169  eV     1   --> A              
     e(  9 -  9) =    -37.93318  eV     1   --> A              
     e( 10 - 10) =    -37.91706  eV     1   --> A              
     e( 11 - 11) =    -28.75342  eV     1   --> A              
     e( 12 - 12) =    -28.73111  eV     1   --> A              
     e( 13 - 13) =    -28.65234  eV     1   --> A              
     e( 14 - 14) =    -28.63990  eV     1   --> A              
     e( 15 - 15) =    -28.57643  eV     1   --> A              
     e( 16 - 16) =    -28.52830  eV     1   --> A              
     e( 17 - 17) =     -7.80566  eV     1   --> A              
     e( 18 - 18) =     -7.79680  eV     1   --> A              
     e( 19 - 19) =     -7.39603  eV     1   --> A              
     e( 20 - 20) =     -7.13245  eV     1   --> A              
     e( 21 - 21) =     -6.70610  eV     1   --> A              
     e( 22 - 22) =     -6.63502  eV     1   --> A              
     e( 23 - 23) =     -6.48602  eV     1   --> A              
     e( 24 - 24) =     -6.33493  eV     1   --> A              
     e( 25 - 25) =      3.48623  eV     1   --> A              
     e( 26 - 26) =      3.56990  eV     1   --> A              
     e( 27 - 27) =      4.21430  eV     1   --> A              
     e( 28 - 28) =      4.25232  eV     1   --> A              
     e( 29 - 29) =      4.37153  eV     1   --> A              
     e( 30 - 30) =      4.65657  eV     1   --> A              
     e( 31 - 31) =      4.83332  eV     1   --> A              
     e( 32 - 32) =      4.89962  eV     1   --> A              
     e( 33 - 33) =      5.05589  eV     1   --> A              
     e( 34 - 34) =      5.71044  eV     1   --> A              
     e( 35 - 35) =      5.77300  eV     1   --> A              
     e( 36 - 36) =      5.95227  eV     1   --> A              
     e( 37 - 37) =      6.10281  eV     1   --> A              
     e( 38 - 38) =      6.33761  eV     1   --> A              
     e( 39 - 39) =      6.62354  eV     1   --> A              
     e( 40 - 40) =      6.86720  eV     1   --> A              
     e( 41 - 41) =      7.10125  eV     1   --> A              
     e( 42 - 42) =      7.21214  eV     1   --> A              
     e( 43 - 43) =      7.35954  eV     1   --> A              
     e( 44 - 44) =      7.41712  eV     1   --> A              
     e( 45 - 45) =      7.54387  eV     1   --> A              
     e( 46 - 46) =      7.58577  eV     1   --> A              
     e( 47 - 47) =      8.03951  eV     1   --> A              
     e( 48 - 48) =      8.20046  eV     1   --> A              
     e( 49 - 49) =      8.53036  eV     1   --> A              
     e( 50 - 50) =      8.68143  eV     1   --> A              
     e( 51 - 51) =      9.01660  eV     1   --> A              
     e( 52 - 52) =      9.15187  eV     1   --> A              
     e( 53 - 53) =      9.20271  eV     1   --> A              
     e( 54 - 54) =      9.38210  eV     1   --> A              
     e( 55 - 55) =     10.39253  eV     1   --> A              
     e( 56 - 56) =     10.52974  eV     1   --> A              
     e( 57 - 57) =     13.48845  eV     1   --> A              
     e( 58 - 58) =     13.56115  eV     1   --> A              
     e( 59 - 59) =     13.59635  eV     1   --> A              
     e( 60 - 60) =     13.74969  eV     1   --> A              
     e( 61 - 61) =     14.05098  eV     1   --> A              
     e( 62 - 62) =     14.16032  eV     1   --> A              
     e( 63 - 63) =     14.94855  eV     1   --> A              
     e( 64 - 64) =     15.01961  eV     1   --> A              
     e( 65 - 65) =     17.31176  eV     1   --> A              
     e( 66 - 66) =     17.55817  eV     1   --> A              
     e( 67 - 67) =     18.40351  eV     1   --> A              
     e( 68 - 68) =     18.60906  eV     1   --> A              
     e( 69 - 69) =     19.45212  eV     1   --> A              
     e( 70 - 70) =     19.64597  eV     1   --> A              
     e( 71 - 71) =     20.93405  eV     1   --> A              
     e( 72 - 72) =     21.06785  eV     1   --> A              
     e( 73 - 73) =     22.65306  eV     1   --> A              
     e( 74 - 74) =     22.66486  eV     1   --> A              
     e( 75 - 75) =     22.87058  eV     1   --> A              
     e( 76 - 76) =     23.08147  eV     1   --> A              
     e( 77 - 77) =     23.37535  eV     1   --> A              
     e( 78 - 78) =     23.61703  eV     1   --> A              
     e( 79 - 79) =     25.08660  eV     1   --> A              
     e( 80 - 80) =     25.17420  eV     1   --> A              

 **************************************************************************

 **************************************************************************

                    xk=(   0.04914,   0.04099,   0.46880  )

     Band symmetry, C_1 (1)     point group:

     e(  1 -  1) =    -91.70485  eV     1   --> A              
     e(  2 -  2) =    -68.88643  eV     1   --> A              
     e(  3 -  3) =    -64.31816  eV     1   --> A              
     e(  4 -  4) =    -64.31034  eV     1   --> A              
     e(  5 -  5) =    -52.14539  eV     1   --> A              
     e(  6 -  6) =    -52.14054  eV     1   --> A              
     e(  7 -  7) =    -52.12800  eV     1   --> A              
     e(  8 -  8) =    -37.94169  eV     1   --> A              
     e(  9 -  9) =    -37.93318  eV     1   --> A              
     e( 10 - 10) =    -37.91706  eV     1   --> A              
     e( 11 - 11) =    -28.75347  eV     1   --> A              
     e( 12 - 12) =    -28.73116  eV     1   --> A              
     e( 13 - 13) =    -28.65236  eV     1   --> A              
     e( 14 - 14) =    -28.63991  eV     1   --> A              
     e( 15 - 15) =    -28.57639  eV     1   --> A              
     e( 16 - 16) =    -28.52827  eV     1   --> A              
     e( 17 - 17) =     -7.80376  eV     1   --> A              
     e( 18 - 18) =     -7.78914  eV     1   --> A              
     e( 19 - 19) =     -7.39288  eV     1   --> A              
     e( 20 - 20) =     -7.13484  eV     1   --> A              
     e( 21 - 21) =     -6.71270  eV     1   --> A              
     e( 22 - 22) =     -6.64313  eV     1   --> A              
     e( 23 - 23) =     -6.48527  eV     1   --> A              
     e( 24 - 24) =     -6.33370  eV     1   --> A              
     e( 25 - 25) =      3.49790  eV     1   --> A              
     e( 26 - 26) =      3.58442  eV     1   --> A              
     e( 27 - 27) =      4.19438  eV     1   --> A              
     e( 28 - 28) =      4.24810  eV     1   --> A              
     e( 29 - 29) =      4.38911  eV     1   --> A              
     e( 30 - 30) =      4.63028  eV     1   --> A              
     e( 31 - 31) =      4.83332  eV     1   --> A              
     e( 32 - 32) =      4.90914  eV     1   --> A              
     e( 33 - 33) =      5.10465  eV     1   --> A              
     e( 34 - 34) =      5.70568  eV     1   --> A              
     e( 35 - 35) =      5.75807  eV     1   --> A              
     e( 36 - 36) =      5.93419  eV     1   --> A              
     e( 37 - 37) =      6.07800  eV     1   --> A              
     e( 38 - 38) =      6.37554  eV     1   --> A              
     e( 39 - 39) =      6.61695  eV     1   --> A              
     e( 40 - 40) =      6.83487  eV     1   --> A              
     e( 41 - 41) =      7.07357  eV     1   --> A              
     e( 42 - 42) =      7.17954  eV     1   --> A              
     e( 43 - 43) =      7.34680  eV     1   --> A              
     e( 44 - 44) =      7.43302  eV     1   --> A              
     e( 45 - 45) =      7.57792  eV     1   --> A              
     e( 46 - 46) =      7.61540  eV     1   --> A              
     e( 47 - 47) =      8.05527  eV     1   --> A              
     e( 48 - 48) =      8.21193  eV     1   --> A              
     e( 49 - 49) =      8.51056  eV     1   --> A              
     e( 50 - 50) =      8.67389  eV     1   --> A              
     e( 51 - 51) =      9.01742  eV     1   --> A              
     e( 52 - 52) =      9.12832  eV     1   --> A              
     e( 53 - 53) =      9.22214  eV     1   --> A              
     e( 54 - 54) =      9.39009  eV     1   --> A              
     e( 55 - 55) =     10.38644  eV     1   --> A              
     e( 56 - 56) =     10.53235  eV     1   --> A              
     e( 57 - 57) =     13.45577  eV     1   --> A              
     e( 58 - 58) =     13.55907  eV     1   --> A              
     e( 59 - 59) =     13.61949  eV     1   --> A              
     e( 60 - 60) =     13.77892  eV     1   --> A              
     e( 61 - 61) =     14.05024  eV     1   --> A              
     e( 62 - 62) =     14.15573  eV     1   --> A              
     e( 63 - 63) =     14.94772  eV     1   --> A              
     e( 64 - 64) =     15.03160  eV     1   --> A              
     e( 65 - 65) =     17.30608  eV     1   --> A              
     e( 66 - 66) =     17.55643  eV     1   --> A              
     e( 67 - 67) =     18.40959  eV     1   --> A              
     e( 68 - 68) =     18.62765  eV     1   --> A              
     e( 69 - 69) =     19.42986  eV     1   --> A              
     e( 70 - 70) =     19.66576  eV     1   --> A              
     e( 71 - 71) =     20.86523  eV     1   --> A              
     e( 72 - 72) =     21.08209  eV     1   --> A              
     e( 73 - 73) =     22.56779  eV     1   --> A              
     e( 74 - 74) =     22.62851  eV     1   --> A              
     e( 75 - 75) =     22.92033  eV     1   --> A              
     e( 76 - 76) =     23.11878  eV     1   --> A              
     e( 77 - 77) =     23.37108  eV     1   --> A              
     e( 78 - 78) =     23.68738  eV     1   --> A              
     e( 79 - 79) =     25.05291  eV     1   --> A              
     e( 80 - 80) =     25.20406  eV     1   --> A              

 **************************************************************************

 **************************************************************************

                    xk=(   0.07414,   0.06149,   0.46900  )

     Band symmetry, C_1 (1)     point group:

     e(  1 -  1) =    -91.70485  eV     1   --> A              
     e(  2 -  2) =    -68.88643  eV     1   --> A              
     e(  3 -  3) =    -64.31817  eV     1   --> A              
     e(  4 -  4) =    -64.31033  eV     1   --> A              
     e(  5 -  5) =    -52.14539  eV     1   --> A              
     e(  6 -  6) =    -52.14054  eV     1   --> A              
     e(  7 -  7) =    -52.12800  eV     1   --> A              
     e(  8 -  8) =    -37.94169  eV     1   --> A              
     e(  9 -  9) =    -37.93318  eV     1   --> A              
     e( 10 - 10) =    -37.91707  eV     1   --> A              
     e( 11 - 11) =    -28.75356  eV     1   --> A              
     e( 12 - 12) =    -28.73125  eV     1   --> A              
     e( 13 - 13) =    -28.65239  eV     1   --> A              
     e( 14 - 14) =    -28.63993  eV     1   --> A              
     e( 15 - 15) =    -28.57632  eV     1   --> A              
     e( 16 - 16) =    -28.52822  eV     1   --> A              
     e( 17 - 17) =     -7.79903  eV     1   --> A              
     e( 18 - 18) =     -7.77833  eV     1   --> A              
     e( 19 - 19) =     -7.38794  eV     1   --> A              
     e( 20 - 20) =     -7.13838  eV     1   --> A              
     e( 21 - 21) =     -6.72458  eV     1   --> A              
     e( 22 - 22) =     -6.65436  eV     1   --> A              
     e( 23 - 23) =     -6.48467  eV     1   --> A              
     e( 24 - 24) =     -6.33191  eV     1   --> A              
     e( 25 - 25) =      3.51677  eV     1   --> A              
     e( 26 - 26) =      3.60729  eV     1   --> A              
     e( 27 - 27) =      4.15776  eV     1   --> A              
     e( 28 - 28) =      4.25543  eV     1   --> A              
     e( 29 - 29) =      4.40855  eV     1   --> A              
     e( 30 - 30) =      4.60291  eV     1   --> A              
     e( 31 - 31) =      4.83163  eV     1   --> A              
     e( 32 - 32) =      4.91935  eV     1   --> A              
     e( 33 - 33) =      5.17227  eV     1   --> A              
     e( 34 - 34) =      5.69874  eV     1   --> A              
     e( 35 - 35) =      5.72733  eV     1   --> A              
     e( 36 - 36) =      5.91194  eV     1   --> A              
     e( 37 - 37) =      6.06111  eV     1   --> A              
     e( 38 - 38) =      6.41602  eV     1   --> A              
     e( 39 - 39) =      6.59808  eV     1   --> A              
     e( 40 - 40) =      6.78763  eV     1   --> A              
     e( 41 - 41) =      7.03951  eV     1   --> A              
     e( 42 - 42) =      7.14630  eV     1   --> A              
     e( 43 - 43) =      7.34523  eV     1   --> A              
     e( 44 - 44) =      7.44097  eV     1   --> A              
     e( 45 - 45) =      7.59437  eV     1   --> A              
     e( 46 - 46) =      7.67515  eV     1   --> A              
     e( 47 - 47) =      8.07824  eV     1   --> A              
     e( 48 - 48) =      8.23049  eV     1   --> A              
     e( 49 - 49) =      8.47632  eV     1   --> A              
     e( 50 - 50) =      8.66591  eV     1   --> A              
     e( 51 - 51) =      9.01478  eV     1   --> A              
     e( 52 - 52) =      9.11188  eV     1   --> A              
     e( 53 - 53) =      9.23856  eV     1   --> A              
     e( 54 - 54) =      9.39769  eV     1   --> A              
     e( 55 - 55) =     10.37696  eV     1   --> A              
     e( 56 - 56) =     10.53712  eV     1   --> A              
     e( 57 - 57) =     13.42251  eV     1   --> A              
     e( 58 - 58) =     13.55892  eV     1   --> A              
     e( 59 - 59) =     13.63420  eV     1   --> A              
     e( 60 - 60) =     13.82341  eV     1   --> A              
     e( 61 - 61) =     14.04875  eV     1   --> A              
     e( 62 - 62) =     14.14998  eV     1   --> A              
     e( 63 - 63) =     14.94933  eV     1   --> A              
     e( 64 - 64) =     15.04878  eV     1   --> A              
     e( 65 - 65) =     17.30019  eV     1   --> A              
     e( 66 - 66) =     17.55248  eV     1   --> A              
     e( 67 - 67) =     18.40339  eV     1   --> A              
     e( 68 - 68) =     18.67050  eV     1   --> A              
     e( 69 - 69) =     19.40555  eV     1   --> A              
     e( 70 - 70) =     19.68932  eV     1   --> A              
     e( 71 - 71) =     20.77865  eV     1   --> A              
     e( 72 - 72) =     21.08513  eV     1   --> A              
     e( 73 - 73) =     22.45436  eV     1   --> A              
     e( 74 - 74) =     22.57965  eV     1   --> A              
     e( 75 - 75) =     22.98322  eV     1   --> A              
     e( 76 - 76) =     23.14365  eV     1   --> A              
     e( 77 - 77) =     23.41635  eV     1   --> A              
     e( 78 - 78) =     23.75815  eV     1   --> A              
     e( 79 - 79) =     25.01185  eV     1   --> A              
     e( 80 - 80) =     25.21401  eV     1   --> A              

 **************************************************************************

 **************************************************************************

                    xk=(   0.09914,   0.08198,   0.46919  )

     Band symmetry, C_1 (1)     point group:

     e(  1 -  1) =    -91.70485  eV     1   --> A              
     e(  2 -  2) =    -68.88643  eV     1   --> A              
     e(  3 -  3) =    -64.31819  eV     1   --> A              
     e(  4 -  4) =    -64.31032  eV     1   --> A              
     e(  5 -  5) =    -52.14539  eV     1   --> A              
     e(  6 -  6) =    -52.14054  eV     1   --> A              
     e(  7 -  7) =    -52.12800  eV     1   --> A              
     e(  8 -  8) =    -37.94170  eV     1   --> A              
     e(  9 -  9) =    -37.93317  eV     1   --> A              
     e( 10 - 10) =    -37.91707  eV     1   --> A              
     e( 11 - 11) =    -28.75367  eV     1   --> A              
     e( 12 - 12) =    -28.73137  eV     1   --> A              
     e( 13 - 13) =    -28.65244  eV     1   --> A              
     e( 14 - 14) =    -28.63996  eV     1   --> A              
     e( 15 - 15) =    -28.57622  eV     1   --> A              
     e( 16 - 16) =    -28.52816  eV     1   --> A              
     e( 17 - 17) =     -7.79160  eV     1   --> A              
     e( 18 - 18) =     -7.76478  eV     1   --> A              
     e( 19 - 19) =     -7.38176  eV     1   --> A              
     e( 20 - 20) =     -7.14247  eV     1   --> A              
     e( 21 - 21) =     -6.74238  eV     1   --> A              
     e( 22 - 22) =     -6.66646  eV     1   --> A              
     e( 23 - 23) =     -6.48475  eV     1   --> A              
     e( 24 - 24) =     -6.32989  eV     1   --> A              
     e( 25 - 25) =      3.54188  eV     1   --> A              
     e( 26 - 26) =      3.63670  eV     1   --> A              
     e( 27 - 27) =      4.11469  eV     1   --> A              
     e( 28 - 28) =      4.26927  eV     1   --> A              
     e( 29 - 29) =      4.42560  eV     1   --> A              
     e( 30 - 30) =      4.58270  eV     1   --> A              
     e( 31 - 31) =      4.82574  eV     1   --> A              
     e( 32 - 32) =      4.93084  eV     1   --> A              
     e( 33 - 33) =      5.24651  eV     1   --> A              
     e( 34 - 34) =      5.67906  eV     1   --> A              
     e( 35 - 35) =      5.68989  eV     1   --> A              
     e( 36 - 36) =      5.89730  eV     1   --> A              
     e( 37 - 37) =      6.05729  eV     1   --> A              
     e( 38 - 38) =      6.44990  eV     1   --> A              
     e( 39 - 39) =      6.55834  eV     1   --> A              
     e( 40 - 40) =      6.73707  eV     1   --> A              
     e( 41 - 41) =      7.00733  eV     1   --> A              
     e( 42 - 42) =      7.12564  eV     1   --> A              
     e( 43 - 43) =      7.34449  eV     1   --> A              
     e( 44 - 44) =      7.44086  eV     1   --> A              
     e( 45 - 45) =      7.61489  eV     1   --> A              
     e( 46 - 46) =      7.73493  eV     1   --> A              
     e( 47 - 47) =      8.10399  eV     1   --> A              
     e( 48 - 48) =      8.25418  eV     1   --> A              
     e( 49 - 49) =      8.42993  eV     1   --> A              
     e( 50 - 50) =      8.66007  eV     1   --> A              
     e( 51 - 51) =      9.00548  eV     1   --> A              
     e( 52 - 52) =      9.10599  eV     1   --> A              
     e( 53 - 53) =      9.25267  eV     1   --> A              
     e( 54 - 54) =      9.40070  eV     1   --> A              
     e( 55 - 55) =     10.36476  eV     1   --> A              
     e( 56 - 56) =     10.54417  eV     1   --> A              
     e( 57 - 57) =     13.39253  eV     1   --> A              
     e( 58 - 58) =     13.55889  eV     1   --> A              
     e( 59 - 59) =     13.64267  eV     1   --> A              
     e( 60 - 60) =     13.87366  eV     1   --> A              
     e( 61 - 61) =     14.04646  eV     1   --> A              
     e( 62 - 62) =     14.14585  eV     1   --> A              
     e( 63 - 63) =     14.95545  eV     1   --> A              
     e( 64 - 64) =     15.06932  eV     1   --> A              
     e( 65 - 65) =     17.29621  eV     1   --> A              
     e( 66 - 66) =     17.54728  eV     1   --> A              
     e( 67 - 67) =     18.37548  eV     1   --> A              
     e( 68 - 68) =     18.74208  eV     1   --> A              
     e( 69 - 69) =     19.38696  eV     1   --> A              
     e( 70 - 70) =     19.71249  eV     1   --> A              
     e( 71 - 71) =     20.68292  eV     1   --> A              
     e( 72 - 72) =     21.07702  eV     1   --> A              
     e( 73 - 73) =     22.33092  eV     1   --> A              
     e( 74 - 74) =     22.51584  eV     1   --> A              
     e( 75 - 75) =     23.03681  eV     1   --> A              
     e( 76 - 76) =     23.17447  eV     1   --> A              
     e( 77 - 77) =     23.50407  eV     1   --> A              
     e( 78 - 78) =     23.81090  eV     1   --> A              
     e( 79 - 79) =     24.96116  eV     1   --> A              
     e( 80 - 80) =     25.16449  eV     1   --> A              

 **************************************************************************

 **************************************************************************

                    xk=(   0.12414,   0.10248,   0.46939  )

     Band symmetry, C_1 (1)     point group:

     e(  1 -  1) =    -91.70486  eV     1   --> A              
     e(  2 -  2) =    -68.88643  eV     1   --> A              
     e(  3 -  3) =    -64.31822  eV     1   --> A              
     e(  4 -  4) =    -64.31031  eV     1   --> A              
     e(  5 -  5) =    -52.14539  eV     1   --> A              
     e(  6 -  6) =    -52.14054  eV     1   --> A              
     e(  7 -  7) =    -52.12800  eV     1   --> A              
     e(  8 -  8) =    -37.94170  eV     1   --> A              
     e(  9 -  9) =    -37.93317  eV     1   --> A              
     e( 10 - 10) =    -37.91708  eV     1   --> A              
     e( 11 - 11) =    -28.75381  eV     1   --> A              
     e( 12 - 12) =    -28.73151  eV     1   --> A              
     e( 13 - 13) =    -28.65250  eV     1   --> A              
     e( 14 - 14) =    -28.64000  eV     1   --> A              
     e( 15 - 15) =    -28.57610  eV     1   --> A              
     e( 16 - 16) =    -28.52808  eV     1   --> A              
     e( 17 - 17) =     -7.78201  eV     1   --> A              
     e( 18 - 18) =     -7.74871  eV     1   --> A              
     e( 19 - 19) =     -7.37511  eV     1   --> A              
     e( 20 - 20) =     -7.14632  eV     1   --> A              
     e( 21 - 21) =     -6.76562  eV     1   --> A              
     e( 22 - 22) =     -6.67812  eV     1   --> A              
     e( 23 - 23) =     -6.48581  eV     1   --> A              
     e( 24 - 24) =     -6.32806  eV     1   --> A              
     e( 25 - 25) =      3.57162  eV     1   --> A              
     e( 26 - 26) =      3.67032  eV     1   --> A              
     e( 27 - 27) =      4.07148  eV     1   --> A              
     e( 28 - 28) =      4.28679  eV     1   --> A              
     e( 29 - 29) =      4.43735  eV     1   --> A              
     e( 30 - 30) =      4.57331  eV     1   --> A              
     e( 31 - 31) =      4.81377  eV     1   --> A              
     e( 32 - 32) =      4.94460  eV     1   --> A              
     e( 33 - 33) =      5.31768  eV     1   --> A              
     e( 34 - 34) =      5.62046  eV     1   --> A              
     e( 35 - 35) =      5.67693  eV     1   --> A              
     e( 36 - 36) =      5.89755  eV     1   --> A              
     e( 37 - 37) =      6.06612  eV     1   --> A              
     e( 38 - 38) =      6.46634  eV     1   --> A              
     e( 39 - 39) =      6.50457  eV     1   --> A              
     e( 40 - 40) =      6.68960  eV     1   --> A              
     e( 41 - 41) =      6.98570  eV     1   --> A              
     e( 42 - 42) =      7.11523  eV     1   --> A              
     e( 43 - 43) =      7.34094  eV     1   --> A              
     e( 44 - 44) =      7.43459  eV     1   --> A              
     e( 45 - 45) =      7.64115  eV     1   --> A              
     e( 46 - 46) =      7.78974  eV     1   --> A              
     e( 47 - 47) =      8.12814  eV     1   --> A              
     e( 48 - 48) =      8.27681  eV     1   --> A              
     e( 49 - 49) =      8.37928  eV     1   --> A              
     e( 50 - 50) =      8.65712  eV     1   --> A              
     e( 51 - 51) =      8.98960  eV     1   --> A              
     e( 52 - 52) =      9.10920  eV     1   --> A              
     e( 53 - 53) =      9.26308  eV     1   --> A              
     e( 54 - 54) =      9.39866  eV     1   --> A              
     e( 55 - 55) =     10.35043  eV     1   --> A              
     e( 56 - 56) =     10.55276  eV     1   --> A              
     e( 57 - 57) =     13.36681  eV     1   --> A              
     e( 58 - 58) =     13.55827  eV     1   --> A              
     e( 59 - 59) =     13.64748  eV     1   --> A              
     e( 60 - 60) =     13.91950  eV     1   --> A              
     e( 61 - 61) =     14.04485  eV     1   --> A              
     e( 62 - 62) =     14.14647  eV     1   --> A              
     e( 63 - 63) =     14.96750  eV     1   --> A              
     e( 64 - 64) =     15.09194  eV     1   --> A              
     e( 65 - 65) =     17.29314  eV     1   --> A              
     e( 66 - 66) =     17.54469  eV     1   --> A              
     e( 67 - 67) =     18.32714  eV     1   --> A              
     e( 68 - 68) =     18.83727  eV     1   --> A              
     e( 69 - 69) =     19.37845  eV     1   --> A              
     e( 70 - 70) =     19.73386  eV     1   --> A              
     e( 71 - 71) =     20.58486  eV     1   --> A              
     e( 72 - 72) =     21.05994  eV     1   --> A              
     e( 73 - 73) =     22.20534  eV     1   --> A              
     e( 74 - 74) =     22.44045  eV     1   --> A              
     e( 75 - 75) =     23.05739  eV     1   --> A              
     e( 76 - 76) =     23.24093  eV     1   --> A              
     e( 77 - 77) =     23.61405  eV     1   --> A              
     e( 78 - 78) =     23.83355  eV     1   --> A              
     e( 79 - 79) =     24.88798  eV     1   --> A              
     e( 80 - 80) =     25.10445  eV     1   --> A              

 **************************************************************************

 **************************************************************************

                    xk=(   0.14914,   0.12297,   0.46959  )

     Band symmetry, C_1 (1)     point group:

     e(  1 -  1) =    -91.70486  eV     1   --> A              
     e(  2 -  2) =    -68.88643  eV     1   --> A              
     e(  3 -  3) =    -64.31824  eV     1   --> A              
     e(  4 -  4) =    -64.31031  eV     1   --> A              
     e(  5 -  5) =    -52.14539  eV     1   --> A              
     e(  6 -  6) =    -52.14054  eV     1   --> A              
     e(  7 -  7) =    -52.12800  eV     1   --> A              
     e(  8 -  8) =    -37.94170  eV     1   --> A              
     e(  9 -  9) =    -37.93317  eV     1   --> A              
     e( 10 - 10) =    -37.91708  eV     1   --> A              
     e( 11 - 11) =    -28.75397  eV     1   --> A              
     e( 12 - 12) =    -28.73168  eV     1   --> A              
     e( 13 - 13) =    -28.65257  eV     1   --> A              
     e( 14 - 14) =    -28.64004  eV     1   --> A              
     e( 15 - 15) =    -28.57596  eV     1   --> A              
     e( 16 - 16) =    -28.52799  eV     1   --> A              
     e( 17 - 17) =     -7.77096  eV     1   --> A              
     e( 18 - 18) =     -7.73031  eV     1   --> A              
     e( 19 - 19) =     -7.36893  eV     1   --> A              
     e( 20 - 20) =     -7.14919  eV     1   --> A              
     e( 21 - 21) =     -6.79255  eV     1   --> A              
     e( 22 - 22) =     -6.68913  eV     1   --> A              
     e( 23 - 23) =     -6.48791  eV     1   --> A              
     e( 24 - 24) =     -6.32681  eV     1   --> A              
     e( 25 - 25) =      3.60349  eV     1   --> A              
     e( 26 - 26) =      3.70558  eV     1   --> A              
     e( 27 - 27) =      4.03325  eV     1   --> A              
     e( 28 - 28) =      4.30513  eV     1   --> A              
     e( 29 - 29) =      4.44306  eV     1   --> A              
     e( 30 - 30) =      4.57327  eV     1   --> A              
     e( 31 - 31) =      4.79732  eV     1   --> A              
     e( 32 - 32) =      4.96021  eV     1   --> A              
     e( 33 - 33) =      5.37816  eV     1   --> A              
     e( 34 - 34) =      5.56022  eV     1   --> A              
     e( 35 - 35) =      5.65967  eV     1   --> A              
     e( 36 - 36) =      5.91372  eV     1   --> A              
     e( 37 - 37) =      6.08679  eV     1   --> A              
     e( 38 - 38) =      6.41563  eV     1   --> A              
     e( 39 - 39) =      6.49622  eV     1   --> A              
     e( 40 - 40) =      6.64555  eV     1   --> A              
     e( 41 - 41) =      6.97678  eV     1   --> A              
     e( 42 - 42) =      7.10868  eV     1   --> A              
     e( 43 - 43) =      7.33444  eV     1   --> A              
     e( 44 - 44) =      7.42610  eV     1   --> A              
     e( 45 - 45) =      7.67150  eV     1   --> A              
     e( 46 - 46) =      7.83937  eV     1   --> A              
     e( 47 - 47) =      8.14702  eV     1   --> A              
     e( 48 - 48) =      8.27550  eV     1   --> A              
     e( 49 - 49) =      8.34944  eV     1   --> A              
     e( 50 - 50) =      8.65698  eV     1   --> A              
     e( 51 - 51) =      8.96888  eV     1   --> A              
     e( 52 - 52) =      9.11736  eV     1   --> A              
     e( 53 - 53) =      9.26502  eV     1   --> A              
     e( 54 - 54) =      9.39636  eV     1   --> A              
     e( 55 - 55) =     10.33444  eV     1   --> A              
     e( 56 - 56) =     10.56094  eV     1   --> A              
     e( 57 - 57) =     13.34567  eV     1   --> A              
     e( 58 - 58) =     13.55646  eV     1   --> A              
     e( 59 - 59) =     13.64949  eV     1   --> A              
     e( 60 - 60) =     13.95090  eV     1   --> A              
     e( 61 - 61) =     14.04906  eV     1   --> A              
     e( 62 - 62) =     14.15371  eV     1   --> A              
     e( 63 - 63) =     14.98620  eV     1   --> A              
     e( 64 - 64) =     15.11570  eV     1   --> A              
     e( 65 - 65) =     17.28626  eV     1   --> A              
     e( 66 - 66) =     17.55055  eV     1   --> A              
     e( 67 - 67) =     18.26508  eV     1   --> A              
     e( 68 - 68) =     18.94826  eV     1   --> A              
     e( 69 - 69) =     19.38162  eV     1   --> A              
     e( 70 - 70) =     19.75327  eV     1   --> A              
     e( 71 - 71) =     20.49072  eV     1   --> A              
     e( 72 - 72) =     21.03601  eV     1   --> A              
     e( 73 - 73) =     22.08276  eV     1   --> A              
     e( 74 - 74) =     22.35774  eV     1   --> A              
     e( 75 - 75) =     23.05429  eV     1   --> A              
     e( 76 - 76) =     23.33080  eV     1   --> A              
     e( 77 - 77) =     23.73297  eV     1   --> A              
     e( 78 - 78) =     23.82049  eV     1   --> A              
     e( 79 - 79) =     24.78730  eV     1   --> A              
     e( 80 - 80) =     25.08704  eV     1   --> A              

 **************************************************************************

 **************************************************************************

                    xk=(   0.17414,   0.14347,   0.46979  )

     Band symmetry, C_1 (1)     point group:

     e(  1 -  1) =    -91.70486  eV     1   --> A              
     e(  2 -  2) =    -68.88643  eV     1   --> A              
     e(  3 -  3) =    -64.31827  eV     1   --> A              
     e(  4 -  4) =    -64.31030  eV     1   --> A              
     e(  5 -  5) =    -52.14539  eV     1   --> A              
     e(  6 -  6) =    -52.14054  eV     1   --> A              
     e(  7 -  7) =    -52.12800  eV     1   --> A              
     e(  8 -  8) =    -37.94170  eV     1   --> A              
     e(  9 -  9) =    -37.93317  eV     1   --> A              
     e( 10 - 10) =    -37.91709  eV     1   --> A              
     e( 11 - 11) =    -28.75414  eV     1   --> A              
     e( 12 - 12) =    -28.73187  eV     1   --> A              
     e( 13 - 13) =    -28.65264  eV     1   --> A              
     e( 14 - 14) =    -28.64009  eV     1   --> A              
     e( 15 - 15) =    -28.57580  eV     1   --> A              
     e( 16 - 16) =    -28.52788  eV     1   --> A              
     e( 17 - 17) =     -7.75930  eV     1   --> A              
     e( 18 - 18) =     -7.70974  eV     1   --> A              
     e( 19 - 19) =     -7.36418  eV     1   --> A              
     e( 20 - 20) =     -7.15066  eV     1   --> A              
     e( 21 - 21) =     -6.82072  eV     1   --> A              
     e( 22 - 22) =     -6.69972  eV     1   --> A              
     e( 23 - 23) =     -6.49096  eV     1   --> A              
     e( 24 - 24) =     -6.32649  eV     1   --> A              
     e( 25 - 25) =      3.63384  eV     1   --> A              
     e( 26 - 26) =      3.73992  eV     1   --> A              
     e( 27 - 27) =      4.00531  eV     1   --> A              
     e( 28 - 28) =      4.32002  eV     1   --> A              
     e( 29 - 29) =      4.44504  eV     1   --> A              
     e( 30 - 30) =      4.57426  eV     1   --> A              
     e( 31 - 31) =      4.78362  eV     1   --> A              
     e( 32 - 32) =      4.97602  eV     1   --> A              
     e( 33 - 33) =      5.42106  eV     1   --> A              
     e( 34 - 34) =      5.50684  eV     1   --> A              
     e( 35 - 35) =      5.64169  eV     1   --> A              
     e( 36 - 36) =      5.94002  eV     1   --> A              
     e( 37 - 37) =      6.11677  eV     1   --> A              
     e( 38 - 38) =      6.35123  eV     1   --> A              
     e( 39 - 39) =      6.49295  eV     1   --> A              
     e( 40 - 40) =      6.60946  eV     1   --> A              
     e( 41 - 41) =      6.97644  eV     1   --> A              
     e( 42 - 42) =      7.10023  eV     1   --> A              
     e( 43 - 43) =      7.32671  eV     1   --> A              
     e( 44 - 44) =      7.41979  eV     1   --> A              
     e( 45 - 45) =      7.70410  eV     1   --> A              
     e( 46 - 46) =      7.88423  eV     1   --> A              
     e( 47 - 47) =      8.15445  eV     1   --> A              
     e( 48 - 48) =      8.23906  eV     1   --> A              
     e( 49 - 49) =      8.35804  eV     1   --> A              
     e( 50 - 50) =      8.65878  eV     1   --> A              
     e( 51 - 51) =      8.94441  eV     1   --> A              
     e( 52 - 52) =      9.12608  eV     1   --> A              
     e( 53 - 53) =      9.25375  eV     1   --> A              
     e( 54 - 54) =      9.40073  eV     1   --> A              
     e( 55 - 55) =     10.31711  eV     1   --> A              
     e( 56 - 56) =     10.56577  eV     1   --> A              
     e( 57 - 57) =     13.32928  eV     1   --> A              
     e( 58 - 58) =     13.55275  eV     1   --> A              
     e( 59 - 59) =     13.64855  eV     1   --> A              
     e( 60 - 60) =     13.96287  eV     1   --> A              
     e( 61 - 61) =     14.06378  eV     1   --> A              
     e( 62 - 62) =     14.16698  eV     1   --> A              
     e( 63 - 63) =     15.01145  eV     1   --> A              
     e( 64 - 64) =     15.13987  eV     1   --> A              
     e( 65 - 65) =     17.26989  eV     1   --> A              
     e( 66 - 66) =     17.56842  eV     1   --> A              
     e( 67 - 67) =     18.19924  eV     1   --> A              
     e( 68 - 68) =     19.06747  eV     1   --> A              
     e( 69 - 69) =     19.39650  eV     1   --> A              
     e( 70 - 70) =     19.77117  eV     1   --> A              
     e( 71 - 71) =     20.40617  eV     1   --> A              
     e( 72 - 72) =     21.00708  eV     1   --> A              
     e( 73 - 73) =     21.96669  eV     1   --> A              
     e( 74 - 74) =     22.27132  eV     1   --> A              
     e( 75 - 75) =     23.03891  eV     1   --> A              
     e( 76 - 76) =     23.42458  eV     1   --> A              
     e( 77 - 77) =     23.76928  eV     1   --> A              
     e( 78 - 78) =     23.85709  eV     1   --> A              
     e( 79 - 79) =     24.68253  eV     1   --> A              
     e( 80 - 80) =     25.11033  eV     1   --> A              

 **************************************************************************

 **************************************************************************

                    xk=(   0.19914,   0.16396,   0.46998  )

     Band symmetry, C_1 (1)     point group:

     e(  1 -  1) =    -91.70487  eV     1   --> A              
     e(  2 -  2) =    -68.88643  eV     1   --> A              
     e(  3 -  3) =    -64.31830  eV     1   --> A              
     e(  4 -  4) =    -64.31030  eV     1   --> A              
     e(  5 -  5) =    -52.14539  eV     1   --> A              
     e(  6 -  6) =    -52.14054  eV     1   --> A              
     e(  7 -  7) =    -52.12800  eV     1   --> A              
     e(  8 -  8) =    -37.94171  eV     1   --> A              
     e(  9 -  9) =    -37.93317  eV     1   --> A              
     e( 10 - 10) =    -37.91710  eV     1   --> A              
     e( 11 - 11) =    -28.75432  eV     1   --> A              
     e( 12 - 12) =    -28.73207  eV     1   --> A              
     e( 13 - 13) =    -28.65272  eV     1   --> A              
     e( 14 - 14) =    -28.64014  eV     1   --> A              
     e( 15 - 15) =    -28.57564  eV     1   --> A              
     e( 16 - 16) =    -28.52776  eV     1   --> A              
     e( 17 - 17) =     -7.74783  eV     1   --> A              
     e( 18 - 18) =     -7.68732  eV     1   --> A              
     e( 19 - 19) =     -7.36151  eV     1   --> A              
     e( 20 - 20) =     -7.15110  eV     1   --> A              
     e( 21 - 21) =     -6.84736  eV     1   --> A              
     e( 22 - 22) =     -6.71005  eV     1   --> A              
     e( 23 - 23) =     -6.49473  eV     1   --> A              
     e( 24 - 24) =     -6.32742  eV     1   --> A              
     e( 25 - 25) =      3.65804  eV     1   --> A              
     e( 26 - 26) =      3.77114  eV     1   --> A              
     e( 27 - 27) =      3.99326  eV     1   --> A              
     e( 28 - 28) =      4.32676  eV     1   --> A              
     e( 29 - 29) =      4.44284  eV     1   --> A              
     e( 30 - 30) =      4.56803  eV     1   --> A              
     e( 31 - 31) =      4.78233  eV     1   --> A              
     e( 32 - 32) =      4.99061  eV     1   --> A              
     e( 33 - 33) =      5.43456  eV     1   --> A              
     e( 34 - 34) =      5.47197  eV     1   --> A              
     e( 35 - 35) =      5.63168  eV     1   --> A              
     e( 36 - 36) =      5.96550  eV     1   --> A              
     e( 37 - 37) =      6.14424  eV     1   --> A              
     e( 38 - 38) =      6.31261  eV     1   --> A              
     e( 39 - 39) =      6.47645  eV     1   --> A              
     e( 40 - 40) =      6.58710  eV     1   --> A              
     e( 41 - 41) =      6.97969  eV     1   --> A              
     e( 42 - 42) =      7.08590  eV     1   --> A              
     e( 43 - 43) =      7.32038  eV     1   --> A              
     e( 44 - 44) =      7.41916  eV     1   --> A              
     e( 45 - 45) =      7.73695  eV     1   --> A              
     e( 46 - 46) =      7.92446  eV     1   --> A              
     e( 47 - 47) =      8.13422  eV     1   --> A              
     e( 48 - 48) =      8.21792  eV     1   --> A              
     e( 49 - 49) =      8.37341  eV     1   --> A              
     e( 50 - 50) =      8.66020  eV     1   --> A              
     e( 51 - 51) =      8.91700  eV     1   --> A              
     e( 52 - 52) =      9.12888  eV     1   --> A              
     e( 53 - 53) =      9.23450  eV     1   --> A              
     e( 54 - 54) =      9.41293  eV     1   --> A              
     e( 55 - 55) =     10.29859  eV     1   --> A              
     e( 56 - 56) =     10.56388  eV     1   --> A              
     e( 57 - 57) =     13.31774  eV     1   --> A              
     e( 58 - 58) =     13.54626  eV     1   --> A              
     e( 59 - 59) =     13.64426  eV     1   --> A              
     e( 60 - 60) =     13.96311  eV     1   --> A              
     e( 61 - 61) =     14.08463  eV     1   --> A              
     e( 62 - 62) =     14.18351  eV     1   --> A              
     e( 63 - 63) =     15.04215  eV     1   --> A              
     e( 64 - 64) =     15.16396  eV     1   --> A              
     e( 65 - 65) =     17.24172  eV     1   --> A              
     e( 66 - 66) =     17.59312  eV     1   --> A              
     e( 67 - 67) =     18.14375  eV     1   --> A              
     e( 68 - 68) =     19.18617  eV     1   --> A              
     e( 69 - 69) =     19.42385  eV     1   --> A              
     e( 70 - 70) =     19.78854  eV     1   --> A              
     e( 71 - 71) =     20.33630  eV     1   --> A              
     e( 72 - 72) =     20.97485  eV     1   --> A              
     e( 73 - 73) =     21.85941  eV     1   --> A              
     e( 74 - 74) =     22.18372  eV     1   --> A              
     e( 75 - 75) =     23.01352  eV     1   --> A              
     e( 76 - 76) =     23.50115  eV     1   --> A              
     e( 77 - 77) =     23.71005  eV     1   --> A              
     e( 78 - 78) =     23.96765  eV     1   --> A              
     e( 79 - 79) =     24.59599  eV     1   --> A              
     e( 80 - 80) =     25.15782  eV     1   --> A              

 **************************************************************************

 **************************************************************************

                    xk=(   0.22414,   0.18446,   0.47018  )

     Band symmetry, C_1 (1)     point group:

     e(  1 -  1) =    -91.70487  eV     1   --> A              
     e(  2 -  2) =    -68.88643  eV     1   --> A              
     e(  3 -  3) =    -64.31833  eV     1   --> A              
     e(  4 -  4) =    -64.31030  eV     1   --> A              
     e(  5 -  5) =    -52.14539  eV     1   --> A              
     e(  6 -  6) =    -52.14054  eV     1   --> A              
     e(  7 -  7) =    -52.12800  eV     1   --> A              
     e(  8 -  8) =    -37.94171  eV     1   --> A              
     e(  9 -  9) =    -37.93316  eV     1   --> A              
     e( 10 - 10) =    -37.91711  eV     1   --> A              
     e( 11 - 11) =    -28.75450  eV     1   --> A              
     e( 12 - 12) =    -28.73227  eV     1   --> A              
     e( 13 - 13) =    -28.65281  eV     1   --> A              
     e( 14 - 14) =    -28.64020  eV     1   --> A              
     e( 15 - 15) =    -28.57546  eV     1   --> A              
     e( 16 - 16) =    -28.52763  eV     1   --> A              
     e( 17 - 17) =     -7.73723  eV     1   --> A              
     e( 18 - 18) =     -7.66361  eV     1   --> A              
     e( 19 - 19) =     -7.36099  eV     1   --> A              
     e( 20 - 20) =     -7.15191  eV     1   --> A              
     e( 21 - 21) =     -6.86950  eV     1   --> A              
     e( 22 - 22) =     -6.72013  eV     1   --> A              
     e( 23 - 23) =     -6.49896  eV     1   --> A              
     e( 24 - 24) =     -6.32982  eV     1   --> A              
     e( 25 - 25) =      3.67219  eV     1   --> A              
     e( 26 - 26) =      3.79811  eV     1   --> A              
     e( 27 - 27) =      4.00082  eV     1   --> A              
     e( 28 - 28) =      4.32316  eV     1   --> A              
     e( 29 - 29) =      4.42592  eV     1   --> A              
     e( 30 - 30) =      4.56096  eV     1   --> A              
     e( 31 - 31) =      4.79407  eV     1   --> A              
     e( 32 - 32) =      5.00469  eV     1   --> A              
     e( 33 - 33) =      5.41741  eV     1   --> A              
     e( 34 - 34) =      5.45880  eV     1   --> A              
     e( 35 - 35) =      5.63576  eV     1   --> A              
     e( 36 - 36) =      5.97894  eV     1   --> A              
     e( 37 - 37) =      6.15359  eV     1   --> A              
     e( 38 - 38) =      6.31638  eV     1   --> A              
     e( 39 - 39) =      6.45987  eV     1   --> A              
     e( 40 - 40) =      6.57578  eV     1   --> A              
     e( 41 - 41) =      6.98310  eV     1   --> A              
     e( 42 - 42) =      7.06513  eV     1   --> A              
     e( 43 - 43) =      7.31840  eV     1   --> A              
     e( 44 - 44) =      7.42520  eV     1   --> A              
     e( 45 - 45) =      7.76761  eV     1   --> A              
     e( 46 - 46) =      7.95982  eV     1   --> A              
     e( 47 - 47) =      8.09168  eV     1   --> A              
     e( 48 - 48) =      8.22145  eV     1   --> A              
     e( 49 - 49) =      8.38545  eV     1   --> A              
     e( 50 - 50) =      8.65736  eV     1   --> A              
     e( 51 - 51) =      8.88782  eV     1   --> A              
     e( 52 - 52) =      9.11529  eV     1   --> A              
     e( 53 - 53) =      9.22333  eV     1   --> A              
     e( 54 - 54) =      9.42882  eV     1   --> A              
     e( 55 - 55) =     10.27883  eV     1   --> A              
     e( 56 - 56) =     10.55223  eV     1   --> A              
     e( 57 - 57) =     13.31092  eV     1   --> A              
     e( 58 - 58) =     13.53614  eV     1   --> A              
     e( 59 - 59) =     13.63659  eV     1   --> A              
     e( 60 - 60) =     13.96075  eV     1   --> A              
     e( 61 - 61) =     14.10653  eV     1   --> A              
     e( 62 - 62) =     14.20037  eV     1   --> A              
     e( 63 - 63) =     15.07618  eV     1   --> A              
     e( 64 - 64) =     15.18781  eV     1   --> A              
     e( 65 - 65) =     17.20345  eV     1   --> A              
     e( 66 - 66) =     17.60903  eV     1   --> A              
     e( 67 - 67) =     18.11761  eV     1   --> A              
     e( 68 - 68) =     19.29017  eV     1   --> A              
     e( 69 - 69) =     19.46926  eV     1   --> A              
     e( 70 - 70) =     19.80744  eV     1   --> A              
     e( 71 - 71) =     20.28527  eV     1   --> A              
     e( 72 - 72) =     20.94116  eV     1   --> A              
     e( 73 - 73) =     21.76214  eV     1   --> A              
     e( 74 - 74) =     22.09657  eV     1   --> A              
     e( 75 - 75) =     22.97695  eV     1   --> A              
     e( 76 - 76) =     23.49969  eV     1   --> A              
     e( 77 - 77) =     23.70538  eV     1   --> A              
     e( 78 - 78) =     24.05781  eV     1   --> A              
     e( 79 - 79) =     24.54357  eV     1   --> A              
     e( 80 - 80) =     25.20974  eV     1   --> A              

 **************************************************************************

 **************************************************************************

                    xk=(   0.24914,   0.20495,   0.47038  )

     Band symmetry, C_1 (1)     point group:

     e(  1 -  1) =    -91.70487  eV     1   --> A              
     e(  2 -  2) =    -68.88643  eV     1   --> A              
     e(  3 -  3) =    -64.31836  eV     1   --> A              
     e(  4 -  4) =    -64.31031  eV     1   --> A              
     e(  5 -  5) =    -52.14539  eV     1   --> A              
     e(  6 -  6) =    -52.14054  eV     1   --> A              
     e(  7 -  7) =    -52.12799  eV     1   --> A              
     e(  8 -  8) =    -37.94171  eV     1   --> A              
     e(  9 -  9) =    -37.93316  eV     1   --> A              
     e( 10 - 10) =    -37.91712  eV     1   --> A              
     e( 11 - 11) =    -28.75468  eV     1   --> A              
     e( 12 - 12) =    -28.73248  eV     1   --> A              
     e( 13 - 13) =    -28.65290  eV     1   --> A              
     e( 14 - 14) =    -28.64026  eV     1   --> A              
     e( 15 - 15) =    -28.57529  eV     1   --> A              
     e( 16 - 16) =    -28.52750  eV     1   --> A              
     e( 17 - 17) =     -7.72796  eV     1   --> A              
     e( 18 - 18) =     -7.63943  eV     1   --> A              
     e( 19 - 19) =     -7.36212  eV     1   --> A              
     e( 20 - 20) =     -7.15508  eV     1   --> A              
     e( 21 - 21) =     -6.88445  eV     1   --> A              
     e( 22 - 22) =     -6.72980  eV     1   --> A              
     e( 23 - 23) =     -6.50335  eV     1   --> A              
     e( 24 - 24) =     -6.33382  eV     1   --> A              
     e( 25 - 25) =      3.67615  eV     1   --> A              
     e( 26 - 26) =      3.82111  eV     1   --> A              
     e( 27 - 27) =      4.02639  eV     1   --> A              
     e( 28 - 28) =      4.30926  eV     1   --> A              
     e( 29 - 29) =      4.38732  eV     1   --> A              
     e( 30 - 30) =      4.56182  eV     1   --> A              
     e( 31 - 31) =      4.81029  eV     1   --> A              
     e( 32 - 32) =      5.02091  eV     1   --> A              
     e( 33 - 33) =      5.40254  eV     1   --> A              
     e( 34 - 34) =      5.44507  eV     1   --> A              
     e( 35 - 35) =      5.64735  eV     1   --> A              
     e( 36 - 36) =      5.97626  eV     1   --> A              
     e( 37 - 37) =      6.16300  eV     1   --> A              
     e( 38 - 38) =      6.32651  eV     1   --> A              
     e( 39 - 39) =      6.46806  eV     1   --> A              
     e( 40 - 40) =      6.57196  eV     1   --> A              
     e( 41 - 41) =      6.98425  eV     1   --> A              
     e( 42 - 42) =      7.04150  eV     1   --> A              
     e( 43 - 43) =      7.32402  eV     1   --> A              
     e( 44 - 44) =      7.43565  eV     1   --> A              
     e( 45 - 45) =      7.79308  eV     1   --> A              
     e( 46 - 46) =      7.98974  eV     1   --> A              
     e( 47 - 47) =      8.04913  eV     1   --> A              
     e( 48 - 48) =      8.23478  eV     1   --> A              
     e( 49 - 49) =      8.39271  eV     1   --> A              
     e( 50 - 50) =      8.64582  eV     1   --> A              
     e( 51 - 51) =      8.85869  eV     1   --> A              
     e( 52 - 52) =      9.08376  eV     1   --> A              
     e( 53 - 53) =      9.22798  eV     1   --> A              
     e( 54 - 54) =      9.44464  eV     1   --> A              
     e( 55 - 55) =     10.25755  eV     1   --> A              
     e( 56 - 56) =     10.52875  eV     1   --> A              
     e( 57 - 57) =     13.30837  eV     1   --> A              
     e( 58 - 58) =     13.52206  eV     1   --> A              
     e( 59 - 59) =     13.62606  eV     1   --> A              
     e( 60 - 60) =     13.95921  eV     1   --> A              
     e( 61 - 61) =     14.12800  eV     1   --> A              
     e( 62 - 62) =     14.21639  eV     1   --> A              
     e( 63 - 63) =     15.11065  eV     1   --> A              
     e( 64 - 64) =     15.21167  eV     1   --> A              
     e( 65 - 65) =     17.15857  eV     1   --> A              
     e( 66 - 66) =     17.59985  eV     1   --> A              
     e( 67 - 67) =     18.13711  eV     1   --> A              
     e( 68 - 68) =     19.36108  eV     1   --> A              
     e( 69 - 69) =     19.54071  eV     1   --> A              
     e( 70 - 70) =     19.83291  eV     1   --> A              
     e( 71 - 71) =     20.25559  eV     1   --> A              
     e( 72 - 72) =     20.90815  eV     1   --> A              
     e( 73 - 73) =     21.67534  eV     1   --> A              
     e( 74 - 74) =     22.01093  eV     1   --> A              
     e( 75 - 75) =     22.92634  eV     1   --> A              
     e( 76 - 76) =     23.41711  eV     1   --> A              
     e( 77 - 77) =     23.76791  eV     1   --> A              
     e( 78 - 78) =     24.11445  eV     1   --> A              
     e( 79 - 79) =     24.53785  eV     1   --> A              
     e( 80 - 80) =     25.24203  eV     1   --> A              

 **************************************************************************

 **************************************************************************

                    xk=(   0.27414,   0.22545,   0.47058  )

     Band symmetry, C_1 (1)     point group:

     e(  1 -  1) =    -91.70488  eV     1   --> A              
     e(  2 -  2) =    -68.88643  eV     1   --> A              
     e(  3 -  3) =    -64.31839  eV     1   --> A              
     e(  4 -  4) =    -64.31032  eV     1   --> A              
     e(  5 -  5) =    -52.14539  eV     1   --> A              
     e(  6 -  6) =    -52.14055  eV     1   --> A              
     e(  7 -  7) =    -52.12799  eV     1   --> A              
     e(  8 -  8) =    -37.94172  eV     1   --> A              
     e(  9 -  9) =    -37.93316  eV     1   --> A              
     e( 10 - 10) =    -37.91713  eV     1   --> A              
     e( 11 - 11) =    -28.75485  eV     1   --> A              
     e( 12 - 12) =    -28.73269  eV     1   --> A              
     e( 13 - 13) =    -28.65299  eV     1   --> A              
     e( 14 - 14) =    -28.64031  eV     1   --> A              
     e( 15 - 15) =    -28.57511  eV     1   --> A              
     e( 16 - 16) =    -28.52737  eV     1   --> A              
     e( 17 - 17) =     -7.72034  eV     1   --> A              
     e( 18 - 18) =     -7.61581  eV     1   --> A              
     e( 19 - 19) =     -7.36412  eV     1   --> A              
     e( 20 - 20) =     -7.16197  eV     1   --> A              
     e( 21 - 21) =     -6.89070  eV     1   --> A              
     e( 22 - 22) =     -6.73883  eV     1   --> A              
     e( 23 - 23) =     -6.50758  eV     1   --> A              
     e( 24 - 24) =     -6.33944  eV     1   --> A              
     e( 25 - 25) =      3.67389  eV     1   --> A              
     e( 26 - 26) =      3.84067  eV     1   --> A              
     e( 27 - 27) =      4.06351  eV     1   --> A              
     e( 28 - 28) =      4.28235  eV     1   --> A              
     e( 29 - 29) =      4.34082  eV     1   --> A              
     e( 30 - 30) =      4.56126  eV     1   --> A              
     e( 31 - 31) =      4.82744  eV     1   --> A              
     e( 32 - 32) =      5.03890  eV     1   --> A              
     e( 33 - 33) =      5.39399  eV     1   --> A              
     e( 34 - 34) =      5.43855  eV     1   --> A              
     e( 35 - 35) =      5.65459  eV     1   --> A              
     e( 36 - 36) =      5.96911  eV     1   --> A              
     e( 37 - 37) =      6.18733  eV     1   --> A              
     e( 38 - 38) =      6.31303  eV     1   --> A              
     e( 39 - 39) =      6.49687  eV     1   --> A              
     e( 40 - 40) =      6.58302  eV     1   --> A              
     e( 41 - 41) =      6.97970  eV     1   --> A              
     e( 42 - 42) =      7.02216  eV     1   --> A              
     e( 43 - 43) =      7.34033  eV     1   --> A              
     e( 44 - 44) =      7.44617  eV     1   --> A              
     e( 45 - 45) =      7.81006  eV     1   --> A              
     e( 46 - 46) =      8.00432  eV     1   --> A              
     e( 47 - 47) =      8.02537  eV     1   --> A              
     e( 48 - 48) =      8.25490  eV     1   --> A              
     e( 49 - 49) =      8.39489  eV     1   --> A              
     e( 50 - 50) =      8.62244  eV     1   --> A              
     e( 51 - 51) =      8.83160  eV     1   --> A              
     e( 52 - 52) =      9.04569  eV     1   --> A              
     e( 53 - 53) =      9.24162  eV     1   --> A              
     e( 54 - 54) =      9.45841  eV     1   --> A              
     e( 55 - 55) =     10.23432  eV     1   --> A              
     e( 56 - 56) =     10.49264  eV     1   --> A              
     e( 57 - 57) =     13.30917  eV     1   --> A              
     e( 58 - 58) =     13.50458  eV     1   --> A              
     e( 59 - 59) =     13.61348  eV     1   --> A              
     e( 60 - 60) =     13.95817  eV     1   --> A              
     e( 61 - 61) =     14.14856  eV     1   --> A              
     e( 62 - 62) =     14.23225  eV     1   --> A              
     e( 63 - 63) =     15.14223  eV     1   --> A              
     e( 64 - 64) =     15.23617  eV     1   --> A              
     e( 65 - 65) =     17.11114  eV     1   --> A              
     e( 66 - 66) =     17.56468  eV     1   --> A              
     e( 67 - 67) =     18.20111  eV     1   --> A              
     e( 68 - 68) =     19.39961  eV     1   --> A              
     e( 69 - 69) =     19.62330  eV     1   --> A              
     e( 70 - 70) =     19.87528  eV     1   --> A              
     e( 71 - 71) =     20.24733  eV     1   --> A              
     e( 72 - 72) =     20.87841  eV     1   --> A              
     e( 73 - 73) =     21.59906  eV     1   --> A              
     e( 74 - 74) =     21.92752  eV     1   --> A              
     e( 75 - 75) =     22.85830  eV     1   --> A              
     e( 76 - 76) =     23.32048  eV     1   --> A              
     e( 77 - 77) =     23.83617  eV     1   --> A              
     e( 78 - 78) =     24.14196  eV     1   --> A              
     e( 79 - 79) =     24.57510  eV     1   --> A              
     e( 80 - 80) =     25.24395  eV     1   --> A              

 **************************************************************************

 **************************************************************************

                    xk=(   0.29914,   0.24594,   0.47077  )

     Band symmetry, C_1 (1)     point group:

     e(  1 -  1) =    -91.70488  eV     1   --> A              
     e(  2 -  2) =    -68.88644  eV     1   --> A              
     e(  3 -  3) =    -64.31841  eV     1   --> A              
     e(  4 -  4) =    -64.31034  eV     1   --> A              
     e(  5 -  5) =    -52.14539  eV     1   --> A              
     e(  6 -  6) =    -52.14055  eV     1   --> A              
     e(  7 -  7) =    -52.12799  eV     1   --> A              
     e(  8 -  8) =    -37.94172  eV     1   --> A              
     e(  9 -  9) =    -37.93316  eV     1   --> A              
     e( 10 - 10) =    -37.91713  eV     1   --> A              
     e( 11 - 11) =    -28.75500  eV     1   --> A              
     e( 12 - 12) =    -28.73289  eV     1   --> A              
     e( 13 - 13) =    -28.65307  eV     1   --> A              
     e( 14 - 14) =    -28.64037  eV     1   --> A              
     e( 15 - 15) =    -28.57494  eV     1   --> A              
     e( 16 - 16) =    -28.52723  eV     1   --> A              
     e( 17 - 17) =     -7.71452  eV     1   --> A              
     e( 18 - 18) =     -7.59389  eV     1   --> A              
     e( 19 - 19) =     -7.36634  eV     1   --> A              
     e( 20 - 20) =     -7.17204  eV     1   --> A              
     e( 21 - 21) =     -6.88886  eV     1   --> A              
     e( 22 - 22) =     -6.74692  eV     1   --> A              
     e( 23 - 23) =     -6.51132  eV     1   --> A              
     e( 24 - 24) =     -6.34656  eV     1   --> A              
     e( 25 - 25) =      3.67016  eV     1   --> A              
     e( 26 - 26) =      3.85669  eV     1   --> A              
     e( 27 - 27) =      4.10334  eV     1   --> A              
     e( 28 - 28) =      4.23954  eV     1   --> A              
     e( 29 - 29) =      4.30365  eV     1   --> A              
     e( 30 - 30) =      4.54852  eV     1   --> A              
     e( 31 - 31) =      4.84944  eV     1   --> A              
     e( 32 - 32) =      5.05306  eV     1   --> A              
     e( 33 - 33) =      5.38581  eV     1   --> A              
     e( 34 - 34) =      5.45032  eV     1   --> A              
     e( 35 - 35) =      5.65168  eV     1   --> A              
     e( 36 - 36) =      5.97143  eV     1   --> A              
     e( 37 - 37) =      6.22099  eV     1   --> A              
     e( 38 - 38) =      6.28806  eV     1   --> A              
     e( 39 - 39) =      6.51549  eV     1   --> A              
     e( 40 - 40) =      6.61763  eV     1   --> A              
     e( 41 - 41) =      6.96687  eV     1   --> A              
     e( 42 - 42) =      7.01288  eV     1   --> A              
     e( 43 - 43) =      7.36846  eV     1   --> A              
     e( 44 - 44) =      7.45259  eV     1   --> A              
     e( 45 - 45) =      7.81648  eV     1   --> A              
     e( 46 - 46) =      7.98398  eV     1   --> A              
     e( 47 - 47) =      8.04503  eV     1   --> A              
     e( 48 - 48) =      8.28056  eV     1   --> A              
     e( 49 - 49) =      8.39224  eV     1   --> A              
     e( 50 - 50) =      8.58786  eV     1   --> A              
     e( 51 - 51) =      8.80764  eV     1   --> A              
     e( 52 - 52) =      9.00930  eV     1   --> A              
     e( 53 - 53) =      9.25820  eV     1   --> A              
     e( 54 - 54) =      9.46973  eV     1   --> A              
     e( 55 - 55) =     10.20874  eV     1   --> A              
     e( 56 - 56) =     10.44458  eV     1   --> A              
     e( 57 - 57) =     13.31202  eV     1   --> A              
     e( 58 - 58) =     13.48512  eV     1   --> A              
     e( 59 - 59) =     13.59965  eV     1   --> A              
     e( 60 - 60) =     13.95583  eV     1   --> A              
     e( 61 - 61) =     14.16764  eV     1   --> A              
     e( 62 - 62) =     14.24944  eV     1   --> A              
     e( 63 - 63) =     15.16814  eV     1   --> A              
     e( 64 - 64) =     15.26176  eV     1   --> A              
     e( 65 - 65) =     17.06563  eV     1   --> A              
     e( 66 - 66) =     17.51478  eV     1   --> A              
     e( 67 - 67) =     18.29471  eV     1   --> A              
     e( 68 - 68) =     19.41830  eV     1   --> A              
     e( 69 - 69) =     19.69132  eV     1   --> A              
     e( 70 - 70) =     19.94495  eV     1   --> A              
     e( 71 - 71) =     20.25784  eV     1   --> A              
     e( 72 - 72) =     20.85502  eV     1   --> A              
     e( 73 - 73) =     21.53316  eV     1   --> A              
     e( 74 - 74) =     21.84708  eV     1   --> A              
     e( 75 - 75) =     22.77208  eV     1   --> A              
     e( 76 - 76) =     23.23039  eV     1   --> A              
     e( 77 - 77) =     23.88881  eV     1   --> A              
     e( 78 - 78) =     24.16516  eV     1   --> A              
     e( 79 - 79) =     24.63120  eV     1   --> A              
     e( 80 - 80) =     25.22996  eV     1   --> A              

 **************************************************************************

 **************************************************************************

                    xk=(   0.32414,   0.26644,   0.47097  )

     Band symmetry, C_1 (1)     point group:

     e(  1 -  1) =    -91.70488  eV     1   --> A              
     e(  2 -  2) =    -68.88644  eV     1   --> A              
     e(  3 -  3) =    -64.31843  eV     1   --> A              
     e(  4 -  4) =    -64.31036  eV     1   --> A              
     e(  5 -  5) =    -52.14539  eV     1   --> A              
     e(  6 -  6) =    -52.14055  eV     1   --> A              
     e(  7 -  7) =    -52.12799  eV     1   --> A              
     e(  8 -  8) =    -37.94173  eV     1   --> A              
     e(  9 -  9) =    -37.93316  eV     1   --> A              
     e( 10 - 10) =    -37.91714  eV     1   --> A              
     e( 11 - 11) =    -28.75515  eV     1   --> A              
     e( 12 - 12) =    -28.73308  eV     1   --> A              
     e( 13 - 13) =    -28.65315  eV     1   --> A              
     e( 14 - 14) =    -28.64043  eV     1   --> A              
     e( 15 - 15) =    -28.57478  eV     1   --> A              
     e( 16 - 16) =    -28.52710  eV     1   --> A              
     e( 17 - 17) =     -7.71050  eV     1   --> A              
     e( 18 - 18) =     -7.57471  eV     1   --> A              
     e( 19 - 19) =     -7.36858  eV     1   --> A              
     e( 20 - 20) =     -7.18293  eV     1   --> A              
     e( 21 - 21) =     -6.88137  eV     1   --> A              
     e( 22 - 22) =     -6.75375  eV     1   --> A              
     e( 23 - 23) =     -6.51429  eV     1   --> A              
     e( 24 - 24) =     -6.35495  eV     1   --> A              
     e( 25 - 25) =      3.66833  eV     1   --> A              
     e( 26 - 26) =      3.86839  eV     1   --> A              
     e( 27 - 27) =      4.12737  eV     1   --> A              
     e( 28 - 28) =      4.20209  eV     1   --> A              
     e( 29 - 29) =      4.27549  eV     1   --> A              
     e( 30 - 30) =      4.52333  eV     1   --> A              
     e( 31 - 31) =      4.87640  eV     1   --> A              
     e( 32 - 32) =      5.06032  eV     1   --> A              
     e( 33 - 33) =      5.37894  eV     1   --> A              
     e( 34 - 34) =      5.47638  eV     1   --> A              
     e( 35 - 35) =      5.64227  eV     1   --> A              
     e( 36 - 36) =      5.98533  eV     1   --> A              
     e( 37 - 37) =      6.23765  eV     1   --> A              
     e( 38 - 38) =      6.27866  eV     1   --> A              
     e( 39 - 39) =      6.53228  eV     1   --> A              
     e( 40 - 40) =      6.65993  eV     1   --> A              
     e( 41 - 41) =      6.95138  eV     1   --> A              
     e( 42 - 42) =      7.00914  eV     1   --> A              
     e( 43 - 43) =      7.40112  eV     1   --> A              
     e( 44 - 44) =      7.45662  eV     1   --> A              
     e( 45 - 45) =      7.81420  eV     1   --> A              
     e( 46 - 46) =      7.96904  eV     1   --> A              
     e( 47 - 47) =      8.06942  eV     1   --> A              
     e( 48 - 48) =      8.30715  eV     1   --> A              
     e( 49 - 49) =      8.38665  eV     1   --> A              
     e( 50 - 50) =      8.54805  eV     1   --> A              
     e( 51 - 51) =      8.78667  eV     1   --> A              
     e( 52 - 52) =      8.97765  eV     1   --> A              
     e( 53 - 53) =      9.27402  eV     1   --> A              
     e( 54 - 54) =      9.47937  eV     1   --> A              
     e( 55 - 55) =     10.18051  eV     1   --> A              
     e( 56 - 56) =     10.38659  eV     1   --> A              
     e( 57 - 57) =     13.31544  eV     1   --> A              
     e( 58 - 58) =     13.46547  eV     1   --> A              
     e( 59 - 59) =     13.58531  eV     1   --> A              
     e( 60 - 60) =     13.95055  eV     1   --> A              
     e( 61 - 61) =     14.18456  eV     1   --> A              
     e( 62 - 62) =     14.26909  eV     1   --> A              
     e( 63 - 63) =     15.18721  eV     1   --> A              
     e( 64 - 64) =     15.28769  eV     1   --> A              
     e( 65 - 65) =     17.02660  eV     1   --> A              
     e( 66 - 66) =     17.45978  eV     1   --> A              
     e( 67 - 67) =     18.40359  eV     1   --> A              
     e( 68 - 68) =     19.42229  eV     1   --> A              
     e( 69 - 69) =     19.74262  eV     1   --> A              
     e( 70 - 70) =     20.03562  eV     1   --> A              
     e( 71 - 71) =     20.28278  eV     1   --> A              
     e( 72 - 72) =     20.84142  eV     1   --> A              
     e( 73 - 73) =     21.47763  eV     1   --> A              
     e( 74 - 74) =     21.77065  eV     1   --> A              
     e( 75 - 75) =     22.67253  eV     1   --> A              
     e( 76 - 76) =     23.14795  eV     1   --> A              
     e( 77 - 77) =     23.92226  eV     1   --> A              
     e( 78 - 78) =     24.20190  eV     1   --> A              
     e( 79 - 79) =     24.68153  eV     1   --> A              
     e( 80 - 80) =     25.22114  eV     1   --> A              

 **************************************************************************

 **************************************************************************

                    xk=(   0.34914,   0.28693,   0.47117  )

     Band symmetry, C_1 (1)     point group:

     e(  1 -  1) =    -91.70488  eV     1   --> A              
     e(  2 -  2) =    -68.88644  eV     1   --> A              
     e(  3 -  3) =    -64.31845  eV     1   --> A              
     e(  4 -  4) =    -64.31038  eV     1   --> A              
     e(  5 -  5) =    -52.14539  eV     1   --> A              
     e(  6 -  6) =    -52.14055  eV     1   --> A              
     e(  7 -  7) =    -52.12799  eV     1   --> A              
     e(  8 -  8) =    -37.94173  eV     1   --> A              
     e(  9 -  9) =    -37.93316  eV     1   --> A              
     e( 10 - 10) =    -37.91715  eV     1   --> A              
     e( 11 - 11) =    -28.75527  eV     1   --> A              
     e( 12 - 12) =    -28.73325  eV     1   --> A              
     e( 13 - 13) =    -28.65323  eV     1   --> A              
     e( 14 - 14) =    -28.64048  eV     1   --> A              
     e( 15 - 15) =    -28.57464  eV     1   --> A              
     e( 16 - 16) =    -28.52698  eV     1   --> A              
     e( 17 - 17) =     -7.70813  eV     1   --> A              
     e( 18 - 18) =     -7.55901  eV     1   --> A              
     e( 19 - 19) =     -7.37122  eV     1   --> A              
     e( 20 - 20) =     -7.19173  eV     1   --> A              
     e( 21 - 21) =     -6.87126  eV     1   --> A              
     e( 22 - 22) =     -6.75901  eV     1   --> A              
     e( 23 - 23) =     -6.51626  eV     1   --> A              
     e( 24 - 24) =     -6.36421  eV     1   --> A              
     e( 25 - 25) =      3.67025  eV     1   --> A              
     e( 26 - 26) =      3.87423  eV     1   --> A              
     e( 27 - 27) =      4.10529  eV     1   --> A              
     e( 28 - 28) =      4.19642  eV     1   --> A              
     e( 29 - 29) =      4.26209  eV     1   --> A              
     e( 30 - 30) =      4.49245  eV     1   --> A              
     e( 31 - 31) =      4.89962  eV     1   --> A              
     e( 32 - 32) =      5.06711  eV     1   --> A              
     e( 33 - 33) =      5.37437  eV     1   --> A              
     e( 34 - 34) =      5.50528  eV     1   --> A              
     e( 35 - 35) =      5.63547  eV     1   --> A              
     e( 36 - 36) =      6.00497  eV     1   --> A              
     e( 37 - 37) =      6.20596  eV     1   --> A              
     e( 38 - 38) =      6.31432  eV     1   --> A              
     e( 39 - 39) =      6.56176  eV     1   --> A              
     e( 40 - 40) =      6.69851  eV     1   --> A              
     e( 41 - 41) =      6.93821  eV     1   --> A              
     e( 42 - 42) =      7.00515  eV     1   --> A              
     e( 43 - 43) =      7.40689  eV     1   --> A              
     e( 44 - 44) =      7.48123  eV     1   --> A              
     e( 45 - 45) =      7.80858  eV     1   --> A              
     e( 46 - 46) =      7.96053  eV     1   --> A              
     e( 47 - 47) =      8.09466  eV     1   --> A              
     e( 48 - 48) =      8.32354  eV     1   --> A              
     e( 49 - 49) =      8.38391  eV     1   --> A              
     e( 50 - 50) =      8.51471  eV     1   --> A              
     e( 51 - 51) =      8.76835  eV     1   --> A              
     e( 52 - 52) =      8.95076  eV     1   --> A              
     e( 53 - 53) =      9.28583  eV     1   --> A              
     e( 54 - 54) =      9.48910  eV     1   --> A              
     e( 55 - 55) =     10.14970  eV     1   --> A              
     e( 56 - 56) =     10.32198  eV     1   --> A              
     e( 57 - 57) =     13.31817  eV     1   --> A              
     e( 58 - 58) =     13.44710  eV     1   --> A              
     e( 59 - 59) =     13.57115  eV     1   --> A              
     e( 60 - 60) =     13.94191  eV     1   --> A              
     e( 61 - 61) =     14.19867  eV     1   --> A              
     e( 62 - 62) =     14.29119  eV     1   --> A              
     e( 63 - 63) =     15.20004  eV     1   --> A              
     e( 64 - 64) =     15.31215  eV     1   --> A              
     e( 65 - 65) =     16.99792  eV     1   --> A              
     e( 66 - 66) =     17.40439  eV     1   --> A              
     e( 67 - 67) =     18.51810  eV     1   --> A              
     e( 68 - 68) =     19.41273  eV     1   --> A              
     e( 69 - 69) =     19.78960  eV     1   --> A              
     e( 70 - 70) =     20.12765  eV     1   --> A              
     e( 71 - 71) =     20.31798  eV     1   --> A              
     e( 72 - 72) =     20.84101  eV     1   --> A              
     e( 73 - 73) =     21.43250  eV     1   --> A              
     e( 74 - 74) =     21.69996  eV     1   --> A              
     e( 75 - 75) =     22.56904  eV     1   --> A              
     e( 76 - 76) =     23.06669  eV     1   --> A              
     e( 77 - 77) =     23.94709  eV     1   --> A              
     e( 78 - 78) =     24.24883  eV     1   --> A              
     e( 79 - 79) =     24.71252  eV     1   --> A              
     e( 80 - 80) =     25.23188  eV     1   --> A              

 **************************************************************************

 **************************************************************************

                    xk=(   0.37414,   0.30743,   0.47137  )

     Band symmetry, C_1 (1)     point group:

     e(  1 -  1) =    -91.70489  eV     1   --> A              
     e(  2 -  2) =    -68.88644  eV     1   --> A              
     e(  3 -  3) =    -64.31847  eV     1   --> A              
     e(  4 -  4) =    -64.31041  eV     1   --> A              
     e(  5 -  5) =    -52.14539  eV     1   --> A              
     e(  6 -  6) =    -52.14055  eV     1   --> A              
     e(  7 -  7) =    -52.12799  eV     1   --> A              
     e(  8 -  8) =    -37.94173  eV     1   --> A              
     e(  9 -  9) =    -37.93316  eV     1   --> A              
     e( 10 - 10) =    -37.91716  eV     1   --> A              
     e( 11 - 11) =    -28.75538  eV     1   --> A              
     e( 12 - 12) =    -28.73340  eV     1   --> A              
     e( 13 - 13) =    -28.65330  eV     1   --> A              
     e( 14 - 14) =    -28.64052  eV     1   --> A              
     e( 15 - 15) =    -28.57451  eV     1   --> A              
     e( 16 - 16) =    -28.52687  eV     1   --> A              
     e( 17 - 17) =     -7.70712  eV     1   --> A              
     e( 18 - 18) =     -7.54700  eV     1   --> A              
     e( 19 - 19) =     -7.37487  eV     1   --> A              
     e( 20 - 20) =     -7.19632  eV     1   --> A              
     e( 21 - 21) =     -6.86116  eV     1   --> A              
     e( 22 - 22) =     -6.76249  eV     1   --> A              
     e( 23 - 23) =     -6.51713  eV     1   --> A              
     e( 24 - 24) =     -6.37381  eV     1   --> A              
     e( 25 - 25) =      3.67663  eV     1   --> A              
     e( 26 - 26) =      3.87193  eV     1   --> A              
     e( 27 - 27) =      4.07112  eV     1   --> A              
     e( 28 - 28) =      4.17429  eV     1   --> A              
     e( 29 - 29) =      4.28056  eV     1   --> A              
     e( 30 - 30) =      4.46259  eV     1   --> A              
     e( 31 - 31) =      4.90816  eV     1   --> A              
     e( 32 - 32) =      5.08408  eV     1   --> A              
     e( 33 - 33) =      5.37182  eV     1   --> A              
     e( 34 - 34) =      5.52601  eV     1   --> A              
     e( 35 - 35) =      5.63894  eV     1   --> A              
     e( 36 - 36) =      6.02208  eV     1   --> A              
     e( 37 - 37) =      6.16854  eV     1   --> A              
     e( 38 - 38) =      6.35543  eV     1   --> A              
     e( 39 - 39) =      6.60602  eV     1   --> A              
     e( 40 - 40) =      6.73395  eV     1   --> A              
     e( 41 - 41) =      6.92836  eV     1   --> A              
     e( 42 - 42) =      6.99897  eV     1   --> A              
     e( 43 - 43) =      7.38259  eV     1   --> A              
     e( 44 - 44) =      7.51984  eV     1   --> A              
     e( 45 - 45) =      7.80289  eV     1   --> A              
     e( 46 - 46) =      7.95748  eV     1   --> A              
     e( 47 - 47) =      8.11860  eV     1   --> A              
     e( 48 - 48) =      8.31851  eV     1   --> A              
     e( 49 - 49) =      8.38753  eV     1   --> A              
     e( 50 - 50) =      8.50370  eV     1   --> A              
     e( 51 - 51) =      8.75307  eV     1   --> A              
     e( 52 - 52) =      8.92712  eV     1   --> A              
     e( 53 - 53) =      9.29071  eV     1   --> A              
     e( 54 - 54) =      9.50090  eV     1   --> A              
     e( 55 - 55) =     10.11679  eV     1   --> A              
     e( 56 - 56) =     10.25513  eV     1   --> A              
     e( 57 - 57) =     13.31962  eV     1   --> A              
     e( 58 - 58) =     13.43074  eV     1   --> A              
     e( 59 - 59) =     13.55790  eV     1   --> A              
     e( 60 - 60) =     13.93084  eV     1   --> A              
     e( 61 - 61) =     14.20962  eV     1   --> A              
     e( 62 - 62) =     14.31459  eV     1   --> A              
     e( 63 - 63) =     15.20793  eV     1   --> A              
     e( 64 - 64) =     15.33342  eV     1   --> A              
     e( 65 - 65) =     16.98215  eV     1   --> A              
     e( 66 - 66) =     17.35039  eV     1   --> A              
     e( 67 - 67) =     18.63211  eV     1   --> A              
     e( 68 - 68) =     19.39026  eV     1   --> A              
     e( 69 - 69) =     19.84037  eV     1   --> A              
     e( 70 - 70) =     20.20207  eV     1   --> A              
     e( 71 - 71) =     20.36160  eV     1   --> A              
     e( 72 - 72) =     20.85554  eV     1   --> A              
     e( 73 - 73) =     21.39750  eV     1   --> A              
     e( 74 - 74) =     21.63775  eV     1   --> A              
     e( 75 - 75) =     22.47257  eV     1   --> A              
     e( 76 - 76) =     22.97942  eV     1   --> A              
     e( 77 - 77) =     23.97683  eV     1   --> A              
     e( 78 - 78) =     24.29263  eV     1   --> A              
     e( 79 - 79) =     24.72669  eV     1   --> A              
     e( 80 - 80) =     25.25309  eV     1   --> A              

 **************************************************************************

 **************************************************************************

                    xk=(   0.39914,   0.32792,   0.47156  )

     Band symmetry, C_1 (1)     point group:

     e(  1 -  1) =    -91.70489  eV     1   --> A              
     e(  2 -  2) =    -68.88644  eV     1   --> A              
     e(  3 -  3) =    -64.31848  eV     1   --> A              
     e(  4 -  4) =    -64.31043  eV     1   --> A              
     e(  5 -  5) =    -52.14539  eV     1   --> A              
     e(  6 -  6) =    -52.14055  eV     1   --> A              
     e(  7 -  7) =    -52.12799  eV     1   --> A              
     e(  8 -  8) =    -37.94173  eV     1   --> A              
     e(  9 -  9) =    -37.93316  eV     1   --> A              
     e( 10 - 10) =    -37.91716  eV     1   --> A              
     e( 11 - 11) =    -28.75547  eV     1   --> A              
     e( 12 - 12) =    -28.73353  eV     1   --> A              
     e( 13 - 13) =    -28.65335  eV     1   --> A              
     e( 14 - 14) =    -28.64056  eV     1   --> A              
     e( 15 - 15) =    -28.57440  eV     1   --> A              
     e( 16 - 16) =    -28.52678  eV     1   --> A              
     e( 17 - 17) =     -7.70711  eV     1   --> A              
     e( 18 - 18) =     -7.53840  eV     1   --> A              
     e( 19 - 19) =     -7.37966  eV     1   --> A              
     e( 20 - 20) =     -7.19632  eV     1   --> A              
     e( 21 - 21) =     -6.85278  eV     1   --> A              
     e( 22 - 22) =     -6.76424  eV     1   --> A              
     e( 23 - 23) =     -6.51698  eV     1   --> A              
     e( 24 - 24) =     -6.38313  eV     1   --> A              
     e( 25 - 25) =      3.68742  eV     1   --> A              
     e( 26 - 26) =      3.86018  eV     1   --> A              
     e( 27 - 27) =      4.04751  eV     1   --> A              
     e( 28 - 28) =      4.13794  eV     1   --> A              
     e( 29 - 29) =      4.30907  eV     1   --> A              
     e( 30 - 30) =      4.43758  eV     1   --> A              
     e( 31 - 31) =      4.90162  eV     1   --> A              
     e( 32 - 32) =      5.11159  eV     1   --> A              
     e( 33 - 33) =      5.37202  eV     1   --> A              
     e( 34 - 34) =      5.53597  eV     1   --> A              
     e( 35 - 35) =      5.65129  eV     1   --> A              
     e( 36 - 36) =      6.02505  eV     1   --> A              
     e( 37 - 37) =      6.14319  eV     1   --> A              
     e( 38 - 38) =      6.39503  eV     1   --> A              
     e( 39 - 39) =      6.65788  eV     1   --> A              
     e( 40 - 40) =      6.77093  eV     1   --> A              
     e( 41 - 41) =      6.92069  eV     1   --> A              
     e( 42 - 42) =      6.99222  eV     1   --> A              
     e( 43 - 43) =      7.34639  eV     1   --> A              
     e( 44 - 44) =      7.54659  eV     1   --> A              
     e( 45 - 45) =      7.79470  eV     1   --> A              
     e( 46 - 46) =      7.96348  eV     1   --> A              
     e( 47 - 47) =      8.13775  eV     1   --> A              
     e( 48 - 48) =      8.30040  eV     1   --> A              
     e( 49 - 49) =      8.39162  eV     1   --> A              
     e( 50 - 50) =      8.52001  eV     1   --> A              
     e( 51 - 51) =      8.74206  eV     1   --> A              
     e( 52 - 52) =      8.90468  eV     1   --> A              
     e( 53 - 53) =      9.28714  eV     1   --> A              
     e( 54 - 54) =      9.51572  eV     1   --> A              
     e( 55 - 55) =     10.08290  eV     1   --> A              
     e( 56 - 56) =     10.19120  eV     1   --> A              
     e( 57 - 57) =     13.32010  eV     1   --> A              
     e( 58 - 58) =     13.41630  eV     1   --> A              
     e( 59 - 59) =     13.54621  eV     1   --> A              
     e( 60 - 60) =     13.91907  eV     1   --> A              
     e( 61 - 61) =     14.21744  eV     1   --> A              
     e( 62 - 62) =     14.33740  eV     1   --> A              
     e( 63 - 63) =     15.21217  eV     1   --> A              
     e( 64 - 64) =     15.35055  eV     1   --> A              
     e( 65 - 65) =     16.98008  eV     1   --> A              
     e( 66 - 66) =     17.29831  eV     1   --> A              
     e( 67 - 67) =     18.74185  eV     1   --> A              
     e( 68 - 68) =     19.35584  eV     1   --> A              
     e( 69 - 69) =     19.89690  eV     1   --> A              
     e( 70 - 70) =     20.24593  eV     1   --> A              
     e( 71 - 71) =     20.41264  eV     1   --> A              
     e( 72 - 72) =     20.88263  eV     1   --> A              
     e( 73 - 73) =     21.37143  eV     1   --> A              
     e( 74 - 74) =     21.58754  eV     1   --> A              
     e( 75 - 75) =     22.39440  eV     1   --> A              
     e( 76 - 76) =     22.88193  eV     1   --> A              
     e( 77 - 77) =     24.01906  eV     1   --> A              
     e( 78 - 78) =     24.32143  eV     1   --> A              
     e( 79 - 79) =     24.73779  eV     1   --> A              
     e( 80 - 80) =     25.20194  eV     1   --> A              

 **************************************************************************

 **************************************************************************

                    xk=(   0.42414,   0.34842,   0.47176  )

     Band symmetry, C_1 (1)     point group:

     e(  1 -  1) =    -91.70489  eV     1   --> A              
     e(  2 -  2) =    -68.88644  eV     1   --> A              
     e(  3 -  3) =    -64.31849  eV     1   --> A              
     e(  4 -  4) =    -64.31046  eV     1   --> A              
     e(  5 -  5) =    -52.14539  eV     1   --> A              
     e(  6 -  6) =    -52.14055  eV     1   --> A              
     e(  7 -  7) =    -52.12799  eV     1   --> A              
     e(  8 -  8) =    -37.94174  eV     1   --> A              
     e(  9 -  9) =    -37.93316  eV     1   --> A              
     e( 10 - 10) =    -37.91717  eV     1   --> A              
     e( 11 - 11) =    -28.75553  eV     1   --> A              
     e( 12 - 12) =    -28.73363  eV     1   --> A              
     e( 13 - 13) =    -28.65340  eV     1   --> A              
     e( 14 - 14) =    -28.64059  eV     1   --> A              
     e( 15 - 15) =    -28.57432  eV     1   --> A              
     e( 16 - 16) =    -28.52670  eV     1   --> A              
     e( 17 - 17) =     -7.70767  eV     1   --> A              
     e( 18 - 18) =     -7.53266  eV     1   --> A              
     e( 19 - 19) =     -7.38493  eV     1   --> A              
     e( 20 - 20) =     -7.19300  eV     1   --> A              
     e( 21 - 21) =     -6.84677  eV     1   --> A              
     e( 22 - 22) =     -6.76466  eV     1   --> A              
     e( 23 - 23) =     -6.51610  eV     1   --> A              
     e( 24 - 24) =     -6.39145  eV     1   --> A              
     e( 25 - 25) =      3.70185  eV     1   --> A              
     e( 26 - 26) =      3.84139  eV     1   --> A              
     e( 27 - 27) =      4.03557  eV     1   --> A              
     e( 28 - 28) =      4.10070  eV     1   --> A              
     e( 29 - 29) =      4.33357  eV     1   --> A              
     e( 30 - 30) =      4.41874  eV     1   --> A              
     e( 31 - 31) =      4.88869  eV     1   --> A              
     e( 32 - 32) =      5.14019  eV     1   --> A              
     e( 33 - 33) =      5.37629  eV     1   --> A              
     e( 34 - 34) =      5.54078  eV     1   --> A              
     e( 35 - 35) =      5.66388  eV     1   --> A              
     e( 36 - 36) =      6.00644  eV     1   --> A              
     e( 37 - 37) =      6.14063  eV     1   --> A              
     e( 38 - 38) =      6.43034  eV     1   --> A              
     e( 39 - 39) =      6.70595  eV     1   --> A              
     e( 40 - 40) =      6.81224  eV     1   --> A              
     e( 41 - 41) =      6.91233  eV     1   --> A              
     e( 42 - 42) =      6.99194  eV     1   --> A              
     e( 43 - 43) =      7.30481  eV     1   --> A              
     e( 44 - 44) =      7.55384  eV     1   --> A              
     e( 45 - 45) =      7.78049  eV     1   --> A              
     e( 46 - 46) =      7.98031  eV     1   --> A              
     e( 47 - 47) =      8.15018  eV     1   --> A              
     e( 48 - 48) =      8.28119  eV     1   --> A              
     e( 49 - 49) =      8.39910  eV     1   --> A              
     e( 50 - 50) =      8.55058  eV     1   --> A              
     e( 51 - 51) =      8.73725  eV     1   --> A              
     e( 52 - 52) =      8.88146  eV     1   --> A              
     e( 53 - 53) =      9.27622  eV     1   --> A              
     e( 54 - 54) =      9.53250  eV     1   --> A              
     e( 55 - 55) =     10.05002  eV     1   --> A              
     e( 56 - 56) =     10.13563  eV     1   --> A              
     e( 57 - 57) =     13.32047  eV     1   --> A              
     e( 58 - 58) =     13.40347  eV     1   --> A              
     e( 59 - 59) =     13.53657  eV     1   --> A              
     e( 60 - 60) =     13.90838  eV     1   --> A              
     e( 61 - 61) =     14.22251  eV     1   --> A              
     e( 62 - 62) =     14.35759  eV     1   --> A              
     e( 63 - 63) =     15.21395  eV     1   --> A              
     e( 64 - 64) =     15.36333  eV     1   --> A              
     e( 65 - 65) =     16.99070  eV     1   --> A              
     e( 66 - 66) =     17.24851  eV     1   --> A              
     e( 67 - 67) =     18.84509  eV     1   --> A              
     e( 68 - 68) =     19.31066  eV     1   --> A              
     e( 69 - 69) =     19.95755  eV     1   --> A              
     e( 70 - 70) =     20.25920  eV     1   --> A              
     e( 71 - 71) =     20.46421  eV     1   --> A              
     e( 72 - 72) =     20.91458  eV     1   --> A              
     e( 73 - 73) =     21.35238  eV     1   --> A              
     e( 74 - 74) =     21.55177  eV     1   --> A              
     e( 75 - 75) =     22.34611  eV     1   --> A              
     e( 76 - 76) =     22.77420  eV     1   --> A              
     e( 77 - 77) =     24.07484  eV     1   --> A              
     e( 78 - 78) =     24.33027  eV     1   --> A              
     e( 79 - 79) =     24.75412  eV     1   --> A              
     e( 80 - 80) =     25.10387  eV     1   --> A              

 **************************************************************************

 **************************************************************************

                    xk=(   0.44914,   0.36891,   0.47196  )

     Band symmetry, C_1 (1)     point group:

     e(  1 -  1) =    -91.70489  eV     1   --> A              
     e(  2 -  2) =    -68.88644  eV     1   --> A              
     e(  3 -  3) =    -64.31849  eV     1   --> A              
     e(  4 -  4) =    -64.31047  eV     1   --> A              
     e(  5 -  5) =    -52.14539  eV     1   --> A              
     e(  6 -  6) =    -52.14055  eV     1   --> A              
     e(  7 -  7) =    -52.12799  eV     1   --> A              
     e(  8 -  8) =    -37.94174  eV     1   --> A              
     e(  9 -  9) =    -37.93316  eV     1   --> A              
     e( 10 - 10) =    -37.91717  eV     1   --> A              
     e( 11 - 11) =    -28.75558  eV     1   --> A              
     e( 12 - 12) =    -28.73370  eV     1   --> A              
     e( 13 - 13) =    -28.65343  eV     1   --> A              
     e( 14 - 14) =    -28.64061  eV     1   --> A              
     e( 15 - 15) =    -28.57425  eV     1   --> A              
     e( 16 - 16) =    -28.52664  eV     1   --> A              
     e( 17 - 17) =     -7.70841  eV     1   --> A              
     e( 18 - 18) =     -7.52912  eV     1   --> A              
     e( 19 - 19) =     -7.38964  eV     1   --> A              
     e( 20 - 20) =     -7.18849  eV     1   --> A              
     e( 21 - 21) =     -6.84301  eV     1   --> A              
     e( 22 - 22) =     -6.76437  eV     1   --> A              
     e( 23 - 23) =     -6.51492  eV     1   --> A              
     e( 24 - 24) =     -6.39805  eV     1   --> A              
     e( 25 - 25) =      3.71835  eV     1   --> A              
     e( 26 - 26) =      3.82071  eV     1   --> A              
     e( 27 - 27) =      4.02973  eV     1   --> A              
     e( 28 - 28) =      4.07021  eV     1   --> A              
     e( 29 - 29) =      4.35052  eV     1   --> A              
     e( 30 - 30) =      4.40631  eV     1   --> A              
     e( 31 - 31) =      4.87645  eV     1   --> A              
     e( 32 - 32) =      5.16210  eV     1   --> A              
     e( 33 - 33) =      5.38434  eV     1   --> A              
     e( 34 - 34) =      5.54478  eV     1   --> A              
     e( 35 - 35) =      5.67113  eV     1   --> A              
     e( 36 - 36) =      5.97953  eV     1   --> A              
     e( 37 - 37) =      6.15057  eV     1   --> A              
     e( 38 - 38) =      6.45836  eV     1   --> A              
     e( 39 - 39) =      6.74352  eV     1   --> A              
     e( 40 - 40) =      6.84617  eV     1   --> A              
     e( 41 - 41) =      6.90428  eV     1   --> A              
     e( 42 - 42) =      7.00945  eV     1   --> A              
     e( 43 - 43) =      7.26038  eV     1   --> A              
     e( 44 - 44) =      7.54582  eV     1   --> A              
     e( 45 - 45) =      7.76329  eV     1   --> A              
     e( 46 - 46) =      8.00059  eV     1   --> A              
     e( 47 - 47) =      8.15854  eV     1   --> A              
     e( 48 - 48) =      8.26577  eV     1   --> A              
     e( 49 - 49) =      8.40995  eV     1   --> A              
     e( 50 - 50) =      8.58253  eV     1   --> A              
     e( 51 - 51) =      8.74119  eV     1   --> A              
     e( 52 - 52) =      8.85604  eV     1   --> A              
     e( 53 - 53) =      9.26177  eV     1   --> A              
     e( 54 - 54) =      9.54844  eV     1   --> A              
     e( 55 - 55) =     10.02145  eV     1   --> A              
     e( 56 - 56) =     10.09306  eV     1   --> A              
     e( 57 - 57) =     13.32140  eV     1   --> A              
     e( 58 - 58) =     13.39251  eV     1   --> A              
     e( 59 - 59) =     13.52936  eV     1   --> A              
     e( 60 - 60) =     13.90010  eV     1   --> A              
     e( 61 - 61) =     14.22547  eV     1   --> A              
     e( 62 - 62) =     14.37338  eV     1   --> A              
     e( 63 - 63) =     15.21430  eV     1   --> A              
     e( 64 - 64) =     15.37204  eV     1   --> A              
     e( 65 - 65) =     17.01126  eV     1   --> A              
     e( 66 - 66) =     17.20205  eV     1   --> A              
     e( 67 - 67) =     18.94049  eV     1   --> A              
     e( 68 - 68) =     19.25612  eV     1   --> A              
     e( 69 - 69) =     20.01815  eV     1   --> A              
     e( 70 - 70) =     20.24986  eV     1   --> A              
     e( 71 - 71) =     20.50713  eV     1   --> A              
     e( 72 - 72) =     20.94197  eV     1   --> A              
     e( 73 - 73) =     21.33948  eV     1   --> A              
     e( 74 - 74) =     21.52899  eV     1   --> A              
     e( 75 - 75) =     22.33777  eV     1   --> A              
     e( 76 - 76) =     22.66032  eV     1   --> A              
     e( 77 - 77) =     24.13978  eV     1   --> A              
     e( 78 - 78) =     24.32209  eV     1   --> A              
     e( 79 - 79) =     24.76789  eV     1   --> A              
     e( 80 - 80) =     25.01995  eV     1   --> A              

 **************************************************************************

 **************************************************************************

                    xk=(   0.47414,   0.38941,   0.47216  )

     Band symmetry, C_1 (1)     point group:

     e(  1 -  1) =    -91.70489  eV     1   --> A              
     e(  2 -  2) =    -68.88644  eV     1   --> A              
     e(  3 -  3) =    -64.31850  eV     1   --> A              
     e(  4 -  4) =    -64.31048  eV     1   --> A              
     e(  5 -  5) =    -52.14539  eV     1   --> A              
     e(  6 -  6) =    -52.14055  eV     1   --> A              
     e(  7 -  7) =    -52.12799  eV     1   --> A              
     e(  8 -  8) =    -37.94174  eV     1   --> A              
     e(  9 -  9) =    -37.93316  eV     1   --> A              
     e( 10 - 10) =    -37.91717  eV     1   --> A              
     e( 11 - 11) =    -28.75561  eV     1   --> A              
     e( 12 - 12) =    -28.73375  eV     1   --> A              
     e( 13 - 13) =    -28.65345  eV     1   --> A              
     e( 14 - 14) =    -28.64063  eV     1   --> A              
     e( 15 - 15) =    -28.57421  eV     1   --> A              
     e( 16 - 16) =    -28.52661  eV     1   --> A              
     e( 17 - 17) =     -7.70899  eV     1   --> A              
     e( 18 - 18) =     -7.52725  eV     1   --> A              
     e( 19 - 19) =     -7.39286  eV     1   --> A              
     e( 20 - 20) =     -7.18486  eV     1   --> A              
     e( 21 - 21) =     -6.84103  eV     1   --> A              
     e( 22 - 22) =     -6.76397  eV     1   --> A              
     e( 23 - 23) =     -6.51394  eV     1   --> A              
     e( 24 - 24) =     -6.40231  eV     1   --> A              
     e( 25 - 25) =      3.73381  eV     1   --> A              
     e( 26 - 26) =      3.80308  eV     1   --> A              
     e( 27 - 27) =      4.02374  eV     1   --> A              
     e( 28 - 28) =      4.05338  eV     1   --> A              
     e( 29 - 29) =      4.35944  eV     1   --> A              
     e( 30 - 30) =      4.39993  eV     1   --> A              
     e( 31 - 31) =      4.86835  eV     1   --> A              
     e( 32 - 32) =      5.17474  eV     1   --> A              
     e( 33 - 33) =      5.39259  eV     1   --> A              
     e( 34 - 34) =      5.54856  eV     1   --> A              
     e( 35 - 35) =      5.67303  eV     1   --> A              
     e( 36 - 36) =      5.95899  eV     1   --> A              
     e( 37 - 37) =      6.16038  eV     1   --> A              
     e( 38 - 38) =      6.47642  eV     1   --> A              
     e( 39 - 39) =      6.77085  eV     1   --> A              
     e( 40 - 40) =      6.84963  eV     1   --> A              
     e( 41 - 41) =      6.90789  eV     1   --> A              
     e( 42 - 42) =      7.04629  eV     1   --> A              
     e( 43 - 43) =      7.21600  eV     1   --> A              
     e( 44 - 44) =      7.53346  eV     1   --> A              
     e( 45 - 45) =      7.74981  eV     1   --> A              
     e( 46 - 46) =      8.01479  eV     1   --> A              
     e( 47 - 47) =      8.16616  eV     1   --> A              
     e( 48 - 48) =      8.25474  eV     1   --> A              
     e( 49 - 49) =      8.41922  eV     1   --> A              
     e( 50 - 50) =      8.60598  eV     1   --> A              
     e( 51 - 51) =      8.75522  eV     1   --> A              
     e( 52 - 52) =      8.82911  eV     1   --> A              
     e( 53 - 53) =      9.24940  eV     1   --> A              
     e( 54 - 54) =      9.56003  eV     1   --> A              
     e( 55 - 55) =     10.00164  eV     1   --> A              
     e( 56 - 56) =     10.06648  eV     1   --> A              
     e( 57 - 57) =     13.32273  eV     1   --> A              
     e( 58 - 58) =     13.38462  eV     1   --> A              
     e( 59 - 59) =     13.52487  eV     1   --> A              
     e( 60 - 60) =     13.89497  eV     1   --> A              
     e( 61 - 61) =     14.22692  eV     1   --> A              
     e( 62 - 62) =     14.38340  eV     1   --> A              
     e( 63 - 63) =     15.21411  eV     1   --> A              
     e( 64 - 64) =     15.37706  eV     1   --> A              
     e( 65 - 65) =     17.03609  eV     1   --> A              
     e( 66 - 66) =     17.16266  eV     1   --> A              
     e( 67 - 67) =     19.02602  eV     1   --> A              
     e( 68 - 68) =     19.19473  eV     1   --> A              
     e( 69 - 69) =     20.07072  eV     1   --> A              
     e( 70 - 70) =     20.22790  eV     1   --> A              
     e( 71 - 71) =     20.53530  eV     1   --> A              
     e( 72 - 72) =     20.95890  eV     1   --> A              
     e( 73 - 73) =     21.33292  eV     1   --> A              
     e( 74 - 74) =     21.51551  eV     1   --> A              
     e( 75 - 75) =     22.37310  eV     1   --> A              
     e( 76 - 76) =     22.54822  eV     1   --> A              
     e( 77 - 77) =     24.20426  eV     1   --> A              
     e( 78 - 78) =     24.30121  eV     1   --> A              
     e( 79 - 79) =     24.76553  eV     1   --> A              
     e( 80 - 80) =     24.97330  eV     1   --> A              

 **************************************************************************

 **************************************************************************

                    xk=(   0.49914,   0.40990,   0.47235  )

     zone border point and non-symmorphic group 
     symmetry decomposition not available

 **************************************************************************
 
     BANDS        :     53.64s CPU   1m29.41s WALL

 
   This run was terminated on:   4: 5:20  13Feb2026            

=------------------------------------------------------------------------------=
   JOB DONE.
=------------------------------------------------------------------------------=
